x,y,z
7.6453857,5.4138775,6.256638
8.300079,-8.310576,6.679847
-2.3427248,-6.009438,2.405317
9.186113,-5.853921,9.738882
-2.1910357,5.282649,1.8737342
2.0179071,-0.33323097,0.6401727
-4.8685503,-9.177546,2.1514082
5.8728266,9.807228,3.2975974
8.81543,2.6063843,6.1063843
-7.336282,9.197449,5.3704867
8.691961,1.2482948,6.7850003
1.8715935,1.4335299,0.98806685
7.388088,7.208002,6.3014584
1.3543053,-6.803429,0.858952
4.8218813,9.443886,2.1306
-1.41191,-6.4318037,1.6657784
7.7088585,0.9063835,7.033859
1.4780893,-6.503737,1.0672027
-4.668399,-6.6257486,2.768982
2.5489826,7.696993,1.5194671
-4.6073666,-2.6411524,1.0232946
-1.1727285,-1.87675,0.71674895
-4.0615835,7.813137,1.1537123
6.633709,9.796967,4.282945
-7.8937016,-9.019427,6.163301
-4.6101036,-0.17455101,4.0225024
-2.8237476,2.855547,-0.9614645
-6.012725,9.60129,1.8805944
0.94383144,-3.9867067,-0.33440354
-9.876791,-3.254465,9.371813
9.03109,-5.861187,8.439108
-8.494682,2.5551138,6.0295897
7.720274,2.466302,5.2150254
1.6641912,-0.157691,1.0745089
-3.2470455,-1.0142279,1.3601243
6.1795006,-6.961832,5.295292
1.5585079,-4.107349,-0.371678
8.079634,-3.8032093,6.2097816
1.0931969,2.6267328,-0.2661142
-3.1537318,4.4160185,-0.028183773
2.6868362,4.6685305,0.967793
-2.7117944,-7.633214,1.7209506
4.2085752,-0.77083397,2.8054874
8.928221,-1.9084282,8.193661
5.780596,9.974991,3.0306916
-4.371725,7.216175,2.4296699
5.772647,-7.4645844,4.6595654
1.7892628,-5.4946795,1.5731785
5.07835,-7.5541553,2.0860107
-6.095051,-2.5027027,3.4220648
-9.899084,-8.749567,8.452391
-3.8636055,4.699848,2.2625203
-7.6702285,-4.410118,6.088286
8.205389,-5.018882,7.4515357
2.8803139,0.47261238,2.875872
4.1421356,-3.19518,0.092691116
3.162612,7.5544662,0.47662652
-0.17395973,9.064808,-2.272786
7.826082,-8.928661,4.8226013
-7.105136,4.483568,4.7225914
0.62963676,0.20866013,1.3316392
-6.825402,5.248678,6.324786
3.08352,-3.7489486,1.1571066
-3.4438229,-0.7571411,2.2458956
3.0641632,-0.1870594,1.4275542
-2.083415,3.428772,-1.4553586
8.293919,4.9859657,6.5806193
-5.927019,3.9000425,3.903941
-5.9639797,1.2272787,3.354805
-5.96434,-7.9774847,3.2039766
8.994429,-5.744504,7.8082943
3.332511,-5.6969213,1.9503828
9.622507,-9.965567,7.0870137
-8.252763,9.579,6.0201306
-9.918761,-4.5274315,10.37097
-7.823638,-6.6469374,8.238387
-6.7268906,-4.528575,3.6412063
4.0504017,5.4297085,2.1258078
3.580759,-6.2687674,2.6917264
8.309244,-8.3557,6.0384235
-5.1642537,-7.47427,3.7890484
-6.8171177,2.1976576,3.4981995
5.3057814,-0.40912533,2.8552623
-4.0420446,-9.022516,0.073411375
6.0692387,-6.840354,4.923634
-2.3730063,-8.666234,1.0026484
5.720459,3.43054,3.0356262
-7.76968,4.525463,6.1742454
-5.0464973,1.703413,1.6519599
3.0487642,-3.2038212,0.38769656
2.1140757,-5.357821,1.9757901
-2.5495872,3.953413,0.15693337
5.9606943,-2.296362,2.1053302
6.798092,-1.6052237,5.837053
-7.251734,-3.2781897,3.7033381
-5.338682,1.7379675,2.515667
9.15662,2.345745,7.926476
-3.3743248,8.216089,0.2813321
-3.545164,8.880981,0.4542584
-9.675946,-2.5772438,8.542212
-5.726702,1.4862165,2.4374673
2.4980364,-6.6840124,2.612624
-1.319932,-7.5070724,0.272883
-7.2588596,8.292368,5.300593
0.23456669,1.1779871,0.9446888
-6.8308153,-4.972187,5.731569
-8.483967,5.027423,8.4127865
-5.506626,4.0342436,2.7475545
-8.752121,3.579649,6.9623566
-6.3673806,4.2312574,2.6973648
9.996088,0.5340729,10.3323345
1.8887501,-7.274495,0.06159929
3.0815973,-8.88986,-0.4536445
-9.326843,9.762861,7.6815586
-6.567738,6.981148,4.0104165
-3.328558,-7.8017178,2.0207427
1.5637112,7.836479,-0.161515
-8.799213,-9.352747,7.3496304
-4.30873,6.6519756,3.2227104
-5.9866858,6.963459,5.299525
0.027712822,6.282547,1.3145959
-3.7210321,4.2322006,1.0277243
-0.6929579,-6.0568724,-0.034377694
-6.776297,-4.2885327,3.553691
-6.8639517,2.143715,3.7051854
-5.8340178,3.9439487,3.4377277
-3.4229746,8.766022,1.3086979
-7.892809,0.44482327,7.3809915
8.384699,4.1179333,6.890253
-1.9846401,-7.552141,1.0641396
8.603968,-2.0297375,8.083712
3.115821,5.9468794,1.439106
-8.46797,0.81731224,7.2024703
6.920353,7.9053745,3.5072045
-2.7514482,-8.0242405,0.40284956
-3.8332605,-6.6725817,2.8673503
-8.300705,3.1437569,4.8410077
-9.9416065,-0.41817093,10.278519
2.8611069,-8.544473,0.679419
-2.1844387,4.266821,-0.068998024
3.8932314,0.41215897,3.2410305
-8.2066345,2.418272,5.084667
7.4242916,2.1975527,4.1211166
-7.340537,-6.895403,6.6706295
-1.7267332,-6.7078886,0.6070543
2.0886974,-8.0010395,1.2614434
5.1625175,7.2635,3.1423147
8.073103,-5.48936,7.0450335
9.109592,9.002312,7.437637
-7.929221,-3.1934881,5.4467025
2.5166721,2.2134295,-0.7453128
-4.3012595,9.550863,0.8516113
-1.0958481,-5.366416,0.121086136
-7.484901,-9.484797,5.6039586
9.108585,1.4421043,9.27579
-7.339505,-7.21431,6.467091
5.344513,5.5102053,2.559892
3.5143957,3.975563,1.5832161
3.2495594,7.2453995,0.6320971
-5.4064617,-1.0387983,2.4324682
9.089516,-6.53329,9.00376
2.197504,-9.215437,-1.6868936
1.2864008,-6.4589787,0.2545428
-8.812548,8.90715,6.810328
4.1978846,-2.1406946,0.57469964
-1.500206,-0.18316841,1.4934566
-4.5812426,-2.121831,1.227447
8.589466,-5.1058474,7.9906344
2.2294884,8.186371,-0.11660996
-5.5327644,-2.5908556,3.1551762
-5.061389,-4.853386,1.901133
-0.47755718,9.239492,0.072289005
5.5836124,5.985321,5.3310356
-2.555338,5.329486,0.4333596
-5.7057486,7.166174,3.801719
-3.424429,-6.3504305,2.559842
-7.4707484,3.2565603,5.356567
3.5663242,-2.7831745,0.61839676
7.740402,0.35744858,7.344001
-9.414404,4.710415,8.28334
2.322507,-3.3194342,-1.1626055
5.1659184,9.812078,2.542788
1.8132935,0.049041748,1.59295
-3.5612464,5.7619944,1.0576032
5.2194214,0.92025375,2.733245
5.2551317,-9.638264,1.2174921
3.739272,-5.980878,2.6332476
-1.7572136,-8.332788,0.7005583
-2.6480126,1.1750021,0.9596597
1.069809,-6.708443,0.8057381
-1.7665405,-7.9526052,1.2130073
-2.9800105,2.143898,0.20585015
6.392069,-8.753409,4.0922747
8.593996,-5.4415884,7.3764887
-0.98997307,-6.469096,1.4047848
-2.2389688,4.8811893,1.8223934
0.14592266,9.168587,0.02359076
-0.59708214,3.498807,-2.1129575
2.4041128,-5.596656,0.5165458
2.8023357,7.569069,1.8997927
-9.082567,9.281961,6.475711
-3.6903772,-2.7094436,0.32275358
8.421295,7.3789806,7.049162
3.8955498,2.5280714,0.44932064
-0.4973755,-6.955885,0.826258
-6.0290575,-2.611827,2.8528764
-6.1180506,-7.975334,2.6397867
-8.957668,3.0172691,6.165155
-3.2596245,5.529889,2.7656155
3.3770418,-9.835731,-0.58168745
6.376217,-4.0870714,3.1780872
4.616974,0.21670914,3.8089428
-8.83944,8.007406,6.547188
-6.0136247,-5.4488516,5.094945
-1.578167,-0.5873003,1.9171894
9.673496,-0.28279495,10.267162
1.4465752,-5.028778,-0.8076025
-2.5897074,-4.482212,-0.20115764
4.1371527,-2.6756167,1.504446
-3.8088155,-2.9880514,-0.3582601
-6.4725566,-3.2187738,4.4923406
7.298872,0.956069,6.7790804
-4.547018,-0.8359871,2.1756744
-2.0046673,-4.8667526,0.049848348
-9.948043,6.055811,11.397344
6.692707,7.153946,4.4513817
7.5763474,-1.5676413,6.6325
3.6444817,-1.8877125,0.43500802
-6.972742,-9.746319,3.0744648
-9.869399,-7.3107424,10.307382
-8.12179,-0.45545387,7.373089
7.4570026,-1.9064894,4.1824846
4.801058,2.9256868,2.5039191
8.415045,-4.97456,8.327806
5.238699,-2.0712066,2.747452
2.530922,1.4952765,0.11935331
-0.09792709,9.816006,-1.6732978
-7.6050606,7.867729,6.201548
-8.567722,-6.578001,8.390326
-9.353486,-0.8328829,10.276153
4.0936193,-1.6371918,1.137907
-4.90968,-0.31965828,4.114928
-2.0125256,4.1659822,-0.8780685
-5.7550526,-4.022788,1.7692485
-1.8222351,-2.1315908,-0.8700283
-7.038349,-9.906015,4.4334764
-6.534157,-3.55239,2.492829
3.3171082,-9.807719,-0.3041037
-2.971964,3.5401058,0.71365905
6.1734314,-7.6976213,4.390965
-3.208088,-4.9414015,1.4821546
-7.3356724,-7.25171,6.5483665
-1.764389,7.604252,-0.16448891
-4.847474,-2.9355755,2.6248937
-3.0594158,8.690201,-1.2729304
-9.519957,-4.9690795,9.09376
5.5949097,7.57053,2.3673918
-6.9620457,-1.9662457,5.2737947
5.0261774,-7.512101,2.9418194
4.537842,8.362549,1.6612089
7.144327,-6.8031383,7.1145945
-7.670521,-5.880517,7.508397
7.191967,5.480033,6.792447
-4.727516,-0.9335346,2.107136
3.7106915,-0.1518879,1.4809241
9.391148,9.915621,6.8644648
-1.4103184,-7.9358554,-1.0748606
-0.077334404,-3.6119328,-0.6846998
-2.3023057,4.068178,-0.022875875
-8.349846,-1.9255629,6.224765
4.7990284,0.16915798,3.7955616
-9.927178,-3.3807707,9.807417
6.2079983,-1.5491238,4.202863
7.48225,7.982115,5.374063
9.457064,-1.8588247,9.691069
-2.3587952,4.021757,-0.015468558
-8.216419,7.5451317,7.7602963
2.2483025,7.7415543,-0.19756877
5.524273,4.7415457,4.0166235
-9.953088,6.8737335,11.396768
-2.2698364,-2.5938902,-0.52234095
-5.9945545,0.7973614,4.930512
-0.8746376,-4.2895327,-0.81283236
-4.922135,-9.698307,1.2106006
-4.087676,8.4142,0.85158056
-3.1745887,-9.5602455,-0.6078514
-9.50304,-6.302267,9.537071
8.205074,-3.564062,6.333453
8.383312,-9.147302,4.7379165
-1.5686903,-7.7602983,-0.11858862
-1.1388206,-5.2307463,0.40429267
-4.081199,1.1833334,3.4332204
-9.030628,-8.743281,6.6693482
-9.731444,-7.1881747,10.658109
3.7165842,-5.8455553,1.5560055
-5.4904613,-7.5197754,2.940988
-6.42877,2.3471975,2.4308162
-0.7802315,0.33833504,0.8605637
-3.3301115,2.1944284,-0.064189166
-3.2352076,9.021431,0.7748346
0.32131195,-4.3784513,-1.3144643
-2.1211243,-3.7492204,0.71504056
-3.4431243,3.1901274,1.192054
-4.788059,8.770435,2.7791314
-8.138274,3.191679,4.693166
8.385071,-0.85723114,6.912675
-4.001871,3.2483377,0.04511942
2.6497946,-9.849974,-0.911076
-3.4696589,-6.8403254,1.0829813
0.81261253,-4.2049003,-0.56433356
9.323004,-9.052431,7.0071645
4.6072273,-7.552321,2.2002215
-8.665997,-7.690755,6.779448
3.9690285,2.8707542,-0.58663166
9.492428,3.02958,7.7815695
2.6308336,-0.24085426,1.242093
6.7042465,-2.311325,3.3123605
9.858875,0.26962662,10.961909
-1.5322895,6.042492,1.0778868
2.0755444,-7.5297794,0.44437778
-6.9503508,7.1045227,6.0848517
-2.060771,4.349284,-0.5482614
7.405838,-3.4907103,4.0637875
5.126458,7.0161705,2.0617776
-6.3278904,-0.008282661,5.208341
-8.01885,-4.5827246,5.3207564
-6.8336368,9.01182,4.743615
-9.868776,2.9556036,9.890493
-7.7163897,7.546669,5.501012
-2.4729738,-2.7136421,-0.034339607
6.7487717,-8.569077,3.2079377
1.6738224,8.019379,0.39866975
-7.6060543,0.5785074,7.720986
-8.02224,4.7490835,5.993514
4.9747524,-2.5919843,1.4518497
-7.4384127,4.729759,6.2314253
-1.2312746,-7.9014406,-0.35608992
4.79706,0.35274124,4.2486405
-4.6281204,7.5929985,3.0588343
-1.0903988,-2.685244,-0.6550025
-0.87044525,8.588947,-1.3817428
-2.3658333,3.6774912,-0.96910393
-5.0703216,4.929599,2.6213875
-8.914384,9.88117,6.963444
-8.0835705,-2.4331045,6.6895185
-5.3546166,-2.328061,1.7865219
9.658377,6.288328,9.50561
-4.830147,-5.0606785,1.9242184
-6.7152796,-7.373186,4.6409206
2.4239426,6.5204926,1.6727253
2.7561035,-8.725162,0.6661296
5.4790974,-4.736024,2.153666
7.601204,2.4230757,4.7293363
5.568742,1.4725876,4.223569
-9.9150095,-6.062361,10.201036
0.8868866,-2.5298977,-1.441169
6.0575314,6.4190807,5.519413
-0.9242544,-6.4797163,0.9677645
-5.8927917,5.7359943,3.644305
9.533398,-1.0708771,10.390912
-3.7402782,-3.5794964,1.1427498
-5.693445,-9.52603,1.7467165
-9.015551,-2.62292,6.330471
0.44668293,8.222773,-0.92575413
4.4313316,-5.478282,3.610453
2.2136288,-7.9364386,1.5318118
1.9774971,-0.7802048,0.25871205
-7.5838747,7.088892,6.88761
-9.338873,-2.712617,7.8083363
0.17609406,9.8029785,0.06055881
9.118341,9.632084,7.411176
5.7692137,9.161812,3.2214856
-5.822343,-5.719777,5.041731
-1.2980852,-7.1184626,0.7160214
-7.3718357,-9.371857,4.7511563
-4.824234,-1.9444923,2.1577556
1.8109837,-6.5124025,1.664894
5.445385,4.6587048,3.30372
8.283693,0.90187454,8.200848
-9.181061,7.931122,8.943407
6.6861515,-9.276695,4.334262
-7.0529213,-8.403236,4.7801023
3.7446728,-1.8608961,0.7807863
8.462452,2.635622,6.130419
0.14042377,8.419426,0.2179087
9.098089,-0.83606243,7.925744
-8.520515,8.5458355,7.167352
-3.819592,-2.7071548,-0.086418
5.832529,-1.4116564,2.555422
-2.1786785,-3.8505054,0.2905945
-2.0470023,-4.25004,1.0436234
-4.167917,-3.7882829,0.6804695
6.8930607,-8.644213,3.6495037
4.905032,-1.2275524,3.0600204
3.2045002,-3.3718824,1.2676353
-5.6196365,-6.474347,2.703711
-8.117496,-7.417505,6.475875
1.0816059,-9.643339,-0.61050737
2.9627886,-2.2408462,-0.21353602
-4.617119,-8.141469,1.8126503
-2.7979765,8.99095,-0.004524991
6.7536774,-2.6843395,4.31585
0.7965965,2.687992,-0.061653547
0.45118332,-7.1693826,0.8761057
-2.4610052,1.0203753,0.62777555
-9.055897,-9.398404,7.332155
-9.402575,4.5019236,9.682322
-4.7801504,4.722637,2.64619
-5.083214,-9.717684,0.70074004
3.1155357,4.360607,1.5535634
-2.9111075,1.2731304,1.6643012
-3.912221,-6.245612,1.9409194
9.534298,-4.5783577,9.186323
3.4832287,9.82922,0.6299394
7.1290226,-5.20149,5.973048
-4.8411274,8.749399,2.6153495
-4.084668,2.0124006,0.19081119
3.6754045,4.581666,0.2469382
-6.662751,-5.0333967,5.7055945
-6.5370407,3.2506294,2.7758896
-0.48299694,2.1532078,-1.0038576
-3.657607,7.97546,2.432955
-7.49658,-9.888842,3.7051163
5.931589,-3.6357212,2.2197354
8.041628,0.249012,8.45944
1.6222334,-7.1774664,1.4988889
-1.7411327,1.7042255,0.008553541
-9.26273,6.447693,9.657204
-3.6423874,6.02631,2.3180916
2.5458565,-5.1564455,0.49460664
4.715309,4.0422535,1.4642822
-1.2641754,-7.2763085,1.1050094
-3.9535284,6.2163315,3.1589365
5.572261,-8.173312,1.546551
-7.963997,-9.065916,5.2551894
6.320179,3.4704914,3.3669653
-3.879548,-0.94401264,1.8993269
0.15305424,2.4649992,-0.15151012
-1.9761581,9.304899,-0.25620174
1.212389,9.579605,-1.5650183
-3.021984,5.638509,2.5071237
7.271269,-9.071235,4.441535
-0.25997162,-1.5396395,0.22194426
7.805994,1.0931396,7.333965
9.614805,-9.73735,8.973193
-4.8719096,8.362844,1.8400491
-7.295091,6.562149,6.802794
8.02302,-4.6194267,7.21185
7.8361397,-2.0869646,5.985524
-7.6354733,-5.800483,6.797587
-0.77303314,3.8462372,-0.5698933
-9.861263,1.7246523,10.567421
-8.185991,-3.466909,5.726844
1.9314251,5.3462753,0.2523872
2.660346,-2.161664,0.53572476
2.11981,1.0739002,1.7781484
-2.7216473,6.9237213,1.3639426
9.225777,-4.6983805,9.198777
1.429779,-9.222965,-1.3401997
-5.900848,5.3972588,3.7720282
-0.56613827,-6.5352955,0.9362154
2.401452,3.7803917,0.11126937
3.5019264,-3.0064144,0.99132335
-7.0708084,6.712803,6.0440655
3.7478962,-0.3803444,1.484375
-5.1088166,-4.5531535,1.6972563
-8.309403,-7.05451,8.583126
-5.4620743,6.7197456,4.669056
9.644093,-6.257088,11.07742
8.548578,2.8347282,5.2861032
8.954845,7.6475544,7.56097
5.8701124,-8.03278,3.0957255
7.554495,-8.392993,4.563705
-1.3384972,1.0201731,-0.57617486
-5.502279,-3.925488,2.8413231
4.996566,-7.3408546,4.1215744
-5.1818275,6.612509,3.086491
-6.748658,-9.302694,4.015434
-3.1933403,-4.559443,2.0555542
2.0985928,-8.306448,1.0879209
5.1479664,2.6430216,2.5755508
-3.8840904,0.862483,2.29271
-5.885663,4.1712017,3.163874
1.3489304,4.186756,-0.8650192
-5.894332,-0.039557457,5.0276003
-6.5106144,-3.003018,3.995219
5.2125187,8.842419,2.5340471
-1.6798458,0.41585922,0.20050755
9.13785,2.3808231,8.213829
9.727825,-8.2343,10.071637
2.9910555,-9.800931,0.7227196
3.441577,-4.884424,2.4942012
2.3028374,-5.240042,1.4697871
0.15660858,2.8972769,-0.51951474
-0.7273245,-4.444716,-0.37755895
0.13744164,1.044342,0.89539915
3.7342472,9.266895,0.040033042
9.2977085,-2.9498873,7.269883
-2.591591,2.5548544,-0.43566367
-4.2271576,0.1226387,2.418299
-2.4216485,6.5807858,1.344878
-4.8312426,4.373661,1.0127819
1.700387,-0.46458817,0.80271447
7.4644833,5.469591,6.231828
7.8197746,-0.5087795,8.093798
4.591255,-1.7000008,1.0029203
-7.359315,-3.8979092,4.357174
-5.367048,-8.1578245,2.5537786
-2.197114,8.353262,0.7283105
-1.8432417,-6.336993,0.46386555
0.82247734,-9.5330925,-1.901767
-9.179715,-4.485327,7.9529734
3.1124477,2.0200157,0.3074075
-7.628721,-0.9075031,7.5663776
-6.327447,4.552372,4.4967246
-8.313826,5.7293177,8.216533
8.713196,5.8811083,9.284352
-9.4693985,-8.39027,7.5124774
7.543667,4.076956,4.501873
-0.33616924,4.9500027,-0.5946453
-1.1629877,-5.547602,1.0875857
6.2547855,0.048438072,4.7509174
-0.92427635,1.4988213,-0.70734787
6.2715416,1.2539539,5.1264143
7.23015,5.3661203,6.985825
-8.6821,8.490089,7.739154
3.8478394,9.604738,0.05752705
1.8877897,2.2389488,-1.0209821
2.150117,5.8479633,1.1244903
1.4599142,4.275531,-0.23723929
2.7353096,-5.4099607,0.2819321
-4.810668,6.6881027,2.635132
-1.2794113,-0.71050835,1.5470483
9.5012,4.080982,8.952165
6.7184944,-6.636981,4.7006435
-0.37568474,8.00053,-0.6204212
-9.405309,2.231841,7.579328
0.4382782,2.2661037,0.501911
-6.8097353,-8.895992,2.9106789
8.131916,-0.8690882,6.7027035
-6.0708737,-3.4968367,3.6530216
-0.72201633,9.441162,-1.6101973
-2.2194266,-9.155201,0.15665534
1.7795382,-2.467762,0.60369176
9.410276,-4.9599037,8.531555
0.95019245,-7.249199,0.019298948
5.7916403,3.8461914,2.0098858
7.7622166,-6.9042754,6.9065013
8.0731125,4.7269964,6.962687
-3.4535146,1.2003078,2.6079385
-2.2365665,-5.2941823,0.56664723
4.819378,-1.13801,3.4714015
-2.7286768,0.8672085,0.41591194
4.68264,-4.456649,1.0703547
-2.1846771,-6.425091,2.4108155
-6.782523,-5.635383,5.856085
4.0704336,2.4127588,0.61099654
1.5331802,-8.811416,-1.5342318
4.4584837,6.296772,3.6263242
9.93486,6.5674477,11.233999
6.8273296,9.195263,3.9483025
9.479811,8.460653,7.4722495
0.5352287,-5.6200686,0.4854502
-8.602125,-4.3392467,6.402557
-7.015272,7.319275,4.0911903
-6.2117376,-1.2936707,5.4255247
-8.812484,-7.3627424,9.118688
-5.012475,-4.7902,1.4136262
-9.205677,7.019512,8.022772
-9.226152,-5.686635,10.009676
-5.975546,3.517271,1.3954715
-9.858339,-8.349655,9.677279
-6.1381245,6.6033115,4.3119855
3.8130865,2.7503958,-0.36002004
8.3405285,6.8977947,8.741133
-2.9746284,0.34105778,0.7425025
-2.9087877,5.07615,0.6134845
5.339533,8.194809,2.2090802
-4.933709,-1.261488,2.4542713
-4.728326,-7.5575447,1.5147456
6.161295,-7.056,5.275252
-8.7130165,5.8631287,7.877563
1.2227478,-6.376853,-0.21163854
8.83382,-8.753628,6.04841
1.7148647,-8.4671545,-1.1393437
2.7194386,-4.4286537,0.47505313
-5.8239117,1.8551731,4.3620644
-0.13796616,-9.061108,-0.07793393
0.54984474,-4.633708,-0.7738378
2.4543428,9.574043,-1.2357335
3.88546,-1.7008305,1.2101948
8.689278,-3.3745613,7.516408
-7.6329947,4.729574,6.7872877
0.2997532,-8.229004,-1.0896078
-4.9963627,-7.8083086,3.9043925
-7.910639,1.4297953,7.1083026
-0.8007765,3.1612072,-1.4993232
-8.802368,-9.854534,5.9428654
6.9789925,8.786085,2.845664
1.1581478,-3.893869,0.4293289
-5.3895807,1.5276756,2.357651
5.225791,7.1085186,3.020198
-9.464279,3.8277054,9.397956
-3.8679924,3.1050253,1.0369798
-1.9481869,-9.123749,-1.7424903
-8.497503,-9.329844,5.6968718
-6.3588834,3.7189865,4.250028
-1.6321859,0.371624,0.5815709
7.5876465,6.1404,7.1227612
9.656542,5.004322,8.766414
6.362625,-8.022556,3.2065172
-5.97124,1.8405571,4.5631027
-6.5422115,-7.84501,5.3751755
8.726933,-5.5278263,9.4517
3.5371742,2.7481184,0.21701184
0.2656765,-0.5589695,0.6503052
1.3533211,-6.386408,0.46136814
-8.036967,3.3908749,4.9122667
-3.3388543,6.9395447,3.0301728
9.626181,-9.827797,7.639401
-2.466322,9.379799,0.46638548
-0.5016413,5.520279,0.7755761
-8.30331,-0.84287167,8.218683
-5.5940714,-9.697157,1.3424945
-0.20419598,-4.233248,0.26173532
-6.2115946,3.0518522,2.9434288
-1.2400961,-4.2604933,-1.0549543
4.0695915,-3.2870712,-0.3334953
-9.781773,-4.1296887,9.272784
2.9701214,8.597855,0.5331726
-6.6120815,8.463005,4.4377103
-4.8805103,-7.799715,2.8225152
3.839097,-3.0851116,1.2062955
7.9512024,9.057646,5.625906
-2.7330866,-0.57598686,2.8914442
-4.105691,-4.8687696,2.628334
-9.042358,1.2092485,9.335105
-5.1565766,7.9123154,2.8728664
-8.75637,-1.272563,6.856467
-2.2887049,-9.436132,0.088403985
2.040554,-3.342661,-0.90847147
-9.368757,4.9768734,8.3842125
8.731134,-1.4775515,7.757892
6.2739086,7.0654507,4.936878
-9.789458,3.4391775,8.135855
-4.77633,0.08769989,2.986357
3.2615519,3.819809,0.020122677
-2.054596,-1.3498163,1.187063
-1.0897646,-8.572538,-0.27791676
-4.5151567,-8.57005,2.6496103
8.032196,-7.865882,6.172443
-5.589982,-1.5927486,4.1341276
8.2927685,-7.2305584,7.731042
0.64522266,1.4655008,0.9494026
2.0102177,1.1466236,1.4729328
7.801319,7.608824,6.626388
-1.6476555,0.56228447,0.39416224
-5.6934333,1.7043829,2.8792942
-1.617342,3.5558758,-0.24418446
8.110535,-2.8271723,6.397105
-7.419873,-4.982846,4.975808
2.269804,-9.406792,-1.1237495
-9.827914,-9.739471,9.619851
5.243021,0.6575527,3.275209
3.6946774,-4.728875,2.0204964
0.42392254,2.768365,0.34986413
4.291931,2.485299,-0.054907456
0.011247635,7.7992897,-0.009784415
5.5335283,-1.2207909,2.8514848
-7.916205,-0.042286873,7.5536466
-1.4685249,6.901806,1.8922956
4.436146,1.6957912,2.5303102
9.958168,4.5768566,10.754018
5.093914,-5.399947,2.436621
-7.271744,-7.227845,6.7392154
7.6909676,7.6238823,7.3534007
-2.2299824,7.128399,1.1326963
-2.1351442,-3.7863827,0.46073115
-9.089097,1.6611671,7.244423
-1.5741434,-8.893437,0.34747666
7.073267,0.6998453,4.8171024
1.3944483,-9.284342,-0.9305667
-5.8245397,5.6521053,2.8821445
3.0781212,-9.9115095,0.71532536
-3.2064438,-2.4122548,1.511199
9.12994,9.329973,6.864496
-8.679546,-3.387835,5.8317924
-3.1587553,-5.79646,1.4032989
-9.655735,9.021046,8.943626
-3.938302,-5.0582194,3.0411205
3.1524763,2.2055283,1.0921565
9.626146,5.58877,9.923151
1.6794634,2.6867867,-1.1304036
9.803585,-6.9088435,11.290882
1.956521,9.07583,-1.6402162
5.77536,4.795228,4.0149612
8.016623,-6.2883782,7.502162
8.359234,-5.707325,8.331619
-5.5972376,-2.3064003,2.660217
9.193899,3.3362026,6.8436074
6.0576553,3.781147,2.234076
-4.67579,1.2876177,2.7108858
-4.7720337,6.5581207,3.4331708
-8.387462,9.948065,5.1385856
2.5113726,2.0573282,-0.750612
-8.105493,3.9169178,5.8517203
4.224247,5.686943,1.581108
3.157977,1.9823532,0.77452725
-8.688022,0.61655045,9.083823
2.725009,8.991135,-0.645249
-0.8133049,6.9037285,1.5033154
4.568177,6.5312653,2.1506643
5.737896,-3.8910913,3.078635
-9.94145,-4.7810326,9.811513
9.170988,-5.4223957,9.574579
8.386419,-8.374147,5.59434
3.978836,-1.0160017,2.6760876
-9.13961,5.634342,8.307879
-3.5722075,1.465086,2.4915059
-2.8980885,-3.537365,-0.9944492
-2.5699797,-1.3834105,0.27907336
5.6392307,-7.6632357,3.8697143
3.635706,-6.4234066,3.2048821
7.921791,0.92064285,7.640648
-3.7452316,-5.810182,2.407788
3.3653975,1.23248,0.58633447
3.557951,8.247086,0.013629874
-8.325909,2.560811,5.4143333
-9.700198,7.655203,10.464387
-5.1888905,-6.335553,4.581868
6.845476,0.26007652,6.762104
-9.414597,-9.823359,6.6448393
-8.704338,0.069288254,7.9724274
5.602006,-7.3666945,3.9894826
5.3952894,9.385395,2.168213
8.223927,-8.548855,5.1498694
-7.549387,3.4183779,4.423514
-7.3189974,-5.981815,6.3022776
5.1298666,2.7680607,2.8378508
8.696302,-0.052158356,7.781336
5.983389,-1.2790489,2.7455149
1.5665207,-3.881073,-0.4942215
3.2957468,6.429842,2.663524
9.491268,-1.8050776,9.834223
-6.452043,0.85235023,4.931836
-4.540118,-3.0136013,1.6132982
6.994669,-7.287276,4.7667627
-6.8423963,-4.1676006,3.7035615
-5.514126,8.965939,3.0438318
7.2999115,9.518656,4.7962084
3.155221,-4.646001,0.27762905
3.2307005,0.99659157,1.5301752
-4.2384043,1.6231785,1.3954096
-0.13800526,8.821747,-1.5458107
9.1523285,1.3955135,8.750544
-6.002201,0.4655218,4.0192666
0.078621864,-2.908846,-1.0252246
4.755995,2.1089401,1.2472069
-6.9035625,-9.956894,3.3939993
9.711769,-9.977164,7.986233
-4.996105,-1.159153,2.2158883
-2.4013605,-6.9359064,0.40894845
-2.7057028,-6.945038,1.6468018
-6.516589,-1.6973772,3.1314328
-9.812646,5.548151,11.325724
5.6385155,4.9491806,4.051172
2.6567411,-3.4743571,-0.815782
-9.366008,-0.7066736,9.574241
-6.436268,9.283367,3.131126
9.88368,2.163208,9.61873
3.8223505,6.800379,2.935741
4.0124464,-4.14205,2.0120976
-5.9829807,-8.948802,2.7290463
-4.3839607,-4.636403,2.813595
-1.5095415,0.87880707,-0.26257646
-1.8287992,-2.4219904,-1.3244597
-6.8524837,-5.460174,5.405372
0.8238497,9.61635,-0.3439016
0.9938803,-9.230327,-1.4023459
-1.2662106,0.25389862,0.78743017
1.3863182,3.9851837,-1.2656
-3.9635062,-2.6978493,-0.04021974
2.602519,4.3371153,-0.9426576
3.7714043,0.03549671,2.6944656
-5.2673903,-5.944315,3.4619634
-9.915791,-5.437537,9.836251
5.2343445,-4.4985332,3.6345742
2.3853674,-9.763834,0.26268497
-5.0858793,6.232601,3.2635825
9.63702,9.166452,8.521738
-4.52248,-5.1369405,1.8309603
6.7574673,0.49427414,5.1142287
5.073285,3.3415422,0.8177428
-8.384081,2.8314152,7.202112
6.4494133,-5.5504932,5.5947385
-9.194729,-6.0767436,9.149104
-5.540147,9.734495,2.531025
-1.6671486,5.823221,1.9345901
-6.740465,9.348137,3.1472082
9.769098,7.0198917,9.847321
-2.0057964,-0.74404144,2.6154995
3.9718971,7.0400314,2.6288297
-8.929119,-0.32074165,9.256732
5.7566643,-0.062044144,3.73291
-3.1078377,-4.332845,1.64894
-7.6067123,7.798559,5.379847
1.4622297,-2.1260023,-0.3145936
4.844618,1.451889,3.1442165
8.653971,-7.973982,7.750543
-6.1079264,3.4303627,2.0134664
-4.921043,-4.754635,1.6530288
1.9226284,-2.258103,0.9603649
2.7126122,-0.89421844,0.5849423
3.8447227,3.7071981,1.7387218
5.4887524,0.40820122,4.795694
-2.267537,1.7424335,0.9650885
5.5556965,-6.495119,5.0661025
7.3729153,-7.5559225,6.327127
-2.612215,3.6013527,-0.06397857
7.1145725,-4.117798,5.1709695
4.8857956,-8.621649,2.7438037
8.820528,-4.127009,8.101427
-5.6827393,-9.810459,1.5650986
-4.93809,1.9980421,2.485661
-2.891389,0.74266815,0.59861976
0.5072632,9.234463,-1.993628
6.0019894,-5.51433,3.2034688
-5.7086267,-5.1717496,2.642103
5.0065403,2.3877754,1.2952516
-3.5838137,-2.627623,0.3943322
6.041092,7.7930717,3.7779012
-0.47477245,1.5212536,-0.7502782
-8.76087,-0.21728516,9.878363
-5.5024586,-3.8365102,2.7086253
-7.23752,6.0420895,6.457488
4.9596252,-4.6809793,3.4367864
-6.705482,4.021162,2.9441018
-0.83318233,6.424076,2.0725105
2.1575584,-7.844081,1.4585627
-5.483947,-8.860346,1.0096433
2.8847008,-5.6394377,2.1228566
-9.764234,4.7983274,9.9165
-7.1550846,-5.515932,6.7548413
-9.0612335,0.94527626,7.8982043
-3.0247736,1.5098705,1.9050021
-3.642974,2.0994263,-0.2918259
1.4319334,-5.0993147,-0.3871025
-1.8491449,0.3496561,0.62802416
4.700821,6.929409,3.4746864
9.1679535,5.1836567,8.116597
3.5879116,1.9103584,1.3825043
-3.9396753,-7.952753,1.61887
-9.363856,4.704734,8.994392
3.6220188,-3.9819145,-0.35276502
-4.954579,6.9985237,3.3665512
5.088763,4.153221,3.0055113
6.684849,-1.8355598,4.4544706
3.8572044,3.8657093,1.9070947
9.383108,-4.1583657,7.339452
9.497965,1.726057,8.124729
2.1173992,-0.49896812,0.69036186
-7.2863674,0.15868378,5.268567
8.934414,3.5211067,7.4027576
-4.744958,9.738739,0.19644406
-4.7235355,-4.413922,2.6798599
8.367786,9.765207,5.816555
7.748104,-1.8350925,4.884848
3.021513,9.511091,-0.41627938
0.6268387,2.2503338,0.36180764
-8.411659,0.81548214,7.611695
-1.0380411,-3.3443537,-0.9428498
9.591263,-5.269563,9.212763
2.546588,-9.834141,-0.19126159
0.8561802,-5.4584875,1.7583362
-2.0765104,-0.89533424,2.3556845
-3.487823,8.412798,1.3818771
5.960227,5.4114685,4.73344
0.6166849,1.7435513,0.4535829
6.505741,-9.678134,3.618841
-1.7699862,7.045101,0.89382756
4.369092,6.8847485,1.7371389
4.127699,-4.4953547,1.9139124
1.5946407,4.0502186,-0.27870718
6.2837296,-8.331907,2.4171484
6.2664585,-5.0558987,4.1723304
9.269234,-3.0177822,7.7999005
7.6877594,-9.067296,4.3829074
-2.5569668,-0.6109028,2.6640012
-8.466202,2.0478077,7.975709
1.8281746,2.9107618,-1.5868161
-0.08728218,9.358305,-1.5287316
-2.608254,5.775256,1.1321516
-1.6745472,-9.149571,-0.3858238
0.47032833,-3.1388664,-1.7649498
7.296299,5.6024246,6.1207175
3.1174126,-9.598069,0.8933902
-3.5509434,-0.6184492,2.8919034
-4.1122494,3.7839518,0.5784007
-2.476313,-6.7053185,0.8717359
-3.8650298,8.578045,-0.12914968
8.992229,-6.5927434,8.372863
5.2964535,-7.3357115,2.5206273
9.029757,-7.5909233,8.587557
0.031936646,-1.751648,0.0830324
2.0167084,3.3393917,-0.5280106
3.4676466,2.880499,-0.20777272
-9.465531,-4.94102,9.6928215
0.8929653,8.746298,0.14653802
-0.66889954,-5.3589525,0.23327526
-5.6065407,7.8465366,3.396347
-7.7594733,3.359024,4.1361485
8.852745,-3.2266855,7.1167617
8.130661,7.3958797,6.5627694
4.6346865,3.3157587,1.5798572
9.542498,-8.50278,8.668146
-4.058079,5.082365,1.0394702
-1.7272272,9.457401,-0.1897656
3.7861862,-7.4802885,1.8226117
-1.6522655,-2.1082377,-0.6288299
-1.962348,-8.069494,0.18733846
-8.2656145,6.7044086,8.862747
2.686613,5.305561,2.2785718
-6.043272,7.2936916,4.168681
0.36366272,2.808652,0.32623172
9.749756,-1.6489706,9.889602
-3.0781531,-0.9757433,1.713781
-3.1519175,-7.4508038,0.48514795
6.0331287,6.3461704,5.4708824
-3.6765327,-4.0118814,1.351666
-0.8587742,1.0974779,-0.34418574
9.337385,0.3400936,9.74884
-4.099737,3.0230236,0.7692668
-7.1541023,-8.033095,5.498109
-5.5964375,-1.5839243,3.2628493
-2.7724562,4.6134224,0.3316478
-4.7449875,-7.391609,2.2934017
-5.1893177,-4.295868,2.0940754
4.039445,-5.506425,2.70428
1.6993771,-8.461121,-1.0772835
-3.200616,9.7634945,0.15483424
-7.7691135,8.639851,6.3064814
-3.1485987,6.266369,1.1568226
-4.2203913,-8.288909,1.0687693
-3.2541895,-0.09126663,2.5415542
-9.02123,1.836359,8.474246
2.1542912,4.4358253,-0.14488406
-7.3472357,2.0141315,4.3106003
-7.7879915,-6.1294546,6.395923
-8.170332,0.3170681,7.071996
4.1738367,-8.086457,0.6819867
-6.020267,5.014862,5.088708
-4.127508,6.2989063,1.9960631
7.8384056,-3.578125,5.086584
5.309643,-8.753248,1.166572
5.7339115,0.09297562,4.427435
-9.495066,5.112297,10.230722
-7.1709976,-6.823167,4.6897316
-3.7751102,4.2218266,1.2683476
8.260977,6.964548,8.422878
1.0230045,-8.289669,-1.0952861
-7.4789715,5.530308,6.7127695
0.062618256,4.522478,0.06400268
-7.7667084,-5.146215,7.144971
-2.1909928,8.392862,0.1576666
-2.7497506,-4.809045,0.8961285
8.656616,7.600569,8.040785
3.0973673,-7.6651487,2.3714855
-1.7437115,7.8876534,-0.7374113
1.6892872,-2.248436,0.10270788
-2.8866553,-8.833496,0.56892467
3.9290037,5.326584,3.3670483
3.955639,-0.8190775,2.2545488
2.685461,2.8244495,0.5518916
-3.8977695,4.606695,2.18782
8.5315075,1.0677195,7.8981757
-1.4436998,3.193946,0.19154045
-3.8931665,-8.428637,1.9001518
6.2631397,-8.82628,3.8726287
8.150566,-4.695903,6.0721307
9.951597,-5.2283373,9.524755
2.9625835,-9.42585,-0.48480675
-3.4089384,1.561346,2.029956
5.0789204,-0.7934103,3.9444354
8.579544,-2.2023144,6.2738304
-9.808341,-0.4646883,9.8188095
-1.2388697,4.8054495,0.365335
-6.8196545,-3.7107325,4.1801906
1.8635979,0.6317539,2.0764985
4.135848,-0.8932476,2.7736764
-2.0658789,4.8289385,0.8176926
-0.8365717,-1.063838,1.2039984
4.501108,3.5921774,0.90196544
-1.6806974,-3.9153934,-0.3136753
-8.397795,7.7464256,6.49597
8.00136,1.6831284,7.071565
-5.033145,1.6822672,1.753434
-1.0985851,4.841527,1.106955
0.943264,-9.968404,-0.48872468
-0.60096836,4.418765,-1.1841797
-9.40686,8.033585,8.599309
4.5879993,5.988961,3.73608
-4.542315,6.4936085,4.072582
-5.186596,-8.032599,1.7044387
2.3891544,8.655432,0.6750094
-5.2186203,2.2358055,3.0533812
-4.6215963,-9.747033,2.458089
-3.3694992,9.048851,1.2966167
-3.7567759,7.7978287,2.250525
-4.1763744,-1.5953817,1.7087578
-2.6968584,9.80599,-1.1244099
2.5987577,0.6296253,2.723674
-8.092179,8.020552,5.540598
-6.052803,-8.839837,3.0983965
0.14591408,-9.323097,-1.8162782
1.3906813,2.786169,-1.5127215
5.5229244,-0.07480526,3.718152
-7.02444,-8.488864,4.313964
3.191969,-5.607358,2.7542691
5.683898,5.605345,4.46497
5.552602,6.374983,3.240205
-9.314215,-7.584603,10.314135
-3.816042,-4.47078,-0.03786607
-8.595656,0.05815506,8.043193
-6.3281145,-0.012764931,4.7706003
5.569829,-7.365253,3.8337653
-1.4931908,7.3954067,1.7718359
4.247113,-6.982579,3.4868958
-5.8700633,7.114132,4.584816
1.519599,-6.1851954,0.9888525
-6.048579,-9.935631,2.2895951
4.9989204,2.491537,1.5475167
-4.37379,-4.783739,3.0921042
-2.5075912,6.7414875,2.153988
-8.676313,-3.3154306,5.7221227
0.03303528,0.9548435,0.7573823
9.494802,7.4436417,10.436255
4.8537817,-6.494646,3.4059775
-5.3354096,-4.1170335,2.5266764
0.13448715,6.808771,1.4298455
-1.0964851,8.435497,-0.65975016
-8.050742,1.7429686,5.1497254
7.840912,7.687462,5.6193814
0.1612072,6.049389,1.5869231
2.1059704,5.654354,0.22607186
-4.03829,-0.39422607,3.7422931
-4.679191,9.654884,0.74861085
1.6488953,-3.1789913,0.26478672
3.6971092,0.68067646,2.7942884
2.24298,-3.018515,-1.2477746
-4.8194504,-0.74935436,2.4691894
9.708979,6.009491,11.077917
-1.472044,7.581503,1.8736664
-6.1241508,1.490675,3.7496653
-4.6771264,6.5739307,3.8765466
9.844208,7.00972,10.593182
0.00048160553,4.8605776,-0.041352347
-1.3574419,-2.7252617,-1.0638964
-4.1616178,5.8346386,3.4652028
-2.6214542,8.394125,0.44618955
-8.422285,8.272474,6.108806
-7.9468346,2.5911055,4.5525174
5.852895,7.379854,3.0321891
8.554495,-6.908368,7.420277
9.543003,1.8940659,8.315512
-7.2194233,-8.785802,4.9667253
5.4086323,5.1334133,3.782686
-6.189666,0.4590807,4.1118574
5.965603,-1.9237251,4.1307445
7.215542,6.3747787,6.848972
7.7387085,-1.5307436,6.2474537
7.200512,4.0830097,3.6677773
6.2557335,5.380064,5.260827
0.19463634,-4.9607444,-0.544094
4.594824,-8.662604,0.46448815
-3.5777092,0.89312935,1.9905423
4.354348,-6.1151114,2.1748729
-3.2140198,-5.670971,1.3169671
-0.16791344,4.7093344,-0.72739613
-8.703789,2.376299,5.6372876
-2.614746,-2.2223482,-0.5930725
-5.2587295,-3.63549,1.8649737
-3.373208,-7.3952436,1.7554002
-6.385865,-4.273236,4.389238
-8.994442,0.64097786,9.388553
0.651165,-5.8420706,1.5332348
6.489792,-9.078705,2.3096957
9.107494,-9.688363,7.192004
5.8355417,-9.4303665,3.119328
-5.1833735,-4.599887,1.8988972
-9.890098,2.694316,7.960414
3.7931385,-4.572952,2.3592951
5.60314,6.606251,3.5244374
-8.58512,5.472785,7.351946
3.5858612,-7.8241205,1.2294396
8.454773,2.4620361,7.483919
0.60576534,-4.3067636,-0.7733804
-6.0245886,8.293608,3.304001
8.198763,7.5775223,6.3922305
4.270159,4.586688,2.0016594
6.622011,-5.0078797,3.410283
-6.762855,1.4459848,5.192188
5.819455,-6.30471,5.437976
-6.830736,1.4972363,5.2925997
9.894943,9.885792,8.218108
-4.2369976,-1.9281502,2.4958453
6.025671,-5.7507763,4.6162863
2.0024157,-4.87461,0.86075014
2.6501045,-6.206603,2.4864066
-1.5335503,5.0657825,-0.6227739
4.107353,-5.8981714,3.6695983
-4.167719,6.999695,3.1313152
-9.425793,5.838069,10.545903
-3.8420305,6.0160427,3.1721547
7.8353863,-0.47956276,7.339942
-2.6326966,-2.0875454,-0.691278
3.1431847,3.6225119,-0.70920354
-3.6972642,-1.4937258,1.3975115
7.5014915,4.01877,3.8758194
5.9849024,2.2322035,3.478963
3.530136,3.4777746,-0.26363197
-5.111617,-4.27469,2.4384787
-8.171299,6.199997,7.2484846
0.37649345,-1.918026,-1.1598921
-5.8665776,5.6822166,3.129015
8.221937,-0.6164532,8.438099
-9.609757,-9.827891,8.515439
4.4686832,-0.85197544,3.3535705
9.969141,-3.1884432,8.499439
5.0082836,-4.9580536,2.9921625
3.4097872,-0.3912239,1.2656248
-9.621467,-3.8206863,7.662699
9.618933,0.7835064,11.171941
-1.7104759,-2.9523554,-1.7840636
-9.344084,-6.204593,11.131488
9.871628,3.6711426,7.9659424
-4.069307,-8.189735,2.4606698
-0.70747566,-7.7416754,-0.25068292
9.152796,-1.5728302,7.5217257
-6.932007,-0.87070656,5.1691594
-7.0748997,-9.354128,3.6206293
1.626173,5.0818405,1.6870686
-1.3385391,0.82527256,-0.4784906
2.3034182,4.2170258,-0.35726237
-8.387053,-0.0986824,9.085008
0.29906654,-2.1826816,-1.2101874
-4.4475975,-3.519156,1.2602793
-4.9160886,-0.8931532,2.001971
-9.156369,-7.8587413,8.590607
5.302183,4.3917084,1.458961
1.9263649,2.842329,-1.3503903
-8.4544325,7.1516056,8.323514
7.93552,-9.341696,6.276063
3.0162086,-1.0416813,1.9015199
1.8556318,-3.921629,-1.103944
-5.8713636,0.31079102,3.1838534
1.5080452,1.526947,1.1351011
9.635403,-1.488924,8.612794
6.8588448,-0.811718,5.8141365
-7.788702,-1.6510334,6.356398
9.128212,2.4323502,7.3115587
0.77509785,-5.4663825,1.3607914
4.8096514,-1.1588306,3.355669
7.7667637,4.942686,6.5769114
8.525091,6.7332478,8.892177
-7.795348,1.118413,5.709575
8.7566395,-1.098484,8.279674
-6.791749,1.6753902,5.0374126
0.7496605,4.603877,-0.36827007
-6.987636,1.8395224,4.0557213
-2.1923327,-5.8191576,1.546884
-0.45442677,-7.880168,-0.46794042
-1.1963539,4.651804,0.64905816
-1.5797596,-4.2990103,0.41608655
0.7887058,3.7450037,-0.50139177
9.864187,-8.592306,9.024439
5.810116,5.4690228,4.6789594
5.5947,4.2043257,1.6706345
4.002475,-1.973383,0.09733672
7.7418118,-7.6391497,5.4977064
-0.46149063,-1.1290159,1.0576739
0.79512215,5.6629314,-0.20958748
2.057971,7.5569572,0.97493047
-8.721305,-0.37049675,8.609593
-8.055569,-0.8275366,7.5130496
1.2260141,8.203182,-0.72424483
-3.9125023,1.7425327,1.1469806
-0.18349743,9.549337,-1.9259394
-2.294588,9.04661,-1.0501757
1.5566273,-6.4933205,1.8177838
6.506155,-7.050321,3.7423809
-3.3164191,-3.3191576,-0.95161647
8.008606,-1.5290785,6.617208
7.8956184,9.053932,6.321732
-7.674981,-7.521714,7.2845244
-7.7222624,4.460063,5.613161
-8.090749,7.6732864,7.673087
-5.4802027,0.62863827,4.191349
-3.8927627,-8.384599,1.92261
-0.7526951,-7.549776,-0.073606834
-2.431922,1.4871197,1.3967149
-5.0524855,2.8933468,0.52530587
-3.1769361,2.3230276,-0.9051707
-3.617445,6.222618,2.8771112
9.810383,6.4248695,11.046343
-3.7062883,-8.713688,1.5330191
-7.1600094,4.7122364,3.9693944
4.1569757,6.2110825,3.5201638
-0.57761574,-5.0504885,0.64637786
7.6556396,-6.2387085,7.6582146
6.2483253,-8.979932,3.722023
9.187288,-9.866443,7.2610087
-7.323595,5.2249165,4.953129
6.4286346,2.842926,2.7141404
8.392387,-5.432074,6.722436
-4.9383154,-8.939402,1.7410767
9.191799,-9.29625,8.18563
7.4964294,9.073322,3.9518278
0.109511375,3.2912626,-0.572854
4.8215246,1.6348915,3.3707151
-3.4962153,-0.8267479,2.3557189
-8.721838,4.0822077,7.853659
2.5278006,1.0837564,1.5636848
2.9812527,4.316927,0.98026985
-6.5355897,2.5514526,4.1504784
4.8499966,-5.151781,2.7200632
-8.542227,-4.6739664,8.251646
8.606241,2.6338873,6.076667
9.683903,2.533947,8.1382
2.7225838,7.0605392,1.6328648
-6.2742877,-7.3970356,5.0567913
4.8667126,4.8573837,1.3720238
1.7041578,-9.1733265,-1.0155983
2.7191877,0.85679245,1.7581561
3.2865334,-8.119575,-0.27343172
7.613556,-4.9185095,5.9148893
-4.298359,-5.715828,2.2837198
-2.2494507,8.921646,-1.4668126
2.7270594,8.900383,-1.020244
1.089611,-4.4350443,0.94989115
8.063776,-0.41934395,7.820364
-5.252385,-8.380713,2.15975
-0.36416626,-8.193122,-0.3115111
1.8685322,-5.0630355,0.8850803
-2.65589,0.97288704,0.83716863
6.8171673,-9.001543,4.875963
1.0938158,-2.0815039,-1.5199033
-9.2423,1.3787069,8.65137
-1.0833588,0.11259937,1.0907012
-4.535569,-0.3164444,3.9076982
0.9717121,1.7996302,1.0572826
-1.162159,9.891426,0.044283263
-9.919342,-8.540901,9.301847
-1.8222532,-7.2143197,1.6857177
-0.95779324,5.2264223,1.941487
-2.9487848,3.0630398,-0.31099835
9.187805,8.496815,8.270791
-2.1819916,7.9589634,1.528225
6.4241714,-7.4270535,5.278051
2.4771776,-2.2714067,0.7388473
-8.441332,-9.004406,7.081121
2.3498611,4.0303335,0.029840752
8.287355,5.968486,7.1672044
-6.5410066,-7.9324007,5.2911963
-6.4637494,-5.443739,4.11574
9.78849,5.341281,10.974158
8.035099,2.4362602,6.0291686
-5.57894,-6.2511215,3.7452636
6.0174503,-0.049614906,4.0928197
-1.2793207,-6.6468945,1.9288155
-9.859294,3.8776064,8.446379
0.7513342,1.8522129,1.0373033
3.2309399,2.7158432,0.99541366
-2.9996085,-0.47192764,2.644569
3.4788342,0.54371834,2.712413
-8.551008,-7.417327,8.449631
6.9301586,9.334827,4.5481076
8.525343,-0.4091463,8.650895
5.5146675,0.27905083,4.4510803
1.6949129,0.9038105,1.8692423
3.2934895,-9.406224,0.48056248
-7.2354784,2.5838146,4.70474
-2.498734,8.608587,-0.7127996
-0.9546757,5.8178864,2.1253614
-5.5648613,1.392045,2.4040632
-7.3862004,2.903099,4.0309405
6.7261753,1.7767239,3.526092
6.7864532,0.025720596,6.268219
-9.081882,4.3789577,6.878742
3.1821194,3.2940655,-0.96407247
4.068022,3.2477875,1.3336927
9.499683,-6.030017,9.2765875
5.785537,-1.2183237,3.0000021
9.193367,6.234848,10.429082
-3.2738972,6.5838966,1.7745403
7.0038643,-5.629976,4.7322364
8.134014,3.2639122,6.6598735
-9.443281,-6.672466,10.063222
-8.027067,2.6061573,5.049166
2.0240545,3.4707203,-0.0009880215
5.4603777,-6.021949,3.0715804
-4.9681306,7.422741,3.885112
1.1013451,7.140156,1.5120908
-0.01451683,7.181858,0.5247005
2.5310764,2.7423582,0.2675186
-5.373496,4.115761,2.532732
5.6403904,-0.18427753,3.4280596
6.650093,-5.2970467,5.1611166
-6.9385824,3.045473,3.2513366
0.09687424,-4.31607,-1.0249887
0.0277462,2.5794134,-0.9757862
3.2111568,-5.1320877,2.446031
9.3158455,-4.234847,7.4846344
2.9326344,-7.877779,1.4676613
-2.2722197,-2.6964474,-0.31306177
8.981329,6.032547,8.249316
-3.8053284,3.1090088,1.2807479
-2.903718,-0.8091736,2.290391
0.68275356,6.347149,0.13609533
-7.6150885,7.1372337,7.29051
1.0881729,-4.282941,0.6670725
-6.7847548,-7.4012146,5.078086
1.0282059,7.700987,1.2438816
0.9580755,-9.070219,-1.053329
1.3842068,-7.718358,1.2177148
-8.432956,-8.203047,6.702566
-9.497843,-6.447748,9.063257
4.6011734,-6.76682,3.01215
8.575958,0.30310726,8.923888
-8.873724,-4.3807163,8.23022
3.7039423,7.695984,1.3798323
-7.3612156,-8.914107,4.671552
0.6269131,-7.547845,1.4161103
9.303577,-9.22059,8.314395
7.586191,-8.81216,5.595392
-7.3113976,2.4262505,5.827653
6.1857185,-6.9226065,5.438999
5.223171,-2.1848164,3.3104572
-0.015338898,-5.1017513,0.3469169
9.687267,-2.694354,7.8338366
-3.9717522,-4.186531,0.6203648
-2.3271585,6.366089,0.40077895
-5.054141,-4.428073,1.7607476
1.4389687,-4.988576,-0.19969997
2.6478672,5.685066,2.5166702
0.7968025,9.090042,0.13198708
-5.626371,8.139572,1.5578105
-4.5016646,-1.4902306,2.5537422
3.4015255,1.7855759,0.72872245
-8.768264,-5.188141,9.257591
-1.5573454,-0.9788656,1.590139
-0.22151566,1.1286774,0.4445243
-4.0516386,-5.843835,1.9751694
3.6391811,-1.4606133,2.2687175
0.644537,4.7803974,0.047930397
7.020647,2.498148,3.3839126
-0.8881149,9.306337,-1.7877096
-6.311384,-3.4325638,3.584092
7.0655174,-4.1909146,5.6572266
1.3964882,-9.441746,-1.333577
-2.8639817,4.771985,0.08471872
-6.591028,-4.837698,4.5404806
2.3438892,-9.320146,-0.8431459
-9.537525,1.1785641,10.449998
2.6337776,-3.835702,0.5486787
4.9444475,-6.045045,4.3765345
-8.772005,5.901885,7.8305545
-6.546724,-6.022415,6.2621927
-7.1892586,4.993314,6.440717
8.405066,8.508909,7.131737
8.501207,6.256649,8.18318
0.626009,-4.0386558,-0.9871836
9.388058,7.5604515,10.241693
-3.3430395,-6.8279705,1.059584
-9.708222,8.087734,8.981459
3.4929485,-1.6602144,1.7641121
3.5426855,-4.4971,0.95109844
9.803823,0.666522,10.422886
-0.0028944016,9.04731,-1.5853369
7.6639614,-2.8491783,4.622138
6.1296387,7.302534,4.701179
7.237688,2.341219,3.907877
-9.923321,-7.2080064,11.453258
8.234579,-7.386609,8.174536
-8.5245285,8.517168,6.8937035
8.965111,9.158621,7.4790077
-0.41440582,5.981408,0.3268078
-8.862171,9.665234,7.7080574
2.7809277,-6.6080475,1.8204883
-2.0354676,-5.2834153,-0.051558327
-8.981934,-3.7576761,7.7290525
-3.6253824,-5.551622,3.2473505
1.0310516,-2.439495,-0.8741777
7.7884655,3.6148567,5.4056377
-3.074297,1.4328814,2.009714
5.939679,6.0149784,3.4079595
1.252285,-3.0488443,-0.21146615
0.3370781,8.538067,-0.48617575
1.9134502,1.8958397,-0.52935755
-6.562687,6.314642,5.517233
-8.311982,7.726404,6.013053
-3.142116,-0.5357666,3.166799
-9.318541,9.424181,7.6577525
-4.6635056,5.2868376,3.2580736
0.4600582,-6.1203947,0.41465312
-6.586093,0.72169113,6.145191
-4.1479597,-4.864571,2.8423116
-1.7968645,1.8924637,0.5085281
-1.1520338,-6.038773,1.6783699
-5.520146,-3.7155128,2.920011
0.48050976,-4.116579,-1.2502452
-1.4036045,-9.689934,0.0730331
2.8599558,9.182186,0.79093975
0.45167446,-3.4234324,-1.7728517
-4.993697,-3.063774,2.105968
-3.4428396,-0.2077055,2.4918418
-0.11525726,0.1759901,1.1292644
-6.239853,-8.398954,4.1809688
0.78285027,2.7819834,0.00078947097
-0.70605755,-6.2341595,-0.28473783
3.8797855,-7.9420495,1.860388
2.3666573,-6.0028768,0.6218914
7.483835,-7.797967,4.8148127
-0.3296547,7.8340187,-0.55446607
-7.389052,3.8235703,4.5929937
4.47009,8.7628,2.5082746
-6.758379,-8.047347,3.5546184
-1.3745232,-7.938648,-0.8064582
-3.238027,3.9670172,0.42664632
-3.794445,-4.681364,0.8409705
-3.699839,-3.0647898,-0.6292479
9.189205,-5.875244,10.180869
5.7245684,-8.4140835,3.7755659
2.7713737,-5.8910475,2.2605376
9.389566,-6.2884116,9.627499
-9.06222,5.1234236,7.9874225
1.6136751,-0.26394272,1.0275043
6.401764,6.2491474,5.4332285
6.6428986,8.69389,4.5319667
-7.958537,6.6039944,6.593115
3.558895,-8.139126,1.7408643
-5.6968594,5.8614635,2.965327
-0.3907385,5.695285,0.18599519
-2.0867023,-4.529046,0.34327573
-8.349646,-2.1062255,5.3895593
-9.5391445,3.3612823,7.418078
-6.5789795,-1.0213423,5.292212
4.5377054,-6.1161814,2.467707
4.574355,-1.7720966,0.90944356
-8.697638,-2.7593746,5.5274363
-3.7554226,6.1178093,3.1589158
0.16334438,4.356205,0.32541275
-8.645825,6.2513504,9.186283
5.6345453,-0.42314148,3.5362833
9.057323,-9.1035795,6.686297
1.7686176,9.763397,-1.772033
-7.430148,0.30926132,5.984952
2.3318634,4.264721,-0.4636363
3.6301365,-5.6713066,1.1798594
7.9184303,-0.49525833,7.8095546
-5.320699,2.669281,0.7242691
-8.959098,-4.067168,6.485479
4.393506,-5.537776,3.344238
0.62256336,2.8105745,0.070726015
-3.258264,8.029116,-0.20055483
-4.190223,7.8023243,0.69160515
-5.1561584,3.4044085,2.7483191
8.094971,0.8514652,7.9487286
-1.7253914,4.494706,-0.8046819
7.2120705,-3.1237555,4.855179
8.9264965,7.7119102,8.038043
1.2667608,5.2763357,0.94950885
2.1301756,-9.970957,-0.94820994
-0.68104744,9.118164,-1.0031624
6.8681545,0.47063637,5.2807055
-9.010879,-7.56099,7.8079486
3.9768305,-3.8265657,0.25057626
-1.6292877,9.712893,-0.75636786
4.566163,-8.348893,0.6841968
-0.044540405,2.5019312,-0.6918528
-3.7026606,-3.3633232,0.265204
-1.0795002,-8.213712,0.55148757
5.399928,3.8637486,3.072842
-6.945299,5.8259945,5.2822766
-6.3209915,9.83061,3.7896283
-2.239964,-8.157873,-0.51282614
-3.6272454,4.890707,2.2444506
3.9283924,7.116638,2.060227
6.729698,-0.24591446,4.8913417
-1.0709858,7.714962,-0.9304248
9.455738,9.12903,7.054018
-4.1782,-8.098465,2.3424335
-5.6115937,5.024623,3.6784902
-4.4769406,2.3830948,2.3481479
-6.889724,1.1314545,4.688124
-7.0093384,7.371895,4.4339895
-8.910155,0.53691864,9.763882
-8.862792,-3.7242484,8.061017
2.6099863,8.539955,-0.25976828
6.0985394,5.7944946,3.8194673
9.3884735,4.8509893,9.838254
8.517973,-2.6922822,7.3850594
-0.5759373,-8.341158,-1.4382566
1.9404659,-1.3940964,0.2318973
-5.9831977,-1.873168,2.6233804
3.8652115,-2.01082,0.090858236
-9.588411,-5.103407,8.371379
4.716729,7.1804256,3.7036567
1.8341551,-1.6636734,-0.11493458
3.0730429,-9.795871,1.0544927
3.6614838,-6.411647,3.0524235
-4.591048,-9.893018,2.181243
8.581064,5.533909,7.4716883
4.772525,-1.147295,3.0597377
6.568947,-5.0970125,3.7697043
1.3207855,-7.669213,1.2516843
6.2798653,4.8733673,3.0078793
6.730011,-8.642895,2.617806
4.5323486,-9.095446,1.419468
7.617687,-0.90106773,5.63636
-1.8137789,5.9709215,1.9989378
6.5753613,-7.896328,3.1574798
2.3039913,-6.4740076,0.7484044
6.01696,3.224002,2.9412467
9.739986,-9.714318,8.133824
2.264371,6.644375,1.8633754
-3.7116694,5.345661,1.2855371
-0.9949608,4.8801613,1.1748035
2.8152847,8.512043,-0.71156186
1.6860924,8.687492,0.33160296
-2.731701,-4.6187105,0.5641382
7.835184,5.648966,7.245694
6.008074,5.46072,5.342499
-6.2115374,4.5274734,3.6401987
-0.81481457,-2.7295265,0.06373304
-0.95993805,-5.5028114,-0.04344923
-6.267308,-6.492137,4.8021364
1.4585495,2.1460056,-0.08494629
-3.0699291,-0.27397537,2.4143243
-5.162615,0.5062008,3.125714
-3.2154703,8.956333,0.20992261
-3.5654855,-8.125157,0.41480288
9.566401,2.313367,8.653813
3.83572,1.7998657,1.485105
9.841133,-0.4432392,11.757853
2.7419558,6.620043,1.0925105
2.2643127,6.4921627,2.2445245
4.110936,-6.732646,1.5865661
1.7163258,1.7781553,0.12618205
-7.8477144,-6.0178804,6.533902
-5.913535,-5.529387,5.4847775
-2.4227858,-8.354688,1.121563
0.15033245,3.7283363,-0.31076118
3.7671452,-1.0228529,2.532617
3.850483,-6.3516417,3.2785776
7.933134,-1.9855595,5.6940174
2.0357275,-0.73740005,0.13694048
-3.4129324,3.7782803,0.034288365
-7.520263,8.509796,4.085023
-7.3241067,-6.6397676,5.646955
-5.973375,-0.62491226,3.6971426
3.016035,9.6792755,-0.85878074
5.4027214,6.5940876,2.8732522
8.749126,4.609358,7.830456
-3.1631174,-3.009509,-0.048389394
-0.7888298,1.7432365,-1.261067
-2.9696345,0.6797514,0.9155931
-0.03654003,0.14686489,0.8273579
3.2100143,6.525999,3.0331142
-0.21971512,-3.4064722,-0.5068878
0.46294785,-2.4647799,-1.5371708
1.2668715,6.9698544,1.6478804
3.724183,2.537757,0.3186981
-3.0340137,-9.494326,-0.7137104
-5.9629765,-1.9610367,2.5982838
2.3592463,6.7462845,1.2616618
-1.1840553,6.059702,0.0054525435
-4.5302796,6.6735363,4.3241982
4.19963,-5.860224,3.042244
0.09069061,-7.4719563,0.053884774
-1.4546471,3.1939077,0.63801694
-4.8408375,7.674183,3.1618423
-1.3156595,8.174885,0.71258
-8.503251,3.842102,5.3625736
2.2749033,5.9031296,2.257996
0.15006638,-6.9029675,-0.34263596
6.068365,2.4036255,3.7927737
0.64570427,-1.0305357,-0.086236805
0.7995224,-0.11168575,0.9713579
2.7241306,4.7226467,0.8500939
7.609375,-7.4913397,5.846651
-4.7255764,0.96463585,3.8573372
5.970051,-3.5035658,2.1354647
2.4456158,5.018755,0.46452156
-6.6711674,-8.928752,3.646532
3.4818687,-5.5164742,1.8022623
-5.9973345,-7.142892,2.8551738
-3.147808,7.4885654,2.3560107
-4.7666883,6.223423,4.251891
-6.8031416,8.292273,4.1966314
7.8757133,9.8721695,6.1843495
-8.938209,3.0464134,5.6884127
5.0001507,1.2751026,2.7785666
-9.000119,2.7936134,7.0667
-1.2170601,1.6041384,-0.9818657
0.5964222,1.1940899,0.97281456
7.109106,-7.547574,5.3754106
-3.6189356,7.693636,0.97597027
2.878275,-6.7718973,1.2981493
1.5490589,6.9759274,0.035344496
5.883848,4.5877028,4.355317
0.5945158,2.5925026,0.022207797
3.7444458,3.7461948,1.773743
-6.040908,2.1947012,2.3903878
-6.94911,-4.906768,5.4737124
8.910776,-5.3173103,8.89125
-7.28667,-5.082395,5.1061587
-1.7023964,-6.0199966,0.62030864
-1.2088013,4.5563545,0.61737984
9.778801,0.74404716,11.054371
-2.1611357,-0.1029377,1.836943
-7.613044,2.6771688,3.578749
-2.5349894,9.236725,0.77344817
5.1582108,-0.7747898,4.2681894
3.962902,-4.8014426,1.417633
8.272921,-7.2530484,8.039293
-2.0471692,8.2622795,0.919181
4.710455,-8.836203,2.333682
-9.4104,4.8799143,8.41794
3.869398,8.751751,0.9697466
4.594637,5.3414783,2.0630124
6.4508705,-0.07716179,4.250281
-5.734422,-1.298624,4.344524
-2.6697836,6.336134,2.3065434
2.4192982,-5.317347,0.42206332
-7.106147,3.5351315,4.244059
-7.9548097,-3.0907655,4.4088764
-9.620428,5.268708,9.158341
0.5582285,-2.2139368,-1.6958444
6.209879,-6.6736403,5.3769484
2.5685987,-3.818574,0.51514196
0.60964966,5.880867,0.5819354
3.4842587,3.649373,0.52053887
-6.2840414,-7.060479,5.159935
1.0542593,-6.5025606,0.6876661
-2.4842358,-2.0522556,-0.58752966
-4.9514365,-0.9554186,2.3636026
8.623732,-2.8115854,7.2481785
-7.7365265,6.7233925,5.999633
1.4654827,0.6941719,2.062605
-8.787126,-2.6716638,5.832253
-0.33926773,-0.57377815,1.1116434
-4.4436207,4.579049,1.1159644
3.2914743,-7.012973,2.5174325
-5.61538,-9.826321,1.5345001
6.4003963,-8.033363,3.219774
-8.11467,4.3966656,7.1173625
6.006357,1.0857449,4.417774
-7.5117946,-8.944258,4.139886
5.355854,8.173283,2.60923
-4.210664,5.3562183,3.1799114
-0.023296356,-9.330583,-0.9426803
-1.8250351,6.144411,2.5329113
6.490301,-0.38815403,4.8003035
3.277275,0.8402157,2.2266788
-8.812044,8.210598,7.5297112
0.919405,7.733639,1.023706
-6.8986235,2.1845102,3.6749883
7.4756145,-4.778818,6.804493
1.6429977,7.5204964,0.16515411
-2.5718079,8.313211,-0.69980663
-5.101694,-1.4762201,3.5404327
3.4612894,-7.968998,0.5159432
-5.9889708,9.368641,3.0589092
4.7426224,-4.322878,0.9709279
5.456753,-5.97414,2.82576
6.138035,-9.441563,1.6934118
2.612379,4.038621,-1.0674329
-8.753689,3.8409538,5.7576895
7.1931705,-4.304383,5.0427556
-3.1022348,-9.690742,-1.0942713
-2.956358,7.0006866,1.0092497
-1.0743895,0.6086931,0.5935318
7.311348,8.877663,5.655493
7.689266,-0.93494034,5.9031787
1.5441208,9.02417,0.15868486
4.7715187,-2.5379333,1.7560297
-9.319969,-4.64167,7.730528
0.023622513,5.8453884,1.1816599
-8.846836,2.4954472,7.061873
3.4034958,8.979095,-0.7677897
-7.1244946,0.751564,6.534116
-3.5640469,-7.6538506,2.1280997
6.9903126,-7.085437,6.3857565
9.556959,-2.2455096,8.340104
-6.003804,-1.4987202,3.9106443
-5.550109,-5.485387,2.6157594
1.2384605,8.482508,-1.3009504
3.9310532,-5.4583397,1.7059436
-1.6287231,0.9488001,0.022516996
-3.1229029,5.714837,2.8149576
-6.5684366,2.0566463,3.1120784
4.268757,0.51130104,3.354151
9.797619,3.898096,8.751636
-4.840791,-5.1866317,2.8274186
4.7166367,-9.903236,1.0169082
4.8839464,2.9485788,2.0794883
8.03797,-7.397127,6.9438424
-1.1385384,-8.5824375,-0.8566572
0.3149786,-7.3184156,-0.35388178
7.3469887,8.094265,5.379888
6.3211403,-6.71057,5.75174
9.877071,7.7879314,10.599404
-2.8657007,6.645897,1.7479196
3.9568663,1.7312069,2.0687044
6.9827614,-5.8707166,6.125466
-6.7881594,-9.066284,2.6071544
1.9865885,-7.7386007,0.101425596
-2.2375274,6.455038,0.5061753
6.4282436,-6.5990915,6.02131
-4.491272,-1.301239,1.8145952
0.7013855,1.6219292,1.0104486
5.9831066,-1.2120609,2.9250631
-9.161169,2.238616,6.676946
-8.443622,-7.900485,6.0892577
-5.1218405,8.211262,3.0252883
6.414171,-7.2138643,4.203575
6.7052784,-5.8445287,4.3018622
-6.8297005,-8.330465,4.3883443
1.9068727,6.5089893,0.7158694
-5.298809,-4.951439,3.85949
-4.641527,-3.408258,0.98915905
8.624174,5.249295,9.021725
4.8300915,-1.037653,4.062954
-2.734829,8.251457,1.0935459
1.4720154,3.0570774,-1.8232892
1.9375696,-0.8489809,0.12116172
2.34241,-6.7129254,1.7084148
-3.4227872,-9.536583,1.0779284
-5.8888555,2.767974,3.1938968
6.620638,0.7664099,4.0665226
1.3437262,9.107069,-1.4330935
4.1854963,-9.19303,0.2139772
-3.7872972,2.0088243,0.4615948
4.8436947,3.7232695,0.6296532
7.2776566,5.5160084,6.910866
6.0817356,4.85579,2.7105896
2.718958,-0.70930004,0.68752587
9.838829,-9.521885,9.150397
-0.02186966,-1.9857492,-0.37950996
2.128971,9.878086,0.350906
9.501299,-7.5018063,8.280511
9.718969,-6.676085,9.595937
-4.2222013,9.099442,0.44331568
9.008034,-0.6501446,9.480536
3.6906004,-3.346367,1.0138857
-1.1193762,1.1396523,-0.6568524
8.731461,4.1977196,6.234759
-5.180292,0.88603973,4.487427
6.497486,8.048985,4.6324496
9.909441,-0.14158154,9.659497
-6.8970213,-4.2068663,3.185285
-5.900929,-4.6727133,4.176124
-9.909142,-0.7705345,11.611006
-1.7996235,-1.9534006,-0.58116317
-9.082036,6.7616444,10.157212
-3.3492193,4.662719,1.261615
3.0359516,7.703293,0.24646528
7.068777,7.835579,4.5321646
5.5703526,8.539612,2.0522313
5.550809,-9.499913,1.2129879
4.148638,-2.2657013,0.7703199
-6.202333,-0.9561348,4.062208
-7.939949,7.161146,6.7453947
0.41453743,-0.08315945,1.1306748
9.495829,3.790722,6.9862657
0.5630579,-0.9294071,0.18206547
-0.86009884,-9.811348,-0.25161308
-6.787374,0.798398,6.0689383
-4.9583826,-0.21403694,4.1667876
-7.7086363,-6.17175,6.448038
8.006683,9.740246,5.9822016
-1.6292963,-8.021678,0.9615824
-8.834086,-8.474243,6.8688426
1.0727463,-7.180891,-0.6151812
0.7256813,-9.080726,-1.410276
-1.235486,-2.0154247,0.1629085
3.5796394,-5.343236,1.765048
5.3777924,8.2003975,3.006897
-9.404101,5.3536873,9.342329
-7.6609173,4.751507,6.9595165
-0.48039913,8.59119,0.37172222
-9.271378,-8.257836,9.113241
-9.083597,-6.008219,8.097365
8.829105,8.430115,6.705909
-0.76059437,7.282892,1.247571
-4.943904,1.5811024,1.4956987
-3.4301686,5.5917416,1.7098368
-7.807225,2.5604544,4.4368706
7.8036575,-0.75694275,7.7299848
-2.1683884,-3.3476124,0.088412404
-5.62238,3.5071964,1.0324913
-7.5841284,-8.1202545,4.542727
5.8449,9.855066,3.2167108
-1.3823137,-8.821352,-1.3429965
-1.0505724,-7.5712323,1.6960974
-2.6063323,7.325342,0.6484394
-4.8272285,-5.795357,3.4990852
1.778903,-4.8863516,-0.53257394
7.6937046,-2.3719206,5.4478793
-5.795802,-8.7297535,2.7516437
0.47912693,-0.47529697,0.8377122
-7.605133,-1.429801,4.9901557
-4.688971,-2.004118,1.6431973
8.7776985,-0.047139168,8.650593
0.10485077,-6.7169333,0.25342053
9.63319,-1.7337914,9.530445
-1.7520418,-1.1911087,1.3323467
-5.450442,-9.890738,1.9113781
-5.974883,-7.421782,4.2009892
8.863146,7.6990356,7.2751703
-7.6898694,-9.579009,3.975971
5.247944,-1.9837666,3.1934333
2.4858227,-5.882859,0.55529433
2.9510727,9.93191,-1.0513337
5.6424,7.3596783,3.059423
-2.616229,4.923316,0.45532572
6.1876354,-5.111045,4.0443077
-7.967225,-8.822287,6.453624
-3.5184135,-1.5664997,0.9766474
7.3204136,6.115877,6.8128896
2.9677973,1.1706524,0.73906255
-1.3317251,-5.4687777,1.7949605
-2.3353062,-8.9714155,0.8839926
-6.1061454,8.446571,2.2787137
6.0809174,2.005392,2.511409
-0.31800175,6.8295174,0.030834017
-0.33833885,-8.731175,-0.67905223
2.364935,1.3191977,0.6270313
7.3794823,9.33897,4.453174
-5.1018333,-9.71998,1.0641184
-3.4439745,-9.4503,1.3198242
6.77631,-9.195308,4.3278456
5.647725,-4.9162602,3.0717936
-4.9193645,-1.015234,1.8562548
-9.892601,4.899124,10.863836
1.855114,-3.4699116,-0.8987018
5.2589407,7.9151955,1.8038007
2.3885717,8.179705,0.9813007
7.0931435,6.7268486,5.433973
-7.934741,-8.085794,7.1876626
5.04286,3.9142952,2.5795748
-6.216793,5.6804695,5.658667
5.628067,7.325367,3.2122707
7.4371433,-9.037933,5.772525
3.167161,-2.0909572,0.042745307
8.090746,-5.073744,7.162522
-6.5915155,-3.7627435,2.8863628
-8.943758,2.912631,6.007786
-9.615051,-0.5582228,9.090377
6.2783146,4.3426647,4.405282
3.5030994,-7.431245,0.91232747
-7.322668,-3.1112194,3.7423131
4.842808,4.283601,2.9274623
9.124123,-3.6898375,6.3793907
-9.860836,1.2318945,10.512422
7.2542114,-6.680051,6.7882977
1.5337286,8.6314945,0.24328089
0.93020916,-0.020724297,0.82186216
8.997932,3.6756535,8.168862
9.0559025,0.53881264,8.169307
4.2135124,0.97698593,1.5892302
7.901348,9.487469,5.221662
4.160244,-4.2071652,2.1269944
1.6294155,8.744881,0.59404445
-8.790111,-4.144081,5.990103
1.8678274,-0.31246662,0.99102366
-7.114463,-6.331899,6.744389
3.078662,2.5567427,1.0928516
1.7643394,-9.823011,0.5035986
0.22465706,2.7864246,-0.6356952
-6.837267,-5.028311,5.3900466
-6.0619726,8.804129,2.9949973
7.3913765,9.744312,4.948232
4.8701906,6.330538,2.6051466
5.272398,-9.384411,2.2937584
-2.9797688,4.4991484,0.004643403
-1.7219629,-7.5075426,0.92876834
-2.5627766,0.6200218,0.64431864
6.876934,-6.077653,6.9534407
-4.3168783,6.3154964,1.7930853
6.298649,-1.1595926,3.602249
6.8949375,3.2235546,3.3770196
-9.14556,3.1552134,8.262821
0.061065674,6.5474205,1.342524
-1.9045353,6.31007,1.4936368
-5.5282235,-0.35545254,5.3492866
4.317175,-7.116503,3.0800717
-1.2149506,3.671301,0.80263305
8.755081,-3.7477279,5.8076973
-6.25904,-1.358367,4.79017
4.6463146,0.63449,2.934465
-8.537927,8.937412,5.5771766
-5.0122166,7.491686,2.976159
0.68212986,-1.4202967,-0.59899527
7.9009323,-4.773773,6.234306
5.267192,9.154966,0.63893485
-8.210855,5.408659,7.0885253
1.1076546,-8.653203,-0.5717825
-5.8948984,-0.31394958,4.9449444
0.43329716,-7.381072,0.5276721
-8.330732,-2.5594306,6.487059
-2.933735,-8.604139,0.41608232
6.8586655,-8.341264,3.7425168
-9.175362,-6.997203,9.816525
-9.534226,-2.1272182,9.267584
1.8214426,3.567854,-0.23875885
1.3708439,-8.975117,-0.813437
-1.8288555,-3.7925482,0.039699137
8.7321205,1.9882107,6.5230885
-6.0208893,2.6914215,3.7920513
-6.070802,-0.17407894,5.6091943
-7.474761,-7.7682185,6.744783
-1.8612251,-0.5769625,1.9948683
-2.5520492,3.2279892,-1.4885799
6.1874695,-8.910898,3.9218996
-0.56149006,-6.4123654,0.4689693
3.1935358,1.8005362,0.18244892
-4.1555667,0.0201931,2.6118987
8.111923,7.4515953,6.569018
8.430187,3.0292072,6.49955
-8.955689,5.3655005,9.443913
-2.5699959,-7.576885,1.6168399
-8.484974,-2.262423,7.0536065
4.248268,-1.3911514,2.0829656
-8.736832,-2.4259481,7.342185
-4.728118,-1.6766443,3.0425339
9.991724,4.845871,9.271015
-9.549192,-6.078031,10.884937
7.378046,-3.261629,5.627545
0.8447914,-3.8034368,-0.5046577
7.9963474,1.5108624,5.9444904
-5.074893,1.5685282,1.4595454
6.568285,-1.3339338,3.9014046
1.2065372,5.178581,0.63483506
0.76912403,-7.7896633,0.5419671
6.825321,7.2292595,4.185562
-9.505272,2.6796303,8.027603
-8.054513,7.0044746,7.8727946
9.657635,-9.550314,9.244063
-6.0049653,7.286476,4.0920534
-7.2080765,5.5716057,5.1512184
-0.4889469,6.4124336,0.83641994
-3.2010245,5.28393,2.4914134
-1.3681183,-4.6907496,0.30332005
-6.6998553,-2.4646187,2.775101
3.6081886,0.27946568,3.0419598
-8.604816,2.4154177,5.8581295
0.8099289,-9.565546,-1.8137262
5.835395,-1.9425583,3.7668679
1.92136,-9.4648285,-0.3223399
1.3286982,-6.8315544,0.7107146
1.4626408,-3.7510147,0.26433784
-2.9295053,-3.1180906,-0.011915669
-1.9049826,2.2437878,0.5567698
-4.2169333,7.077898,3.4312692
-6.7552853,-3.2715664,3.331989
-5.2945614,-1.7089481,3.285132
9.885605,3.466198,9.191731
-1.6735649,2.4772148,0.30233586
3.5029602,9.825888,0.7077856
6.9155407,1.7543039,4.0178876
-0.7811785,0.98141575,0.21915719
-5.379741,-7.6848125,2.8274567
-6.7753897,3.589508,4.637584
-3.6840334,3.2064457,1.025952
3.5693645,3.5046396,0.17186067
-8.421585,-0.3505249,7.8784184
-1.2209682,-1.2840605,1.3546256
3.8038654,2.0062494,1.713028
8.158552,-0.626153,8.803542
3.009305,-2.00027,0.9198811
1.9776669,-9.020172,0.2920119
6.845907,5.118308,4.6428576
4.620878,-5.663657,2.201464
3.3831367,2.962451,-0.38575086
-3.1004658,4.1760483,0.085602745
-8.018989,4.7158794,6.6179686
-2.1600208,-1.094594,1.353831
-1.8136387,-0.26851082,1.955911
0.73437214,6.739067,0.44152996
-1.099802,-5.690936,0.8948011
4.042885,-7.0196247,2.3211977
6.6455,6.488497,4.8369985
-4.054203,9.582052,-0.60735804
-9.488606,7.5621395,8.427035
-5.130596,6.182892,3.2011528
-4.7847643,-5.31196,2.8149648
5.6684017,6.027422,4.6530104
-6.450436,-5.166025,5.564237
-0.94057083,4.479143,0.6779574
-2.119391,9.075584,-1.045706
-6.0693226,-2.9888916,1.6383846
4.5328484,-7.3818374,1.7245197
-4.165555,-7.103572,1.8871461
-0.5173216,-3.3398294,0.06756169
-7.030847,0.7408352,6.4053154
-1.0085974,9.155134,-1.316808
1.4208584,1.8256178,0.9155327
-0.40692806,-5.116091,1.4098376
-3.736477,-0.99022865,1.5045097
2.9708366,-2.8291488,-1.0544151
-2.5909758,2.472269,-0.26334816
-5.543989,4.0311565,2.979148
-7.3743258,-5.825695,5.2929287
-2.1182957,3.240056,-1.0800539
-9.446784,4.846154,8.16335
8.3001995,-0.61551476,8.662728
-4.777278,-6.894715,4.176208
-4.144182,6.378418,1.9331192
0.9243908,-9.5255375,-1.6738907
2.5923328,4.910486,1.1822933
-0.9429245,1.5782795,-1.0430362
6.8602295,-2.7510047,3.1924458
-5.8294964,-3.808752,2.1854382
3.583808,2.2104502,1.617003
-0.022553444,-5.768486,1.176898
-8.13471,-0.4279728,7.1201673
-3.8729486,7.456135,2.6416006
2.5448713,-0.6207762,0.45553088
1.9104185,-6.6661367,1.3683872
7.2713547,7.7950916,5.2374887
6.68993,6.229439,4.602065
-5.454228,8.249748,1.979756
-4.270295,-3.0832396,1.614229
-2.1204138,-9.792575,0.46236768
-7.1642056,-3.3591232,3.0981104
-2.6998987,6.787714,2.3166752
-8.183128,2.878436,6.4414673
3.803421,8.1024,1.1654358
7.075594,4.6568146,5.985816
0.79176426,-9.92148,-1.9632275
-7.1588063,-9.894166,5.1224165
-7.57308,-1.181817,6.3680353
-3.8929915,-6.787137,3.401831
2.908534,-6.493485,2.1192284
0.24392033,1.041975,1.160487
1.8182192,-1.9031754,0.40157944
9.424812,7.829893,7.7703633
4.6444206,-5.5090723,2.4786546
2.1502256,4.5895348,0.20163119
-2.023219,-4.999133,0.09034139
4.7304897,-5.130788,3.3874679
3.6584053,8.80224,1.3335066
-9.001022,1.2148037,9.569097
-5.9070897,9.981241,1.9075638
0.33565712,-8.314239,-0.32365254
3.794423,-3.6163511,-0.7473899
4.8650284,-8.488209,2.1102417
-5.9527864,7.967985,3.7247736
-9.921143,4.856778,11.156666
-0.520916,0.46578884,0.56966263
-1.1431732,9.446634,0.0025165156
2.9018002,-6.935432,0.61147195
-2.750064,-7.315713,2.2583594
7.6452274,9.239485,5.896518
0.66724205,-2.6153398,-1.8247081
7.3024693,6.495098,6.0959873
-6.9631433,4.7997856,3.7805326
4.0003595,2.7133923,-0.50025576
1.1915607,-6.2801313,0.15923268
-5.001483,-3.3054104,0.2586785
4.9574776,8.690432,1.1188962
-9.840194,3.94063,7.8983927
8.084671,-2.6717272,5.2781534
0.8058815,3.231534,-0.21909712
0.9655266,-2.4841871,-1.7510031
4.6244564,-0.7747841,3.1668344
0.8301239,1.7433367,0.808842
4.286516,6.9699173,1.6744524
6.3621407,9.566044,2.031744
-7.8045845,9.105331,4.19009
6.6156044,-2.113719,2.965412
-1.4973879,0.80573463,-0.099259384
-2.325491,-9.619991,-0.9139967
2.0128155,-0.98569965,-0.063496746
7.821518,0.5801029,5.79756
-5.4361525,-6.3952646,3.912968
-6.739311,8.953201,4.3222246
6.206072,-4.2188063,2.5732622
-4.696679,-9.2705965,0.8225721
3.2195005,-4.595158,0.109318614
-1.4732609,-1.7398214,0.43628472
2.7525291,-8.321823,1.3588425
7.631151,6.363619,5.7944193
-5.06799,1.4360619,1.7736175
-4.852636,-5.8791733,2.884053
4.906207,0.88030815,2.0867155
0.54752445,-8.642859,0.267142
-1.1005821,3.1547737,-0.7917426
-8.783882,-0.33292007,8.98469
8.472584,-0.78850746,7.931605
-0.37870884,0.8141823,0.027312964
-1.8418741,-4.5703697,0.98816365
-4.1048994,6.68235,1.9355246
-1.973382,-7.272476,1.896472
4.860343,-0.15064716,2.6036983
-0.2298336,8.255333,-1.1256498
8.552086,2.1071205,5.8643856
-0.5773468,-7.1999907,-0.2626816
-1.434578,9.931244,-1.5231398
5.644516,-5.9285283,3.1374254
-0.25875568,-4.2511854,0.46836698
-1.9959297,6.1408386,1.6598665
3.342266,-6.0126295,1.0528638
7.8863106,0.39995956,7.203804
2.4954948,3.689495,-0.2239138
6.9631805,5.5392227,6.0131645
6.480383,-6.1831284,4.3273444
2.8279781,9.54068,0.94711745
3.4768858,7.4407654,2.0084295
3.226842,-3.977641,0.3183974
1.0372677,0.059900284,1.2191539
8.507364,-3.504753,6.8709555
9.231405,-5.153924,9.183864
3.559886,8.67149,0.06106144
-0.49938583,7.4339924,0.9826698
8.96594,2.595234,6.4898834
-7.7832055,8.995993,4.4950066
7.3478394,-9.713486,3.4851658
5.298256,0.7376919,2.5481725
6.42136,-4.949987,3.9635367
-0.7683563,5.4194536,1.4328328
-7.4609795,0.7917452,6.3769097
7.1333885,-7.8582373,5.057826
-4.372556,0.31320953,1.6743616
2.6311255,4.0977764,-0.8678191
5.665451,-3.0765495,3.376052
-9.345256,-0.9462633,9.93564
0.66363907,-7.1127977,1.8907112
-3.5522642,8.618572,1.560609
7.0975533,-9.680381,4.4295573
-6.367015,-5.918567,5.009246
6.071697,-7.889602,4.579836
6.2356987,-4.4465456,3.1272788
5.517149,-5.4404154,4.534382
9.600122,3.1548262,7.3313518
1.5145111,8.644711,0.2545851
-9.063811,0.43483353,9.7816515
7.138649,2.2892742,3.554882
0.9154682,7.5535393,0.7272002
0.19845009,-9.984647,-1.9006585
-9.525892,0.66529083,9.698947
-2.2475624,4.503497,0.9349594
-4.8536777,1.8258305,1.8666663
9.794109,-4.163827,9.18964
7.120289,-3.3471498,5.3156667
7.4598827,-5.23265,4.821255
6.848366,9.895016,2.7644248
-6.198739,-4.4183216,3.8310952
-4.294696,-1.715353,2.4143424
-3.9135027,0.19010544,1.8649662
-4.0088224,-7.5073004,0.6805826
7.784321,-6.548251,6.253545
3.3976688,-6.7481494,2.782439
8.01354,2.0241966,5.3309116
-0.4677887,-6.065694,1.5769689
-8.914271,-7.878704,8.730869
-2.9012322,-5.6917963,1.172945
7.0279465,-3.4487438,4.7507963
6.0880547,-2.7159061,3.2012126
3.0957146,-6.245166,1.6392035
-2.9332771,2.8580017,-0.8957768
-9.333711,-1.2568436,8.016863
-5.373267,-7.2269917,4.3369784
5.2138042,4.659501,2.0289109
-4.0335774,2.3066807,0.75059015
4.783386,1.596178,3.245889
2.7304115,9.849152,0.43222642
-3.8408732,-1.7128801,1.8523179
6.090782,6.3072643,5.4880548
-3.2133255,-5.063169,0.4109654
-0.33222675,-4.89019,0.89981365
-3.8091302,2.4291286,0.32029364
-9.485716,-5.219605,8.801039
1.6123819,4.312706,0.66098917
2.8896923,-9.424374,-0.958235
-5.034814,-3.6660767,1.3969997
6.134468,9.972042,2.024881
-8.970555,-0.5063572,8.048742
-9.639767,5.433097,9.372966
-6.17649,9.016382,3.6332798
-3.456049,-2.8577638,-0.15818249
-1.1105814,-2.3309922,-0.019627491
-1.932478,-1.4352655,0.61150694
4.5638847,-4.98166,3.2705622
-8.776254,-0.30137062,9.221461
1.472475,4.7654877,0.9348074
0.17317677,8.630974,0.18346179
2.641302,6.91794,0.9253222
9.9408,9.848259,8.557377
6.154484,-5.0503006,4.297506
-5.5370464,-6.893618,4.4840493
-8.194525,-9.8600855,5.031709
-2.4210095,5.888098,0.15114251
-5.0162697,4.433545,2.6296854
3.4930515,-2.3934245,-0.27065307
0.09166908,8.267782,0.1309476
8.043236,-7.1975374,6.203055
3.9280615,-1.6179171,1.6400199
-1.8387032,-0.26157475,1.8900731
0.34369946,4.0213203,0.56483424
2.3948593,8.339706,1.4650476
-1.2408724,-5.6857595,1.6761676
8.069345,9.974865,4.5534444
-7.819003,9.524839,5.8050823
4.8740587,2.6604376,1.8094375
-6.3744392,-6.581441,3.7065182
-8.760815,3.2971468,7.028137
-2.052966,2.083869,0.6398353
4.873049,-3.6258721,2.3491476
7.0656185,9.627062,3.2000728
2.5094242,-8.032425,-0.5172307
-0.86429024,-3.5522175,-0.88705623
-0.5605936,-3.750999,0.17462662
-4.053813,-2.7755365,-0.5068923
-0.89737415,7.4116364,0.2060047
-0.69093895,-0.49764538,1.2464345
8.509626,1.3914261,6.5548925
5.852442,-8.91859,1.9655763
-8.002239,-6.763873,6.682933
0.041366577,6.2814636,1.0572808
-6.1506987,-3.0564785,2.4415116
-1.587409,3.5772648,-0.33057016
-7.947681,-7.70725,6.0527
2.5996113,-5.6783304,0.7043095
-7.21078,4.8117914,5.4380074
9.87221,7.0421066,10.808076
7.552025,0.6215534,5.615891
-6.883589,-9.055356,3.376848
-9.414639,-6.291403,10.531849
0.39017677,-3.6383605,-2.2589433
-2.7915168,4.6544228,-0.07878491
2.935667,-8.132262,1.7404006
-6.769141,-6.4223156,5.086488
4.0934124,-9.937933,1.1442784
-8.637494,-7.0541644,7.2319846
-5.2777004,7.2386913,2.9597116
-5.2570176,-3.730762,3.033579
4.838914,-2.3586679,1.9985924
-0.2618122,0.30813217,0.7417762
-9.610286,-1.9781694,8.934753
-5.7112,-3.4265447,3.1227353
-4.627769,-0.20251846,3.5497813
-9.278296,-5.0134697,9.2604065
1.280469,6.343487,2.2980826
3.5633793,-0.4023533,1.0859586
-1.8347759,4.4731274,-0.5619674
-3.9794483,1.2054615,3.0376055
-0.060645103,7.5346737,-0.004876375
-7.942817,4.864399,5.612122
-6.089015,-5.0273466,3.409177
-0.22806263,-2.3502684,0.042237803
8.883774,2.3076801,7.882263
-3.0750837,-3.6077547,-1.0060146
4.9565945,-6.931628,2.9410796
-3.935504,8.383305,0.002529461
-2.6619778,6.7161865,1.9993302
-9.519444,-4.995905,8.843463
8.284851,2.3085032,6.6972694
9.737276,7.2510757,10.817489
-0.21003246,-6.0592484,1.869802
6.3536987,-1.6476593,4.8550267
8.179417,-8.246609,7.1911035
4.9671755,-9.150137,0.6928909
5.150193,7.947752,2.589774
-9.519906,3.4999523,7.2126737
-9.396707,-6.4993024,8.7556095
-7.6754036,-0.74211884,5.9791007
3.1278563,-4.6513834,-0.20432672
-8.649767,-1.8226795,7.043932
-7.6334467,-2.1620822,4.6992908
-4.8470283,3.1676044,1.1679139
-9.216853,1.7303362,8.733129
0.013474464,-6.7801657,0.68898
1.4426813,5.0099106,1.4136584
-5.852004,0.7368555,5.2348595
6.547653,-5.2228975,4.423547
-3.7964487,-5.8091617,2.1973474
-2.8152704,-0.22067547,2.3702304
7.6187515,3.4805498,5.9144945
8.585516,-9.235317,6.958855
-1.1472044,-2.3254433,0.20596072
-7.178781,-7.225894,6.712986
-5.0166903,-9.350723,1.2464395
1.2733927,5.359026,1.6153122
5.861925,-3.4354296,1.3993355
4.978447,-9.531286,1.6827433
-4.4158244,-2.8797817,1.4487237
-9.453667,-5.523107,10.295338
-8.75147,5.4057426,8.378054
-3.1815624,-1.5702076,-0.05203154
0.12544155,-6.0609684,0.35621604
-4.491756,-4.0875874,1.0341147
-7.907052,-2.2121406,4.9372773
1.0538769,7.653412,1.1825054
-7.9374075,0.909317,6.155644
-7.679242,-7.913727,5.159291
-8.129459,-2.589198,6.6336865
-2.7097344,9.215578,-0.0913526
8.832581,-8.544834,7.0131054
3.909193,-3.7496495,0.0035075992
-1.1856899,8.710661,-0.07803793
2.058113,-4.0331793,-1.0489037
3.982091,7.6170464,0.34589958
0.05826187,-6.5488696,0.5752025
-8.065743,7.5695972,7.9330773
-6.161126,6.607916,4.6039066
-6.7935276,-1.8694506,4.4359856
-0.25392342,-9.276022,-0.21143407
-9.1540165,-3.382392,7.150675
-1.8182106,2.5044956,0.5165474
-3.6567202,-3.3491669,-0.101345494
9.813702,-7.980982,9.251059
8.128241,-8.83854,4.9018826
5.8085365,4.761716,4.0791626
0.5608225,7.2084312,-0.16370927
-3.237728,-3.787675,-0.087709785
2.550705,0.38216114,2.1965153
-6.9092965,-6.121517,5.024496
-4.2650404,5.773882,3.0690403
-2.008854,-6.5712585,1.8536665
-2.3495474,-5.6714544,1.8558326
-9.473022,-4.0716457,8.837381
3.9753103,-1.8364048,0.40613472
8.234821,1.2357922,6.442925
-5.5157337,-9.426992,2.8466165
2.6956635,-3.6571074,0.10285385
-1.1597433,-4.3400335,-1.2079769
-0.36472416,-2.0313349,0.21690787
0.58290005,-0.5692854,0.6299526
8.665825,0.46855927,7.587705
1.3399048,5.1061335,1.1905916
-6.326771,-5.693071,4.189611
-3.5971355,0.21818161,1.3997558
4.885273,9.0875225,1.7619257
3.1205454,1.2827492,0.3544354
0.19435692,-7.428539,-0.58014303
-1.3197699,6.844595,0.33308187
-3.890768,-8.874244,0.26898015
-3.5492716,4.064337,-0.4630894
-5.2748594,8.279062,2.575264
1.6386175,1.2532959,1.8611008
2.8084202,5.3638477,1.9166044
7.6574497,7.9350414,5.1928544
-2.2591343,4.5661583,1.1712677
0.71588707,-3.004137,-1.7790395
6.4628944,2.1743536,4.509161
4.349907,8.088152,0.94052756
1.2848768,2.3446665,-0.80601084
3.0727863,-7.9475236,1.6631833
0.5190649,8.701656,-1.4224042
-8.577918,9.691044,5.508228
0.3855114,5.803013,1.5984598
-2.185789,5.4363623,1.8463706
9.024118,5.6184464,9.180951
9.026278,-6.071514,9.818869
1.9839058,-3.001524,-0.17466557
8.93803,4.3220673,8.351053
-5.1501894,2.546896,0.92782164
8.691736,4.2494545,6.216459
8.609852,-0.1892662,7.548066
-0.38220978,-9.636956,-1.8186721
-8.025094,4.7399673,6.004721
-3.226963,-6.289896,2.9690437
-2.6742735,-8.26372,0.12872756
0.1651802,9.889324,0.2535885
-9.066513,4.40827,7.03368
1.8532553,4.969818,0.75957334
-4.1589165,-4.3813124,0.64138776
-2.5604115,3.6851015,-0.35019338
-5.1649227,0.8498812,4.2323446
-2.1113396,6.821125,0.29186708
-9.287251,1.1697664,10.36542
-5.3016796,8.937803,2.2027357
0.9212494,-2.342185,-1.2425896
6.552759,9.228104,2.5748484
9.087479,9.90362,8.255238
-7.564555,1.1828022,5.49278
4.199211,-7.3319125,3.2004027
-5.636958,0.0039157867,4.1334176
-7.7315702,7.9598866,7.212174
-0.4403534,-6.8322477,1.1277263
-5.7364664,-3.5738373,2.9687896
-8.612463,3.6160479,6.8800273
-9.345365,2.0319118,8.041501
-6.6934834,9.400419,3.266064
8.217358,1.6471004,7.369858
5.57708,-0.076473236,3.8612883
-3.9584708,1.3142719,2.5299506
-6.693207,-2.0569143,5.218771
-7.692418,-9.206091,5.9832315
-5.9052143,-3.5074544,3.984303
-4.114983,-9.065067,0.158842
6.0058937,7.316841,4.4323587
3.272564,0.6050501,2.8758016
-3.8537216,1.1644096,2.4301414
6.8843136,-0.6940212,6.3231096
-6.2123322,-5.130948,4.550005
-8.146879,-7.0548606,8.051172
2.1825018,-1.5306244,0.9357068
-5.514009,3.0256224,3.1280885
2.8447838,-5.4723635,1.3523928
8.472359,-6.186796,7.1989055
-4.729054,6.497032,3.7205727
-6.97812,-3.4720411,3.1934438
3.764001,5.633789,2.4979775
-9.031471,9.573309,8.1661625
8.921778,9.399065,7.6245537
-4.722562,-7.7316008,1.4190389
4.8345985,0.7417383,2.608517
-7.9517174,-7.8410616,5.9447856
-6.768682,0.4127369,5.1695127
1.1015463,1.3906622,1.1272469
3.5540485,-4.328246,0.21984163
7.753952,2.968072,4.359681
8.363359,-3.1349144,5.205189
-0.5751152,5.6341095,1.0784338
-1.2856722,0.0953331,0.81323385
1.653018,6.941227,0.304564
-2.3229098,6.758995,1.5660546
0.34040833,2.2330284,-0.27077737
-9.470483,1.8668756,9.442022
-8.209075,-4.5260277,6.126417
6.852625,-6.603614,4.5611353
-5.843567,6.7420654,3.3946788
7.874855,6.5991955,8.315874
1.0974369,1.5682011,1.2577
2.4358482,8.390228,0.9283886
9.088776,5.221472,8.305358
-5.5619025,6.5323296,4.9886827
-1.578579,-1.918067,-0.252848
1.7716942,1.429451,1.1986549
3.416418,-8.990938,0.2938652
-9.732142,-9.137069,9.448427
3.5541859,4.7547474,-0.062413096
-5.8972597,-6.0279393,3.8082378
1.3135004,7.616192,0.37682045
6.765497,-8.069031,5.410663
-0.9961519,-8.278242,0.34674406
-0.31634808,-8.20862,0.37169588
-0.74715424,6.4177856,1.9482014
8.344826,-6.628356,9.104157
5.6832943,-8.575763,3.6170256
1.6816921,4.2242107,0.3565114
-6.018152,-2.0170555,2.937386
-5.4303694,-9.524564,2.7852304
7.9655476,7.09223,7.2707176
7.194206,7.2477474,6.618743
5.7901,8.021372,3.6217396
-7.7971735,6.277342,7.613804
7.7879276,-7.7526784,6.3975453
-0.95591927,-4.402193,-0.9237697
7.367571,-3.9298687,5.44221
8.685495,-9.725108,6.4820843
1.0961103,6.9882984,1.6988785
-4.161184,-4.0468082,-0.08435762
9.4065075,3.432272,8.543707
-5.2112007,-5.085013,4.1728086
6.5341473,8.961155,3.990807
-9.588901,7.046196,10.96656
-3.1451283,6.901726,1.2544892
-8.718547,4.8945065,8.843135
-4.485762,8.3706455,1.7208464
4.246191,3.269495,1.8416103
-7.1652803,1.7088432,5.602768
-8.648041,-2.2548208,7.925737
7.1503525,8.125994,6.059905
5.3382053,-9.649097,0.42232555
-0.10935211,7.1420364,-0.11361267
-7.049608,-0.9461708,5.8981013
-2.6493645,-0.66200733,2.5642612
-3.2378054,-6.574166,2.4485524
6.1759033,-4.3721237,2.8798728
-3.2708654,1.8863306,0.87714815
-2.880156,-4.0748873,-0.8261483
-7.088592,3.560049,3.5905979
-4.709877,1.4087591,2.0681796
5.414487,-8.512564,1.5337228
6.442856,5.4654493,4.1728926
1.4528732,-4.4029403,-0.08246351
-3.7519813,-3.6130323,1.2752017
9.604908,-3.6803722,9.352156
1.9737997,3.951167,0.8273751
-3.8599644,-9.860635,1.0304648
-3.465972,-7.2067537,1.624022
-1.3995085,4.0243816,0.22404768
4.7409763,-3.029953,0.14408891
3.6576757,-1.8974915,0.1624696
7.249605,-8.984858,3.676874
-0.45056915,1.0141277,0.06618988
8.270927,4.7062893,8.053888
-4.061873,-3.6095738,1.3866649
-4.6055317,0.7643013,3.3739026
-3.692974,0.28360176,1.7528744
-9.38208,-2.1175203,8.965155
-6.5644,8.065826,3.8504148
-9.048748,2.5751963,8.211055
-0.5909767,1.9007215,-0.9607197
0.09427452,-0.31105232,1.1210511
-2.5954208,-0.20957565,2.0615096
-6.8338356,5.369856,5.8191195
9.0728855,0.57512474,8.160442
-3.3134022,2.2628765,-0.3164313
4.7655287,8.115572,2.9459505
6.964102,7.0705643,4.478996
-6.5735683,-3.6698985,2.601489
-1.2502308,-8.188498,-0.8956952
5.7796726,2.6339111,2.759983
9.69359,-6.8299484,10.521209
-1.261611,-9.945394,-0.68469554
7.246231,6.8669243,5.496501
-7.8486624,-8.288172,6.8262043
-6.4973936,9.870335,2.3961995
8.223351,-9.212622,5.2724104
-0.9467964,-8.142393,0.61760724
9.879225,5.7493258,10.793982
0.7271719,0.77160835,1.4685156
-4.147091,-4.358577,0.9884231
9.497154,3.7957115,7.23544
8.744835,-6.4972887,8.344435
0.9280596,-5.511779,1.7006131
-6.0620537,-9.630495,3.5258584
-0.4329691,-5.1223125,1.0275009
-4.809169,-8.589167,0.98032594
7.286812,8.568851,4.451849
0.46323586,-4.347236,-1.5120957
2.105215,1.6966715,-0.15921748
6.0646496,-4.4946537,2.5841625
3.3124151,-2.2909975,-0.61494756
-6.242664,7.3051376,3.4950078
8.307243,2.0351753,5.7141833
6.143446,4.828187,3.285843
-6.1733627,3.2674503,1.8860564
7.5610294,-8.150198,6.7697835
2.8370342,6.005556,0.9096218
-1.9684887,8.102222,0.3480202
-7.1516333,2.9885483,3.5062053
-1.6592293,7.9659386,-0.7811732
-9.804434,-4.7647467,10.271151
5.707609,-6.5426884,4.996721
7.2425346,-8.032009,4.370808
-2.8789806,-1.5811834,-0.26626348
9.270496,-0.9889555,8.976401
-3.7029133,-5.6839123,3.0785716
1.7124844,-3.4198818,-0.34860504
-6.9689407,-3.2204056,3.1016881
-0.42278385,9.644297,-0.026146144
4.0422993,-0.7141056,2.084946
4.3073454,8.10697,1.0476836
-0.33532524,0.96328545,-0.023976088
-5.0426235,3.5633554,2.435841
6.989855,5.7626104,6.552893
6.620659,-9.204233,4.6004415
1.604805,-4.5074854,-0.90683365
-4.5987597,-7.599914,1.8345162
2.1202555,9.714661,0.2417133
0.026740074,3.669712,-0.8310301
9.13603,-4.1912994,7.3878217
1.4819279,-7.5411606,1.6388602
0.77129364,5.537716,-0.28816462
0.6835947,2.3212137,0.6267954
5.3200912,-4.9197016,1.8893275
-0.123558044,-7.257457,1.3400966
8.571444,-5.218792,7.191117
5.209899,2.4351463,2.0036952
-7.5562706,-8.419486,5.992194
-0.00011444092,-1.0552311,0.5552239
-8.488069,5.9354124,7.84427
-7.6780853,5.341302,6.692921
1.9429312,1.0792637,1.4391642
2.2471867,1.062459,1.7896924
-0.8751221,2.3365288,-1.2442237
9.504625,3.905527,7.898806
-5.372118,7.892744,3.5681465
-4.1908574,2.716301,1.4533947
-1.6014566,5.4973774,0.72910786
0.0606308,6.9707336,1.1994239
-0.84702396,-7.7572002,0.6382102
9.003889,-5.337425,9.311565
-4.2234635,5.4903994,3.4719353
-5.23075,2.0035076,3.0385919
0.85949993,-5.772321,1.9340476
7.5108223,2.9550114,4.5142694
2.3735561,-9.090961,-0.7045136
5.3873253,-3.7207913,0.8702202
1.935853,5.0426254,0.43060726
8.522884,-0.26349163,7.3828707
6.006237,-6.7578497,4.235778
7.1556873,4.9429855,4.533067
-1.3469009,0.69491005,0.1521512
-8.278955,-1.4311104,6.1892514
-4.743643,-9.617101,2.0167692
3.406683,-3.6071692,0.33920342
7.0154667,1.1044769,6.3486104
-3.907044,-5.4342914,2.916335
8.274191,1.6829319,7.713248
1.4372625,-7.1038246,1.2493588
0.039720535,7.716423,0.45050555
0.38984394,7.700239,0.0024475455
-1.7667255,5.8900537,2.1184337
9.361885,-1.1879864,10.063563
0.43435,-9.96532,-0.1801771
6.1250896,-3.9047694,3.9047625
-8.440138,-0.810133,7.96096
-5.15221,-9.216567,1.2927397
1.1243668,7.872965,0.94106954
7.984997,2.846488,5.0695653
4.760874,7.5867634,1.6865023
1.9045944,-8.946863,0.5021028
-9.879915,-5.1344323,10.748259
0.18799591,2.2537422,-0.37000322
-6.6010165,-0.15239716,5.94491
-8.538719,-5.8158326,7.8228116
1.3674345,7.3118362,0.41206524
-6.327053,4.1239014,2.6444945
9.076391,-0.4768505,10.616791
-5.435418,9.52997,0.69302773
3.222681,-9.752545,-0.1419277
5.869628,-9.083242,2.581965
-7.772372,1.9943619,5.5436707
5.1177998,9.075235,2.0547636
-1.3389606,5.6532097,-0.03443243
5.1816273,-5.5029726,3.6514385
9.677347,7.1743164,10.565664
-4.261655,5.195794,2.4832354
-4.3310394,0.5684576,2.1676557
7.945492,6.3266983,7.6883426
1.1120043,1.9789934,0.2903995
-0.9973278,0.013133049,1.1606953
7.5866833,-2.7688541,3.8769083
-4.8314404,-5.3128157,3.590042
-0.49376106,-6.303575,1.2213485
6.868759,-1.3145542,4.525975
3.9081097,-6.8388224,1.3389436
-6.468148,4.2383575,2.907118
2.599165,2.8238144,0.73775244
-7.6243677,-9.749994,3.705964
-5.430734,-7.3556733,4.499272
6.4301186,7.1463547,5.669789
-2.665123,-5.2424536,2.1584632
-5.0935707,-0.10313892,4.2270055
0.7088232,-6.405096,1.8338033
2.4437037,-2.1870613,1.006685
-6.2161684,4.931917,4.7489834
-6.7436337,2.5417347,5.1191077
-9.684691,4.908306,10.274551
2.5838356,-0.58226204,0.6529718
-6.4522943,-7.9786577,4.7476416
0.76208305,-0.1258564,0.9885316
-2.2365818,5.9285545,1.0544124
-6.5386,2.339077,3.3104043
-3.1909885,2.0681286,0.22640036
-7.6869,1.9690056,5.2378454
-5.293329,8.204876,2.8097532
-0.31171227,5.044695,-0.7016321
-8.549151,-1.6355476,8.284071
-8.770333,-5.4253697,7.8329864
7.4906044,8.137268,4.371586
0.9409809,-5.2023783,1.7381827
-4.4225383,-6.6849365,1.8489524
-0.3324871,3.1237488,-2.2089906
7.4156513,-6.3857374,6.656474
-8.342656,-8.628722,6.5836787
-5.3018355,-8.097687,1.7656006
-7.231405,2.465886,5.019289
-0.7270098,-6.2840405,-0.02958794
-0.3441286,8.846287,-0.4721398
-7.7930584,-0.40131092,7.132211
6.94084,-4.247097,5.4153385
-7.679198,-6.1318836,7.2406163
9.336357,-2.9895124,7.38277
-6.8836904,8.7241,4.1558743
-1.3704548,-6.383271,1.8250166
1.8698692,-9.25882,0.32268474
-4.4447746,2.9753475,0.57186764
9.196419,3.3909283,7.315847
-6.894343,-8.472622,5.256851
-0.5542841,-4.488728,0.41805065
-7.3426104,8.667835,3.5424554
2.7759066,-4.7268066,0.24712832
8.525871,4.195651,5.991711
9.27586,-4.8002553,7.929035
1.1871376,-8.8281,0.036916256
-5.0064526,-9.646649,0.522475
9.718451,7.6279564,8.779836
0.74630356,3.065709,0.0179881
6.76577,2.843895,4.323708
-5.194174,3.4418402,2.3890305
-4.640933,3.8538694,1.9908495
-8.301333,6.6017895,8.88649
9.20126,7.6721115,9.598409
1.6588421,7.7113037,0.6828545
-7.1818933,3.2133617,5.1064568
0.8588886,1.7858963,0.6418467
-4.289051,2.146758,1.0502485
0.49956417,-8.099373,0.6342009
3.31923,4.458683,2.2313685
-4.962348,2.466095,2.0605261
1.7449942,4.3467436,0.8359031
-6.313816,-2.467579,3.6783783
1.9269571,8.305948,-0.24592197
-9.655363,1.2012777,10.240624
1.5935144,-2.3703299,0.22314313
9.935192,-0.28265953,10.710555
9.211126,-3.9914227,8.844313
3.647812,-1.469306,2.0592563
7.3582954,8.487526,4.7180624
9.722578,3.3170462,9.057386
2.8336926,-1.1176414,1.2546061
3.3351812,0.3776436,2.9630754
1.3003407,2.2842827,-0.7545246
8.853298,-5.7710743,8.1282425
8.590406,-5.4850492,7.82769
-4.702604,8.817648,1.8040739
-0.41109562,0.05449295,0.88257796
-5.038432,2.9762278,0.9649773
3.5883036,-4.601884,1.9120001
-9.689918,-7.3505807,11.012094
3.538683,1.9837523,1.5553675
-2.744484,5.4011354,0.4945123
3.6265202,-9.418608,-0.32730576
3.1210623,-9.890219,0.7487485
-4.9761877,-3.3350825,0.76595515
5.1881065,6.4668446,4.3845663
4.246501,-8.935282,0.80441064
-8.500408,7.9891663,8.012788
9.97752,9.04352,9.668081
8.6075325,-2.2442245,6.4794345
6.2218227,0.6387558,4.277767
-1.0149994,-0.41300678,1.3746567
3.5428772,9.742598,0.634498
-5.4101553,1.1112642,3.786885
-3.3979917,2.4434757,-0.46177757
4.7195864,-3.4216046,1.8423188
4.45168,-0.12213802,2.6431732
3.9598522,-5.3030787,1.5162889
-9.537377,0.5027571,10.589439
8.286791,-1.387619,7.87804
-4.1768684,1.8638153,0.20803854
8.654161,1.9441509,5.815755
8.2395115,-8.181977,7.8990407
3.7065077,6.6808968,1.67451
9.9629,5.5005884,9.861763
5.7422028,7.044197,4.4089265
5.8648577,7.364538,2.9905703
-3.395722,2.5802279,-0.44663793
9.274855,5.4665937,9.84985
2.6209488,4.929038,1.2451769
5.9083567,5.962345,3.8060186
-2.2610784,-6.0219707,2.2253416
7.2422085,4.7380114,5.378652
8.871021,-0.8012247,7.8892155
-7.6625133,3.8679829,6.241237
8.198042,3.6758919,4.9663663
-6.6088963,-7.4538136,3.809544
-6.884733,-4.5491195,4.3033185
-8.356856,-7.119024,7.901323
2.889597,-2.6586366,-1.0543164
-7.508273,3.2275085,5.287398
-3.7643385,2.3325424,0.33204955
-5.026858,7.9399548,1.7208045
2.6726532,-7.2198877,0.9166603
-9.817611,3.1293507,9.344104
-4.5844135,8.178783,2.041951
0.0731554,-7.7037287,-0.54538
0.8980217,-7.527268,0.0044959895
-4.516244,2.4066591,2.3737745
3.5826378,-4.058697,-0.10260622
-6.5975404,2.557355,4.5649858
-8.468897,-4.833273,7.3322763
-1.4216499,1.2882957,-0.6640376
-5.4064837,-8.476096,3.3892765
6.3033314,7.967472,3.85014
-6.835188,-6.385437,5.040875
-0.8395233,-9.176529,0.028046709
4.153537,-5.1791,1.5620388
-8.75739,0.21237946,7.9068317
7.7411995,9.397373,4.9455423
-4.5437517,2.090808,1.4476823
-2.7211628,-2.0908222,-0.21396782
-6.117138,-7.1974382,4.0034976
-3.7263775,4.5644913,2.3926566
-3.855896,0.7292137,1.9125999
-8.898768,-2.8959346,7.323196
3.417076,-2.8042803,0.59664047
-0.032034874,1.4662256,-0.18303022
9.782307,5.8879356,11.121563
6.746763,-6.0137997,5.101987
8.699341,-2.4153414,5.4820833
2.9422665,4.716029,1.9416927
5.254592,-6.849537,4.876451
9.363848,-0.24711704,9.222022
8.210396,8.0989,6.3118243
-7.6839886,6.982723,7.087789
-2.2422886,-8.023114,-0.22974388
-9.6446495,-4.693469,10.486153
0.3783083,1.6089096,0.5789107
-3.531897,6.3165455,2.7019253
8.679165,-4.0171623,7.061318
1.5810528,-9.080564,-1.6966759
0.110058784,-0.37168312,1.1333117
-7.2335243,6.272419,5.5016766
-7.847309,-5.1422224,7.2261786
1.5742388,-9.209128,-1.4662602
-4.9688206,0.688673,3.1455257
-4.5925245,8.312422,0.952573
7.014345,-8.106475,4.1906033
-5.2131867,2.151904,3.0020144
-4.4510484,6.333742,2.8832247
7.678076,0.30102158,7.6214285
3.9069881,-5.359391,0.98408514
-5.682075,-3.618281,3.0520382
3.0284834,-6.577402,1.129087
5.041374,0.7268467,2.9422572
-8.882007,-4.351412,8.172758
1.8680725,0.33751297,1.7353666
2.2846994,-2.2010612,0.9469089
-0.38947105,-6.8480515,1.2976639
9.588011,9.683313,7.2845793
-6.6097593,2.3558502,3.536975
5.4211655,4.946185,4.4347763
-5.3121653,5.9212294,3.5528724
-8.561063,4.0287914,6.642967
6.8151855,-2.3662195,4.4069104
-4.7972226,-3.069048,2.030528
0.47001076,-5.5137944,0.21280423
5.2590237,-8.896007,1.5905254
-8.346591,-7.6355577,7.975557
-8.55989,-3.8083277,7.3703623
3.4046097,9.419561,0.86219937
8.719257,-9.542703,6.0839405
-1.0581589,-6.2985477,1.7507925
7.0422173,-7.779033,5.9475193
3.5140057,-7.0066986,2.33818
2.8530273,8.177683,-0.45554712
-6.375719,-7.9098883,4.3962936
9.517185,-7.155489,10.234814
4.580406,-5.84962,1.9034758
1.5462351,2.6808796,-1.1316769
7.073042,-3.125925,4.0625463
-8.592273,-6.658558,8.829408
2.1548386,8.266529,-0.6718722
-4.7072864,1.533452,1.2665555
-1.0154762,-7.3002443,1.1275783
3.27633,-3.7336645,0.39577302
4.4289684,6.1570263,3.8901203
2.2940645,3.6304846,0.50150496
-7.7395296,-6.371006,5.981636
-6.2583256,-5.0807657,4.4534016
0.17460632,-3.9224396,-1.3905665
-1.7319126,3.8196812,-0.57723457
-8.370143,-8.019526,5.999681
9.851664,9.348118,7.7317176
1.2578316,0.97703075,1.5845174
-7.105502,3.9729967,4.628487
4.3858604,2.9487514,1.4608309
4.3449917,7.7842083,2.7860024
-4.905657,-3.2696676,1.3110136
5.0144424,-3.7785778,1.6919698
-6.2034345,-6.522745,4.980728
3.4648123,8.181145,1.1272597
9.49905,-0.80823517,8.705839
6.6013107,-0.15609264,4.359343
4.9368896,8.811977,1.3006526
-2.0345125,-2.5212002,-0.927145
1.877347,-3.35534,-0.54720336
3.4896574,-4.1751933,-0.34304422
2.4424686,5.744891,2.3255327
-2.0259213,1.2121,0.66829026
1.3952723,-5.342497,-0.079067945
-4.050311,6.5710983,1.9741688
-5.652671,3.8986454,2.9056888
-9.228363,-2.2910318,8.803617
-8.153088,2.2967615,5.851748
-6.277152,-9.063271,3.2111766
9.558903,-7.105995,10.963695
2.001151,-3.668611,-1.156285
-9.0462055,4.8160706,8.757447
-5.1116896,-2.182572,0.9527012
2.3357944,7.2964897,-0.29540023
-2.993063,-9.327792,0.1057048
-2.8306031,7.2755833,0.24050716
-3.755149,-9.668797,-0.4271282
-2.442398,-3.4352245,0.27672082
1.1502724,9.171265,-1.5136577
0.59218216,-3.3420944,-1.8326613
6.42482,-4.360621,3.3355165
6.399433,5.4023666,4.6802883
8.229916,-5.357603,7.2235465
-0.31811142,2.0726528,-1.1227814
-4.4651976,-3.5876074,0.5557517
0.03412342,3.918744,-0.3958765
-6.622143,-6.131661,5.630745
4.091216,-5.2333155,1.6195656
-1.2065039,-6.642933,2.2227705
-3.202765,-1.773695,-0.036716998
-8.478118,9.929577,5.9892335
4.8191643,5.7495384,3.969274
5.5817547,-7.9351273,2.8840199
9.122269,5.105962,9.119801
-3.5427008,9.159706,-0.70170665
3.0131054,9.896379,-0.9173812
0.3769455,0.99604607,1.0571043
-6.3697014,2.6692915,4.0880437
-6.2514877,7.257845,3.545806
5.1208496,9.622795,0.78638655
-5.743234,0.34168816,3.0186388
7.2818356,-1.768547,4.532234
3.4935942,8.116953,1.0722965
3.4150848,-2.686634,-0.21636027
6.5857544,7.970022,4.8357463
4.8941603,8.462065,1.275842
4.312825,2.7866879,0.12575918
5.1884174,-8.051571,3.142064
-4.2436686,7.807331,0.76655227
-5.3028145,4.776375,2.7366414
-1.8320141,2.4015913,0.7105088
5.5516825,2.1653385,1.9953707
6.998274,4.7056046,5.8447623
7.3641186,5.9039297,5.8890333
-3.1543674,-6.5577497,2.7856548
-1.2688465,-7.917428,-0.2929381
-6.8682003,5.179571,6.132134
6.165962,-4.162338,2.644513
-6.6312695,-8.783653,4.751077
-4.1148853,8.3542595,0.9310367
8.257654,-7.7510905,6.0485754
2.430129,-3.4153175,-1.0598332
-4.1863155,-6.2814674,3.6332936
-6.733718,8.673933,2.4191647
-6.8767405,-1.2964363,5.4871216
8.070257,-5.2274714,8.0054455
-9.140043,8.349468,7.354955
8.641293,9.306957,5.503113
7.999653,5.3013287,6.1529794
0.61962223,7.833029,-0.6777645
-0.80154896,-9.004677,0.25401613
7.77722,-9.037504,4.0544076
4.409767,5.4647026,1.2626891
9.455112,-2.245276,7.639568
8.078123,4.2520533,6.3981524
-6.5575957,9.293179,4.115014
6.171194,-2.2847319,2.355813
5.043298,-5.3129387,1.9862573
-7.1001234,9.3697815,4.2986684
4.802718,-4.7938833,3.1530151
-5.1941204,-5.73007,2.5330536
-5.9579206,8.025145,4.0965285
0.18655968,-0.41112423,1.1641268
-1.2288141,-4.8772726,0.045537166
-2.6888156,3.5666103,-0.18618862
-6.558075,-5.053327,5.279997
5.47038,0.3644762,5.0628996
9.970699,-7.8782034,10.103644
-2.2158184,-2.413957,-0.7671927
-6.73774,7.757948,3.837083
-0.51564217,1.440527,-0.7169924
-8.688102,-1.35462,7.236403
-8.120558,7.5833187,7.9694943
-3.3312225,5.4159727,2.1064703
6.2830486,5.6118097,4.2468886
-7.6611414,4.745158,6.824308
-1.5958328,-3.4217634,-1.6044773
-5.192702,-8.902985,2.5474129
-9.207892,-5.921727,8.301162
-2.2511077,-5.944011,1.8691525
-0.58251,2.7847748,-2.2399187
-1.6814089,8.019407,-0.9001593
7.3113537,9.243984,3.1244128
4.005623,8.007641,2.1374834
6.2259483,1.4189281,4.648789
3.916892,6.886879,3.5579395
1.0491753,0.50187206,1.611948
5.4275913,4.644554,3.2990792
-6.3794956,-6.6200485,4.215142
5.095335,9.632328,0.67468494
4.763137,4.6229553,2.2105083
-4.2440677,0.014705658,2.727435
-0.3432064,-3.9701424,0.0012523234
-7.564765,1.7514277,4.9038963
-8.750481,-1.1519957,7.4848466
-0.011047363,-6.472641,1.2321777
1.7905531,-6.195651,2.5825458
-2.1570578,-3.9888883,0.40236056
3.0895004,2.2955608,0.96223587
-7.720022,-6.4478993,6.7082777
-5.496824,5.511015,4.767338
6.9019547,-5.507535,5.0096364
-9.731721,6.012211,9.451182
1.5702143,0.3449583,1.7709639
7.6987247,0.01720047,6.9496202
7.496874,1.3504868,5.331802
3.4111843,-0.075416565,1.9307725
-9.109007,4.9425583,7.5362744
1.2873697,-0.7997217,0.11971054
-3.5165834,-3.530551,0.035285726
-2.8110971,1.0424919,1.4567019
7.6619244,-5.855322,6.210192
-3.3984241,4.002699,-0.25586253
-7.161708,1.0058994,4.754971
-8.027381,5.0444775,6.4811873
6.313837,-1.7536125,5.326052
0.48252583,-0.05649185,1.0037984
9.87665,-4.7617016,10.08967
2.0450344,-4.4892216,-0.0027927496
-9.319187,0.24735928,8.872621
2.4740772,5.1190453,1.0588604
9.15044,-3.7834716,7.1613336
6.2022953,7.85886,2.729174
3.0008965,-3.376193,0.6679756
-7.5130405,-2.0557714,5.327833
-5.9963455,8.0131035,3.9793541
6.790144,-1.8150911,4.6650558
-6.6865788,5.438652,6.149216
2.281334,-0.9846363,0.48392344
-1.2812309,5.943948,0.22545502
3.3508062,1.3005905,0.6838623
0.6543207,-4.712131,0.06605674
-7.6167035,-6.587336,6.477285
-3.9860797,5.9362364,3.2844958
8.721912,2.457427,7.397367
1.1771574,-1.5531197,-0.7579891
5.070551,-1.9105387,2.8250027
-5.0450277,-4.150965,2.650726
7.9164066,-6.926421,8.251709
-2.1406388,2.2184448,0.59048355
-3.370638,-8.50279,0.042432472
2.0285454,-0.13268471,1.0348353
-3.5831332,7.146084,1.1743577
-4.018495,4.562417,2.3171966
-1.4309521,5.402649,0.11020741
-0.5709038,1.8483772,-1.0246152
-5.687537,-5.5934787,4.2501383
3.4181356,5.0976896,0.7023621
-9.691824,7.8035755,9.145838
6.138632,4.093013,2.9148033
9.274637,6.965349,10.09393
1.6178284,-8.074448,-0.60849565
-2.3365831,-8.701692,0.82337415
-9.159008,-2.315936,8.608016
4.696025,2.631321,0.9046074
8.193802,6.425041,8.756496
8.549255,-2.935892,6.5381775
0.89170074,-4.426733,0.25245398
3.3246155,6.449606,2.3813577
9.582096,-0.30646515,9.823406
1.4925938,0.67822075,1.8181611
-4.827696,-9.54116,1.8853911
-9.494284,-0.9288645,10.125381
4.3721094,4.851346,2.6559072
3.8954344,9.656908,0.21640983
8.886845,0.93174934,9.222246
-5.091053,6.351925,2.9980576
4.295231,1.3900108,1.5951463
-3.3085432,-7.8918943,1.752281
-2.4853506,-0.33698463,2.3596303
5.8348656,-3.4172869,1.832792
-9.1667795,-1.3580027,8.396517
7.371372,-3.889687,4.915031
4.650985,7.4755764,2.3978558
-5.9431934,-8.16333,2.2021458
5.102955,-6.010797,4.4718204
-2.5153232,-3.1050816,0.6360299
0.899971,8.378117,0.50572634
-2.6765847,-2.0463228,-0.24178286
-9.791132,4.0806313,8.65873
-1.0356798,4.902771,1.1677539
4.879196,8.559191,0.8812255
-1.1634684,-2.297647,-0.033642795
-4.924128,1.8680611,1.7194633
0.31685638,-4.880761,-0.8135122
1.824873,-0.76011086,-0.058250234
-2.7901564,-8.569813,-0.6416805
-7.754841,-8.159418,6.4764924
-5.361432,2.719922,1.1203268
-1.6303301,-7.664113,0.2028257
3.601428,5.226549,1.920351
8.892735,7.3910866,8.906156
0.18558884,3.5088425,-0.42507005
3.5804214,3.8280582,1.2804354
5.7537117,-9.085512,1.703285
-4.3605175,-4.6243668,3.1856546
-3.318169,-7.220309,0.8771987
6.6330585,-9.482193,3.331476
7.1598816,4.251234,3.5157104
2.3695889,2.2897396,-0.97136956
-7.727824,9.5147915,6.090988
5.675864,-2.7551165,2.2346442
-8.264951,-6.620985,6.82736
4.9982243,-8.608234,2.5685334
1.1851425,0.6158066,1.778791
3.2301474,-5.480423,2.6751823
-9.7474785,1.7740774,10.620157
-3.5157528,6.6148033,3.1009352
4.2469654,8.550209,-0.19418654
7.6968613,-1.6309357,5.5714455
-2.8629055,-6.5026245,1.3500524
8.917498,-5.4300666,9.202167
-2.2315884,6.3506527,0.42993188
-6.0314646,2.587862,2.8077621
-4.330435,0.6331787,2.3117537
0.6222706,-9.715845,-0.6495209
-1.7773333,5.386307,1.3656905
4.8400393,6.3261604,2.7475297
-5.534219,1.0320168,4.4479647
-2.8447056,-1.8019333,-0.40559164
-9.9101305,-4.7453737,10.131682
8.162434,0.08167648,8.393846
-1.881629,0.4967928,0.6958247
-7.8831205,2.820922,5.4825444
-0.48254108,-0.42382717,1.148348
-0.018253326,9.4807625,-1.330171
2.7772818,6.446024,0.50688356
-1.0976105,2.2576857,-0.9123745
6.2906303,-8.877993,4.0414767
-3.4502373,-4.7747793,0.8509135
-2.993106,3.9129524,1.0743648
-2.3746977,-6.4626064,2.1197605
1.7852993,2.787938,-1.5885334
8.012203,2.4557533,6.4899144
-0.4601345,-6.287037,1.4696654
7.69429,1.9836483,5.9346104
7.855465,-1.2933502,7.126296
-5.206499,7.4482956,2.2811074
-0.8592024,-2.2061777,0.19778486
-4.72059,8.726946,2.1830354
4.1597404,8.68832,-0.06642982
-3.5156908,-3.3154416,-0.5049377
3.050499,1.6779613,-0.17086361
0.59744644,-2.7335825,-2.2962506
-6.5646544,8.007725,3.690104
-6.7229414,4.79451,3.7193525
-9.767248,0.027412415,10.365719
-5.593815,6.047554,3.3918307
2.7935429,-8.029465,1.3190475
0.60925865,-2.5573072,-1.9727923
7.521021,2.0412865,5.618282
-8.793144,-9.474087,7.9772544
-0.29221725,8.74041,-1.2075115
-8.966498,0.8215866,7.8283606
0.05853653,8.834398,-0.58073556
3.6433659,-2.9104843,1.0817049
-8.970433,0.59541607,9.921769
8.831524,-2.7580366,7.3128757
-3.1059098,-4.0999374,0.70907426
8.860361,-3.7055635,6.214197
-1.6785107,6.916155,1.9616113
5.673149,8.984993,3.106198
9.090765,2.8776064,8.408982
-3.6407351,5.583956,0.7693759
-2.4308672,4.349928,0.96816677
5.2452946,0.012533188,3.9653127
-8.56131,-7.443428,8.875021
5.91928,2.5086222,3.4059353
-6.2811327,-3.4361863,3.3858063
9.287634,3.8288364,7.00772
-6.5536537,-6.506811,4.4108973
-4.115114,-0.67969227,3.0283182
7.461855,-3.9307203,5.865455
-4.3538675,-9.250921,1.1907043
8.571512,-9.244942,7.0116425
6.8801956,9.226208,4.3431225
9.140114,-0.010879517,9.306967
-9.692821,-8.620439,9.887479
0.11207771,1.6397476,0.0073105693
-3.289136,-0.6275892,3.0629392
2.3820362,8.238174,0.59804773
-7.5505114,9.42453,3.7449045
4.10054,-2.570312,1.2837186
-0.47373772,-6.0005283,1.5202457
-4.7268867,-5.7307444,4.025045
-8.996037,-2.658905,6.5356674
5.2306824,-5.4893217,4.035283
-3.619052,9.013445,-0.1621862
7.378763,-3.822348,4.63222
1.7801437,5.152113,0.8474274
3.0414028,4.525526,1.4896522
-1.5166435,2.3380852,-0.33226323
-1.3852396,4.8749886,0.100831255
-3.3970966,8.467981,1.2079891
-8.659009,4.254817,7.8600554
6.2869625,4.4002514,4.235322
-6.2974095,-8.390564,3.933751
5.828376,-0.8862171,4.622328
-3.3728256,0.2308979,1.4453744
6.2646904,7.831625,3.2584655
8.570221,4.2730284,6.1149907
-6.116061,7.7769966,4.2036333
8.257256,7.734852,7.79614
0.24372482,-4.664565,-0.89113545
-7.6393104,1.4186668,6.8243136
4.082117,9.535316,1.6576906
5.6623926,3.535223,3.2921703
8.815117,5.6540947,8.216744
-9.519203,4.0647354,7.746855
9.029623,-3.1391153,7.2658224
7.581072,2.3879356,4.3648157
9.837616,-6.9095707,11.446271
5.450062,9.225607,1.7928026
-4.8611307,0.5721674,2.9244585
7.586117,7.749264,6.5831294
9.13917,-7.0296373,7.872516
-3.823699,-9.186581,-0.07362162
-1.6346035,1.1973515,-0.2762477
7.825321,-1.2811985,6.827598
8.049826,-4.0449867,4.9130325
6.6058655,5.2395144,4.9824467
7.6613216,-6.50519,7.042668
-5.1389837,8.762867,0.9348953
-1.7251501,-9.762127,-1.5864875
-3.9950886,2.050808,0.050877184
5.197381,-5.8469844,4.449158
2.4921236,2.1694098,-0.6436146
-7.7245307,9.875784,4.3406835
-1.2561169,-1.2002802,1.3311586
-8.154551,2.3251772,5.805396
-9.411168,-3.9353886,7.8668995
9.11628,-5.1314545,8.098896
-5.03021,-8.542017,1.1468236
4.463297,5.7720003,3.427007
-2.2267857,-0.11105919,1.8411568
-2.024993,3.4629536,-1.5325347
-0.0064582825,-7.690936,0.2064919
7.7992764,-8.325624,4.6793065
-1.3833609,-9.09287,-0.5942194
8.274656,-5.7628465,8.810423
5.851078,-1.3002481,2.5340147
6.8600864,-1.5088568,5.48495
-9.069404,4.397032,7.157357
-4.6759534,-4.8050413,1.9015696
-8.1472435,9.74386,6.595551
-2.123886,-4.55707,-0.20809881
-2.0712194,-9.403996,0.24258155
2.0320377,7.5646267,0.7583732
8.959707,-6.42671,7.692115
4.489051,0.9530277,1.6645015
-6.958576,-0.96545124,5.5062914
-6.271434,-2.0859528,3.9743772
7.551056,0.0064792633,6.8008747
0.9954405,-9.833626,-0.38172647
2.8250484,8.992352,0.2848293
-5.230353,-6.491784,4.1098924
-1.219492,6.097044,0.33318585
2.8470497,-5.9131947,3.0394554
-6.562253,-2.4624515,3.190221
6.526615,-0.23649788,4.4693356
4.9834404,-3.9414492,0.81505346
-5.8317223,-4.3322935,3.4551737
-4.100809,-8.417313,1.2825886
-2.3510098,-6.8683553,1.0272758
1.556262,-0.46919632,0.17766765
-3.6681995,-2.9232368,-0.36771977
9.566212,-1.4043579,8.693412
-9.632092,2.5510006,8.708581
-5.6519947,-1.2820053,4.4065704
-6.069785,-9.466386,3.4857075
2.703804,-3.677806,0.23145528
1.4190693,3.0608082,-2.1406198
-2.8495607,3.5990057,0.50343335
8.53458,4.8390856,7.3033013
-8.632531,0.5537691,9.06604
3.5245018,6.8367863,1.1023798
-5.502516,-6.84311,3.918778
-2.2770858,-8.391993,0.15237802
-9.630004,-2.6662564,8.7183485
-7.4650707,0.06743908,5.647857
-8.484492,7.2607136,9.045013
4.3627396,-5.7668962,2.7717063
-3.755065,-7.003561,2.973439
5.2310076,-0.27053738,2.7900977
-5.419489,2.5429974,1.3959363
-2.4776459,-9.120771,-0.81725574
1.2104702,-4.0310645,0.4180243
8.379246,-7.8554797,6.9985847
-2.695136,2.3369198,0.050279044
5.7972183,0.9328518,3.2042658
2.7587185,-8.892439,0.533125
6.0820255,-6.6588697,4.0162745
6.3170834,0.4624157,5.115129
4.05816,-2.6499057,1.9701566
-3.015473,-7.7346635,-0.05034981
-2.8066645,-3.0302668,0.6003754
3.893013,-9.183823,1.6591961
5.450425,-1.141859,3.1387167
-0.5337343,-1.1656084,1.1145067
5.0127544,0.5241833,3.43037
-6.0161915,0.8493595,5.3356495
5.6365814,-1.7418766,3.2338865
-1.227149,7.980406,0.46546724
-6.8817186,-3.5803404,3.5607474
-4.858841,4.519127,2.1714063
-7.636982,3.7754993,5.783367
2.0171738,-1.2257185,0.24416499
-5.9306073,-7.328395,3.6505616
-2.863635,-8.426071,-0.6230165
-0.6265497,2.7680683,-1.8719962
-6.1016073,3.057355,2.6667626
0.2567768,6.0650654,2.130745
-1.2691259,-4.4264517,-1.232559
3.1674204,8.07383,1.0602504
7.2240753,9.998743,4.1661735
-6.0366917,-1.5905266,3.3753426
5.4674625,-3.8969126,1.6177744
-0.21186829,-3.1410909,-0.3103287
-5.715549,-8.693956,1.7927393
-4.5351386,5.764881,1.9755871
2.5453796,1.0898314,1.5199475
2.0821342,4.607091,0.32709235
-0.32300186,6.4250298,-0.094026014
-4.9784555,-4.24675,2.7961802
5.0429573,0.093117714,3.83209
1.4837084,8.083942,-0.6364055
-9.72131,-7.7090454,8.916258
-1.7672672,8.792059,-0.36253518
-2.7131248,5.2000437,0.32739946
-4.2670956,-3.1406164,1.4864315
-5.5469775,-8.165108,3.6563458
-8.112623,5.341258,7.9962144
9.849039,4.7710686,9.949462
-9.134146,-4.528632,7.637761
9.295773,4.760846,8.505212
-7.861038,2.9679146,6.1347957
-2.426175,9.8435955,0.6349227
-4.0966663,5.115217,1.1536161
-5.3524995,1.5439091,2.130083
3.555355,-9.898201,0.7390612
5.795947,8.138525,3.1190042
-6.5690174,8.585968,3.6774547
-4.6574965,-2.7718773,1.8312498
5.10427,-0.78201675,4.189717
-1.2087612,-0.38959503,1.5556958
2.4354897,-0.6106291,0.50276184
5.228528,5.4361115,3.2340167
-3.6963167,1.3516655,2.5073562
-5.54974,-8.696971,1.4242845
3.6809692,3.2174034,-0.3235786
-3.661951,-6.1425505,2.1690018
-6.6564155,2.8551426,3.4688988
-5.044156,4.3528347,2.1305847
-4.649651,-4.775021,2.0046177
9.957184,6.774231,9.913958
1.923233,0.25537395,1.7187524
4.3067265,-5.0295744,2.1287324
1.3432484,8.56897,-1.3752267
-6.7414618,6.38995,6.1556153
7.216379,7.3125324,6.5324044
-1.5544882,-6.8853464,-0.10702415
-2.5893092,-7.62123,1.9128239
8.149569,-8.792325,5.1573296
-5.094106,6.4653454,2.543344
2.0305834,5.8321915,0.59782314
-8.506836,-6.09581,9.278939
5.1242294,3.920269,2.8584452
3.9721117,2.0099754,2.0170012
-8.222962,-4.256685,6.1648207
5.5813704,0.34321022,4.7294846
1.1004925,-6.03297,0.6670569
-5.1636496,-2.927823,2.356951
8.526335,3.954053,7.297839
4.294734,1.4121437,1.8315233
3.514162,-7.4417963,0.5056629
-3.7142563,2.5165424,0.81458354
-5.483204,-1.9954987,1.6882796
-5.3807473,-7.346143,4.2530823
3.7570343,-9.245726,0.40994573
2.693863,0.43124676,2.6545022
-5.9849777,-7.3597217,4.0610194
9.09952,-6.112821,9.914045
5.826174,2.4096527,3.4951007
-3.818077,0.61661816,1.1994753
5.173793,-4.527366,3.6353898
-4.238983,1.5502653,1.349469
3.138277,5.0377045,1.1868069
8.323328,-3.861452,5.61697
-8.84532,-3.566382,6.9300404
-4.9720707,1.7657957,1.8175031
-0.56515694,2.4460945,-1.7892667
1.4912558,3.4563055,-1.8663026
-8.223739,6.810034,7.932171
-6.5790167,-0.6684389,4.1582417
-0.9577856,3.3220282,-0.9472323
-1.4417791,-5.754365,1.9955152
2.1569452,-1.2751942,0.43421853
1.2706795,7.4076843,0.64540756
2.0514202,-9.687434,-1.2880106
0.66293526,-6.5780687,1.9502112
1.1493721,-8.644265,-0.18230553
-0.57718754,8.320438,0.41207063
3.5912266,-1.1289968,2.482393
6.8249645,9.158726,3.3783603
-4.9905024,-5.3898277,3.71183
-5.1805124,-2.7192793,2.703887
4.3891516,6.436432,2.7868469
-7.2313366,-9.959785,4.6024823
6.498581,-9.745728,3.1158452
4.619787,-6.69667,3.4175048
1.4463196,0.17014503,1.4435594
-4.341408,-9.199804,1.8359872
0.29985523,1.8515406,0.80303407
-7.906537,8.457161,6.333822
-8.996817,-2.0269203,6.8632092
9.417036,-1.7607117,9.168748
-8.969263,-8.800573,6.8702917
-8.29754,-2.1138535,5.512494
-3.8844728,0.82708836,2.3652506
0.561573,2.0470638,0.107515454
2.2903404,-3.2930336,-1.1935076
-4.927825,-6.110998,2.4445705
-0.9703884,-5.2390585,-0.02841553
-2.2330976,6.895195,1.2593833
8.367254,-5.440136,6.7404184
8.679541,0.77744484,8.745175
4.1100903,-1.7576885,0.7464284
-0.06164074,-4.020997,-0.2603753
7.4993343,-0.43195152,6.3985744
-8.073844,7.5587673,7.504953
4.178172,7.5716534,2.5342443
-5.812578,-2.0888033,2.4870923
7.7986164,-2.0113635,5.5311646
-8.839878,-5.6016088,7.662401
3.7155266,-4.651251,2.3016732
-8.221835,-1.7082157,8.044112
5.836482,7.420294,3.2845073
1.8284969,1.4246168,1.0393214
8.580387,-8.558811,7.6842866
-7.542174,-2.570517,5.195088
6.4360905,-8.638908,3.9185712
-6.673634,9.241274,4.132399
-5.3978515,0.9258318,4.381996
3.803568,-2.5381289,1.0198585
-1.6832333,4.009857,-0.70734423
-7.8953314,-9.374559,4.0750594
-8.5091305,-3.3013487,6.594802
-2.5962505,0.93807983,0.2771826
2.7687798,7.215826,2.2252073
8.783546,8.156725,7.812191
7.3545666,-0.33427715,5.7280283
0.16388702,-9.99619,-1.6534182
-6.133939,1.8473244,3.7637
-8.91554,-5.6394205,9.09678
8.934015,9.019424,6.266914
-5.575447,-2.6926174,2.835658
-1.7587242,-2.7214851,-1.4296798
-8.069149,-1.4852057,6.0837865
-6.91211,9.268719,2.6207182
1.9403543,4.3852186,0.5336834
-2.47221,-6.8961716,0.21642107
1.1451387,1.7523966,1.1257844
-0.07647705,3.1796608,-1.3854114
0.50948524,-2.5973725,-1.9552332
-1.9814453,3.319725,-0.5328448
-0.38670063,-8.976217,-1.1391355
4.3466797,-5.154933,2.5443213
7.305187,6.3883705,6.7611337
8.452295,9.290152,6.118315
-8.158678,3.176509,4.792014
-8.4530945,-5.665408,7.042733
-1.4945402,3.6443987,0.12211479
-0.76286507,-5.7597313,0.050181948
5.519376,-8.012652,2.7374134
9.4135895,-6.5983543,10.605082
2.567976,-0.9477854,0.7556211
-7.1025887,2.123518,3.6655712
-1.1318979,0.7445669,0.11778478
6.4672813,9.611074,2.9367208
3.689539,-0.70953846,1.4393816
-7.0721364,9.199211,3.1457958
0.5836792,-7.431842,0.97965086
-9.655653,-5.1480856,9.486532
-4.0295925,1.3710585,2.3243587
6.994034,5.960121,5.062863
-4.3378377,2.9682074,0.5688218
6.1056175,9.806463,2.9889936
-8.156743,-5.330572,6.792425
8.841043,9.358553,7.3433533
4.770055,3.192789,1.7648902
6.4800987,2.6403713,2.6807597
2.7309303,-0.25637817,0.97520465
0.70846653,-7.197728,1.3866937
-4.9248543,5.3495893,2.4413717
-5.5179286,2.1689606,3.0386124
-6.867194,6.89336,5.9530516
8.264452,7.359108,6.193406
-3.4707966,-8.493185,-0.50539184
0.24362373,9.263529,-0.50556815
-9.401069,-2.3027253,8.702771
2.683879,-6.699507,2.4234366
-3.4088635,8.727991,1.450021
-7.9982843,-1.5815067,6.583937
1.2376299,1.6477251,1.1112181
-9.212143,1.5009785,7.5579324
-0.98525524,-5.379037,0.029885873
-8.166428,6.341425,6.275087
6.3220367,3.7918844,2.1519883
-7.941642,8.054857,4.9665146
1.633254,-2.779286,0.3779439
4.951459,-7.337563,3.9774184
-7.990136,1.958684,5.8664193
6.4736404,-2.686894,4.3933735
8.1441345,0.0051631927,7.641233
-6.1299696,-8.133211,3.0566752
0.83736897,8.96846,0.024864487
3.0324316,-5.2592754,1.8204502
8.282049,-0.9034672,6.6398864
7.8126945,0.25374222,7.867105
-8.388119,-4.3442907,5.5870833
-8.150671,5.941389,8.458256
-8.842182,-8.148184,7.4734197
-4.4474087,-1.3451443,1.9359611
-2.0185733,-6.4759874,1.9185555
-3.5880303,5.929928,1.2472975
6.589226,-7.2800064,5.5766034
-6.8917236,7.9172344,5.487981
-7.981263,-8.649069,5.512452
-7.817166,-9.994425,5.744532
-5.9025717,0.24387836,3.6169558
9.794647,-9.844629,7.6708107
1.2628136,9.315149,-1.7836268
-1.7508659,9.341021,-0.12705907
-2.9388037,-4.566578,1.4488521
-7.6592407,7.474781,5.844751
-3.3928118,-3.84591,0.8466002
5.268244,2.4463043,2.016152
6.75852,-7.009083,5.46401
7.212799,-0.6769905,7.1960697
0.71193886,-3.053298,-1.9732275
-5.451994,2.2434406,2.5773184
-5.9036684,3.2147303,2.2977493
9.718536,-9.333924,7.8642154
-9.025998,0.67570114,8.978567
2.367445,7.7435856,0.09699751
-0.9441652,8.056129,-1.2797699
9.284691,4.5276203,7.4264545
5.8575926,0.23155594,5.824163
-2.5263834,6.860882,2.7337053
-8.297596,5.3066435,7.0903735
1.3136005,-6.5778103,0.20184028
-6.994401,-0.5704365,4.7183867
-1.0546684,-9.263974,-1.2891076
2.5038042,0.70409966,2.4287827
4.88328,0.75940037,2.7025664
-2.7045727,-6.5835896,0.7944693
-6.7503357,2.3882017,4.3098392
-8.516692,6.9154015,7.596941
-9.471975,-8.508878,7.522093
1.2543287,-8.90793,0.010721296
-6.0863924,-4.8866835,3.1678278
0.36266327,1.2957869,0.6529277
-4.7375383,-9.705686,1.984544
-6.767291,-1.9901581,4.9108033
6.7429276,7.6781673,5.4535685
5.6591787,-8.253479,2.731487
7.0214024,-2.6711583,3.8406665
9.59256,-2.1139288,7.179681
-7.2353888,6.0437775,6.462682
-5.3231487,-3.7185502,2.9648921
-7.5284457,7.591404,5.522922
6.7147713,-5.011984,4.114628
5.892068,3.7100935,3.0327003
8.106392,-1.8482742,5.4874215
-6.9971538,8.704998,5.1061797
-5.3629055,-4.9031568,3.9226475
9.748772,-3.7572002,9.242815
-7.940769,9.019205,4.6954546
-6.6600633,-7.9219112,4.8412995
3.681507,2.8272781,-0.8104364
-8.741537,4.970607,8.479745
-2.827351,-0.8684921,2.097694
4.2490664,8.791925,1.1216514
8.192345,-9.300873,5.202072
-1.1346989,-1.45226,1.3219135
-8.849406,-5.2621355,8.755366
5.6608953,3.9400349,2.2435274
9.969381,9.777626,8.728487
-7.4237823,-9.788742,3.7974367
-0.44179153,-4.457612,0.48472863
-7.2337675,-7.4053955,5.850489
-5.1061926,-5.6089735,2.9391046
3.365264,3.0231657,-0.35794196
4.6718683,0.14741707,3.7882817
4.1351223,-7.8323555,1.0003247
-9.418842,-6.1321697,10.772592
-2.4242663,-6.549418,1.0695523
4.2619324,0.7586937,2.6216044
-0.928216,-8.235494,0.82754236
-3.0915236,-7.819085,0.33987772
-5.16553,-8.011959,1.9210149
9.481775,8.065968,9.749538
-8.0045805,7.3039055,6.1028748
-7.877178,-4.731635,5.6366844
7.2871437,2.3472738,3.537822
-6.0740433,-1.3966217,4.860407
6.0428085,-4.0190005,3.696733
-5.5124197,4.662813,2.5504274
-1.3527765,-6.7263308,1.5640951
-4.83166,-0.032998085,3.8318987
8.262154,7.473261,6.3158674
6.932644,-8.683705,4.6576204
0.4805107,8.244774,-1.2519431
0.23977661,6.605604,1.8993435
-3.7739396,4.4223385,2.0265808
-5.3452086,-1.3066673,3.7729306
-3.782494,-3.889792,1.3134048
3.274519,-5.490179,2.6696992
-1.7986736,-7.2503557,1.500464
6.787779,-9.747916,4.002902
1.4397926,-1.4344549,-0.7342638
0.110388756,1.9881582,0.06947385
-6.2142897,-9.679802,2.0516968
4.0341234,9.843657,1.862747
-9.2500725,-7.145152,8.9817915
2.3364124,0.7894192,2.6008298
3.5880651,-3.389248,1.1066798
1.809701,9.100912,-1.1700683
7.037733,-4.353161,5.0482955
2.4000654,2.6122398,-0.058292985
-2.761797,3.1872787,-0.48351282
-6.9975495,4.5856276,4.0992575
-9.281045,-7.010565,10.093291
5.0468245,-5.5381765,2.9934032
5.4433765,0.111432076,4.477154
-7.6277733,-9.863434,4.498167
2.677267,-3.9024315,1.1996872
-3.677207,-8.39069,0.5483716
8.4225445,4.420229,6.587257
-3.4468374,1.0362158,2.3424761
8.277464,-9.344759,4.8425217
7.073145,9.779512,4.150505
5.5309305,4.099436,1.8835381
6.8340473,-5.7312527,4.5217276
3.118802,-1.0068245,1.6603239
3.3898182,6.7815533,1.4355327
-8.50153,-5.943059,8.649409
-2.282978,2.5009546,0.7321845
-1.1335793,3.2520027,-0.6437918
4.85207,-6.428746,3.5178704
-3.8750305,-5.2553215,3.163712
4.582033,-1.7733517,1.2288133
6.789751,-7.822489,4.442598
4.311781,8.605635,0.49972427
5.1469336,2.8553782,2.5852602
-1.3328667,-3.183178,-1.5090479
4.790264,-0.117568016,2.7926862
-3.4292626,0.10929012,1.7733408
8.66255,3.3118925,6.325353
-0.25664234,7.103136,-0.25069028
-0.58331966,-8.403688,-1.2951688
-8.804127,-3.557129,6.6054993
9.248823,3.6056376,8.411386
-1.3991241,-5.5852423,1.8927097
7.4480896,-0.49265003,7.4528203
-6.5420523,-2.925662,3.5967457
-8.366255,5.729842,8.750138
-1.6006327,-5.361922,1.7722774
-7.9960012,9.0112915,5.205754
1.9215765,4.7545376,0.56670964
0.13469505,-7.169791,-0.2130245
-3.6671267,-1.9881334,2.1435206
6.2613277,-0.93805695,5.0932627
6.478613,-9.788432,2.8219593
-8.829504,-8.570422,7.4953175
-8.011207,8.274099,6.7507277
5.850231,7.1850376,2.8716085
-6.073598,-6.8101063,4.3714356
1.9296436,-0.09842682,1.379344
-2.66325,2.6869316,-1.012079
1.7882242,6.101822,0.15923545
-5.518321,8.857777,3.0295374
0.03195572,6.2735214,1.4627157
-3.5401058,8.293327,1.7449726
-4.5048237,-6.4834356,2.114334
-4.9164114,-2.2792616,0.48827484
2.2336502,4.784918,-0.026417315
6.4707336,-7.697543,4.762255
-0.24643517,-9.684056,-0.26634032
-0.09766483,5.636407,0.33144987
8.250685,7.291443,6.639366
8.0610485,3.9964638,6.4573274
-1.4516964,6.351557,1.070423
-8.188492,4.6787796,6.0698037
2.3466835,1.3538952,1.1415838
2.9857864,-2.2513986,-0.0018906593
-7.9129553,1.3788328,7.4642735
-8.970743,-3.487866,6.8717422
1.0489264,8.118977,0.81430656
9.764921,8.446575,10.067624
-8.944496,-3.0634356,7.5561347
-4.899769,4.413229,1.7319005
-3.4486494,-2.7150574,0.47798884
-8.833137,8.001331,6.8674345
-6.1572623,-8.995866,1.9685527
7.849266,1.4228611,5.2534237
7.6483517,-0.7692156,6.9036427
-7.3569145,6.82782,6.2813935
0.21437454,1.059742,0.75744873
-8.144485,1.8972988,6.3811064
4.1534233,-9.791875,0.58663344
-6.830126,-5.501497,5.2526884
-5.096159,9.334393,2.3478012
-4.6351075,-0.89621925,2.1288447
1.474019,4.2746716,-0.47844508
6.6823044,-8.175702,5.2081175
-4.185319,5.1487083,1.8413296
1.8444786,-4.350644,-0.7840459
7.9622116,-1.0261192,5.959921
-0.6059303,9.422789,0.031808764
1.0325708,7.0838623,1.9087111
0.7425461,-8.768223,-0.9704534
-0.12774563,-4.4859324,0.3212296
6.0037003,5.900505,3.666029
5.410927,-1.8375864,3.2451727
-5.355656,7.896183,3.7505252
9.54862,4.1086063,9.37458
5.7540503,-1.1092091,4.023966
-1.5647011,-6.2347198,1.1843005
8.706358,0.5739193,7.03893
0.5378208,7.8876038,-0.81391335
6.319147,7.6848335,3.0079007
-8.490932,-4.3155956,6.021438
8.97624,-2.7637062,7.366797
9.426905,3.2251244,7.10106
-7.4721203,-8.499701,5.535271
-8.950467,1.3360739,8.601244
-2.9104471,2.5545788,-0.9467234
-6.1481276,9.814226,3.6049938
2.671815,-1.2381735,1.1840612
4.4513273,9.729174,0.38468686
-1.2741613,9.726038,-0.66491735
7.017153,-5.145689,6.5125003
0.37893677,1.554656,0.647115
-2.939117,5.731699,2.3298762
-8.535708,-1.1612988,7.303578
3.1782131,-5.477357,2.5869217
-9.422056,2.1322994,7.4184275
-0.034196854,4.4068384,-0.875795
1.4616661,-8.102532,0.9409181
-5.600482,-8.058256,3.8981853
3.004202,-7.5458136,1.6461098
1.9439077,-7.6630316,-0.3400504
6.6922245,8.755867,4.28792
6.2544746,-4.4478893,3.2962093
-8.092761,-1.1876116,6.5994916
-7.41982,-2.6612082,5.0915933
-3.6702347,-5.140108,1.6309359
-7.1939955,8.460806,5.916395
3.135378,-3.5706463,1.2042603
-6.5518975,6.072586,4.3569503
-7.6347485,-4.621133,5.1895323
2.9126186,9.808535,-0.012058765
6.035183,2.5273561,3.0453124
-2.9072237,-1.7650127,-0.07831919
-9.964565,0.07041931,10.149129
1.4133148,4.143038,-0.96473634
5.1246395,-5.370702,2.38851
7.811716,-2.9657865,5.847825
0.9488201,-7.420498,-0.44875532
6.9422894,-6.7067313,5.19447
-8.941379,4.8100243,9.051945
9.566782,-0.83723927,8.636394
-6.4573584,-4.991553,5.162423
-6.825742,0.46487045,5.666456
7.176735,5.705887,6.073103
-2.2221193,9.184004,-1.3754599
6.1713486,-5.854021,5.8231072
-7.004242,4.0814734,4.6816297
7.5657406,0.95567703,7.2789097
9.483952,-5.0751314,10.165492
3.027956,2.2163792,0.08284533
8.06694,1.1235819,7.415127
-7.141262,5.9098167,6.932464
-2.208129,8.182674,0.8429946
3.043787,4.6968555,1.7310529
5.650901,1.8920155,1.9030113
-5.3395853,-7.513089,4.0865026
6.363346,-8.372478,3.2048292
-3.2912054,4.6850815,0.90822226
-5.3375506,-6.13497,4.418177
1.9561291,0.13825989,1.4089193
-7.9650774,7.6982517,7.814294
-9.177985,5.019436,7.6380076
3.3250418,-1.2703838,2.1366165
3.4061203,1.575964,0.17709416
3.8454895,0.34400082,3.3214455
-1.3113861,0.86316013,-0.08529827
-7.313354,8.720295,3.6221128
-8.03337,-6.117944,6.6836696
9.568987,8.704985,9.334631
-8.669301,0.47998524,9.076002
3.0139303,9.484135,-0.32219914
8.121805,-4.263582,6.320256
7.6397552,6.1473827,6.8900504
-6.3050423,-5.4977465,4.520321
-3.2243862,-8.193338,1.5964781
-7.995328,7.2689133,5.739649
6.27269,3.4566822,3.3520737
-9.384393,9.8304825,8.722528
-9.20587,4.0529995,8.161397
-6.676012,-4.2187476,4.040493
8.156986,-5.9473395,8.854269
6.4818726,8.185095,4.288789
6.7004547,-1.9824238,3.556195
7.6728725,-5.941366,5.9997206
-4.66381,-7.3859215,2.8315492
-5.576873,-6.694065,3.662983
-6.1433506,-4.200573,3.7363665
3.2995834,-8.039993,-0.03721892
3.8898582,9.624617,0.36392462
2.0750608,1.155405,1.550667
-7.693193,3.2991753,4.435376
0.88832664,-4.919628,1.585412
-5.3064084,0.28185368,3.0617163
-1.9664707,6.8163433,0.5288301
-1.5480909,-3.3890867,-1.5311087
0.49707603,8.07369,-1.1016155
-8.768191,-3.1089664,7.539072
8.535988,-3.7386856,5.943525
-4.2552147,-7.360494,1.9991232
3.1245213,-9.910827,0.6600343
6.8864403,4.359949,3.3224742
4.0296974,-6.4512863,1.931547
7.0031967,-5.4825473,4.8511505
5.6468306,-4.0906677,3.699214
7.3224144,-7.6481543,6.0608244
2.1105824,-7.686764,1.2611151
6.3869877,-6.528747,5.891446
-4.3467417,9.74935,2.1932673
-5.388446,0.5809488,3.6191373
4.775053,-3.7684956,2.3963053
2.623849,-0.8336849,0.44829333
-0.3749981,8.359486,-0.4742337
-8.435088,-5.8167515,7.138083
3.2676392,4.0387526,1.0388571
6.4775314,-1.8631182,4.4814525
-1.1545458,-8.496292,-0.92336947
2.2974072,6.6140213,2.0895214
4.451805,4.6196594,2.948182
-9.87579,7.3496475,10.317761
-1.6452847,4.5782413,-0.85739195
-3.70965,1.6294136,1.2519426
-5.111184,3.0745049,1.319199
6.1120834,-7.465577,3.0850606
9.914875,9.636684,10.013721
1.5956001,-6.4415646,2.042071
6.223839,7.0550575,4.378273
-7.4188194,-6.3316975,6.8708706
1.7617369,-7.226782,0.8639758
-1.2933197,4.1211843,0.50586116
-6.1676,6.553705,4.01662
2.0504274,-2.7236948,0.08438266
3.1832552,2.8007803,0.38582867
-0.48299885,-8.7163105,-1.7582785
4.246436,-1.122922,3.3724365
4.8010902,8.823029,0.13311207
9.070419,9.343918,6.962035
0.5796852,-3.184248,-2.061713
0.35628223,3.694831,-0.2581701
-0.14313126,9.222738,-2.0182261
1.3800325,3.7086,-1.784765
-6.4841833,1.8331356,4.8017435
-1.2308922,-8.058033,-0.42437556
-8.456325,2.8748465,6.8867054
-7.0142913,2.6697683,4.050928
-8.517878,-5.6330194,7.2847533
7.4159946,4.9933186,5.375951
-5.7469997,-6.5231466,4.305062
-0.8070164,9.573442,-1.7726703
1.069088,-0.5032244,0.23763275
8.832167,6.8083153,8.605312
4.5383987,-2.625784,2.395781
-7.1213317,-5.079713,4.2981024
9.780756,7.274849,11.369956
-9.471866,6.0714054,9.279957
1.3001776,9.818993,-0.5435228
9.137053,2.939621,8.460415
8.67252,-4.1981554,8.368386
-2.3177423,-5.872365,2.013228
-6.6736164,-9.542137,4.3617287
4.3910074,0.6337147,3.2660232
7.708624,9.573172,3.6852129
-5.3309975,-3.3147812,1.1259744
-1.5824137,-1.9300652,0.053062074
-6.0815215,7.0436363,5.528431
3.8188734,8.895451,1.0687693
2.128501,2.7165947,-0.8233966
4.956936,0.7942343,2.306762
-3.4309807,9.778973,-0.26930755
-9.653103,8.374931,9.407165
-4.2112923,-6.3631654,3.5034006
-7.820828,-6.976796,5.7361774
-2.4090958,-2.2941408,-0.7286894
3.6342058,3.9629374,1.8346232
-8.319323,-6.119747,8.568183
-0.46678162,-4.28074,0.21191669
-9.783802,0.8301277,9.395263
-7.086494,-2.5265417,3.2868326
-7.0013866,6.708664,5.5712137
-3.4048533,6.3342304,1.7927015
-5.0667787,6.8867455,3.604987
1.5392418,5.318922,1.7781781
6.113043,-5.7854233,5.3974633
7.5402775,-7.696515,5.1187825
3.150774,-6.719574,1.0628092
-0.06617069,-1.2799654,0.115733236
-1.7820358,7.860176,-0.6890677
6.7900276,-2.2204733,3.7479608
-5.7273045,9.20187,1.676989
7.228092,7.4634533,5.0332327
-9.62812,-9.491047,8.158786
-7.463704,4.617893,5.270725
2.6526432,-4.2180824,1.0846893
-4.1186976,-9.539431,1.5613134
1.8657093,3.5049305,-0.13284409
8.713003,-3.435936,8.029813
4.567316,-8.884548,1.056614
9.787689,-7.037437,10.495508
-4.235693,7.3575726,2.8493342
-4.7753024,-2.3956132,0.5301335
-1.2697144,7.837927,0.35181737
-2.013998,-3.4701562,0.41450325
-4.398698,9.768785,1.8751609
-0.620862,-2.5030556,0.1638576
9.034199,9.465054,6.4720073
-5.481577,3.8790283,1.4372706
5.6158295,-7.5139275,4.6240754
4.6454573,4.369774,2.7236822
5.7911787,4.198966,2.4380853
2.697812,-8.395008,1.2546844
-3.6941504,-8.645689,0.8865611
4.1271353,0.5800705,3.0538433
-4.7099566,5.416582,2.486077
-6.138172,8.520493,2.0818024
9.34795,-2.7725496,6.8451786
8.288876,-9.364571,5.03869
-7.2270336,4.5679464,4.0666924
8.122536,0.69729424,7.148476
2.0735989,0.25502777,1.9796891
2.5632668,6.313389,1.3472736
9.638664,1.1941433,8.791832
-0.5250788,8.668505,0.30702195
-3.1804824,7.676901,2.1632771
6.2777557,2.5605125,2.83806
-2.583139,7.4489174,0.4266854
-2.4006166,3.201559,-1.5007747
-4.0325522,-9.490131,1.1666762
9.842888,8.975782,9.486527
4.7716055,0.30462646,3.6460571
-1.6211109,-1.2354412,1.5383251
-0.1995039,8.24107,-1.5555673
0.69987774,8.722296,-1.0790898
-5.927964,-7.912805,3.7666981
2.8392458,3.9392862,-0.63147175
-7.761284,-5.497259,5.6105824
-0.46625137,-2.5695572,0.02597139
-1.8763494,2.1484756,0.79862034
-4.083165,-3.7111578,1.694931
9.248884,-4.221468,6.847624
2.800603,4.978691,2.1138191
4.817318,-2.4046993,2.0189314
-6.5825596,3.7766657,3.719889
1.5937338,9.588385,-0.020089626
2.6797523,2.4259453,-0.10384348
5.191189,2.3255968,1.4904603
-2.9507756,8.773258,-0.67060536
-1.9637604,-3.759694,0.3969249
-8.118915,0.014448166,7.6671467
6.0777683,-9.255973,2.7951698
6.6755676,-4.257489,4.3066163
4.6908846,-0.7833996,3.1682854
5.082159,9.068811,2.7762387
5.989498,5.64939,4.719675
9.426046,-1.8571625,9.32222
3.274889,-2.7205706,-0.1681736
3.6098347,2.4484425,0.74257004
3.1453476,-4.3424225,-0.2095376
-5.6472073,-1.4616146,4.0357046
2.508978,2.6478596,-0.021397404
3.0129185,-3.099245,-0.31353626
-7.959528,7.319704,5.5710506
-2.959559,3.959671,0.91314936
-6.169945,-1.0384712,4.88378
-6.3895903,-1.7459669,3.0050187
6.949415,0.9942417,5.6696486
7.8668633,5.2287006,6.1081276
-1.3785315,2.8031359,-0.093451366
3.0650673,-2.7263618,-1.1185069
-2.3420439,3.4863386,-1.6759682
2.120184,-0.42474747,0.7344029
-1.6740694,-7.2980046,0.75584877
-5.2021446,-7.8825593,2.6115983
-4.2073574,0.07484436,2.4778829
9.933123,8.6532135,8.114204
1.685646,-3.8872623,-0.7394945
-5.468557,6.27536,3.537205
1.1351662,-2.970035,-0.692669
-9.976545,5.978527,10.865441
0.08821106,-2.2410536,-0.9900931
7.6765327,-4.1460347,4.9229336
1.1534224,2.9322262,-1.3304307
2.3826017,5.290594,1.3498204
-9.41969,-7.621623,9.763939
-1.880888,-0.7295656,1.9942465
5.900839,2.0755177,2.6373851
-7.3320284,1.7986698,4.5133085
-4.678087,9.748667,0.21938899
6.7580566,-8.766055,3.2794254
2.871786,8.5337715,-0.61435586
4.674734,5.170988,1.9426373
-9.3251705,-9.429745,7.3869867
6.3644943,-3.8531265,4.1700835
-2.1811256,3.4740114,-1.3707285
2.1016588,-7.527311,1.1654685
8.083012,9.350977,5.5087137
-9.215599,-3.762063,7.6316814
2.8611193,3.8330555,-1.0774294
-9.040231,1.93013,8.361655
7.403385,-3.8929453,5.199316
2.9363155,-9.410857,-0.757779
1.1126947,0.7312279,1.3623028
-4.006115,-8.171055,2.133579
3.7703524,-2.1841502,-0.00035987794
-5.190544,2.1026087,3.0429316
1.9115753,-3.5017214,-1.0260984
8.397835,5.7104588,6.8908925
-7.5060215,-8.984361,3.492844
-2.8532434,-7.8944073,0.21782741
2.33568,5.3258057,1.4808593
1.7357836,-5.207765,0.5924763
0.13751888,8.21266,0.35720885
8.603199,-2.022644,7.8702054
-2.5986362,-1.7905235,-0.4227085
2.5795212,9.535566,-0.76435596
5.299634,-1.1088905,3.4933436
-1.9389172,-8.01796,0.2496594
6.5343266,-4.165782,2.852476
6.530998,3.1117992,4.0257645
4.4529963,6.810362,1.9857401
-2.4396791,8.431864,-0.8813339
8.686096,-3.6710978,6.1486926
-5.778223,1.4717569,2.5138903
3.0906572,7.284916,1.1553543
2.007903,-4.091058,-1.0089544
7.0582733,0.668581,4.5335903
-8.19665,-4.846294,7.490973
1.7433596,1.4249172,1.2105268
-5.7589045,9.728523,2.77153
5.300317,8.44994,2.929989
3.4339342,-6.5766525,2.4931204
-7.7788496,4.908017,5.99909
-0.6260662,9.408459,-0.3771323
2.7973442,-1.7703419,1.1652653
4.259902,3.549346,1.2250644
8.896374,-8.979979,8.269931
4.490918,5.556041,2.2938726
1.9071007,-1.8733559,0.2700414
5.334341,9.184746,1.2747355
-9.46245,7.0043907,9.967524
6.66728,-5.7483196,4.8261256
-1.1757421,-4.4221735,-1.1960132
5.6596365,-7.8633366,2.5604916
2.8636303,-9.238346,-1.3606406
-0.5273533,-9.07271,-1.800611
7.0391045,4.8409233,5.253067
-5.8295727,6.631338,3.5091302
2.820015,-6.344494,2.7656205
4.3837557,6.9988766,1.9051384
-3.5588217,-3.137227,-0.88382417
3.6226692,2.9836702,-0.839327
-9.891512,8.375929,8.419116
-5.050687,7.758583,1.6157008
4.862051,-7.9705524,1.6597047
5.1541977,3.9358654,3.2190034
-9.178976,-5.0227118,9.560296
3.460682,-8.586702,1.2679584
0.9402847,-0.4431038,0.73713976
9.761448,-2.2396097,8.690044
-9.753848,2.0992374,7.880281
-2.3833513,1.1280785,0.54366285
-5.6633806,5.7889376,3.122219
-6.0847845,5.158306,4.1087623
-1.6332684,-8.965456,0.479707
-9.190759,-8.738909,6.76385
7.8345222,-6.319158,7.8755894
-3.5380077,5.1496735,2.3460968
3.5039215,9.235037,1.4055238
-5.8842983,-5.853672,4.4256053
0.053920746,1.8737946,-0.32163885
-7.0843315,0.5581665,6.073798
8.048822,3.7319374,4.7441974
8.433767,3.8626385,7.40046
7.872902,1.5581436,6.22377
-3.500742,6.652611,3.1901314
6.223871,-3.3241987,1.8475031
-8.355026,9.54636,6.717449
4.5884047,-0.2824688,1.9071041
-1.2343359,-9.063147,-1.7437502
-8.286738,4.8732204,6.7546163
-8.025512,7.040127,6.7500086
-9.357885,6.7047215,9.781748
1.8739119,1.0993824,1.6220957
-3.6168766,3.3832893,0.6636875
-4.6056356,3.1035433,0.09718928
9.520046,-4.269849,8.868831
-3.0467596,-0.4000473,2.8513086
3.3729734,0.23605442,2.6499655
-1.7604265,-5.537094,1.1485803
6.0307903,-3.7304916,3.0618448
2.9841566,-3.9840698,1.0416449
6.332596,-1.6414347,4.9392514
2.611185,-6.57998,2.429508
-2.1916828,5.7999706,1.0994205
8.838299,-0.25220966,7.73685
-0.7129116,7.6918964,1.0971164
-5.986434,-6.419877,5.2604527
3.1119213,2.7770023,1.1456287
-1.2134609,-3.2798252,-1.3340534
-7.4163127,5.2984037,5.1765957
1.3081465,-3.998703,0.26919895
-2.3234916,-4.9594545,-0.107905045
-3.982316,0.794858,2.4476442
-4.7726607,-5.734122,4.019754
-4.2556024,6.900852,3.4225032
-4.0496254,-0.37672234,3.8304443
0.98258877,5.605261,0.122462004
9.660681,-2.9344854,8.096031
-5.8613515,-2.4616613,3.607981
-4.6651983,-9.458159,1.6504247
-6.7034683,2.7945251,3.7062151
-0.37945652,3.4107313,-1.87074
0.70113945,6.565363,-0.26174188
-6.8639336,1.3253288,4.5582476
4.5676956,-0.95644,3.2271504
-8.968674,-1.3436041,7.8259864
9.255625,4.0783253,8.14591
1.8818836,9.564846,-1.4144256
-1.0078535,0.6427803,0.17852923
-3.580657,-8.436417,-0.6761241
4.489999,-8.92647,0.44391093
7.3023396,3.8285685,4.924814
-6.540884,8.901798,2.5752213
-2.5065765,-5.285535,1.8977145
7.361559,5.0406647,5.130373
-1.8740692,8.369526,-0.20790963
-7.363403,8.752897,3.659351
-3.2136583,6.353224,1.1547002
0.34543037,-6.4883814,0.3416325
-1.8668661,7.0150375,0.57287544
-6.8529596,0.35139084,5.142486
-6.264921,-6.003007,4.525865
2.703887,-9.926968,-1.2007433
6.8614006,-3.9268804,3.2065597
9.097212,8.319347,8.419294
-1.1302938,9.991682,0.23219527
3.8475323,7.34577,2.089388
-7.94221,-7.068039,6.6963453
5.3286705,5.767458,2.972937
9.555513,5.5282736,10.577776
5.207452,9.0246525,1.9617381
-3.953806,-5.88478,1.5673136
8.153191,8.282923,5.288372
-9.470777,-1.3068943,8.962746
-1.1999664,3.9949312,0.45619884
-2.477758,-8.547692,0.36898896
-9.974665,-1.5495787,10.114899
-5.704758,-6.328113,2.9725895
-7.285858,-2.8440166,5.291569
2.6877098,-1.0367336,0.62038815
-0.8318043,-3.582747,-0.40564403
4.5927353,4.436961,3.05158
-2.249545,9.26671,-1.5696834
8.248798,2.3222656,6.0820775
1.1326809,-4.4104824,0.9689263
8.289417,-2.2307491,6.6082816
8.1204815,-3.0944214,5.59452
-8.480518,0.7417288,7.6580153
-6.7157087,-0.88986015,5.0013924
6.0232677,5.8478546,4.113634
9.44772,0.76539993,10.667978
-8.535148,-8.968088,7.130364
0.14635944,-3.5773716,-1.7903439
-3.8446102,-4.8441973,1.1994084
9.414629,3.5129528,8.659505
8.307238,8.963894,5.4196987
7.2780266,8.127132,5.6470437
5.3814363,2.3669004,2.3275647
-0.9380102,-6.45605,1.0624677
9.227379,-0.3425045,9.302225
-4.679501,1.5616283,1.3372208
0.4942417,0.20108032,1.3646911
-2.6311707,5.5148125,0.7819691
-7.295058,4.828573,5.8236823
-4.738866,-3.0723867,2.3194475
2.4245987,-3.7058125,-0.6603736
-0.89221096,1.1633921,-0.29141444
-6.624507,0.9581909,4.995566
-1.2713137,0.20375633,0.7755656
1.7270603,-9.641888,-0.071980745
-6.9965134,-9.382543,4.4189887
6.039358,8.997866,2.1045518
-8.501879,9.757408,5.376205
0.09567356,-8.7654705,-1.268016
-8.180229,-7.0055795,7.6947494
-9.017545,-1.4536972,8.758726
-1.2422161,-5.6603327,1.4983627
9.075752,-9.8045635,6.689671
9.453432,3.094798,7.1709614
3.5940857,-6.397084,3.1106436
7.75099,3.2073774,4.8862658
-5.4664874,-6.4596605,2.9924507
5.6299295,-0.52211,3.5022051
6.101652,-3.1754742,2.2892683
-9.556999,-1.8931236,8.200641
-7.663313,-4.3304014,6.418351
4.320221,-8.380596,2.3719382
0.9240608,8.099443,0.7286411
-6.7688,-0.8328428,4.8409576
-7.891227,-5.385387,5.8541803
7.227291,9.340151,3.0074885
1.0924139,1.2764978,1.3334328
-0.022130966,-2.3562012,-0.2529857
-9.66715,2.9053926,8.033577
8.77393,-0.61150646,9.054001
-6.6105986,2.507719,4.2330523
4.4558754,8.396992,1.3208745
-1.2024345,3.6935215,0.21993844
0.32585716,7.048807,1.8921182
4.910103,5.2877502,3.5469873
-2.6638927,-4.02728,-0.96054786
-2.8054595,-0.8223009,2.4040673
7.971838,-1.8846569,5.314051
-7.6628017,9.941128,4.111335
4.4500866,-3.7885308,2.2053416
-2.580707,7.148567,1.4416034
-3.3413162,-2.895131,-0.15776321
6.694172,8.363235,3.8134995
1.6882505,4.264883,0.8122633
-9.31015,5.512644,8.452539
8.936232,-7.151004,7.8062615
-4.9620295,-0.29611397,4.5681696
8.6448555,9.3218155,5.442624
-3.138442,-7.941636,0.50173795
9.750389,-2.186016,8.418226
2.950016,-9.860039,0.62133265
-0.48307896,-9.241315,-1.9771197
3.8173304,7.373377,2.2712698
-0.3109703,-5.90456,2.0747237
-4.959837,0.95282555,4.241129
5.470091,-8.5259285,2.00263
6.4861984,-7.5720396,4.913595
-1.2527866,9.02692,0.45185992
9.406197,1.9561205,8.331052
0.63505936,-2.7431417,-1.851102
-5.2885447,-2.6529112,3.2037601
-5.449493,9.647934,1.5978336
6.7282906,7.1259384,4.5374775
-4.0508747,7.0786343,2.9771833
6.3160725,8.994175,3.531415
-9.713936,0.3788452,11.002824
0.34447098,1.4915733,0.50704837
-6.9094563,0.58505917,6.4365845
3.5472336,-3.996481,-0.49325323
8.121225,-8.680142,4.887073
3.9351187,8.924229,-0.02790986
-3.4382668,8.298712,1.1657093
-9.381107,0.9379339,8.74138
-4.738002,-3.5525417,0.709942
-5.898168,8.688696,1.9341509
9.549175,-4.4460225,9.71248
-5.376631,-0.37978172,4.654094
3.8665342,-3.4286356,-0.03201025
8.027658,-5.8341303,6.6906967
3.6051788,-7.6243567,0.76784337
-8.775057,9.759256,7.5579934
-1.1359587,8.779259,-0.18627916
-2.9679813,4.91549,-0.32437927
6.443121,-3.6745462,4.219539
-0.9380398,-3.2661843,-0.57286274
-0.52744484,5.8595886,0.78656375
8.895712,7.5827427,7.1252117
2.3796196,9.996908,-1.1337667
4.635545,4.6726894,2.413252
-3.219092,-3.80718,-0.087521955
6.5397396,-4.37773,4.042701
1.4378109,9.526203,0.25954354
-2.0087337,-7.0518885,2.0486221
1.9271326,-8.4170475,0.40809307
-7.8714476,-1.0394325,7.529338
0.36769962,-1.6353083,-0.49839136
4.58613,4.9791956,1.6044052
-9.363859,-6.7964554,10.378838
-5.3118,-2.2768793,1.0428181
6.265215,-7.735077,4.9845734
0.22677994,6.822607,1.9369723
-0.3406229,2.2719955,-1.6923106
1.0204878,-4.994627,1.4541988
-4.4881964,-2.6895547,0.45904663
8.269228,6.302437,9.091434
-0.9915266,7.9298267,-0.8347185
-3.641099,-9.198646,1.0452931
5.263897,-5.8152018,4.3433113
-8.323479,1.7170124,5.74756
-1.8445349,2.5324402,0.3486163
1.0078831,-6.3395476,0.54226047
-3.103424,3.8184853,0.84345204
5.442544,0.47408676,4.33597
-8.539991,-5.5508256,7.6226234
-2.882936,-7.6484623,1.1953094
-4.2029786,-0.09736633,3.4315476
9.253332,3.118372,6.934997
3.9908514,4.55914,0.9285355
-7.4596286,3.7652054,4.760515
3.8756466,7.032282,3.3087635
-0.21207047,8.919569,-1.8693713
9.154261,-6.02353,10.464183
5.5186453,-3.548335,1.2887027
-5.8402767,-8.397718,1.8903655
8.913898,7.7803,8.198205
-1.7885542,-9.517834,-1.5875864
-2.277094,-4.83896,-0.48318034
2.9902763,-9.056311,-0.9422988
9.935108,-1.5600977,9.560108
3.01729,-3.9335704,1.1935148
-9.648636,5.8634043,10.213527
-3.1922507,-8.091212,1.4863888
9.311867,6.0201187,9.243784
-3.5245285,-3.7430515,0.89026606
-4.8109484,1.9159851,2.0057669
-7.970868,-6.42964,8.461097
-5.520133,2.7529058,1.3564751
-5.467452,7.8342705,4.215356
2.3882694,3.4048414,0.3053174
3.9952555,3.0322409,0.35808387
9.543751,-2.6046252,8.668656
6.562685,-9.422518,4.072449
0.14776039,2.8821392,-0.69006014
5.3929596,7.1396084,4.369604
5.715872,5.6251764,4.996224
-8.62525,8.59584,7.5617757
5.045952,-5.2806177,2.2636223
-6.8406734,5.71192,4.645935
7.722168,6.8521385,7.272272
-4.349433,7.410309,1.6701217
2.0748787,-5.1322412,1.2536031
-0.10640335,7.4330463,-0.10848218
4.639434,-8.677696,0.8625363
1.5554028,-5.3584394,-0.011748206
-7.2539496,5.2295885,5.5215535
4.050907,7.905859,2.1891625
5.898963,6.5995445,5.241166
-5.2076435,-2.6196566,2.766357
-6.4870667,-7.508664,3.8661938
-6.8093433,6.1587715,6.777125
-4.8655534,-4.988323,1.6983646
-1.2607594,6.951956,0.31346118
0.7477045,-0.09401798,0.7695671
-0.070531845,4.030223,-0.999718
-2.6448917,1.8019028,1.3911244
6.2055817,-1.3289309,3.0964837
0.52847385,-4.2520866,-1.2568693
-5.806526,-2.126073,2.4344761
-2.6464996,-2.642336,0.72379494
-5.8793488,-8.216593,2.5260456
-3.5278664,3.3963795,1.0581694
-9.433046,3.9491062,8.970067
1.747303,-9.9868765,0.2605101
-7.748368,-4.787607,5.511144
3.8676548,-7.9454517,1.9885033
6.850397,-0.08981705,4.9156923
-7.4392757,-5.5899754,5.819066
-5.277314,7.964813,3.7144861
-7.9013658,-7.6261053,5.8805614
2.668706,-3.3604789,-1.0259101
1.9349499,8.831207,-1.2271898
-5.161476,0.39378166,2.5604608
6.0408077,8.016531,2.434594
4.1494675,-4.744047,0.99461347
-9.035385,8.647766,7.278706
-0.5439491,-6.771016,0.17007847
-4.304893,-3.975545,0.20158748
-1.733902,-8.807556,0.19708061
5.5680475,9.471285,2.6321404
-1.0756025,3.8128548,0.24766862
-6.945137,-3.2547722,3.391164
7.0343456,1.1288929,6.883938
-9.140457,-0.2555418,9.854648
-3.43433,-7.275636,1.8119642
3.853135,-6.6110063,1.9869261
8.83889,4.113168,6.211492
9.705425,7.2565136,10.909701
-2.3492026,0.21131611,1.0248072
3.3369656,9.6671505,1.2066116
-8.782314,-0.62920666,7.493976
-1.9458027,6.010645,2.0706346
-3.1105652,3.8463888,0.8398338
2.8387375,9.936951,-0.35940483
-6.552025,4.2060957,3.3407588
2.1604729,-6.3798847,0.77983546
5.1663494,6.5592346,4.3190813
7.7934723,-4.77335,6.800922
-1.690875,-7.984419,0.96420944
9.136063,-8.055017,9.409715
-9.44806,9.927708,8.892146
-2.8337421,2.3550463,-0.6418871
3.7911491,4.161213,0.7780486
2.5642643,-4.3094277,1.3604174
4.7093763,-8.021004,1.8414769
-6.6357517,2.79566,3.5031261
6.157324,-8.197901,3.2876549
-9.385246,2.1065369,7.1789403
-6.8567824,-1.3259974,5.197978
-0.6800823,0.99209595,-0.25624096
-9.71507,6.3421135,10.960927
-9.505289,-9.026526,7.536112
-8.877325,4.3334866,6.6937613
8.039888,-4.534886,7.2115355
2.19355,-1.8853197,0.9491446
-3.190713,-5.157342,0.76637167
-0.41098785,-3.3394918,-0.22318982
-8.716187,3.8012753,5.4745836
-9.444506,4.964033,8.747026
-6.973791,-8.026533,3.908369
-9.674385,1.6770592,9.867842
6.5791264,-0.013702393,5.1694293
-3.49931,6.626217,3.056786
-2.699442,-0.038676262,1.8252733
-8.611456,9.275885,7.4600925
1.65621,7.9586983,0.5011033
-1.5003414,-8.952347,0.10627063
-6.8078766,8.02285,5.242387
6.411606,0.7433624,3.85941
8.429096,-0.9923763,7.0892887
-7.1277943,-6.092844,5.85872
5.665803,-6.2212205,5.0048265
-1.6237688,2.9438553,-0.03013593
-0.09440994,-3.9343119,-0.30566657
4.256486,3.6143608,1.2511092
-1.8231773,-1.3215694,0.9406678
8.496433,-2.343316,5.7168627
6.1526585,6.005356,4.152844
-6.4913187,-7.1639004,5.738163
-6.0856247,-3.4669933,3.4887018
-9.908,6.913784,11.045386
3.2016602,5.367694,0.7708509
-7.5218678,9.743738,5.201668
-8.38179,7.5191994,7.196271
-6.4096713,-6.7092857,4.234007
-9.886718,5.719738,10.974205
-8.142431,0.83135223,6.532954
8.919649,7.0501595,8.662606
5.5858536,-2.4069014,1.6644824
8.86026,5.3119392,8.489339
-4.850811,-2.331296,0.9043609
-4.101515,4.4896317,1.665218
-3.5086784,-4.944043,0.5330348
0.19530487,4.9750977,1.1056911
-7.1776543,5.8741703,6.835691
1.4660206,7.60133,-0.7876041
-6.408988,-5.345068,5.1561713
1.5802011,-5.445335,0.03882709
9.159975,3.3966427,7.0361557
1.6889906,-6.6044292,2.350274
7.294441,-6.013113,6.9077086
-7.1220913,1.2594509,5.3805428
-1.4112377,9.432222,-1.5956933
-6.1747847,-7.0863476,4.280758
-1.1094685,-1.738369,0.83694583
-3.9779687,-7.359909,1.1381651
-5.6778836,-1.0639277,3.5103045
-9.659406,8.844252,9.230902
-3.7079287,-7.6698136,1.2709358
1.3391838,6.734621,1.5368843
-1.7592049,5.4706087,1.2603967
-9.313451,1.310669,9.273091
7.5117836,6.5805798,6.108037
7.4148693,4.9401655,4.8389745
-6.029012,3.1710129,2.3172667
1.016552,1.4152184,1.4801168
6.640089,-6.5031614,6.107677
-9.496483,-9.497348,8.897032
-8.836001,6.701233,8.426105
5.5486536,-3.653369,1.4919199
-0.19806099,-9.046663,0.11003325
3.1843805,-3.2681694,0.67279506
-4.1585493,-7.0409083,1.6137162
1.8131056,8.152054,0.9386173
6.632408,7.3863964,3.6973534
-2.446475,-8.901121,-0.1315448
-3.2300544,4.061614,-0.18612674
-9.521891,-4.0807343,9.557314
-1.5430832,9.557941,-1.3912139
6.3366547,0.942997,4.594217
-9.450688,-0.6138277,9.580225
-0.77246666,3.9352322,-0.9621965
7.2893486,-8.576965,4.788465
-2.854147,-3.9663959,-0.98135996
-3.694683,8.259642,1.4964948
-3.016317,8.566719,-0.46388546
-4.051571,-1.7603054,2.1795392
1.1968622,7.5248833,0.870106
-9.628039,-8.2067,8.914373
3.821372,-7.8806376,2.2715335
-2.5255585,-2.0293465,-0.7495626
-1.2731848,-9.361172,-1.5676571
-0.6746912,8.598217,-0.27502024
5.5863457,-1.4678297,2.4589996
-6.2116456,-5.3288484,5.47168
-9.099837,3.0623922,7.3342896
-7.233492,-1.689168,4.537064
-7.335905,5.881982,7.1593113
-4.868685,5.7374716,2.541218
7.898155,-7.373953,5.4858794
-7.736151,2.216961,6.593499
-5.878279,-2.0087314,2.3195252
-8.152037,4.917074,6.446919
-5.0236297,-6.95755,2.8487504
-0.28073215,0.1618824,1.0642258
-6.0976562,3.0202541,2.8743708
0.10570049,-7.9440928,-0.9216274
3.3793888,3.0782566,-0.7665258
-1.7013845,-3.8372145,-0.41722608
4.314599,3.7106686,0.8891231
2.2946758,-4.241995,0.29580748
9.660078,-2.1718931,8.095159
-0.5105362,-9.573156,-2.0268128
8.667593,-1.358841,8.533446
7.484928,7.530348,6.195303
4.780485,3.522934,0.1966125
5.659336,-7.5232544,4.8736386
-6.697018,-8.329316,3.3159146
-6.697457,7.574976,4.295686
4.2704334,-4.301919,1.7096872
3.6310139,-7.9537153,1.7609266
9.024357,-4.096154,8.172694
-1.3020077,5.249981,-0.25163475
-1.8382893,1.2137213,-0.046886865
6.8553696,-5.1120367,5.5073037
0.32295418,4.9573507,1.348211
9.388224,9.976738,7.4575357
-5.100733,2.249652,2.9421673
-3.2810202,-7.4993334,1.1107593
0.43208027,-2.7335253,-1.360629
5.3334436,-9.955462,1.6410141
-8.766678,8.533726,7.3786883
-2.7991605,-6.5443077,1.177298
7.262392,-0.28821468,4.88711
2.0822144,-5.8715115,1.6772096
7.069786,-0.35231113,5.5401845
-3.3873487,-7.0700073,0.852845
-6.3038197,-7.899704,3.1879754
-6.8270817,-7.209189,4.359252
-5.622305,4.2575455,3.6721597
-7.5150776,-9.999956,4.452655
4.9556932,8.332548,1.5654866
2.6878548,4.312011,-0.35735822
-6.398244,5.3618765,4.6803465
9.165968,9.354927,6.3157425
2.8469906,0.7409229,2.3780618
3.721572,-2.5471115,0.9658895
-4.213531,-9.220767,1.7445081
6.923378,-5.9419274,5.6318636
-7.053888,-6.8337536,4.7795897
7.2892704,-9.16119,4.9185815
-5.43414,-4.1448307,1.996456
4.24736,-0.20578384,1.8388218
-3.6176395,-0.30634022,2.9899943
6.4966927,1.5567865,3.2015433
-8.386712,-6.874485,8.575037
-1.9497871,5.9367924,2.531748
-2.699163,-9.291926,-0.3963826
-5.97972,3.416214,1.5577976
-4.9119415,-3.9767323,2.3370492
-2.8060508,8.552326,0.9193406
1.036891,-5.2518187,1.2190859
7.0980606,9.328611,3.8383536
-1.6432724,-7.2791996,0.102338836
9.802006,-6.614275,9.71097
-4.7587013,-1.0260773,1.6922321
-5.1481485,-6.959505,2.9287467
-0.5216265,1.0159302,-0.11737791
-1.8103352,-7.1476374,1.1761228
3.1763268,-1.0541048,1.8821516
9.239861,-1.2808504,9.54233
3.4239006,-3.5404944,0.23976663
-8.367695,1.6235924,6.040507
-3.4165869,-5.6815886,2.5307858
-1.9866447,5.8353367,2.2928197
-9.105965,-2.8515887,8.122601
3.0918827,-5.7001925,2.8138914
8.729057,-2.9242887,6.4337463
4.9665365,3.6584482,0.9908505
-0.1980133,-5.708227,2.0266514
-0.76131344,-9.333583,-0.51601285
-4.6829367,-2.2617912,0.612912
-1.1109352,-6.779867,1.848407
8.770369,9.777046,5.7872477
-5.141224,-3.5102425,1.2087029
1.5998564,2.5263166,-1.3598479
-7.337215,-4.7122,5.4071884
-2.7346172,0.2460289,0.99554896
0.57906723,-2.2011433,-1.4632188
-7.550993,-1.4582119,4.7045455
2.7169895,8.284782,-0.16387358
-8.587237,4.2046175,7.6975613
-4.08504,-5.0700355,2.9162796
6.9589806,5.172779,4.777683
9.380541,-6.4379215,10.642733
-0.7818413,7.6947613,0.5044593
-7.147418,-8.83186,4.622823
-8.210731,-9.74493,4.8913627
-2.457521,9.813444,0.6384882
-5.1030803,5.4629946,3.0558164
7.949112,0.3516159,7.7585907
-7.1286893,-7.732953,4.0875597
6.019335,6.166094,4.061401
1.9012909,-4.0571213,-1.086118
-3.04152,2.7988615,-1.2085505
8.151472,1.7457695,7.47272
5.564892,6.426075,3.240661
-0.34975433,-2.3594437,0.060347192
-6.77778,9.99539,4.8141694
-2.943256,-7.254916,2.088684
3.2242727,-4.530492,-0.09644389
8.664701,9.848249,6.1872926
-3.3745804,-8.825239,-0.5010049
-4.1558313,-3.0480013,1.0482734
-9.770508,3.1245003,9.487315
6.1464386,3.9999018,2.5790005
9.76026,-3.1920624,8.868556
6.8847866,-7.8465757,5.4707127
-5.572115,8.451031,2.617148
7.16378,-7.6749325,6.2159767
-3.031684,9.518686,0.24547644
5.2281904,0.74853325,2.5960267
5.8471537,-5.7154655,3.3476126
-8.152947,1.4030418,7.7739477
2.4746838,-0.3361988,0.50306976
3.9922285,-8.323408,0.25819588
-6.0116777,8.67622,2.0221202
9.245491,-5.840132,9.919373
7.806755,-1.7876091,4.971275
8.357651,-5.356691,6.911615
-0.09020996,2.200348,-0.66988146
-5.3503857,-6.703848,2.5492885
-5.4647913,8.571865,1.7258157
3.5344744,-2.653737,0.34721056
-1.9866858,9.331886,-0.46466026
7.9481792,0.0433712,7.7628613
8.375046,-1.609848,6.3634725
0.77169037,-8.972155,-1.65423
-8.186848,6.2778244,7.070853
3.9693031,-0.06420326,2.1438892
8.948952,-7.951623,6.895294
-2.5116944,4.830512,1.164456
-5.2335095,1.5197468,1.9687368
-2.3392677,-5.468757,1.3047279
1.432703,-6.010461,0.29791445
-7.4196396,-2.0169425,5.9033575
5.3403673,4.6840525,2.4506419
4.2744646,3.2273054,1.5884643
-3.8233175,-6.1785355,1.0238757
-3.7044487,-7.012534,3.1089308
-4.744915,8.37579,0.8927189
7.816963,1.9495573,5.7716775
5.930937,4.8787003,3.1777384
2.8422966,-9.4241295,-1.4258977
-0.44851208,4.720413,-0.77279896
2.4981356,8.680176,0.010912165
9.648001,-0.31281662,10.093788
3.1661777,8.110914,1.4038652
-4.987303,2.118719,2.670826
3.8683023,0.39025497,3.340308
-3.9684067,3.4913435,-0.41336668
-0.3550911,-3.50103,-0.1475523
-6.440773,-1.0604439,5.06756
-0.29257393,-1.9580975,0.124409854
0.5216894,2.5803242,0.21628603
-6.064775,0.99318314,4.492714
6.429003,-4.6675134,5.140481
9.235888,5.1220894,8.833997
-8.364365,-5.609765,7.7403603
2.897645,6.307766,1.293089
-6.9080377,1.0045204,4.5178804
-1.9875765,-0.63998985,1.9298329
4.790163,-0.65203667,3.5096488
-0.17554188,2.1892986,-1.2529442
3.0303202,0.41918373,2.8789816
-3.2399917,8.725723,0.3630454
9.54324,8.009693,9.901762
-4.694886,9.942453,1.0263027
1.8716536,6.0767956,0.029145002
1.026474,0.21212769,1.2503119
6.8117733,-3.8750792,2.8727016
1.0211773,-3.71241,-0.26656547
6.029192,6.0664177,3.600127
2.5765324,-0.7915859,0.27171612
6.3761806,-8.96896,2.4017267
0.12638855,0.3141203,0.97744495
3.3368244,-2.3579988,-0.27364603
9.864199,-7.2363806,9.476618
-3.2579575,-7.5843515,0.9976339
-4.0692844,-0.91324806,1.7712034
7.259094,3.578762,5.1048365
3.8239908,5.3956814,2.7376325
-9.439086,-7.162942,8.296398
3.5566282,-8.456936,1.6101432
-9.807543,-7.633462,9.436203
-5.4292274,-0.40081882,4.912587
3.9134398,-0.81708336,2.4941657
5.26775,4.6708565,2.3363519
-2.2579489,-8.140191,-0.3438023
8.464663,9.0991955,7.1760197
9.9378395,-2.9925642,9.966044
7.7977467,-9.471861,5.965819
-9.184574,-6.3056183,10.579438
-3.6373768,2.4260464,0.21110013
0.608408,-2.0717201,-1.449882
8.12772,7.2404976,7.937306
-1.677475,-0.047106743,1.7517658
2.088993,6.0855885,1.3476764
5.263419,8.290882,1.8425437
-5.231993,-3.8004599,3.0172696
-6.055955,0.82172966,5.4033585
9.889339,-0.7646704,9.423426
-0.22313595,-4.572835,0.66069585
7.075878,-9.104452,2.7956848
-9.750919,-4.8554087,9.4193735
-3.8169885,5.1079674,0.8407922
7.0168667,-1.9223833,3.767366
-0.96814156,-8.812924,-0.24412942
3.3682518,2.6475706,0.8723922
-8.3772,3.6503525,6.805441
9.733267,1.8371592,8.066248
-4.991106,8.11475,1.68305
-0.50564384,-7.6631413,-0.4349472
-6.549964,-3.9452276,4.1105723
-4.436735,-0.5793266,3.2668498
-8.572872,-6.598362,8.55945
-8.752879,3.3705626,7.543643
-2.0429573,-2.5107431,-1.1404797
-4.410894,9.318609,1.4167864
7.386986,-3.307705,5.167679
-0.048381805,-7.067902,1.2888252
7.7759647,7.6751213,6.456569
-1.6748953,9.831774,0.19411224
2.1215496,7.3677406,0.82884073
9.604027,-7.7380524,10.727505
-7.738003,-4.945512,6.549492
-4.332052,4.708578,1.0815413
8.549017,9.184578,5.803692
-2.2926702,6.817484,1.1779013
-2.693139,-8.551081,-0.63524574
0.8025379,-3.366723,-1.2109262
-5.368421,-0.57794,3.7566285
0.71917915,4.90796,-0.1786447
-4.15629,-6.924032,2.1394143
3.1723957,3.9524279,0.8504619
-2.122755,-2.3406267,-1.1996683
-3.355639,3.0890923,1.182153
-3.7670636,-1.5957632,1.4369221
2.5980844,9.676725,-0.5328468
5.0183983,-1.051959,3.590504
-9.1424,-3.8584018,6.977364
-6.9742975,-1.6241093,3.8095667
-9.597177,-4.9367905,9.225545
4.667961,-8.269714,1.4399635
7.4997616,6.4588337,5.75306
-9.608015,-6.0650516,11.0582485
2.5996056,-4.353752,1.5053083
2.02804,-5.1553383,1.5925659
-5.3663254,-0.10208225,4.1106443
2.1605196,5.618141,0.8336932
7.7107697,-2.6966867,3.89377
9.808695,0.058324814,11.010905
4.324254,-3.5498095,0.37826407
-1.9828472,7.8279667,-0.28578538
-5.689807,-1.4732399,3.936926
-3.8085866,7.1429214,1.0776207
0.082019806,-2.7196717,-1.071577
-0.7343626,-2.8323975,0.35288697
7.296818,-5.527998,5.884221
-9.037094,-6.6871023,8.334029
0.89256287,5.432865,-0.12172897
-3.1804872,-9.423276,-0.9045893
0.8339157,1.9919033,0.37215728
9.616415,8.327427,7.3843007
0.29254436,-7.4266124,-0.4001536
-1.7343798,4.110671,-1.1335609
-3.3893642,2.444006,-0.31401765
-9.979381,0.94922256,10.263821
-9.060102,9.496822,8.140193
4.3571873,-6.8739986,3.315222
-6.10667,5.8759127,5.5168643
5.6774693,-4.962368,3.1921043
-2.8351235,5.95043,2.5868938
3.6077423,0.7882824,2.3773265
7.2999535,0.72756577,5.3425837
1.4628716,-8.514952,-0.5738796
3.43359,1.1399708,0.6287095
8.450756,-7.3452797,8.123856
-3.1423512,-8.309398,1.2029554
7.3542004,5.598423,5.7517977
-8.410258,0.089076996,7.487283
9.15696,-2.569511,8.420515
-3.2801428,-1.5903816,0.31127408
-0.37637806,7.9367085,-0.42950565
5.6098785,-0.17968082,3.0384328
0.73416615,-6.4011106,2.0700078
8.744139,9.662083,7.0448346
-4.395174,-5.557184,1.6727983
-5.5117035,7.23711,2.9691925
8.927038,8.343399,6.5266194
-6.0359154,1.8274984,4.1104684
6.8818474,-9.055248,4.2160463
9.631172,-2.953732,8.596946
6.7693157,-8.339181,4.1561246
-3.7807417,-8.765932,1.3610754
-0.14782333,-7.3898315,1.4431739
-9.012004,-5.3094244,7.76715
-5.4451475,-9.228571,1.8534144
-2.0697856,-5.491309,0.10258574
-6.606977,-7.9003296,4.946647
5.7691307,-7.7620497,2.5932856
5.2399206,-6.551311,3.578403
-2.8616295,-9.624115,0.33348665
-1.5726938,0.17952156,0.7589707
9.659607,0.85937023,10.961799
-0.6159439,-1.9218636,0.5640415
8.493639,9.8611965,6.7244205
9.263126,4.84455,9.1957445
-3.5077677,6.2899895,2.2093089
-9.550827,5.2207174,10.2849045
9.327671,-5.280486,10.356139
-5.3765273,2.5426655,1.2369198
9.562742,3.185811,7.6418586
-6.3839664,-7.359539,4.6774397
1.8137283,8.727409,-0.6013132
2.9566908,-5.939909,2.9571943
-2.3621964,-1.2330008,1.5069082
7.7981415,-9.766098,4.121841
-9.066738,-7.8112197,8.90169
-4.1553774,8.019623,0.65958774
-1.57413,-7.3324547,-0.14733395
7.6588364,8.999727,4.8621645
4.6314955,5.1742744,1.4884099
6.432537,9.246344,3.2700112
4.3044004,-4.6851325,0.37668622
8.9942875,-7.8386583,7.282293
-2.4904203,8.31991,-0.645581
-3.0871177,-4.090604,0.37283096
-1.373188,-1.1838636,1.6150116
3.9338741,9.317654,-0.42379603
-2.9325066,-4.531535,1.4588578
3.6728106,-3.434906,0.5368844
2.7416935,5.725443,1.4282522
2.3513126,9.035414,0.48252064
8.147411,0.4498148,7.0039334
1.5927458,0.100317955,1.5740547
6.6358337,7.1050625,5.470321
-2.7880168,-4.0654826,-0.9202751
-8.986303,8.001074,7.3380075
6.111599,5.9039307,3.734373
4.1473236,1.3423176,1.0977194
8.400745,-5.264814,7.4496474
3.8209295,8.818096,0.9075953
0.19985104,-2.6483703,-1.1505533
-7.2180376,-5.026517,4.280086
-9.480871,-2.128191,8.778086
2.006916,1.5593338,0.48297948
8.158039,-9.905888,6.3129687
-0.7773924,2.3293257,-1.7041144
-3.2623577,-1.4734316,0.08325846
5.002804,3.0259619,2.1855657
-4.841447,-0.3004923,4.2739253
3.528634,-5.268093,1.8759434
-8.1148,-2.3849678,6.085181
-9.062704,-2.8835907,8.440736
-5.8339834,8.48387,3.3308449
-1.7121964,-8.845566,-0.1902099
3.3719902,2.874031,0.16894022
5.059721,9.062372,2.5902493
-6.329496,3.0983534,2.2170968
-2.0537844,-5.307157,-0.07255895
3.292657,2.9412346,-0.4192611
-2.2053156,4.0146875,-0.66853577
0.15027523,4.3056965,0.18104354
6.474058,0.82842636,3.9918718
-2.8848352,-8.759228,-0.04370615
5.1556206,2.2390985,1.6002169
8.125404,-2.1005583,7.021048
3.333641,5.321247,1.1507647
-1.7768879,8.957174,-0.41640857
-6.331812,-3.5788488,2.6912441
-6.609473,0.17001247,4.380726
-1.9430027,8.19829,0.21836844
3.125164,-1.7125025,1.5821121
5.4691772,1.5127201,3.8168721
-0.4824028,-3.8790455,0.4520803
8.0584545,2.505597,6.988887
-3.9607239,-4.12688,0.40656784
1.9941273,-8.772001,0.49002972
-5.1197076,-8.766446,2.8425333
2.6871004,4.392069,-0.19213235
8.534695,-1.5017815,6.7578416
3.503992,1.7453709,1.2922058
0.67002773,6.707079,0.117142305
-3.6802888,2.09404,0.20583582
-8.2045355,8.859543,6.559492
-6.843097,3.0603743,2.4851694
-8.577915,-9.107069,6.8119926
7.1074505,6.3319607,7.2779956
-4.1717577,-8.960365,0.7039123
-1.4962578,4.809475,-0.2211586
-8.961065,-0.7778683,9.904565
-2.7883968,-9.5381775,1.1454773
8.505651,-1.8873787,7.5649686
1.8385019,8.730383,-0.69874096
-1.785635,-4.5619273,1.0966637
5.2120876,-4.3272247,3.203095
7.70953,5.4077663,5.8927393
7.7816696,2.0363035,5.6834426
-7.3989654,4.037895,5.786112
0.71796894,-6.303315,2.3304052
-8.2117,-3.402132,6.1495237
-6.8947363,-6.5045357,6.2418604
7.6788406,2.2770824,4.20765
-7.9671917,2.0361977,6.814995
-4.90417,-5.00818,2.060914
4.795704,-5.4555073,2.3801668
9.7297325,4.6501617,10.089079
-9.714161,0.8122635,9.092277
-6.4528027,2.0454788,3.2659142
-3.9213347,-2.330594,0.9287087
7.74658,-8.859477,5.7675786
5.827712,6.422964,4.6001515
6.2342377,9.362371,3.5891786
6.407608,8.481539,2.364998
-2.5026312,-7.364466,0.5708723
7.3733635,-4.7205067,5.8141856
-0.28100395,-7.247182,1.4030402
0.9395361,9.041191,-0.16522306
-2.6519227,8.028374,-0.45423988
4.2421093,-4.503541,1.1675879
4.465624,1.7938843,2.5734932
-1.0600042,7.1675224,-0.062198937
8.803392,7.647045,7.4522963
-2.5898623,-4.6410265,-0.14489323
2.5310974,-3.782301,-0.24062277
9.082598,-7.6544595,7.8667874
5.63416,-8.9983225,1.938787
-3.6414146,-2.6936316,-0.088966414
-4.529811,-3.1205058,1.8358774
1.9299545,5.988599,0.63697374
-0.0757885,7.564148,-0.43254507
0.70378876,-2.1827307,-1.4075348
6.4416428,4.4475365,3.6535134
3.4954967,0.06274605,2.408142
-5.6084385,5.024969,3.3573205
-8.164654,-8.827412,5.7918944
9.454176,-1.7607355,9.686963
-1.1009007,-3.3288965,-1.1755947
-3.9396372,8.078476,0.94562024
-7.3446093,4.739647,5.8358154
9.602789,3.8903437,8.162284
5.0460567,4.990196,2.7175524
-6.3393555,-6.6720686,3.9072583
-8.636666,-7.542033,8.636896
8.687216,-5.9092817,7.636176
4.305418,-1.6991405,1.3220794
-1.4688988,-5.1384783,2.0238864
-8.310861,4.2870274,6.994634
6.061062,8.646629,4.159739
-6.78821,9.902218,5.1217027
4.914028,6.761091,4.210191
-9.497795,4.131418,7.5056705
-8.916096,0.1153326,7.995283
-9.593249,-5.3397417,10.591918
9.065426,1.7268639,8.273973
9.087389,5.749851,10.462481
-8.532837,1.1424961,8.003277
7.730343,-1.0987654,5.594549
-6.0782633,-0.8378992,3.3385143
-9.293528,-8.90832,8.661494
4.812605,0.35925388,4.1915507
5.668622,1.5829544,3.2624724
5.6682777,8.53405,1.4828527
1.7549725,3.6266375,-0.46074387
9.597076,9.449596,8.524287
-8.614563,-0.2075634,9.607503
4.613907,7.6850853,1.5478226
-3.168849,-5.983344,2.0308905
0.49388313,2.8826313,-0.26363033
6.896879,9.536041,3.9210312
-7.1610475,2.5148048,4.9226875
4.3823223,-5.5848303,3.6426804
-1.9973965,4.163747,-0.89233017
6.4682045,-9.544792,3.609558
-0.26259613,4.343405,-1.2873566
4.9613714,-5.511241,2.3175933
9.594919,7.0407543,8.750017
-3.5705004,0.909997,1.8770597
-9.850466,3.2282934,7.9246874
9.432764,-4.541291,9.750307
-5.5055914,-0.92422485,2.740287
2.2852936,-5.211483,1.5926774
6.2193832,8.512009,3.7440414
-1.5529442,3.9435444,-0.48962158
7.815342,-5.285035,7.109588
6.480541,-3.750657,4.058876
-2.0132828,4.7670364,0.6225107
2.6218786,-6.1031723,2.174028
0.75783634,1.9802179,0.9100412
9.782888,-4.9294815,10.859975
6.923292,-1.2298403,3.9403415
-6.6604176,6.876091,4.6553855
0.96351814,-1.4921045,-0.71426886
5.393593,5.551136,2.749285
7.6450386,-6.5976057,6.6140804
3.414321,7.833708,2.0580657
4.2491703,-9.432115,0.032863207
-1.8463364,-9.5250435,-1.2267747
0.21689892,-9.85464,-1.6699384
-6.921046,-8.648609,3.6998518
8.23241,-0.8779545,6.819953
7.8743916,-9.548965,5.244524
-5.5064573,2.2546873,2.5998797
-8.56144,-5.2392445,8.593365
7.7978764,1.6074371,6.1460853
-8.863111,-0.6839266,8.048697
6.4132175,3.7143803,2.3846617
-9.740398,-1.3249187,9.80107
-5.112531,-8.002935,2.38014
-4.233946,1.2391491,3.3066688
9.398052,2.3354635,8.028195
-1.6921511,-0.25679588,1.4074178
8.625868,-2.121457,7.807564
2.9054222,-1.0148029,1.2078418
9.687828,0.65492535,10.451309
6.623476,0.5095949,4.952773
7.364744,-2.817706,3.8770244
8.7184925,6.810089,9.169989
-2.9545116,-8.377843,0.16937481
-2.7494535,6.943819,1.3615737
3.222086,-6.2192144,1.3608886
8.809422,7.122154,8.800816
-3.6800804,-6.9070616,2.4783616
-7.866144,-6.2055693,6.38952
-7.822613,1.3420963,7.246802
-4.6200013,9.27446,2.0448782
1.5956516,-1.1708059,-0.3761328
-1.1572056,-1.6202469,1.0611799
-2.6667967,3.8715925,0.5794558
-4.674979,3.40164,1.4096283
2.6010427,-3.0969,-1.4835571
-8.237171,0.67094994,8.109224
9.838226,9.989729,7.898748
-1.5486832,-0.13818932,1.1230968
1.865879,-8.997931,0.14511013
3.2942276,-8.986576,1.3477312
-3.8909125,5.5327225,2.058667
7.891922,-6.933099,8.092671
-0.07411575,-9.129106,-0.24786012
0.8203411,0.6219473,1.3452213
-9.51961,-2.4559546,7.299965
1.237793,9.887894,-0.93452656
3.431261,-7.780305,0.10132666
1.3934755,6.995186,0.8614103
-0.99104404,2.9212275,-0.95826733
7.550934,1.827136,6.5100665
7.906044,3.5290194,5.726157
6.884617,5.6512547,6.4537563
-1.7356167,7.165251,1.2279168
1.7274466,-7.6093006,0.15530413
-6.9821835,9.473839,4.228474
-7.486422,3.4292612,4.2856154
-1.7477417,1.5286465,-0.24933779
1.1177483,-4.5096054,1.0075995
-5.8245444,9.686302,2.851369
-8.346938,-5.210599,6.5874047
4.549177,1.8404865,2.4345038
3.656129,4.168063,0.99962586
-6.6070294,-7.9666567,5.108758
6.6543674,9.026266,2.7851005
-7.4746313,-0.07505417,7.186841
7.564598,1.2022343,6.3616366
5.312439,-9.252825,2.9267623
-3.3796701,3.240324,1.0912639
9.520573,-7.8995476,9.030301
-5.6147423,-2.2237053,2.2912116
-4.5679116,1.1707535,3.3068686
7.970396,-5.8442664,6.858769
-2.576816,8.957623,0.3898086
-4.0388846,-8.151491,2.3289008
1.5473261,2.1360216,-0.54763865
-1.6897564,3.7074575,-0.5104127
6.2999115,-7.0258436,4.438392
8.164286,-0.71445084,7.901573
4.44818,-9.384843,1.8201814
2.1626806,-9.943534,-0.74394584
2.512168,7.1593666,0.9194649
0.26035404,-1.3858433,-0.53296554
1.1743689,-3.2099485,-0.23529133
0.18989086,-8.053613,-0.7276006
6.818945,9.297628,3.9421425
5.592186,-4.202919,3.5651572
-1.005434,7.986328,-1.1965586
3.7762632,-9.565225,1.6689706
0.55305576,3.1884804,-0.029063001
3.5338297,-3.6488857,-0.29199508
8.210011,6.974638,8.374415
-6.8037534,0.29170132,4.7307634
1.4210901,-3.737832,0.17230673
-2.080411,-4.13396,0.6174758
-9.776159,-3.7169113,7.6497674
-9.7172365,8.613092,7.5675817
-1.3093891,-0.042681694,1.1214155
7.1572056,-9.458047,4.8472924
-6.593856,-0.123817444,6.207888
3.257371,-0.44460297,1.0075532
5.763503,8.477819,1.4277062
-7.288804,-8.437588,3.613743
4.294652,0.04928112,2.6124012
1.8873386,7.789625,1.3560905
-9.10412,1.1560173,9.695565
-0.19226646,-0.26082134,0.941165
-9.388083,-8.935767,8.735009
8.743027,-7.5982294,8.848819
4.6868153,-3.0352116,0.08289347
3.831643,-8.315233,0.9321475
7.6772575,3.7435093,4.4245424
7.647644,3.0106602,4.085651
9.927509,-8.4137335,8.730129
4.12582,9.908468,0.8891804
-7.2197843,1.1494293,4.606324
9.288361,6.5758743,8.518789
2.7778492,-3.7387953,0.49543968
-3.9419985,8.276077,0.42263657
-3.7216496,8.399086,0.89268756
9.357361,-8.873281,7.084353
2.2214203,-4.038602,-0.673887
7.268448,-7.223893,5.3489194
0.7798958,-0.06553745,1.0750664
9.237337,-6.772846,9.9893
-7.317318,-4.2546806,4.552801
2.3833323,3.6797638,0.19707751
2.3861837,4.5847645,-0.44296178
-0.1153326,7.6643333,-0.6012145
8.895742,9.094746,6.116922
2.0081186,3.2126799,-0.48936087
0.541708,-2.1056437,-1.6223109
6.825323,2.1428528,4.604756
-0.78946114,9.472771,-1.8349643
-0.6461086,9.509867,-0.36342946
-8.244593,-9.936808,6.0595517
-0.065517426,9.026665,-1.1855646
-4.667752,-3.079504,2.0201252
5.7898216,-3.4237576,1.412329
8.699377,-8.9184475,5.8151727
-9.329304,5.2153873,10.083074
-5.7921495,2.9757996,3.4219322
9.627697,6.9192696,9.369418
-4.268223,-5.1429234,2.2767262
8.893364,6.6650295,9.014571
9.845644,-9.360604,9.663916
-2.5078735,7.3352127,1.4531282
-8.094917,7.060793,6.6158667
5.00019,-8.923472,0.63510436
4.5457277,-7.91306,3.2596717
8.690201,1.9349594,6.120023
1.4443026,4.7522354,0.5935025
5.437502,9.7821045,2.2202628
-8.574394,5.08325,7.907203
1.3781586,-6.8768253,0.90848154
2.3535776,3.2590199,0.6534414
6.2675743,-9.209072,2.0134802
-5.3529954,-5.065303,4.2408414
-1.1950436,1.5532608,-0.65577364
-5.960659,2.8803434,3.5371528
-6.73012,-8.818645,4.090672
4.1629066,-2.3771095,1.3552834
1.5249014,-8.106898,0.07574331
3.9734573,-8.85643,1.3830737
-0.22771072,-0.060632706,1.0218297
-0.24565792,-0.56466484,0.95018995
-0.3839674,2.1623945,-1.2425566
5.4016247,6.4466934,4.1589675
-6.919415,-9.68704,3.6008396
2.1556454,-5.6713953,1.6340487
5.4833374,-3.1945515,3.1006892
5.799905,-7.565316,4.0935864
-4.798793,9.098286,1.6058
7.743824,9.425877,4.538943
-6.6646185,-9.740401,4.383612
5.214384,-8.676813,0.96911323
8.180019,-5.3865614,6.860199
0.32086372,-2.9874601,-1.7772143
3.0635967,0.7700968,2.1260185
-9.473209,-9.776499,6.9553766
-3.9555955,-1.3409042,0.9583007
-3.9289188,-8.05834,1.3978813
-9.310343,9.327566,8.587987
-2.1176338,-5.9608507,1.1298248
6.9811935,1.7003536,4.108212
-0.95478535,9.918488,-0.9427633
9.881775,-7.9336367,9.494946
-9.00175,0.4370098,9.965414
3.9881506,8.952425,0.0033282042
8.647104,0.11289406,9.219119
9.719587,-7.3742237,9.526209
-3.8791466,-4.5759106,1.158395
-9.029133,-8.613731,7.8728676
-3.6754332,-5.141815,1.8636862
7.413084,-6.5078998,7.399352
0.87616825,4.612336,-1.0730811
9.558001,5.666273,9.404499
-7.3017826,-2.368947,3.4072742
-6.261821,7.8104687,4.6508393
5.0963345,-6.1094294,3.7489283
3.428793,3.5968456,0.44130442
-6.496812,-8.857855,3.7819016
9.303165,5.8300705,8.71791
-3.8566265,-9.917127,1.1117779
-8.310993,5.8481445,9.290179
2.7790737,-0.65609455,0.35083085
-5.6023407,-8.85481,1.6406399
-4.758785,9.055876,1.880697
-5.586374,1.4265633,2.536738
2.7198887,-7.4466276,0.026834108
4.6849365,2.6459494,1.273699
6.7256565,-6.447952,6.385666
-5.6586704,-7.2676563,3.3448358
-2.3371086,0.18952847,0.85990727
9.334225,-1.5090094,8.218989
-5.1369276,-6.8863783,2.6115832
-3.6146379,7.218937,1.2025813
-1.9228535,2.4173107,0.39034197
-8.854814,-4.953413,7.5887933
-7.3912597,5.12665,5.8386188
8.908901,5.988428,8.800674
1.8459377,8.112831,0.8635743
1.8684187,-1.2153721,-0.045242693
3.9642992,-3.023428,1.2537959
6.08148,1.1054049,4.813254
6.7171307,-0.87227917,5.4275203
7.162365,5.19956,4.7776933
4.0361214,-4.694357,1.2513018
7.5386734,5.024996,6.08428
6.533764,9.283087,2.643195
-1.6721048,4.0294466,-0.6224577
0.9007597,6.888462,1.1198651
-5.2381516,-6.5746617,3.7849727
-7.5246487,3.6423798,4.070381
9.4848175,-8.342777,9.153763
-7.446642,-0.3281641,7.2379
-6.251689,-1.5026665,4.0821295
-9.659512,9.876774,7.610763
-7.660054,-3.0246344,4.0278645
2.2731571,8.207451,-0.041877262
4.7998314,6.0181446,2.3864021
-8.335319,-0.08887768,8.67023
0.7957697,6.8379364,0.14082274
-7.3825336,9.842302,5.0604777
1.8933249,-5.504124,1.9988822
5.9730196,-9.110138,3.2978735
-3.8367844,2.3041878,0.052268818
-4.390231,5.182782,2.9066362
6.5134945,1.3699102,4.8634906
-6.44469,9.185711,2.4852307
-2.0437431,-1.5736122,0.3499504
-8.325878,1.8748779,6.5021605
7.007349,-7.7129498,5.699846
3.1894207,7.1400566,1.1504549
-3.9726677,-5.875902,1.3329816
7.1163273,-1.330781,5.3073006
9.468407,-6.6262636,10.041559
4.0818253,6.8610096,3.0462303
-7.0618224,-5.9111395,4.920675
-2.1805358,-8.436672,-0.39728883
8.043989,-5.0102243,6.2724905
7.267193,0.018582344,6.306507
-3.28761,-6.645131,2.2607055
6.617298,0.54514503,4.691013
-6.541629,-1.5859995,3.7402105
2.6824818,7.7926064,1.9334704
8.815058,4.6041374,8.071927
1.8150024,3.8267384,-0.052297845
-7.9461346,-5.210453,6.7235436
2.9992666,5.632992,0.62999076
5.573168,6.297846,3.8281424
6.954767,-0.54452515,5.990254
-6.578009,0.056458473,4.623119
-1.795064,-1.4923487,0.9539413
-0.52045727,-0.18570995,1.0739058
-1.748353,-7.3301115,0.7264297
-2.2192993,4.9593973,1.753384
-3.6032462,9.2042465,-0.7074095
3.443884,5.017496,0.46468243
4.752016,4.720661,1.4350619
-1.942297,9.064728,0.4026149
7.8582077,6.9746475,6.0602665
-0.053739548,2.3352737,-0.79539794
2.4377584,6.642685,0.9176204
2.5026903,6.962223,0.36021698
-3.4048796,2.0456066,0.20013702
-0.43898106,-2.4142418,0.2610485
-1.1168251,-5.918746,1.646292
3.7817745,-2.746644,1.3035753
-5.372466,2.9908352,2.2334893
-4.590436,-7.801366,1.2138247
-9.652548,-9.094191,8.059294
-4.350195,-1.5358047,2.262188
3.1874523,1.6799889,0.41571853
8.082821,6.4111404,8.694965
-9.858641,8.09016,10.473122
-3.597499,-8.10216,0.29129422
6.2914524,0.14587212,5.925206
-5.407753,-7.2661543,4.5378046
6.7518272,0.9449053,5.3586698
0.40357113,-8.165188,-0.2614184
-9.402058,-9.01791,8.074521
1.6908789,0.46822548,1.8957626
-5.9939814,6.6543636,3.8766823
1.9435511,-9.57509,-0.597319
-8.960104,-8.996714,6.4508986
9.396618,1.1464872,7.767044
-4.266654,9.663338,1.0253723
6.3955765,-2.857894,3.7502296
-6.291767,9.209301,2.3466036
-8.381022,9.354113,5.992968
3.934328,-4.362445,2.0160162
6.0119953,2.7504902,2.1832254
-0.08994484,6.179596,0.34625453
-8.457056,-8.765779,5.8604746
-2.743021,4.0079107,1.367906
-6.929755,4.141822,4.7656884
2.832674,-0.026800156,1.7147787
1.6192331,-9.87719,-0.43945432
6.9492207,-1.5586004,5.680114
9.98221,-7.602031,9.626709
-4.6227264,0.000248909,3.1538343
7.900814,0.2647295,8.156429
6.9476547,-5.4621468,5.295064
1.5371647,8.730652,0.5580071
-9.804409,-6.538686,11.812517
-6.9357657,6.4946346,5.0252333
4.357314,6.381035,3.2785923
7.430792,9.215275,4.026721
5.3442955,2.9312181,1.932356
0.94252205,6.6443787,0.87431437
-6.08148,-3.475647,3.0678322
-8.787068,3.5851555,6.5772643
-5.7146597,9.069183,1.38619
0.07451439,-9.742277,-1.8608326
1.3181095,-7.0745063,0.6300891
7.6587524,2.9631882,4.387619
-7.2124376,-2.2818336,3.5972545
5.230156,-1.6965847,2.0692065
8.471085,-5.711653,9.050472
-9.038501,0.008820534,9.043978
-5.328249,-3.1369758,0.7534665
-2.7908049,9.526173,-1.1205261
1.9186411,6.1236916,0.3094617
8.957468,2.6176147,6.0168695
2.0408058,4.1025743,0.53325987
6.7661705,-4.2098117,3.973123
8.091293,-2.6899219,5.552416
7.850506,5.9210014,8.0957985
-9.120291,8.592295,7.6149583
-6.533327,-2.0550861,4.7231855
-0.6538372,-8.767348,-1.4424884
-0.036489487,-0.2521515,0.83909714
0.8430157,5.9489775,0.24218072
8.400898,0.46914196,7.379619
9.057325,-9.641462,7.764141
-2.9258099,1.2583828,1.2427602
-4.6229706,-5.4114175,2.8297822
0.8099642,4.1078396,-0.998611
1.2652922,8.247377,-0.76443785
6.1671944,6.08189,4.7238164
3.5527325,-8.135021,1.676701
3.1161156,2.2902088,0.91233975
3.28292,-0.5591202,1.1070105
7.4452915,1.9871998,6.045158
5.955611,-4.9429584,4.984575
-0.98361397,-8.119371,1.0969954
-6.977768,-4.666314,5.898505
6.742958,0.41514492,5.7949862
-0.81528854,5.5184355,1.356529
-7.1641216,-8.824268,4.8304996
-1.6665468,5.005455,-0.41713622
7.357996,9.563087,5.366777
-4.596615,-8.319001,2.120038
-0.96423244,-6.981621,1.2751076
3.3735218,1.9244432,0.6965816
7.190773,-5.954013,7.05237
-1.496645,1.7548523,-0.5222877
-7.1828914,-9.033707,5.343553
-4.180311,-0.7573433,2.137885
-3.2279348,9.082962,0.89271176
1.0908995,7.517212,1.1148821
-6.7899394,1.7034187,5.393706
8.811243,4.42807,8.672873
2.6363716,9.011215,-0.96649563
-7.203703,-8.092859,6.019417
5.461007,7.408045,3.6110249
0.50465107,3.4100971,0.5146713
9.784094,-8.392483,8.718423
-0.20095062,5.138508,-0.10584879
-0.13187504,1.3814754,0.0026842356
-9.651223,-8.8298435,8.345169
-8.259902,-5.1803994,6.4011316
0.034971237,0.9607029,0.6856593
8.486366,1.1438608,7.32684
-6.1840177,2.6477957,3.6538427
1.9579229,7.77063,0.8913456
-6.8914723,8.320911,3.4650035
-7.7505646,3.8004246,5.9253154
-3.6769962,0.8835373,1.7790772
-6.6947975,0.037599564,4.8699627
-8.273912,9.150173,5.324581
-3.06944,0.56714916,0.80787176
-1.3663301,-6.60908,1.3897026
4.9786873,-4.845996,3.8333972
4.5976114,-9.751865,0.31867877
-0.13125992,-6.932342,1.5721278
-2.2839975,9.722982,-0.07858427
-2.124474,-7.7841654,0.03172055
-8.2138405,-2.2388449,5.830632
6.9514256,-9.427056,3.5573764
8.970091,5.649028,9.437882
-9.193792,-4.1164255,7.9362593
-9.54815,9.985258,7.5191045
-9.369724,6.7789288,9.023107
-1.6128454,-4.202734,0.5959717
-0.024147034,-4.1357207,-0.20712526
-6.529591,-1.6635132,3.292643
5.52577,-2.6131735,1.2139395
0.65855885,-8.662225,0.025271133
-5.061713,0.9826908,4.1943407
-9.67402,-6.792165,10.44468
7.787119,-6.380658,7.3942246
9.918282,3.0791483,7.7658544
0.9285011,5.3693094,-0.08270842
-4.7893057,-9.490313,2.2905104
6.3576527,2.164363,4.2250776
5.8934355,8.357761,2.0756817
-1.4349651,3.8117332,0.23634596
9.377628,-7.4185753,8.709871
-7.389411,-9.563992,5.7749352
-1.1459723,-1.0383015,1.3742839
8.474611,7.019169,8.18457
-6.187501,-0.74074364,3.5194962
-3.0846238,-9.422904,-0.6803951
-4.251562,9.784037,1.5218369
-4.093678,-7.434307,1.402942
8.808493,3.1223412,7.6049724
6.1635895,-5.9577093,5.338884
-9.091183,2.0326328,8.470149
-6.116227,-2.0827188,3.599078
-0.13049221,-1.1634817,0.17814133
-3.2514858,-1.6182528,0.48352584
-5.5070615,7.98168,3.0536938
-9.829555,-4.688944,10.193911
7.375248,-3.0008078,4.5436335
5.5988684,-7.1637487,2.8710797
2.901558,-5.804948,2.3065534
-2.2504606,-1.7022018,-0.12387785
-9.693211,-7.873056,10.213152
-0.62605095,-3.8030682,0.09427202
3.8229742,-1.2486944,2.7339199
-2.9021893,-7.063278,2.5655718
7.8714237,2.0801058,5.303627
2.2854328,1.2263288,1.0118928
-0.49619675,1.8918362,-1.4434845
3.952095,9.33041,0.10743639
5.2112875,-6.6393385,3.90043
-7.3346195,-1.9177713,5.9451275
3.041008,-4.0085244,0.8323453
-9.088925,-7.6957808,8.918551
-2.0954227,-2.548616,-1.2383102
-3.242158,2.5619879,-0.6257966
7.6355267,2.224637,4.525094
-9.6321,-0.91563225,10.533586
3.5528488,7.150194,2.106926
-9.112191,6.9198895,8.896647
4.3351192,7.7403107,2.9153292
2.449047,7.185644,0.28492254
-3.9349985,0.31394482,1.4697324
2.9537058,-0.48149014,0.7536214
9.59771,7.6669807,8.386022
6.0880737,1.3439178,5.147384
-9.124676,8.555187,7.331419
-2.5915742,0.4092312,0.910045
9.070852,-7.6128254,8.393405
1.547121,-6.8376064,2.013284
1.2328453,4.615673,-0.3473041
0.7134743,6.3229084,-0.09533666
-3.515854,3.3120708,0.880571
-2.6159096,7.8252735,0.07156938
0.66366005,9.316145,-1.009067
7.527527,-4.304924,4.3646336
-2.8184834,2.9665098,-1.1355461
-2.616931,1.6812849,1.4767029
1.9035969,-1.2180557,0.31642333
-3.6600552,-8.380789,0.08488226
8.722601,-7.721758,8.746032
7.5226383,4.392619,6.0533314
0.4201107,-4.329814,-1.3860362
-6.4667034,-3.8805332,3.3413692
2.798668,-5.486659,1.0888283
8.480513,-4.2204437,7.815622
3.2944021,4.4147673,1.7468356
4.1915703,-7.108748,3.6998277
-5.2931395,4.462489,3.7366867
-9.851069,-0.8856878,10.857852
-3.7602768,5.1187277,1.2034101
0.31958008,-5.3300595,-0.508823
8.8847065,3.5507698,7.141925
2.0879478,2.2072544,-1.1588445
-1.8332014,7.459713,0.02908504
-2.5127544,6.247015,1.6012081
-1.9120407,0.8040695,-0.36301062
-5.3772917,8.467426,0.9367218
-4.18651,-7.4897184,2.0204396
1.8577881,-3.390771,-0.84482044
6.7721195,4.206415,4.460743
8.4936695,5.4877357,8.4079
3.850974,-7.1502852,1.8834703
-6.9097185,-2.9157352,4.6902294
9.24453,7.9220734,7.8239956
9.65609,-8.603155,7.5279794
-2.9717484,4.399517,0.15965606
0.3447771,9.910656,-1.1106305
9.051977,-3.7104168,6.4165897
-3.5164967,-1.1199617,0.8041016
4.740673,2.5354252,1.0280433
1.6633091,4.5908356,0.8857372
5.5742607,-1.434598,2.3276725
3.4841356,-8.8762865,1.2960662
9.921356,-0.4351759,11.378346
8.474972,1.1825476,6.6758466
-6.823372,6.608469,4.656248
6.017929,1.801136,2.58178
-1.9784946,7.524044,-0.4724221
-5.2322807,-3.8348937,3.1414359
1.677248,-1.536746,-0.018468529
-1.361126,2.9193954,-0.13324425
-6.516718,7.9491196,3.1233506
-8.826795,4.1682835,8.134896
-5.5731115,9.219566,1.5937953
1.029562,3.2777548,-0.99722314
6.0943375,5.1222334,3.8744879
5.8926125,2.1686563,3.2817523
2.6667538,8.257681,0.13442619
9.486275,7.8220444,7.820706
-8.5648155,6.0744896,7.196482
-6.2942705,-8.473787,3.362883
4.304592,-1.1100254,3.3659976
-9.108491,-3.3876858,6.8771257
9.431211,-1.5033932,7.862214
1.3787956,7.120407,0.031229705
-3.6854959,-6.6021657,1.8668386
8.9229145,-5.2128067,8.113253
4.662451,-4.0556073,1.0313854
8.410116,0.70459557,7.6351395
7.5337696,-5.556282,7.65708
-1.7403994,1.9983921,-0.07038146
9.077839,-8.47487,6.5778956
1.320612,-5.118108,0.23714992
0.96831703,5.972314,0.4023239
3.4747877,6.895447,1.0463382
-7.828761,-3.1251597,4.851174
-5.9792337,0.53453636,4.4278817
9.462502,-0.34012318,10.231329
-6.5440836,-7.07955,5.366702
5.4033623,-2.2423935,2.6805663
6.0436916,5.9036293,3.904048
-8.118502,0.33597088,6.795607
-1.1460762,9.591677,0.30259842
-0.10699749,-8.169144,0.39033613
7.418928,-7.088257,5.0644817
-2.7364912,-8.525419,-0.5095298
9.032003,-6.3296866,8.346072
-8.391163,2.098116,6.7951474
4.177616,6.689535,2.806092
5.46002,-8.186716,1.9327312
-3.6024609,-7.630093,2.4421868
-3.2886305,-3.7038517,-0.47039577
-6.3694468,5.9318295,4.780178
2.6530514,5.281933,2.1412892
3.351139,-1.015934,2.2009215
-3.5148869,9.121666,-0.39182273
8.086988,3.6390867,4.770351
-1.5322542,9.399412,-1.8609962
-1.5581589,0.026883125,1.3547773
7.8102074,-6.1926985,8.042168
1.7521296,0.11158943,1.4416176
5.3531075,3.1673918,0.70048195
5.894291,3.9096975,2.0381377
-6.5456653,-0.037633896,5.7585444
-0.12666225,0.34158134,0.9466939
8.831575,1.8973589,6.5285673
-6.183547,-2.2047758,4.472281
1.309701,2.448309,-0.78719234
7.4282722,-6.3649426,6.5310664
1.1041346,-2.2005138,-1.0124036
-2.2422647,5.391575,1.4002979
3.6161528,3.0566607,-1.0074209
-8.271476,5.5957546,6.885234
8.2159,-6.6599727,8.573799
7.8556423,-2.9433036,6.186375
-2.8003273,-5.177125,2.2207284
-3.6175752,-7.779093,1.3609995
-1.9560661,-4.105561,1.0269963
9.949722,-0.6396675,10.857799
-3.8386035,-0.7325916,2.4855363
2.9944305,-0.6179104,0.8891363
-9.493923,-6.316661,9.722512
3.0226822,-0.6784439,1.1233678
6.059059,2.6516247,2.3687518
3.2367983,7.1820717,0.5141546
-0.4751768,6.049841,0.63467944
0.7297764,-8.35712,-0.43026364
8.659779,-6.3707805,9.148604
4.345804,7.8880253,1.8218535
-2.3107395,6.7881794,1.4835131
-8.032064,5.5509567,6.7233706
7.2880974,-5.157578,5.7586412
-3.7230577,8.433147,1.0243195
6.234783,-9.715298,3.5750117
-2.0097685,-7.9527545,-0.114630505
0.16597176,0.89500237,0.77897394
-7.8863535,4.65084,6.807232
-3.8096294,-9.425639,-0.30962002
0.82509136,1.4720345,1.144608
-9.664003,-0.15048885,11.182898
-2.0579028,-1.31633,1.1281611
5.8104944,-7.832558,2.2959728
7.028454,-4.7938814,4.2883344
7.365925,0.4694233,5.9757485
-3.0496273,2.3916483,-0.33989453
0.78717136,6.2719364,0.018134318
-8.02452,-3.542675,5.3109503
5.1801186,9.465422,0.6762775
1.7705622,3.7652988,-0.091067865
8.370264,-6.7941165,7.4972105
-1.5556793,-9.955678,-0.4346629
9.563929,6.723379,11.111179
4.954343,0.7557583,2.9333518
8.534119,-1.003643,6.738724
-0.6507969,-3.3105183,-0.035706915
-7.846265,4.701442,6.6601663
-7.842481,-3.598443,5.627777
-9.428888,-7.316185,9.339498
1.6621542,6.9447155,0.2280902
-7.7329493,-4.287455,6.5456257
-3.266591,5.757908,2.0116854
5.0814476,-6.8768444,3.836841
9.090891,-2.0103016,7.987761
-2.5080242,-5.4797506,2.153985
6.9235115,0.425642,5.9290485
-0.7577629,-1.1826534,1.0710514
-2.0011592,2.9833984,-0.3095231
-1.1834326,-7.756498,0.6701178
-4.5343184,-8.819919,2.239172
2.736969,7.952982,0.94521993
-0.054131508,-7.656788,0.46416408
-4.8723316,3.3719625,1.8339478
6.3605843,-8.684826,4.7636385
-4.467385,1.9486961,1.1510795
-6.772785,-0.21276855,6.640281
3.4714527,-4.9174786,2.2029464
-0.6140671,-0.20592117,1.3339976
-5.5048904,1.2277622,3.0986252
-8.163314,0.2798376,6.8193717
-2.9961052,7.565323,1.9702566
-7.656667,-5.7279563,6.368996
5.438959,4.528248,2.0827918
-1.245594,9.210054,-0.00806053
5.1505737,-7.182704,3.7560744
4.8676605,-7.8325105,2.1810462
0.80546474,3.3797598,-0.5613719
-1.5396729,-3.5499582,-1.2347493
-5.1574516,-0.22552586,4.488206
2.2513018,-9.328249,-1.2534771
-8.695474,6.108309,8.440935
-4.8729095,-0.6602297,3.242879
7.974659,0.61479664,6.201099
-1.9409714,-3.4760976,-0.3456139
8.06723,3.471427,5.5782657
5.9217377,-0.16399002,3.8182597
-2.108058,-3.9853954,0.46769226
-8.048931,2.484089,4.5189533
8.03093,-3.713025,6.677088
0.8424196,3.711214,-0.7334744
9.450378,-9.577782,7.473602
-9.044122,-3.869307,7.0481625
2.060729,-6.851736,0.39570516
-8.615899,4.2545023,7.8875203
-1.214119,-7.0221496,1.2381451
-8.765121,7.748081,8.620972
-9.101765,2.434888,7.496799
0.50446606,6.128771,1.1788727
9.858772,-6.52316,9.43042
0.76623154,-8.123342,-0.52679074
-0.926466,-1.6410179,0.7390585
9.321413,-5.4945993,8.502301
0.9153795,-3.3871756,-0.88578993
-5.5836573,8.220034,2.051055
6.3588715,5.344822,5.3537273
7.1354866,-2.9545856,3.0562065
8.670984,6.0723763,9.215469
7.864191,-6.698159,6.2621813
9.295643,-5.8108926,10.117819
-3.708825,4.4294157,1.3538345
1.4378834,4.317294,-0.25870872
-3.6490297,-2.8913927,-0.24794546
-1.3310966,-6.8241224,1.3300915
7.9061165,1.5630093,5.9079103
-7.901307,9.646826,4.1344604
5.4646416,9.842077,1.6953312
-5.7778273,8.203997,3.4130416
0.05483818,-7.4990473,-0.10677243
-1.1906195,6.628851,0.26292723
-4.5042777,1.8312941,0.7760468
0.8527508,-8.116626,-0.6164488
-5.065583,0.64226246,3.5586522
9.057447,-9.6572075,7.6872106
-3.6201262,2.1467571,-0.46061218
6.3294754,-5.498724,5.09854
-2.381979,-6.728356,1.3582338
-7.873299,0.48658466,7.633681
7.7628117,6.7446976,7.809114
-2.7612424,5.6128683,0.98019993
-4.142678,-6.1883807,2.8717902
0.7496939,5.6880264,-0.022584058
-0.10188198,3.7207508,-1.2444127
2.8218126,-6.6756735,1.707746
-2.4262762,-2.5793433,-0.43049854
-2.8851929,-2.3963737,0.7839904
5.471348,-8.127822,2.4060345
4.5834618,-9.124815,1.5457982
8.838932,-6.790642,8.830257
1.1036148,9.090839,-1.2963912
-2.595961,-2.657031,0.35190725
-2.1304502,0.9599104,0.52690256
-2.0378265,-8.303925,-1.0311596
-3.1602716,-1.7200985,0.024394818
-3.4128237,3.77808,-0.06076157
-2.8175268,-0.20264626,2.3172948
3.0157948,-0.7858429,0.86491346
3.9567366,-0.1332035,1.7541399
7.6112576,6.7238293,7.573733
-9.731313,-7.044648,9.494567
7.7546387,-8.980244,4.2730436
-2.014717,-9.632005,-0.18519731
-9.771849,4.066181,8.284039
6.5374527,-5.570422,5.7749934
-5.669565,-4.3736706,2.4841104
-4.506271,-1.3226681,1.9223633
3.3188667,5.862463,2.7367902
1.6380224,0.08691311,1.523081
6.8167286,1.9573841,4.988379
-6.977575,-2.80895,4.2405596
5.4326296,5.4423704,2.5453796
5.2122498,-4.988768,2.1800206
6.189806,7.708256,3.3855748
-3.328421,8.231375,0.19014117
1.6983309,-8.995535,-0.9768289
2.943451,-3.1663847,-0.17712404
9.428757,-1.2050066,9.909278
-6.076739,-5.384754,5.163872
-9.181905,0.53693676,10.7406845
-9.043995,-3.2821846,6.4674315
1.3244257,8.27878,-1.4048746
-7.6001406,-0.7911377,6.3761725
-1.8511686,-5.5899167,0.22532496
-4.674655,-4.965627,1.5228662
1.8114958,-9.345871,0.2969594
-7.086178,-6.146035,5.3622684
6.166765,1.941515,2.9124389
-9.823874,3.02067,9.411767
-5.4786015,-4.309965,1.7841573
2.0635033,0.101745605,1.5494566
-9.835865,5.017543,10.926925
2.4648142,1.3218365,0.6734156
-3.7411604,1.1265659,2.3781416
-5.050522,-6.5601215,4.4375286
7.1683006,9.40172,3.2613223
-3.2289362,-2.9522467,-0.22756098
2.3639727,0.8249512,2.5208604
-3.861277,-1.2314968,0.59023494
4.6780357,4.344455,2.6942544
9.106659,-8.282967,7.962529
9.599377,2.275755,8.711694
-6.048994,-7.7620482,4.0284715
-9.940424,7.8931313,9.747139
-6.9928026,-3.9417005,4.802442
2.817068,2.0414114,-0.089809544
4.0145054,0.6617718,2.68633
5.252138,-3.9747105,1.15586
4.342428,-1.33461,2.3947246
9.728207,9.512007,7.668184
-7.583246,-5.056348,6.5564194
-7.8398027,-2.5993834,6.2215266
-3.1315145,6.591585,1.1765395
7.761696,5.8708477,7.9167337
-7.6787114,2.7667122,4.6545863
7.49745,-8.750355,4.589669
1.6639185,-1.6130505,-0.035052896
6.1856804,-9.853155,3.6575022
9.907478,-4.942075,11.084479
9.733278,-1.0690575,10.784068
9.600065,-3.7796888,9.404073
-2.4540114,4.1052685,0.5213849
-4.267172,0.10026169,1.9275905
4.2453556,1.9680042,2.299426
8.52776,2.9315357,6.246367
0.24897957,2.4142456,0.18348303
-2.367159,-9.803917,-1.2760193
-1.6173878,2.019043,-0.15525006
-3.5693526,8.228207,1.9341367
4.801634,3.3753576,0.5720624
-9.945789,7.178583,9.490191
8.509195,-5.414548,7.051237
-0.36723137,-2.5384226,0.5527428
-6.0620832,-9.123737,1.6488373
-3.5670328,-9.132791,1.5652955
-6.1385083,-7.5387836,5.0307384
-8.689202,5.110278,7.6974645
1.0062227,-5.881668,0.96905637
-2.2710838,3.3567486,-1.2429111
-4.4889107,6.925621,3.0232897
-1.7030668,3.571556,-0.2597493
-1.3787556,-4.1914234,-0.80503887
4.40565,6.388357,2.941844
-8.089111,3.6674871,6.6825523
-0.23446846,2.2679005,-1.0903146
-0.13647461,-2.5086746,-0.23271324
-8.1748295,7.944172,5.980905
9.217983,4.832823,8.6812525
-4.7406206,-1.7577171,2.9387977
7.9337997,4.6118584,5.0107236
7.66485,-6.6637397,6.077781
0.27083015,-0.8659363,0.30819678
7.4459496,-8.302173,5.971872
-7.524979,-8.923767,3.8317485
-1.099225,8.1454315,-0.49101916
-8.248912,5.3156834,7.2673674
-6.0876217,-3.3939657,3.6329842
3.1594324,-5.5719376,2.382542
7.45154,-3.8373337,5.341433
-5.934272,-2.3765411,3.4988027
-4.040595,-1.7012367,2.1639524
-5.6070137,8.562855,3.2555966
-0.8688173,9.572094,-1.633447
-8.306206,5.2216864,7.698408
-7.915051,-5.594488,7.221716
-2.1755624,-3.5255537,0.08185458
9.608051,1.2470417,8.845692
1.7226515,-5.9559574,2.1144145
-4.1625605,8.946114,1.5629354
6.6850967,-5.927212,4.3085012
7.3805637,9.256002,3.5737839
6.8344097,-0.043794632,5.1374254
0.0930748,9.060303,-0.28588653
-1.0833645,6.535679,0.18520539
6.495304,0.8989668,4.6755023
5.3755302,9.815603,2.4891236
7.5823574,0.87365913,6.402941
7.20216,3.8384428,4.956663
-2.8384914,-2.5790129,1.0825471
8.469839,-8.805973,7.4036098
1.956501,-6.130086,1.8494455
9.95583,-8.049001,10.859908
9.948175,6.850191,10.005092
8.386749,4.4471455,6.160864
6.6566257,2.817278,3.369142
7.8517437,9.271755,4.675433
-4.700172,-7.0594597,3.6784825
-3.892951,2.8130913,1.1600137
-2.3305082,0.43143177,0.44974697
-5.118288,-8.752771,2.6825283
7.347088,-9.659829,3.2874572
0.9348297,9.712101,-0.52448845
-2.5327325,8.491415,-0.35650885
-4.4803333,1.8169937,0.6506268
-8.903139,-6.4197435,9.364488
0.7175102,1.3931923,1.2784123
8.790379,7.1306057,8.28264
6.575289,-2.1757174,2.6177623
7.925871,0.13885593,8.214064
6.8323784,-4.9186287,3.946983
4.2079935,7.5593777,2.4521754
-0.2879629,-6.095116,2.021457
-7.3977494,-5.6193247,5.6586804
7.3524075,-2.5690293,4.6909075
-7.0368505,-0.31694603,6.8753014
-6.0133433,2.5195208,2.038495
4.012686,7.7838573,1.6554463
5.4919434,6.1238117,4.6376495
-5.203879,1.4426861,1.6363478
6.3286095,2.6223736,1.9313211
-9.358682,8.476809,9.02559
2.3830109,-2.9364767,-0.82497
4.414668,-4.76063,0.8305166
1.8574486,7.658495,1.2368928
-5.6270695,8.675316,3.2069612
-6.7534447,-0.40958786,5.5745296
7.992441,-0.39225388,7.000634
2.2030563,7.5887985,-0.20620266
-4.2960644,-1.8650093,2.2632544
9.631916,9.871452,8.715994
-2.0873165,-7.327305,1.8894374
-1.8491983,2.458148,0.53323454
2.5739346,7.5751,1.7861234
8.325506,-9.628006,7.327426
-4.4515,-2.6447606,0.30503747
0.05041504,8.521503,-0.13132766
-4.489455,7.23831,1.4113476
-4.5294166,-6.672864,1.8982037
-1.3631248,8.000235,0.6855613
-0.01030159,8.569492,-0.8196886
5.3619957,3.930729,2.737686
-7.469393,-2.5342226,5.0495954
5.80305,-5.746464,3.412858
7.812708,-2.0646324,6.051009
-1.140008,3.148837,-0.59499407
-0.89577866,2.1171865,-1.6230843
2.4660482,1.3759823,0.6605573
-9.155197,-7.0878305,9.926727
7.3581886,8.107037,5.2711143
-1.749342,1.1803741,-0.56276786
0.40217495,2.0663033,0.2349208
4.740923,-8.316515,0.73309374
4.1639366,-2.8174734,1.5922011
-4.627038,-2.4149742,0.116398335
-7.3451624,6.909487,5.7713685
-9.647065,7.948906,7.876444
-8.350292,-6.229104,8.969027
-2.1021833,-6.811168,2.3847864
-7.763233,-5.9280324,7.926964
-1.0097294,-2.803502,-0.48203865
-5.283153,-7.6751137,3.3922439
5.666336,9.240561,3.6671612
6.8400974,-6.657934,5.104851
8.4600525,8.241562,7.3602633
-6.5575256,4.062853,2.6433105
-7.057122,-3.6690035,4.8739033
3.4689713,-4.9284983,2.3319552
-2.283615,1.0051899,0.30515608
7.583811,-9.802946,5.7108603
-9.17397,-4.2601037,9.097993
9.273365,1.3137102,8.362569
-6.936184,-9.645734,3.029587
-8.019153,9.356653,5.5856223
-1.0604172,-5.939834,1.0003475
-4.430051,-0.265625,3.8117728
-6.3039184,-5.0195227,4.3217397
5.7090816,-4.186364,3.3327188
7.7232265,-4.000908,5.833103
5.567589,1.9876852,1.4214637
1.2206078,-6.150655,0.11260565
-1.4390097,4.1238546,-0.012144022
-5.45614,3.836897,1.0430737
9.531235,5.532031,10.613512
-5.4465485,-9.299734,2.2899165
-8.767772,-5.910573,9.752156
8.484222,6.0124836,8.779825
-0.8064852,7.9898148,-0.28485584
6.7192135,3.7436247,3.924243
-3.3191214,-8.6510105,-0.0024286471
7.7887115,2.45183,5.242873
-7.051717,6.7564735,6.4299135
6.0178356,-0.45964622,3.898663
7.783123,6.094536,6.804748
-0.13980675,-7.0596943,1.4536756
6.6316433,5.945751,6.2068
0.3548565,1.9866953,0.36800748
-9.155789,-3.5404387,8.06497
4.3809433,8.037004,1.1786342
-7.773998,-9.074477,5.91963
0.31426525,8.577234,0.066022724
-8.995256,2.2703571,6.1253266
-4.761177,2.7384367,0.97747654
-2.9796243,-1.101778,0.97015685
-3.8861809,1.2831917,2.8491683
-9.850565,7.042034,10.352734
-4.966862,1.2002468,3.0296211
-9.265746,1.1700258,10.012717
-8.360148,4.9392166,7.769885
-9.976782,-4.564638,10.908124
-5.7606673,-2.2282066,2.7913613
-2.240839,3.9007006,-1.1176081
9.008755,8.888981,6.077818
-7.0351324,-1.8388252,4.9321346
-7.604363,0.26149273,6.103133
-8.140625,4.2093086,5.97397
9.355381,-6.429261,10.244117
-1.2788506,-8.00294,-0.48791188
-2.6605964,0.5776882,0.44113684
5.4829226,1.7825584,2.3120885
-5.90849,-7.7253065,4.7071958
-2.6428342,9.731354,-0.78533274
9.165747,3.4775343,7.930432
5.3261395,-6.0787735,2.6104035
-7.7573195,7.7111588,6.4737544
-2.7484283,2.81067,-0.9978179
0.9819975,0.7703676,1.4664505
3.613061,0.9176998,1.875657
-4.600683,-6.6785884,2.2854693
7.001915,-0.80490017,6.1945853
0.15638351,7.7691555,0.67778325
-8.646227,-4.9822083,6.9235272
2.6795921,4.6347084,0.3803386
-9.70758,6.349163,11.029906
0.6961937,9.867722,-0.17228478
-9.890285,-8.033787,9.06227
-2.852447,2.7376194,-0.9406284
-2.3240528,3.287634,-1.2903819
-8.982677,-3.3825817,6.2271123
-2.828516,5.8937063,2.695501
0.3358078,3.8702278,0.21632242
-5.6341505,8.502434,3.3371482
1.4191341,-7.148513,1.8906019
5.2806416,2.7085934,2.9605196
1.1802063,-7.2381234,0.07961188
-9.815593,2.653185,8.197545
-0.031599045,6.388714,0.8588007
-4.6864424,-8.529688,2.2770965
2.8504105,7.7478256,0.91624314
-8.0236435,5.7290373,6.2650404
-6.917347,-0.9097948,5.4647493
-0.33197308,9.2514305,-1.3982902
5.766429,0.0605793,4.591056
-2.6715374,-7.318841,2.0663946
-0.52732277,-7.0774612,0.18969482
-0.9903469,6.480648,1.0217601
-7.8244734,-8.215299,6.6867356
-0.79117584,-3.3577251,-0.57151055
-0.2814474,8.032593,-1.1216744
1.6552315,5.141432,1.6975199
4.4757633,9.140526,1.0581328
2.9781036,3.4645472,-0.5137278
5.5767097,0.23296833,5.184558
-1.906395,4.642128,-0.38083708
-4.3199015,-4.521413,2.3994715
8.492531,5.974269,8.61609
7.973238,-4.885932,5.412818
5.4521255,-3.1554341,2.4632916
7.2846394,-2.784647,3.7983258
4.8977165,-5.4615664,2.1087863
8.839737,-0.19531345,7.865234
8.698986,-2.1534977,6.989924
-8.130625,-1.886653,6.8465242
-9.4236765,6.418745,10.381535
-5.1882305,7.6336403,1.6921929
7.645832,-5.254221,5.5352507
9.029224,9.510761,6.2357945
0.6523361,7.002516,0.12056959
-7.3937654,-2.7527642,5.204969
-4.6999846,7.139305,2.0285344
4.7538195,-3.2806625,1.3427235
9.314955,9.285738,6.9538374
1.9368849,-0.5272474,0.28272194
-6.5767193,7.5474052,5.012327
9.487982,8.160227,9.434839
8.780983,6.8749676,7.8045206
-4.3869486,3.92274,2.4050515
-5.40337,1.40979,1.8138233
5.7490873,-8.007799,2.1056526
-7.226323,0.113838196,5.660658
8.347187,6.2397957,9.15348
-2.0186605,9.526901,-1.0320821
-0.13610268,3.573226,-1.2743598
-5.3423395,-6.151437,4.858298
-9.886088,-0.19151592,11.656024
2.262453,-4.1601267,-0.42497075
-3.5628548,-0.0759716,2.0542617
-5.863447,-6.406877,4.1818676
7.971119,-0.9491024,6.057835
1.8543444,-0.071372986,1.2496755
-2.6813211,5.8545647,1.6490972
-9.221855,-4.3405485,8.498448
-5.6293774,-7.4831605,2.658362
-3.2642555,-0.49244118,2.605896
4.2037506,9.615519,1.2116134
-9.11417,4.635849,9.251374
5.7753887,5.407037,3.748595
9.096153,-9.741732,6.6429534
3.0944748,-0.09903717,1.5931102
-9.92874,-2.1075573,10.44168
1.304637,1.8368435,0.683233
-4.035529,7.520239,3.002392
3.1632519,9.442167,-0.95809084
-0.37380028,4.1181087,-1.8309078
4.892825,6.563757,3.8633986
-0.8135977,-2.4098992,0.51963794
1.8037357,-0.97288704,0.20515323
3.9840975,-9.278185,1.1516188
-7.408971,-6.9777536,7.043036
1.6676769,-8.14015,-0.82316244
8.911158,5.8911133,9.810835
6.982605,4.8161907,5.806442
0.6224556,-8.078836,0.90957177
-1.7585106,7.9750137,-1.0428145
4.1348724,-9.441906,-0.22748694
-8.793686,1.0011339,7.68782
-3.011899,-9.082079,0.7592375
8.673685,8.188578,8.421404
1.2868938,-4.6368847,0.2765175
-0.12937164,-6.4235997,1.2207508
-7.871139,4.6872215,6.8083043
-6.4812756,-2.14439,4.71289
1.382967,6.446747,1.4951806
-7.5169144,9.33411,3.7890894
-2.891718,7.1089134,0.4143715
-4.9262786,1.2453251,3.1297626
3.0817642,-0.83649445,1.3204557
1.5276737,-7.164283,1.816958
-9.655325,-5.8557463,10.361447
3.3005533,-5.949794,1.2549897
-0.9016075,6.0633564,1.5135217
-4.8446035,0.41572666,2.4973874
7.366678,-6.636436,7.274744
-6.5833797,8.9962845,2.7868092
-9.121321,-3.156681,6.851984
1.0902462,9.817522,-1.4745722
-5.427611,9.51189,1.1961929
-4.060943,1.7276993,0.5335721
-8.745412,-8.197335,7.437763
-2.4852657,3.2956963,-1.7491357
7.944908,0.21648502,8.369223
-9.073068,-4.9181247,8.941288
-6.7620287,-5.984153,5.6676083
-2.1883335,-6.966667,1.6054934
-7.914152,1.5439138,6.746105
1.8718643,4.17183,0.8843556
-1.9871864,1.6865492,0.42092836
7.564766,5.7865124,6.230277
-9.93836,-3.6510205,8.148642
0.3347788,-3.6065197,-1.617256
4.409671,9.789988,0.30745554
1.2981453,-7.582177,0.8803921
-2.7233124,-9.214057,-0.12975226
9.378149,9.731287,8.029376
-7.762269,6.197298,8.016873
9.313917,-1.672658,8.73022
2.7224836,3.0575733,0.51029843
4.7617197,-3.146924,0.42731372
7.049654,-1.3853884,5.399309
0.9952469,1.3863277,1.5549631
1.060358,-3.4354138,-0.15065645
-2.0276809,0.702507,0.462713
-9.071599,-3.7566948,8.075651
4.2125177,-8.276449,1.6323527
7.479088,4.66218,5.3479123
4.181203,-7.3369017,2.6225712
-1.560339,-9.770161,0.045286864
-8.951603,1.978693,8.549168
-0.16528988,7.316225,-0.079322904
2.6005898,3.4714165,-0.32676092
-7.82712,-7.0757494,5.975074
8.503395,6.022703,8.875261
-0.26333427,-2.8953934,-0.6884524
2.731247,-1.2355156,1.7152605
8.82185,5.9534817,9.556005
4.341178,3.9298306,0.21474136
-5.418621,-3.5253038,1.8221738
3.6877518,6.075838,2.03042
5.879879,-2.6647148,2.6020808
4.989176,-2.6895275,0.7835643
-4.698292,6.896845,2.3088422
1.0157223,-2.2618723,-1.2333727
-7.185211,-0.19994831,7.0392776
-1.1234941,9.355301,-0.14550519
-6.9391975,9.618832,4.590936
5.7166386,2.3549986,3.0517094
9.784218,7.521063,9.248225
-9.685005,-1.4106455,10.567615
-4.6721163,-4.6016574,2.6645634
-4.2298517,9.3534355,-0.50388587
-7.002221,5.24776,6.298579
9.099432,6.836855,8.847237
-7.7244005,-4.8415527,5.7689786
-5.228075,5.234462,2.3977695
-8.307323,8.185574,7.730193
-0.033177376,0.95664406,0.68249947
-7.401904,6.6653404,7.0257072
-6.736114,-9.073565,2.7117646
9.943911,3.9548492,10.230631
4.4685946,-2.4697266,2.3263073
4.242441,9.086582,1.6210135
7.0919647,3.6095724,4.1368594
1.7278976,9.902031,-1.142704
1.6227198,-3.4761677,-0.08566979
-7.510836,0.9196625,5.758717
2.8093243,7.11833,2.5204163
-7.81262,-7.231971,6.7623205
-0.04350853,-3.4878802,-0.79070663
-5.3964067,-8.001934,2.1110215
-5.6681786,-7.5077496,2.272677
-5.854993,4.4292526,2.1906497
-4.840858,-3.0201616,2.3500843
-5.94718,6.539442,3.6629424
-5.4688716,0.9232235,4.394594
-3.6427011,3.52172,-0.15417945
-9.1370945,1.064724,9.195537
8.004444,-9.371566,5.98186
3.3603992,-1.5077677,2.326044
-9.946575,-5.4916525,9.733785
-9.995068,-3.9614286,10.681912
-5.036173,8.04628,2.0890055
3.8586903,-7.7380457,2.3485463
9.153034,-7.3016176,9.539951
-1.5577116,-3.2068768,-1.5381793
5.949959,-4.4379687,2.2692206
-5.3937006,2.4683104,1.3967612
-2.0756063,6.4165688,0.95488745
-1.5502472,1.5693436,-0.61757815
-9.735889,0.17611122,9.021603
0.052170753,4.8032417,0.22743854
2.6466637,5.9717007,1.5380033
6.0951023,0.35163975,5.4661417
-7.737466,-6.752732,7.6108265
-3.0109558,-8.665075,1.2183731
0.37725258,9.979242,-1.6610289
1.0607901,3.2524319,-1.411824
1.6864758,9.155138,-0.27723253
-7.428322,-3.8381329,4.7433577
7.761221,2.7495098,5.4163847
-9.03643,-5.2659807,8.145943
-3.4715986,-5.2645674,1.3749936
4.983265,-4.575932,2.8816552
-2.4939928,9.994339,-0.03227068
-4.8183813,7.2907486,3.3619971
-9.865371,-6.1540103,9.883467
6.8874474,-7.054398,6.596807
-0.22453785,3.2984638,-1.7844337
4.830228,-2.3580132,2.7294605
1.5953846,0.47823906,1.619209
-7.436756,1.2767773,5.7093763
-3.5335627,-8.756143,-0.08861428
7.1303177,2.208744,4.304254
-4.8970675,-0.08738041,3.8013468
-4.607526,-6.998756,3.5096757
5.4838,-9.889268,2.75284
-4.333996,5.106039,2.31039
1.6324415,-9.144216,-1.3333346
-4.861462,-4.5048866,2.5782006
3.078166,6.078245,1.4189216
1.0172472,-6.663398,0.52245486
-7.937578,-4.735861,6.1615496
-7.5846887,-6.3010273,6.2339764
3.677084,5.8865366,2.580725
-3.274952,3.0938396,0.28980213
5.4778214,1.0321093,2.943802
0.5203991,3.521038,-0.028231926
-3.4197092,2.8609514,0.650218
-1.7401228,-2.1128235,-0.692392
-4.5560684,-0.9216318,1.8656268
4.9345417,-6.2593594,3.7562609
7.932064,-4.6971083,6.3889165
-0.3114643,0.15433502,0.8231613
-6.446762,-1.213604,5.58689
7.1887093,2.5173903,3.8910148
8.137043,4.7464085,7.506392
6.8171234,7.671009,5.726335
-0.18099213,9.582087,-1.877088
2.4581995,-0.76000977,0.22041175
0.50863457,3.9430342,0.19668356
-3.7982407,-8.099118,0.5418792
-9.901761,5.787326,9.987644
-1.2222862,-2.6738024,-0.9141184
4.325037,-7.934903,1.6251172
5.833125,-7.7861834,2.4965384
2.3783932,-8.337038,-1.0124671
4.5600624,-4.618825,1.3040662
6.2595654,4.5661983,3.4798758
-1.9332428,-8.156361,0.08368286
6.5299797,-1.1802864,3.639751
-0.21004295,-1.5541029,0.34847122
-3.5415325,3.6784277,0.006341886
-3.8832474,-4.0766087,0.6789336
-5.8280315,5.066145,4.6291704
-7.7019835,-6.184242,6.788004
2.2908115,5.8757677,2.0586255
9.240515,-9.964378,8.636555
1.4215746,-6.810534,1.6490781
1.3515396,3.5075169,-1.6977437
-3.7514257,1.5345287,1.9701029
-3.9419546,7.004616,1.4043913
-3.1342363,5.208494,2.3631828
3.4613714,-8.332614,1.307745
1.7240639,7.8649864,1.0356612
-3.674171,-2.5950584,0.29050493
1.9594517,-1.8886099,0.82290906
-1.7471638,-4.2570567,0.7724609
-0.6811609,-1.7339525,1.0450791
7.0906525,-9.3362055,4.1353836
-4.1669807,0.77315235,2.626001
9.33058,7.5350018,9.837992
-5.4696712,-1.9986877,1.994187
9.264652,7.6893253,9.777141
3.7567568,-4.5192614,2.1165495
4.015291,4.0393457,0.41169283
-2.287489,0.9886589,0.056272253
-2.7251997,-3.8811436,-0.98731524
-7.314643,9.748737,3.9452298
-9.589769,0.8219681,8.839901
7.00152,0.44526958,5.559153
9.700315,-1.0802536,10.82818
2.8675957,-0.5417776,0.46230948
-3.9115229,8.061544,1.4145392
2.1962643,-1.5219488,0.9990175
-0.37451267,6.0052013,0.081687614
-8.6441,3.6268215,6.6251707
-8.00878,6.522045,6.2006335
3.471984,-7.578993,0.5150121
-2.9197621,-8.762722,0.67729723
-2.3784685,-3.283484,0.38977492
-6.0292315,-2.7914848,1.635792
4.410158,9.52832,0.29429895
-5.046283,9.853579,2.1712422
-3.1935844,-2.3844266,1.3680266
5.350298,-4.791453,2.5665941
9.613283,-0.042245865,10.03038
8.9149475,3.827282,7.5708656
3.9365273,3.41778,1.5539677
0.35522652,1.8876219,0.4365543
7.515808,7.3442764,4.9749103
8.841444,1.0630035,8.190549
4.489423,8.091511,0.8771054
2.9395962,2.4359455,0.93147254
2.4113464,-0.888957,0.48744515
1.0175762,8.325531,0.52272034
6.6003857,0.32513523,6.4330063
2.8287745,0.3990383,2.3765798
-8.4314165,-1.9326134,6.233019
-5.9071016,5.873554,4.8809104
-9.081264,-2.9652462,8.356323
-3.0053902,7.801428,1.9243075
0.51110363,5.3389034,0.9837725
-4.2396984,-0.16036987,3.5903919
-9.1967535,-1.6393957,9.268607
-6.503619,3.918419,3.37029
4.255913,-9.7649555,1.5353765
-0.7044201,-3.3075213,-0.4260155
-1.676507,-3.534751,-1.0790573
1.6190128,-1.2250242,-0.29638097
-2.1123276,-4.785433,0.073985055
-5.4497313,-4.3192506,1.9088538
-4.5888877,4.7554665,1.643223
-4.076,-1.0599527,1.1289303
-9.3602705,-6.9308567,10.275781
-9.2222595,-0.7223778,9.409266
-3.7888298,3.228857,0.7248694
3.7526073,-4.051404,0.36679596
9.779581,8.508133,9.834723
-0.2706604,-6.9416704,1.5560297
6.8289833,8.707035,4.0652905
3.306552,3.8491955,0.4500982
-7.9644513,-5.747795,7.9845085
-5.0028706,-9.467021,1.1925452
-2.7438116,3.9008408,0.831986
-8.242116,-1.864605,6.7926073
1.400526,2.962947,-1.5038127
2.375327,4.2699385,-1.0016667
-7.795349,-6.779641,7.5054994
-2.1046934,1.1753788,0.1974727
-8.82062,-2.1313372,7.2238483
9.958168,-9.004175,8.113145
5.9146767,1.7642918,2.5481367
-3.7722244,2.137228,0.3729758
8.596838,-7.649822,7.5411587
-6.259091,9.405882,2.0756164
8.412893,5.2438784,7.9876366
-3.8484144,5.6850634,1.9970134
2.921795,-8.713459,0.011485264
6.9489822,-8.640489,4.5256767
4.655734,4.319744,2.7080522
2.4233055,5.7749805,2.7088366
-1.1531343,-8.576108,-1.202009
0.073615074,9.602898,-0.33033678
8.538559,-2.203723,6.687169
-3.268033,-8.107057,1.9875494
-3.2445145,-7.336545,0.7224182
1.2779045,-2.3200617,-0.5304557
-4.852042,5.2627077,2.5164597
-3.7807512,-6.8968782,3.2587206
0.7814121,7.3678703,-0.118730366
7.5207577,9.993246,4.6199245
3.2604809,9.400488,-0.56166816
-6.1790705,4.5518417,3.3227694
6.038248,-4.0850425,3.3742094
-3.682816,-3.8015366,1.5119759
2.5789127,7.180197,0.9965382
0.58888435,-2.0884275,-1.4139453
7.141863,1.5301657,4.233148
-2.2335768,9.9953575,-0.1410201
-4.0632143,-9.940524,1.3432722
-1.9920845,-2.2835245,-0.8124441
0.09088516,-3.9534225,-1.1587851
-4.7191486,-1.6187096,2.9303725
6.8731194,0.41191006,5.8117213
-5.3613863,-2.1661377,1.7141069
1.5819569,9.707411,-0.27512246
-7.6777306,4.0554333,5.6234794
-1.2416935,-6.28292,1.6976843
-2.154696,9.689758,-1.503253
-4.000601,-2.7755632,-0.11828703
5.2275944,1.439971,4.056064
-8.929105,0.9334793,7.688334
1.0488682,-7.3501515,-0.6165514
-0.93547344,5.0876513,1.2315408
-5.200703,-6.075345,3.8230345
7.776657,-8.909106,4.7622066
6.2776546,8.394047,3.8640604
3.021904,5.9878483,1.661048
0.1945343,-4.1857777,-0.8902644
5.5425816,-7.1577263,3.1740108
-4.3925676,9.030512,0.07627072
-8.137333,3.5360184,6.319883
9.596001,-6.637849,9.268493
-3.7434196,-8.309194,0.6206691
2.005909,-4.137323,-0.7783531
0.19970798,-5.557412,-0.2505395
8.418678,0.70890236,7.315161
9.946825,0.9573498,10.174009
-6.7279387,-9.785285,4.1831975
-0.10665321,5.0174437,-0.27032128
-8.107172,5.094371,7.2432194
6.458761,-9.061822,2.46659
9.54784,8.040157,10.364886
-3.8224545,-3.9820232,1.3742837
1.8124256,5.147134,1.1316233
-2.201805,9.808052,-1.2674779
-2.4226036,5.9232855,0.34250033
7.9403114,6.7145176,7.163722
-9.291233,0.35188484,9.694175
-1.3693504,1.4647675,-0.43753827
-0.04100895,-8.506516,-0.35654768
-8.819684,-7.2549796,9.285422
4.1119213,8.054838,2.4241743
6.66864,-9.139127,4.636969
-7.9435816,4.3067093,5.544123
3.8691816,-5.892036,3.0694947
-0.64699364,8.669222,-0.091008194
9.368891,7.378031,9.260446
-9.423693,-2.2598338,8.722674
8.48988,-1.2788334,8.938675
-3.7150183,-6.937042,2.72166
8.429804,9.327028,5.9453998
-5.101041,-6.0268126,2.9643128
1.693758,3.5695124,-1.0172905
2.332775,7.00753,0.7981783
6.2038574,-9.628763,2.701601
4.687088,-9.835515,0.01211679
5.5886726,-7.018323,2.7093184
-2.1050477,-1.5011606,0.44715476
-7.9116955,6.216732,7.848675
0.11611748,-3.0434046,-0.9761404
9.121267,-4.1299067,7.622692
8.650042,6.654419,9.456672
-5.883925,8.020088,3.054921
6.879116,5.2697716,3.9087462
4.4975605,8.641438,2.1591048
-1.8095121,-9.016804,-1.0777276
5.458459,-8.917995,2.8101914
-0.4170494,1.661478,-0.84994346
1.2176466,-8.390178,0.61437404
-6.5525723,-2.7914786,2.9758255
-1.2314816,6.0871315,0.22620511
9.789162,9.71678,9.499595
6.1949883,-2.0097532,3.2878695
-8.081703,-8.819362,6.439285
-0.56638527,-4.9343596,1.0872785
6.3698597,9.718401,2.5810528
-4.279393,-1.8519449,2.2403457
-1.2525473,-9.300159,-1.5652153
4.988001,-5.294737,1.9743483
8.404514,-6.2373185,7.0255203
9.0728,-2.61024,8.176633
-7.2242403,-7.2401404,6.454662
-9.422702,-3.3846617,8.481167
7.067072,9.167828,4.885967
-0.7745533,-4.735751,-0.34531698
9.028488,-2.1485877,7.0869427
7.09807,5.614546,6.5507317
-3.9039612,-9.344748,-0.7462529
2.8648767,-5.2518616,0.9732901
3.3643675,-0.84965897,1.2664313
-3.579198,7.863611,1.3157141
8.984659,1.390871,7.830239
0.8205557,-0.0494442,1.6100719
-3.2683764,-3.3182182,-0.58875483
-9.1340065,4.6310625,8.975635
8.00322,-4.298257,5.96304
-9.916001,-1.5646515,10.3023205
7.6114616,-4.309803,3.9793248
-3.5023165,3.7376785,0.09815009
-1.8307037,9.974287,0.023991283
1.3508596,-7.544984,1.2964655
9.83012,-0.7045946,9.860845
-6.582917,-0.708724,4.168428
-7.1020317,-5.007,4.510752
6.010826,-7.129012,5.0291524
-4.8568583,-4.2655873,3.0119445
-3.6800337,-7.81518,1.0983446
5.7809744,7.5933914,3.799593
-4.1451454,-7.0884714,1.1992948
5.9563465,6.100296,3.4017344
-3.9001393,8.269718,0.5171054
7.692024,-1.8376198,4.663418
9.96191,9.304388,8.2535925
1.3831787,7.226021,-0.008812919
-3.3291006,-6.973199,1.0185754
5.625229,5.708784,5.0614147
2.795086,2.5710096,0.6800688
0.04340744,7.868536,-0.009578049
8.921528,-7.584711,8.885541
-0.5784111,7.783453,0.8174881
3.5150433,1.4189892,0.41329017
-2.9782176,4.8883924,0.08638027
-1.8142748,-5.55156,0.7001245
-0.43044853,6.58502,0.5156215
0.67285347,-0.71912384,0.28742677
4.3732023,8.246273,0.5625353
7.5434723,0.8536329,6.6125894
6.1303444,6.207552,5.060936
-4.206048,-6.3191915,3.5500233
8.963348,-8.862473,7.810564
6.7546024,3.473116,2.5938933
3.604907,5.297385,2.429165
1.0913372,2.7677307,-0.76828814
-5.659422,3.1417198,3.126764
-5.968443,6.5868454,3.602841
0.05013466,-5.1452303,0.29144984
-7.4382124,5.352412,5.6054626
3.5080614,4.793811,0.39115328
-9.077377,-4.244604,8.641928
-8.917127,-5.9486732,9.298617
-4.4915867,-9.930821,1.6411723
5.7538853,7.3539085,2.6327248
7.8299885,-0.15416908,6.258472
-8.405256,2.2865953,5.9736366
-6.3153243,-7.0775247,5.0151615
2.2184505,-7.5185966,1.5304152
-1.8226032,8.206339,-0.828583
-8.195051,7.0455704,6.2252183
2.7779865,5.4081345,1.9565793
-8.323738,7.9967136,7.0919924
0.6258545,8.052879,-1.1434759
4.076419,5.906934,1.6169901
9.224035,7.223215,8.7374935
-8.534372,-1.2846298,6.5784554
7.4669666,2.6045408,5.304388
1.3914967,-8.59495,-0.032454908
8.706566,-3.5843205,6.7439914
9.843462,-0.93428993,9.925987
-2.4940467,-0.48753643,2.2050476
-1.5574532,9.862654,-0.8561731
-2.417388,8.159344,-0.5415405
7.864891,3.1489515,4.9321256
-4.33041,9.324583,0.4413411
6.6040707,-5.098195,3.7568552
4.1128244,1.9442663,2.2649057
9.402639,-7.9323854,9.392834
7.0830364,-8.506455,4.730506
8.11569,5.3465405,6.4944477
-8.219548,3.2107525,4.793291
-5.263442,-0.53822994,4.3029156
-7.095071,-6.4704027,7.1008654
4.965371,7.208885,2.5544922
2.0343266,-0.76715374,0.08430922
3.8116512,6.826977,2.805412
3.753294,-6.909071,1.3173885
0.42325783,7.6850395,0.21427852
3.8161373,-0.47233105,1.3946279
-5.4225454,-3.124957,0.95088893
6.496929,-0.82550526,5.595777
-8.6092205,-7.7127132,7.1402574
-9.188581,-1.8284473,7.4427586
3.3961334,0.5859289,3.2199724
9.388189,-7.403753,8.777209
-3.65839,5.4002333,1.29482
9.419762,9.4466095,8.648417
-3.5497084,5.1557026,1.9755224
-7.599105,-4.912261,5.5013247
-1.55478,-6.214389,1.1154028
5.530448,-7.925062,3.345949
-5.2050915,-6.1648035,4.771325
9.37784,5.969055,9.47272
-4.472023,4.6088896,0.91242135
-4.426347,-3.7400723,0.2872364
-4.164777,0.16379929,1.9860513
-7.6164317,-1.5751657,5.470228
9.328281,0.14444923,10.616398
-5.649762,-9.944403,1.6936861
-4.499128,8.450932,1.3323823
-3.0299926,-3.5095844,-1.2122042
8.417971,-8.614197,6.7350535
4.6651325,-0.18091774,2.4059145
3.6818848,2.989069,-0.5096168
-2.6296244,4.579817,1.0227413
5.0537577,-5.050981,2.543563
1.8140335,-0.73026466,-0.0064639673
7.9674416,-7.4905977,6.463456
2.219921,-7.538569,1.5413656
7.339634,-6.602037,7.395794
6.9012375,-6.2808967,6.5084553
1.7475071,6.279705,0.3845023
-9.582687,-9.0201845,7.4984617
2.0346947,-2.0759654,0.6281047
-7.545022,-4.146022,4.8612275
1.7180996,6.576721,0.61495817
-1.1198692,-0.6461954,1.3103526
7.9566555,-5.503167,7.18194
-7.1779323,8.120291,3.9996388
-8.360104,-7.582624,7.945948
4.4570656,-3.786477,2.1150284
6.6026325,-9.124456,3.779073
-2.1764412,-0.798542,2.3744378
2.706603,2.846529,1.2336555
8.02557,8.738163,6.321844
0.99473,-7.2502613,0.10251863
-2.7949963,-6.6742396,1.0896412
5.782049,9.993355,3.3904214
9.012598,1.7596188,7.827896
-1.6974249,-6.7766595,0.3820392
6.7850456,4.3119354,3.3766263
0.8343401,9.632324,-0.08618128
-2.0938706,0.36801147,0.6568267
-0.87274647,-4.585619,-0.81854385
-9.707766,-5.3462257,11.349137
4.7972527,-3.5970793,2.3482985
-5.442954,5.097741,2.7997139
-8.516607,-7.077017,7.5402026
-1.3864222,9.095894,-0.76150024
-4.074334,-6.187854,2.9079587
-6.364932,2.8040657,3.724505
-2.1052752,9.947952,-0.9319253
-1.055398,-4.420984,-1.2898428
3.039318,-6.6852713,1.0723416
1.3705902,-5.1839266,0.06837921
-1.3360987,-4.1935453,-1.136567
2.2013006,-6.140772,0.41757822
-6.470352,-9.853644,3.584793
8.461552,-5.139347,7.8176003
4.8966618,-3.4765158,2.4768615
6.3262596,8.663757,2.8880317
-8.919428,-1.706564,8.542411
6.8257885,1.1652336,5.8789334
1.7676296,-3.1381264,-0.035802625
-9.663663,1.5587673,8.477486
9.495308,4.763875,9.760609
-0.20926666,1.7472992,-0.57675153
1.9178333,-1.2307882,-0.04436367
8.27302,0.8421087,7.8834834
6.44882,9.436237,2.1663158
8.896746,-6.660556,8.127426
-9.333643,9.810406,7.733941
9.886356,-2.2210717,9.264936
2.4358282,7.130436,0.5843181
0.12987137,7.744835,0.99038166
-7.85719,0.34785175,6.456586
-5.3775525,0.22515488,2.8161092
9.708212,6.931782,9.442167
7.435152,-1.3893309,6.736164
7.795128,2.7518702,5.575302
-0.84037876,9.567938,-1.7561975
-5.5702677,-1.979722,1.9018946
2.3349419,-3.5222125,-1.1745862
-4.7650423,7.754877,3.2902384
-6.509433,8.984274,2.549918
3.229661,9.589439,-0.041736037
7.8435764,-9.435165,6.0676966
-7.6714363,6.585024,6.7627096
-8.839215,4.9221687,8.407949
1.3511028,-6.380967,0.39280057
-3.5233583,6.531204,3.0349753
-5.347371,-5.370598,3.1931286
-2.0467997,5.289343,1.668426
-0.57829666,0.8549299,0.21235605
-2.7733746,3.1525211,-0.90137976
7.4054127,-6.147913,5.221628
5.5413904,-1.933466,3.7159116
3.1452646,-5.4363165,2.836488
-3.206718,5.4404526,3.0133104
-0.8913517,-7.943839,1.1734122
6.4832,0.70020103,4.1026764
0.82913876,3.8632822,-0.8217085
-9.647301,-0.23268127,10.923869
0.95016575,-3.00871,-1.0936093
5.2363167,2.281086,1.2461908
-2.5650444,0.78993225,0.6509451
-1.8668232,-5.5129147,0.40023267
-1.3566484,-2.7153673,-0.9748342
6.145376,-2.1871958,2.2124
8.257305,-5.635891,6.9235153
-7.847655,0.24751091,6.0886393
6.5885334,-3.1065378,2.115779
4.094944,-5.6532993,3.5743258
3.5006247,-8.101938,1.1191251
-5.680541,-6.520717,3.6584756
-5.7090178,-2.1770763,2.6925251
9.92967,7.9982605,9.345472
2.5590343,-1.1765718,0.9054394
-2.225541,-5.3693333,0.61120826
-2.0254254,-7.6262736,1.087797
6.69512,1.705122,3.5981336
-2.4910774,8.503103,-0.7931652
6.7562466,-9.011613,4.1559353
-2.8352547,7.7112083,0.6896379
2.363738,8.932447,0.73522043
2.6343498,2.2624388,0.19432151
-5.1223316,4.988922,2.606108
0.24718285,2.9694548,-0.21926953
1.9973545,-8.742517,0.44816798
-9.780043,-3.9887571,9.7970085
-1.969408,-2.3410559,-1.2465954
0.95207405,-5.9632835,1.8240948
8.236347,-0.31436825,7.2284927
2.214427,2.109789,-1.2255362
-8.499603,0.34199333,7.973687
-2.9309502,5.4552174,1.5844947
9.900719,-5.893141,9.677164
-1.3013086,8.411655,0.5121776
7.5441303,-4.06691,5.21689
1.1473322,8.018272,0.06841129
6.5617294,9.070688,2.9825964
-4.2973557,-8.169649,0.7612618
9.823929,-9.583054,8.794378
2.1104736,7.4209175,0.6811832
-2.047306,7.612671,0.5903993
7.689064,-1.0705967,5.4002013
4.9313602,2.0737038,1.2425932
-6.721715,1.4742184,5.4357433
-0.71902466,-3.0533433,-0.19355519
7.167267,5.2617846,5.8176913
2.491396,3.3741398,0.66535497
-3.1625962,-9.64693,-0.8433133
-6.510769,-2.7586021,2.683772
-7.0026026,-5.9392157,5.2744365
5.5588036,4.292651,1.5880351
4.5249825,-9.984577,0.016405672
-8.861307,-8.594025,7.9692645
-2.0532713,-8.814822,-1.1949226
2.530922,-3.4347892,-1.0487974
-8.847665,-7.7118993,7.008135
8.617977,-1.9933233,7.7677903
-1.0664902,-5.6906295,0.26165304
-4.062258,6.428854,1.8479487
1.113472,8.773895,-1.3612602
3.6127033,3.8684607,1.6774168
2.222146,-3.8800535,-0.988573
9.483337,4.0800304,9.041383
5.629468,-8.586628,3.7165804
-0.96855354,-5.001665,-0.49655268
1.7022953,-2.0963478,0.24757831
2.4231777,-9.349712,0.08621464
-3.9662218,9.377325,1.1736541
-8.568854,6.552843,8.677363
-1.0637293,4.632593,1.0936158
-3.809011,4.699911,2.127877
-9.446318,9.840807,8.89421
3.566289,-3.8022623,-0.5384584
-4.1957912,2.3987722,1.4318498
9.574116,-3.3627033,7.495321
3.5764084,-1.6975651,1.2342125
4.2586336,-8.19803,1.8245753
2.9146376,5.979286,0.6493198
3.8999996,-7.2032094,2.1404305
6.4028454,-4.4691706,3.994888
7.3462563,8.914648,4.9013352
-0.5464401,-5.868808,0.8091895
-2.8348613,1.2854214,1.4457064
2.70934,-9.177759,0.07878041
-4.5120535,-5.8072243,3.9527154
-0.5081196,9.072706,0.18400218
2.9198027,5.3781223,1.4694645
4.468315,0.42371655,4.0402355
-9.672729,-4.985664,8.820333
3.872161,7.6265373,0.81806725
-3.8717976,9.412657,1.4711059
-7.0435896,2.0039835,3.870094
-4.258727,-6.4465404,3.748448
-0.2157507,0.34450054,0.8369927
4.9247093,4.8717012,1.5999558
-8.906288,2.9202833,6.187706
2.71628,8.99864,-0.91776305
9.009853,9.005512,6.736703
-5.64972,5.065217,3.9134026
2.3895702,-6.9550457,2.17475
-4.020177,-0.54057026,3.2285023
2.4585266,1.9364815,-0.7883726
4.330162,-3.3355188,0.080656216
-6.1601124,2.9911757,2.8422925
2.392933,6.527054,1.8443441
9.883953,-5.402817,10.373333
0.70163536,-3.0484319,-1.3087193
-7.0982814,-7.6066256,4.463086
0.12508297,1.5533295,0.49833962
2.2052717,5.985876,1.9564037
3.0791578,9.044655,0.6389185
-0.7208996,0.5243349,0.46783993
-2.1431208,6.511902,0.44941705
-4.9721217,-9.657573,0.98088276
6.4619846,-0.21733475,4.057929
-5.648997,-1.8866215,2.1520996
-3.4037614,-4.6050587,1.1867446
6.6349964,9.257423,2.24515
-4.6994066,6.2443542,4.133267
-1.3052225,-8.333508,-1.3104795
-3.986988,-9.081133,-0.39033884
-8.8637905,-4.684702,7.4597793
4.8205414,3.3945255,0.7345321
-4.440372,4.7443027,1.4679711
-4.6146464,5.176647,3.556018
-2.203498,7.730362,1.3916049
2.739851,-6.400381,2.622747
8.780428,0.84300137,9.382541
8.84515,-4.456421,6.5442247
0.1366005,-4.8510766,-0.5998764
-8.576662,0.096735,8.019584
0.7379093,-0.88011837,0.45367238
0.23107433,-8.102113,-1.3799499
8.445419,-0.14544296,7.5194383
-2.066915,4.8085966,1.0475338
-9.396261,8.968401,7.4531703
3.633009,-2.7024817,0.71173495
-2.19311,6.76235,1.0464666
3.4893188,-2.2367048,-0.47903153
3.0089083,-7.3560104,1.4419093
3.5645876,8.64946,0.24899621
5.531521,-2.3635921,1.8958408
-7.010537,-2.323495,3.7093248
-8.1453285,-1.691865,7.390257
9.362677,9.013193,8.16988
9.140232,-4.2707005,6.8313336
-3.9475083,-2.6554942,-0.08722608
9.574888,0.5824957,9.215334
1.9741554,-6.5472755,1.0237931
-2.6276484,3.8997355,0.53488415
-5.415838,8.419249,1.1766142
-5.321653,3.6155624,1.6508979
8.023928,-2.4047804,5.156843
-6.146617,-1.9133615,2.882693
-4.1017675,-9.800836,1.621218
9.954983,-7.883054,9.724643
-4.885091,-2.741394,2.2191005
9.83927,5.543456,9.602897
4.465971,9.301451,0.13969187
4.9610176,-0.70077324,3.7939568
2.2772932,-0.9594612,0.37847722
-1.7901278,6.8419495,1.6406317
4.4584637,-2.0971594,1.443957
2.9785366,-6.8220234,0.93535894
-5.45573,5.662736,4.2309136
-8.23799,-4.3236933,5.2264986
-8.127355,-7.1216307,8.371493
-1.2102556,0.086091995,1.3063905
2.8600044,-6.6531982,1.2450966
-6.33832,-7.799096,3.4360769
1.8423691,-5.512235,1.4920828
5.7605543,-0.8676491,4.705489
5.8815975,3.3283987,3.2925131
-3.736775,-4.143374,0.90309405
2.2923555,-9.563644,-0.5433936
-8.866413,-3.403679,5.723327
7.1943436,9.301432,3.3418937
-7.9919806,-2.3093247,5.1823187
0.555027,-7.3006477,1.5714064
-3.141447,-3.74295,-0.4797942
-8.291392,9.006027,6.4500246
-8.667986,1.5949011,6.541938
-6.424186,-1.4018536,4.758537
-7.2596693,9.783129,3.231939
7.6312847,1.0312176,7.1818905
-1.5360785,1.5212736,-0.48245382
-6.676317,9.855572,3.6630456
0.036068916,-1.0265598,0.8062
-4.514309,-1.7614975,2.9594867
-1.4480724,8.001366,0.92195565
8.599987,3.1700668,7.5499315
-8.825482,-7.015213,7.9218845
-8.687187,6.400917,9.334525
2.450758,-4.1916857,0.79861647
6.970091,-8.523392,3.82961
-9.500717,8.838425,7.1415415
3.1417198,-7.3869905,2.5177712
9.907568,-4.257716,10.090968
-1.6065865,-1.5940781,0.6540352
-5.900655,-0.058958054,4.9376206
4.9058733,-1.144,3.5150077
5.6483765,7.4403954,2.1828241
-1.0381432,7.4821453,-0.8904987
-8.155912,-8.897417,5.6097345
0.38782215,-9.277889,-0.51125973
-6.475993,-9.78621,4.007913
-8.537037,8.322077,5.5443344
6.241543,-1.2128553,2.846158
6.868004,-4.9498854,4.6872663
4.0147915,-6.5972733,1.5849547
-8.159633,1.306982,7.833281
8.480633,2.8610907,5.576429
7.325945,5.7378025,5.2479463
8.594429,8.071392,7.172511
-0.66467476,8.891106,-0.6985261
-1.8520069,-6.6666994,1.2862073
-8.968534,-0.52855587,7.8736706
7.379366,-6.358075,6.106701
-0.5243578,-3.6081433,-0.36895084
-9.998907,0.28768063,10.7213335
9.777624,5.607565,9.033947
-1.2929535,-4.489089,-0.61994165
6.0144787,-5.6378365,3.9093277
-1.4760513,-2.6493206,-1.6053106
-1.5731773,4.1338997,-0.86454684
8.796616,0.2780304,9.431471
8.302782,7.4935074,6.7897797
-4.6672354,-9.001174,0.6374371
0.31243706,3.6346016,-0.01261748
6.7924747,7.5736084,5.987454
0.48060036,6.299103,1.2196614
-1.8020811,-8.701937,-0.37461868
8.934229,-6.674621,8.431143
8.904667,0.14791298,10.035014
-2.6805544,0.04739666,1.7495611
7.571312,5.9571667,7.348413
-0.99043274,8.155981,-0.8362384
0.2971468,-0.65880966,0.54114467
8.021721,-2.9382706,6.175885
-0.77585125,5.452017,1.697465
-0.9947405,-6.4831343,1.0755819
-2.172966,-4.5620546,-0.23417252
-8.349163,1.2304821,7.9482994
7.7429886,-1.682869,5.3133645
-7.845409,6.04467,7.2389994
-7.6755357,-1.9828043,5.883389
1.353468,1.0622873,1.7769611
-1.0531149,2.8404922,-0.8026769
0.39198494,-0.85499287,0.04666546
0.78676605,-3.215374,-1.2793496
9.911152,6.2264557,9.896514
-9.709276,5.5728397,11.040763
-6.0124183,-1.52668,3.7735074
1.8446674,-6.4025965,2.018695
-8.9023695,-3.278823,5.880588
-7.900285,6.917694,8.397262
7.662464,5.8524113,7.7955832
3.8720846,-3.261075,0.6649215
-3.1018686,5.4668674,2.9279084
2.6389322,-1.1782312,0.6942967
1.7490053,-0.5858469,0.3206023
-0.9852028,-4.703375,-0.7176068
8.304106,0.29236794,8.917182
-0.0026693344,-2.089816,-0.71295667
7.0944633,2.525652,3.5784507
-7.783903,-9.510914,4.0271688
-4.063081,-0.5975199,2.9467895
1.6913719,-7.8194118,-0.27339968
5.341729,-9.291788,2.3828235
-4.068781,-9.914737,1.4102845
7.2142487,-1.6072769,5.959788
-8.296154,1.8685236,6.3339977
-3.81452,1.0442781,2.089613
7.5178757,2.3540974,3.8428228
-7.4719152,-4.295105,6.1346636
-9.378629,-6.623086,9.049448
-2.5240622,-2.1636066,-0.61001515
-8.331346,-7.505909,7.2463007
2.9747353,-1.2471161,1.6804587
-1.7581749,2.0990705,0.15575926
-2.943574,1.3952341,1.9222771
5.5301895,-9.083309,1.9602323
0.58180237,9.496353,-1.6990817
-9.015591,8.6141815,6.857482
-9.476148,-4.479413,7.758234
6.2804184,-8.517612,3.6715326
4.3125114,1.460144,2.0854287
5.4952736,2.2561646,1.9563426
-8.493034,-2.6736603,6.0564313
-1.9324312,-4.5939245,0.7655653
8.543755,0.75447464,8.3317585
8.077309,-6.0860167,8.424154
6.79838,-5.2401495,6.1232195
9.28336,3.1990433,6.3707285
-3.1336412,1.1308365,2.241409
-7.7415156,4.034958,5.5063987
5.6215525,8.457003,2.0740907
6.375988,-0.09734917,4.143123
-3.0199156,3.4032955,0.5111548
-0.93353367,7.139036,-0.050833106
-0.4815693,-6.259978,1.1823457
-8.870764,6.6614895,8.319189
-4.1419578,6.8541584,2.784193
-3.1687331,-3.819028,-0.025865346
3.733162,7.8160973,0.84883595
-2.9177427,-4.584669,1.1574892
4.513217,-4.7720766,1.9593685
9.004459,7.169945,10.145732
-2.1316743,4.638893,0.8137419
-2.4374795,-0.7205143,2.553204
-6.2809873,-7.899289,3.2548423
-0.7631779,5.7040596,1.854171
-9.151298,2.4552774,8.370737
6.7592793,-5.969778,5.047141
8.626211,-0.3718319,8.910242
2.6670694,7.2246056,1.8008003
9.457661,4.22256,9.182562
5.037056,-4.597988,3.1231518
6.628746,-0.10701656,4.5911517
9.236292,-3.5344863,6.5680866
-6.875336,6.6005535,4.9446535
-0.78454494,4.693157,0.078357846
3.756855,-1.4807997,1.9749045
-2.6766834,-1.1720963,1.2140689
-7.093601,-7.2837343,6.5191193
-3.1399345,-2.2130895,0.733258
-4.9572,4.902425,3.6762722
-3.5073366,-9.590784,0.9971463
-7.6179924,1.2763014,6.667675
-3.0164766,9.514614,0.68006957
5.729849,4.304266,2.3732722
-4.389061,4.96737,2.1524591
4.259655,-2.7065077,1.7620609
-8.223762,-0.8433895,8.359238
-6.301364,-8.538948,2.6731572
1.0364609,-4.839461,1.3390383
9.260687,2.5125933,6.9583473
-9.235162,3.4136343,7.491736
4.3527613,5.896208,3.4767735
1.7489548,-5.6337605,1.37501
-8.171059,2.8717766,6.5385966
-7.260684,-5.5223203,6.6212597
5.038267,-7.3737097,3.5316162
-4.9966917,-3.834796,2.1006048
7.0079155,-6.800989,6.3600206
-6.9153986,1.8962936,3.9045553
7.5543823,1.5747366,4.9985123
-5.101607,6.41782,2.6101623
4.05087,5.222148,2.8620524
2.9920425,1.9494715,0.26426733
-7.84683,3.8585758,6.2352533
-5.244403,3.063919,1.9651041
-2.4223366,-9.456173,-0.98059225
0.031728745,-4.620948,0.09866504
4.9387064,-8.164179,1.664197
-4.110633,-5.7981634,1.7277131
1.4712992,2.0037546,-0.18090415
-5.4245243,9.42996,1.4698147
-4.753352,6.9237976,2.218189
6.525753,-4.071486,2.7432108
-2.7388296,2.3238993,-0.23659392
-8.762348,6.8822117,8.87833
0.42005157,2.0836449,0.15609677
-1.4255533,-8.178051,-0.76373905
2.8428736,1.2260914,0.8030834
-5.1012087,4.0726137,0.9471021
0.43071365,1.6371822,0.52772117
-4.933406,9.133961,0.5276168
-6.0436306,8.34524,3.0828595
2.2859297,-5.58766,1.2523903
3.090866,7.6029167,0.6719737
1.850008,-8.949722,-0.17092869
9.237118,-5.677105,8.418066
0.9270134,4.0546274,-1.0742007
0.85036755,0.3034439,1.023431
-1.3073587,8.635904,0.3257881
-9.668008,5.9497967,9.171862
3.9111748,-2.1303177,-0.06514047
7.7955284,9.562862,4.546041
0.9909353,-7.1766434,-0.32301593
-7.798971,1.863637,4.5388575
8.978886,3.191496,6.4101787
2.2402554,7.817112,-0.4086569
7.2330685,9.784039,5.1755557
4.3431845,4.876377,2.4963627
1.5773449,-4.4565115,-0.55601263
-2.946322,8.040779,1.7711684
2.0530214,6.8845024,1.866905
3.217619,-0.19709969,1.7363456
-0.6062422,7.178896,1.8165905
-6.387379,1.5930786,4.7966595
-5.2554073,-0.8695812,2.1577513
-9.165496,3.0895004,7.5117126
-3.911097,0.027950287,2.3900378
-1.6121025,-2.8181324,-1.6762698
8.178722,1.4516783,6.559429
-5.349165,-0.06662941,4.2129045
-9.839729,-6.8704424,9.69168
5.4810705,-7.3277116,2.7894678
8.622051,3.2859373,6.298331
-7.799754,-3.8940668,4.2449517
-0.09986973,0.24457169,1.2982622
3.1792889,8.83102,0.18065222
6.44685,7.3773766,4.320456
-1.7951498,5.555749,1.5265739
4.554595,5.3250294,1.6127129
7.6833878,6.7712555,7.736838
5.851926,-6.706189,3.1551905
4.8722477,9.305395,2.3905926
6.081442,-7.3737154,3.2813408
-8.961049,-6.480086,10.24284
2.1262302,-4.096402,-0.6000762
7.711712,9.773634,5.1755233
-7.9231763,5.597767,6.6942887
-8.7656975,2.802765,7.5263805
-8.25798,5.79768,8.248758
3.070362,-9.550672,0.64958537
9.280661,-9.53784,6.988286
-0.9070225,3.1156015,-1.3840759
-3.9752474,-2.734314,-0.5313604
0.5918026,4.785536,0.48968378
-8.245327,-7.0972347,8.547931
1.731082,9.467987,-0.94372463
-6.5744925,-8.723688,4.731988
-6.7307386,5.0965776,4.6018777
-7.294654,5.2683105,5.2550473
-2.8311062,-5.3627276,1.8070064
6.5170536,8.8367195,4.428035
2.0311117,5.2107315,-0.1536387
6.9593334,-4.5655966,4.7574625
-9.647618,-4.5240297,8.924029
-8.143901,7.652897,7.2033973
6.1271496,-2.4631453,2.214418
7.8771343,0.657506,5.6989
8.492325,4.5836754,8.076745
-9.287243,4.6658306,9.389888
4.4792347,-5.007353,2.9043176
-9.860715,7.527727,10.89357
-2.9574418,3.0326262,-0.6086525
0.20257759,3.2196522,-0.19253407
4.676283,-4.64662,2.0451827
-3.0548215,4.5080147,-0.36980528
-8.646652,-1.2416039,6.8275156
-9.717393,7.0913677,10.5092
-4.0102196,5.1275644,0.76253563
7.620886,7.233864,5.572999
4.338846,-1.3578014,2.359925
4.946336,6.4993114,3.711359
-8.087593,7.6930466,7.0658092
-8.985337,2.2188625,6.301437
9.252579,-0.63074875,9.63913
6.531929,-6.5347433,6.205638
-4.3102064,-5.1613417,2.1899765
0.8408499,5.7600155,-0.27417308
7.2042255,-6.1298323,5.857763
9.001703,-4.9177456,8.193368
-8.046343,5.1003494,7.0363903
-4.95627,-5.0822124,2.92001
3.8860073,-7.734956,2.8051283
7.6404247,2.2223864,4.035607
1.7397518,4.315893,0.9759193
-0.61714745,-9.064787,-1.2741516
0.387352,1.2784672,1.3111286
9.100027,-7.7116737,7.717746
-7.851293,4.219054,4.7753024
4.5557203,5.470541,2.3598895
-7.159404,3.3649254,4.752263
0.95079327,9.7654915,-0.89135426
-9.446499,-1.9408436,8.006663
6.4767914,-3.977902,2.7845986
-5.5716667,2.7055626,1.7618119
0.66428375,3.001443,-0.2095343
-6.2715626,-4.46887,4.1499634
0.9157934,-6.5825176,1.6917369
-4.8696175,-3.0446577,2.2384849
-5.1141653,4.1479664,1.7566688
-4.3336344,4.225672,1.7034296
6.2046585,-4.4284034,2.5570567
1.3974953,8.457891,-0.77894235
-2.5757027,-7.432371,1.6938756
8.517117,-1.1605816,8.14216
1.959692,2.4421368,-1.4258025
-3.2361388,-7.20306,0.9264801
-0.4521799,9.10136,0.18139765
-3.9099216,-4.914973,2.0547297
-3.967062,5.9216833,4.0700803
-3.122758,0.4027481,0.6152644
2.383133,-5.6142664,0.4703746
-8.904306,9.347832,5.8104963
-7.787718,-1.1128883,7.205176
6.712803,1.7799807,3.856883
-2.3950253,9.405746,0.41916868
-0.36921692,-9.417105,-1.246719
3.4925165,8.046131,1.1649095
-4.472933,-4.9348583,2.5396671
7.0054016,-8.116379,3.860227
-2.2636042,5.561983,1.2864479
0.6093521,-3.0597138,-2.4138424
-6.935457,-7.9812326,3.6843083
4.066389,-4.9027395,0.6988431
-7.1076527,6.464117,5.3635364
6.081684,4.3820486,3.9933777
-1.4157543,-0.49100113,1.8961272
-3.6522818,5.1355324,1.666709
-3.347515,1.9863997,0.7408577
3.8152332,-7.487403,2.2630513
9.794191,1.9207516,8.86306
2.7168293,7.120619,2.3005855
6.1294327,-0.9371195,4.6146874
-8.429274,-1.1427059,7.10763
-2.3599615,9.819811,0.10222682
-5.663205,-2.8590465,2.03142
-7.177252,9.321413,5.043039
1.7170324,8.755711,0.5682478
-3.1262255,8.084707,0.38317057
2.2636852,2.656642,-0.7588097
-3.976203,2.7449265,1.7156287
-9.118359,2.5727558,8.785941
-5.1463995,-9.166204,1.6257424
-9.612049,-3.9568067,8.712462
2.1657467,-5.5996084,1.7910446
-7.5073185,-1.4722586,4.6994767
7.6870117,-5.0016785,5.5503554
4.32804,-3.220519,-0.09058207
-5.610845,-6.808709,4.650504
-2.857808,-7.2715545,2.2055779
-8.959501,3.2323418,7.966679
7.2042828,9.7612915,5.100741
-4.471824,-4.0557013,0.9285724
-2.1007404,-6.608309,2.3306954
0.7387352,-3.3622608,-1.6001036
4.8545,-3.7763681,2.2599363
-2.9812264,-9.738739,-0.91879857
4.9027586,8.782993,0.36175725
5.1431255,6.7923145,3.0050497
-1.2355757,7.415367,0.25418636
6.630474,-5.167861,4.703373
-8.769165,-6.6122484,9.554605
-5.4451466,9.585419,0.963462
-0.7847614,-6.049734,0.13633046
-1.0181713,-8.401974,0.617748
3.5477047,-8.329817,1.7286423
7.2225914,3.0437374,4.43652
-7.2208166,-1.3345318,4.9684124
5.247489,-6.1012435,3.390114
2.3993912,8.515188,0.8307776
8.305023,-5.543762,6.6248393
5.33737,0.6513157,3.2857447
-2.1735897,4.9835596,1.5322578
-1.4179955,4.7852697,0.015978083
-6.654649,8.370319,4.522019
2.2064734,-1.2389088,0.21973519
7.825468,5.1547947,7.1103997
3.4410582,-0.79358006,1.3447951
8.085463,1.3210754,5.787319
3.9940453,-5.8728704,3.5937803
1.9241562,6.189291,0.66976917
-2.1649323,2.2756824,0.75167656
-8.639283,2.0045261,8.083564
-1.8745995,-0.76632404,2.6031885
8.48868,4.046961,6.6214805
8.694958,-9.658856,5.710315
-3.3832169,8.171883,-0.083632916
8.207855,7.845045,7.463238
8.243273,5.3578176,7.6825266
-8.532777,-0.3647089,8.2515745
-9.864178,-9.331078,8.06699
-4.9805937,-2.7090049,2.4021125
-1.0118952,-8.033932,0.9086013
3.873681,-4.791108,1.5283968
4.1869936,7.8646107,2.808791
6.3350983,-1.1537724,3.5908854
-4.897332,9.962627,2.6326067
6.6885643,-5.040939,3.9588315
2.279869,-4.6574235,1.2815142
-7.0992193,-8.0146675,5.146602
-7.3904333,3.8087254,4.6222124
3.5550613,3.7012777,0.8651417
9.310867,5.049736,9.197206
-6.639273,8.6490135,2.6343334
1.1849136,6.0123596,2.1132445
-9.466844,-9.1708765,7.2270145
6.513565,0.28698444,6.241807
2.9482698,8.723301,0.5614594
-2.5470161,6.978775,2.000089
5.283388,3.8701725,3.1509356
4.147291,-4.6955204,0.9925847
6.7403374,-8.437519,3.8154676
1.0000792,9.638788,-1.3064241
0.09871292,-3.2750044,-1.3437905
4.798585,3.4183168,0.7738656
3.3724842,-2.7028856,-0.014815856
-8.475703,-3.3768392,5.759308
-3.8385034,3.560791,-0.59016
6.182728,9.251169,3.3983788
-5.0936546,-2.3751917,1.4221855
7.7354126,4.331831,6.331621
-1.918931,4.0260553,-1.5697869
9.57836,-1.5974312,8.771439
-5.878314,1.9897976,4.2368016
7.072407,3.3225842,3.2454154
-4.4162216,8.927834,-0.12131649
7.071644,-3.7748966,3.2453337
5.5216417,7.691702,1.8938234
4.0268087,-0.6456604,2.1055567
2.9262276,3.9443598,-0.43892458
5.9740686,-8.107718,4.3567576
-3.9860954,6.720915,1.4026232
-3.2243109,8.428036,-0.7279526
2.7168074,2.329258,-0.015409283
-7.092831,0.3069296,5.2928214
0.5942726,2.6096954,0.10292972
4.173478,-7.8981137,1.0703876
-9.085138,-8.620042,7.9809227
-0.5388031,7.44829,1.4029322
0.566576,-8.979787,0.36567003
-7.698736,-2.2398615,4.369296
7.8505554,-6.124648,8.117266
0.45250988,-9.334677,-0.30404824
-9.409967,-4.2438293,9.2948885
-3.4686685,-0.08071327,2.2664466
1.8121958,-8.024576,-0.51353896
7.244213,-7.665794,6.0831885
-3.2295237,-8.065276,1.6167239
8.747162,-0.36134338,8.634919
-4.2298546,-2.6632857,-0.1595389
-8.061028,7.3489456,6.339293
-2.732172,-9.572815,0.38151258
-6.5255127,-8.734731,3.7506971
3.3235264,-3.0481696,1.1395289
6.603609,9.999586,3.7364278
-8.440725,9.108311,5.077902
-7.3205566,-1.2930126,5.306961
5.557913,-2.7257276,1.4467705
-2.1451163,1.382473,0.667078
9.118435,0.42017078,8.353398
9.0784855,0.9399948,9.541055
-6.6361055,-4.3219543,3.730083
5.8902073,-0.48641777,4.0705094
-9.643823,1.9238577,9.2817545
4.025591,5.9756575,1.3199737
-5.7054005,-6.3083863,3.3937416
-0.056800842,-2.034298,-0.38263994
9.710976,5.021122,8.706857
1.3561401,6.5824146,1.4300357
-5.3747654,5.4169483,4.198987
4.5958614,-2.4253774,2.7742412
-1.60781,2.2803383,-0.061581835
8.974693,-3.4229097,7.565878
-7.478454,8.493078,4.116654
-1.7002144,5.680629,1.3259306
-8.401781,-9.024027,6.61712
-5.672226,4.8573627,2.68745
-2.8538775,9.816685,-0.20290413
-6.597625,2.6741352,4.402358
-6.8126955,-7.931955,3.7772455
-2.480854,6.432461,1.3180945
-5.711839,0.5353813,4.398302
-6.059406,-2.6830826,2.658075
0.5402832,4.364333,0.6362692
-7.5101733,7.7640686,4.943537
5.7603054,4.5380135,3.9925027
6.5896797,-7.884662,3.3018389
9.201012,4.1734877,8.774123
3.0986395,-6.17079,1.7594416
-0.94422245,-9.340343,-0.43839094
-1.7471743,-4.9598064,1.5188233
-4.7537756,5.260373,2.8309972
6.801552,7.6880207,5.5734296
5.537614,2.9522152,1.2932988
7.2209435,6.146549,6.0397396
-1.9414625,-9.541601,-0.6428007
-6.908716,-4.8694363,5.6384444
3.3353672,-5.705731,1.7924366
8.765776,-8.495975,7.7685566
-1.5861835,-6.2444615,0.64505893
8.076061,-7.1401587,6.385176
7.0611343,-8.356514,3.9346137
3.515853,1.4590969,0.29197168
-2.7044845,-4.6610537,1.0905107
-3.3535137,0.41294956,1.1753683
-1.7508612,-1.6011429,0.68198633
-0.75045586,0.6871166,0.53620356
-2.0582008,-9.083098,-0.8851713
-9.740942,-8.201912,8.324763
-6.85869,-9.041563,3.5532243
-3.1712222,6.9593163,1.6492784
7.684124,0.3312168,7.38623
4.131832,-8.51141,1.6138523
-9.10749,-3.848771,7.0400934
-7.159288,-0.10307121,6.882698
-5.867385,-6.618111,5.246156
9.483717,8.09049,9.735878
2.475709,7.17614,0.2186928
8.010046,2.403511,6.4278617
-8.075134,-1.7220173,7.53276
9.341616,5.816309,8.860046
8.137199,2.618351,6.4764695
0.6936836,0.851244,1.4443765
-4.676508,1.2331867,2.9072964
3.9198513,-8.703908,0.66223335
-5.373317,2.831522,1.4759078
-4.14554,3.651122,-0.102799326
3.7512531,6.1695538,1.6934774
-7.6807394,4.742346,6.8287134
2.4335155,8.511314,0.7193193
-0.5333061,-5.3159084,1.0433055
0.09312153,0.8204403,0.32638213
0.45820427,-7.3643064,0.8290788
2.4111786,8.585144,0.93414515
-5.9770927,-0.46681213,4.7834086
4.1158543,-8.64174,1.7234417
-9.380845,6.482332,10.674404
4.206753,1.1793003,1.4514987
-8.125866,-2.8824272,4.844305
9.623608,8.946354,7.3230743
2.4048529,-5.2668295,0.9505884
2.7700949,-4.9614286,0.014585763
2.6566162,-3.4329596,-0.72554564
1.9428167,1.1454525,2.019977
-3.8241205,-7.7709255,0.41612038
-9.730282,2.1624384,7.9591255
5.9803486,-9.676217,1.5837688
6.056179,-5.3899584,3.1909912
-1.8295403,-5.849471,0.13528904
0.5013218,-7.265966,1.3298
-0.6427231,2.2910795,-1.833099
-2.258203,4.393179,0.7889188
6.822731,-2.445136,4.663967
-5.9787045,-3.0041814,1.8663375
-9.344061,0.21183014,8.767369
-1.6531601,-8.105417,0.53503716
-5.8302603,-9.491582,1.4784348
-6.604396,-6.4770947,4.219684
-2.8735423,-7.2495604,2.360168
-0.38479424,1.4103498,-0.1807459
6.568451,8.071089,4.3800983
5.6273375,7.135357,4.5602736
8.139898,-6.1562157,7.3209295
7.483881,5.5637636,5.606758
3.007554,8.770622,1.0382943
-0.065193176,-2.1156301,-0.5300765
-0.31929207,-3.2607675,-0.4281533
-7.5897846,-9.447199,5.369784
0.9533014,-0.72055817,0.2196962
-2.3383055,-3.8741722,-0.018620059
-2.7542696,2.5234356,-0.6469879
8.406202,-9.181314,4.8593974
4.5884743,-0.95762825,3.8707995
6.2743053,1.7587872,2.4899404
6.459326,-2.48765,3.611025
-5.7899165,-1.5369606,3.9524992
2.8859043,9.491867,0.43816537
-1.254446,4.350156,0.52411413
3.4898558,-7.4418364,0.9606355
5.8791246,-4.5275965,2.5360687
-2.5102863,4.6132603,1.5225841
7.5040035,4.3565483,6.3287344
0.41804218,-8.422837,-0.202281
-1.9026299,-6.83522,1.777251
6.551071,-4.1355047,2.651384
7.7474747,-1.2175646,6.2168455
-2.8216267,0.5978384,0.5395588
5.751341,2.4651423,3.615828
-2.2280493,-4.662553,-0.37174422
-0.30570793,-5.5837784,1.5425143
-7.1078577,5.6003656,5.0431466
-4.264041,-7.801733,2.4264183
1.3165245,-1.7638321,-0.8833851
-2.3063793,-8.969025,0.092356205
-1.0022249,-7.6076946,1.1895143
2.4036503,3.7367258,0.48509166
-3.973054,-0.48966408,3.2546449
5.284294,8.391163,2.5364032
9.804609,9.907845,9.227402
7.9679565,-8.289781,6.0757346
8.802502,-5.340934,8.198323
-2.7744079,2.2736912,0.11573936
0.32203865,-1.2585888,-0.43643853
-3.354312,-9.159201,-0.4361379
-4.8718214,-5.9539533,2.2043471
-2.239759,-5.363411,0.38558912
6.086342,1.0397301,4.591831
-9.351471,4.2486744,7.449576
-5.299741,6.134798,2.936252
5.1356316,8.456493,1.6552562
5.215166,-5.2818465,2.7300193
-2.55718,7.568907,0.24634391
-2.2699604,-5.7338724,1.5222185
-1.3914776,-8.590708,-1.1623659
7.240814,-4.307495,5.1314063
7.2260036,4.586071,6.0996075
-4.6688547,1.6576405,1.3275445
1.6573124,-8.695903,-1.3405156
-9.679984,2.6911182,7.575586
-6.6016126,-0.3872776,5.8827457
-0.91510963,7.264612,0.27085274
-3.3442106,-5.650842,2.0648675
-4.7182236,-8.294066,2.8938496
8.217939,-0.6308994,8.378696
4.9773674,-4.0088224,0.74124634
0.7704201,-1.7005167,-0.89763
-2.9442334,-2.6776257,1.2901589
0.14852428,9.753361,-0.15865059
8.205784,-1.3106384,8.021299
-1.867238,-9.674955,-1.5457455
0.76187134,-5.883224,2.1077948
3.0972157,-0.31609917,1.0292348
5.922346,5.6414137,5.322261
6.124956,2.4189014,3.7575922
-4.68182,-9.866444,2.0790946
3.9305134,1.4594707,1.0595422
1.5910254,7.1394234,-0.023152761
1.4406061,-3.207171,0.1690469
-8.616991,4.6513653,6.7745223
9.253944,8.311716,8.94508
4.4597435,8.4049015,1.2145687
1.1726227,1.657608,0.76824033
3.8424168,-9.594061,1.0498464
-2.483573,-8.549541,0.6849049
-7.1796455,7.4041977,5.175303
-2.6147509,-3.220028,0.48310047
-8.950844,8.56975,6.473645
8.648514,6.422308,7.7764616
4.280134,-8.968668,0.21462727
2.6242018,4.5164337,-0.07150593
-6.7637467,-8.309449,3.9436479
-6.5136805,-7.249477,4.872677
5.7034216,7.039362,4.652526
-8.101982,9.004387,6.336495
1.9396057,4.840393,0.6847179
7.4816303,4.6443605,5.358647
-8.719124,1.1676931,8.535815
7.059355,6.466774,6.86996
-8.24369,-9.376778,6.6721616
-1.9421873,4.905863,0.64938366
6.9053555,1.1815071,5.7608166
7.4156113,-3.0040956,4.5532537
9.081882,-5.831046,8.8866625
8.274008,3.748129,5.2446594
-9.645252,-2.1795964,9.760742
1.6758461,1.0858841,1.3739237
-8.936635,-2.0696392,7.029753
5.6925716,-0.2937832,3.0569096
2.9605656,-3.5760365,0.7370969
7.705639,-9.505998,5.767155
2.346119,2.3919563,-0.66523916
6.8555756,-1.4465275,5.6719546
-0.43882275,-2.9848623,0.059648257
-8.03144,6.5223866,6.443521
-6.5771923,-4.6962442,4.0274377
-0.14072227,-1.3558912,0.4539886
-8.98107,-9.130163,7.148433
8.492249,-3.7320938,5.8892956
-6.0038495,7.1145325,5.4088445
-7.5876627,0.5349884,7.498242
9.738695,5.526022,10.023609
-6.4116964,8.368452,3.8628879
-4.4638243,2.576724,1.7302456
0.16862011,7.345234,1.6595315
3.1888866,2.3926392,1.2569543
-3.5849915,5.9498444,1.6955502
5.352764,-8.632173,1.2635028
-6.40174,7.4017944,4.813281
1.9415169,3.3396673,-0.48255396
-9.838627,1.5436125,9.120855
-8.97881,-9.808329,7.3057084
3.540267,5.645502,2.8824606
4.8071337,5.392312,3.1282473
-4.465493,-7.5259137,3.0487638
3.5098028,8.595718,-0.32378328
-2.6151419,9.270756,0.21985951
5.5863075,-0.941885,4.51427
1.0919619,-3.1787515,-0.26078176
-2.2094069,-0.6026602,2.1910882
1.8999405,-8.432959,-0.08620751
-9.490685,-8.914987,8.290604
5.6016216,-1.3864985,2.6476688
9.2429695,-3.4420729,7.437793
8.529285,8.869036,7.046869
-5.7610226,5.8755684,3.2805123
-4.02642,-2.780572,0.09484109
-4.3814287,-9.854921,0.88628113
1.5203867,3.0868444,-1.7091908
-7.00264,-0.8444605,5.2567244
-7.5093374,-5.3012094,7.104227
-3.8895473,8.88205,0.5000919
8.753416,6.257347,7.5381546
2.6343117,-3.8310442,0.65343815
-9.0554695,8.511494,6.580012
-4.665571,-8.730849,1.5517589
-7.9222355,-8.291679,6.3215995
-1.2831745,4.662607,0.32509136
0.317276,6.0781307,1.8707812
-6.6777506,-2.0880127,4.815875
-7.7994394,-1.9066706,7.185023
-1.9715958,-9.703259,-0.30970117
0.5834284,3.3388853,0.052819394
7.350996,-0.28966713,5.486931
3.6290731,-7.5074253,0.5077208
-5.8234453,-7.686492,3.7574468
-9.229894,5.6491146,8.398734
1.9499836,-8.374811,0.3638341
-1.4346752,2.173584,-0.4530241
5.8640966,9.121763,2.2583606
-6.9182243,-2.9365673,4.534209
-0.48529625,5.650154,0.48666358
-7.29419,4.42315,4.126004
-5.014994,-2.253314,0.7152725
-5.9000483,-6.163307,3.3438153
-2.082572,-5.980238,1.3982929
-0.8377943,-9.772934,0.257294
9.296244,1.4479113,9.549454
8.863108,2.307024,7.9759707
7.7896004,-2.593032,4.5346127
2.3907833,5.357705,1.3167162
0.15814209,-0.6947384,0.51064277
9.520063,3.0605497,6.8911757
-6.902376,9.721428,4.755105
-9.237213,9.359367,8.7076645
-5.4035306,7.993868,3.65086
7.4905643,-4.139931,5.404049
9.790695,0.21380615,11.432163
-4.109378,-3.0156555,0.46736267
-6.472037,2.8821716,3.2123618
-8.88382,5.8778896,7.7853584
4.63356,1.6604996,2.8901472
-4.0274143,-3.2159042,0.8061401
7.474592,1.6891994,5.629404
-3.5357943,-7.397743,2.9912486
9.148775,-8.746352,8.741569
6.4470406,-1.7250271,4.9403834
6.5873947,-0.92113113,5.15224
5.319002,-2.0947194,2.9839108
-8.035641,4.513129,7.2338805
1.3720951,3.1496992,-1.9043007
-5.96599,2.399828,1.8064924
-3.0730033,2.482193,-0.7942874
6.193825,-0.56644917,4.9673386
-5.08154,1.863431,2.4985712
6.30616,-6.8436184,5.5923505
0.51597214,-6.3793125,1.2921175
-4.741614,1.1741438,3.375448
-4.856243,6.2673454,4.310212
-9.72105,0.423707,11.131825
3.4301624,9.091442,0.29813722
0.384017,8.0774555,-0.023436919
8.903366,-9.981951,6.2992525
3.6042976,-4.6065416,2.3534012
3.1056652,3.4775724,-0.74869335
-0.53121567,-0.479496,1.4067756
4.673442,3.3560553,1.4171544
-1.4836731,-5.49067,2.40336
4.0092993,5.3452253,2.4664621
-4.5474186,-5.75416,3.677507
6.323435,0.685071,3.938958
2.742134,-7.9816055,0.5102718
5.282608,-2.8792715,1.1835018
0.675333,6.3853436,0.20860037
4.7461786,5.1701946,2.281281
9.0373955,-7.2139606,8.202007
1.538866,5.728368,2.07893
6.952883,-1.469696,5.602795
-9.155889,-7.6816883,9.437804
-0.7912903,9.065319,-1.5617868
-8.691087,3.397542,7.9348383
0.7150078,1.0539227,1.1499426
1.8779354,3.1767035,-1.1471688
2.8237772,4.4276123,0.57502216
-4.2566023,-9.017411,1.6187589
4.680979,5.7098274,4.0246754
-4.207693,7.3020325,3.0454001
-2.5439396,1.2309122,0.8791699
7.4996223,-2.8422842,4.403018
-9.202932,1.4085732,8.101174
2.0294867,0.6838846,2.059027
-8.603764,1.6916466,5.968416
4.2973595,-6.211958,2.097245
-8.350573,6.3178864,7.6181717
-9.3873205,0.6123495,10.289138
-2.785615,0.58521366,0.52302396
7.997797,-3.6970863,6.4704413
5.052495,8.670002,1.8482823
6.426956,-7.167821,4.2545366
-2.329689,-3.38315,0.61677206
8.833471,-6.7447653,8.479144
-4.559702,7.502287,2.340673
-0.7000046,-4.0117226,0.046731234
-9.1828165,0.16771412,8.396343
0.5038271,-0.69152355,-0.1046797
2.292653,7.539694,-0.2441864
-9.597927,-8.467206,8.242387
8.406696,-5.14799,7.989361
1.8813992,-9.721378,-0.2933036
9.536758,-2.170267,7.849796
-4.3048706,-8.619348,0.46513987
0.4663229,-0.20917416,0.7585913
-3.209374,3.849803,0.4901827
8.455046,0.98270893,8.811768
-5.5901585,0.96639633,4.6725144
5.755451,-2.083334,3.2036078
-7.0222306,-7.1764994,5.8580737
7.5146694,-1.5366478,6.991119
-9.310839,8.13921,8.200641
-4.9713397,1.8838596,1.9296486
-4.513266,1.7945375,0.82135594
-1.6980228,-2.9932652,-1.3542972
-0.1240139,6.7180786,0.21507004
3.2316017,6.6480026,2.3727632
8.967783,2.1428003,7.7570868
5.8909817,7.0716743,3.4035933
-4.821907,0.770154,3.6111214
9.396481,0.19228172,10.915928
-1.4725857,2.743452,0.26235622
-5.5762873,-9.617048,1.8784277
3.737937,6.384178,1.4951853
-1.74265,-5.209074,0.8798423
9.543509,-4.353527,9.627957
1.1155405,-0.5994339,0.56247324
6.6185265,-7.518623,4.9852743
2.5748396,-6.4370813,2.4676857
-6.5351915,8.091766,3.4260812
2.1046638,-1.6348562,0.8102393
-5.786965,3.6682663,2.1292524
-2.677791,1.9969044,1.0943403
-3.2213774,9.80163,-0.060492925
-7.9235077,-4.6868362,5.751166
3.8700504,-5.1196933,0.8535958
7.076147,9.575821,3.0785546
-9.854542,-6.661887,10.866338
5.443282,-9.843981,2.1475613
-7.8955784,-1.7568121,6.9392447
-9.786614,5.654299,11.502582
3.448638,4.4641438,1.0673091
-0.22169495,-6.7073107,2.0757194
-6.130481,-7.7439547,3.8178482
8.953684,3.2114677,6.342123
0.8159809,-6.5504255,1.8108568
-6.2722993,5.544321,5.104909
4.5873985,-2.265017,2.00569
0.70778275,-4.0486765,-0.5136759
-1.6006002,-1.7970905,0.21097648
-7.118919,8.140467,4.0250053
-0.725461,-6.01427,0.06882682
5.7870045,-7.678981,2.7313445
-4.8853884,4.049652,0.91298914
4.605938,4.2136497,2.5874143
-9.827419,-1.9198694,9.586962
-3.7836695,6.021187,3.042813
-3.1459513,-2.4112582,1.1606877
-8.79727,-4.192741,6.699546
3.574027,-7.6046968,0.8848886
-7.8293085,-5.000943,7.2451262
5.7875834,-5.558722,3.384943
2.0474606,2.6594143,-0.9481889
0.13275337,-1.8347569,-0.61920696
-5.331129,7.2163544,2.7546134
-3.4031591,-4.848236,0.36007476
2.427701,5.8228874,2.6246681
9.61397,8.112312,9.716693
-4.7898364,-2.2798433,0.63593495
-6.804011,-5.588579,5.828234
-4.4357967,4.978981,2.0645075
-7.1832585,-9.518929,3.4944816
-1.3164759,6.618572,0.24618097
-7.127761,7.6755695,6.3227777
7.250679,-0.583478,6.873427
7.0978622,-6.1980686,6.251669
-6.3629255,1.2718878,3.5551786
8.819403,7.2367744,8.811895
2.0731945,1.3387737,1.0089836
-6.362183,1.8705807,4.218774
3.3215055,4.3586483,1.7833622
-9.07578,5.655775,8.074925
-5.3182316,2.1818714,3.132952
-7.2180758,-5.4501305,6.668812
-5.561559,0.27930164,2.8539722
-2.1645775,-4.264756,0.2777468
2.2771559,5.031971,-0.3488807
1.9082317,-5.142254,1.1267828
-9.774608,8.740732,9.348546
-9.571704,4.2083282,7.8673716
-1.5171003,-9.9895115,-0.27773702
8.534988,-4.188777,7.8567686
3.704486,-1.5032587,2.3968265
8.926285,-3.2422123,7.8862247
-4.7380886,-0.334198,4.0874715
2.787591,-5.3505096,0.32504076
-8.7058525,7.0294285,9.327972
5.2043114,4.5565014,1.9480428
-0.24637699,-0.9474468,0.8216109
-0.7584877,-4.363776,-0.3439448
-5.399852,-7.643036,2.6574237
-8.737377,-5.763359,8.299128
-3.6817875,-5.5205274,2.910282
-0.944911,9.396996,-1.7676171
-5.310525,-0.0106163025,3.6745331
4.1796827,-5.7048664,3.3369458
-1.7352524,-0.7715702,2.3315992
0.98462486,-0.39199734,0.6529372
-9.31274,2.4311972,8.72283
2.8162718,3.2563744,0.35606262
-4.8890424,6.27166,4.270315
-7.5561466,-4.9806175,6.102512
-4.0133295,-2.1611557,1.6474721
-9.094724,-8.582248,7.5564613
-7.632884,-3.5957503,5.6876345
7.4557667,-8.792058,4.3174105
8.185318,-0.86685944,6.8235693
-6.945962,-6.0448303,4.8525963
2.1686926,-3.4234276,-1.5029671
-5.1508236,9.357029,2.6551943
9.357571,9.053505,7.8206987
6.1049767,1.3014355,4.9765444
3.9760818,5.0885487,2.9727018
-8.15307,6.461149,7.179874
-4.9186907,0.43978786,2.6218126
-2.1016035,1.9916353,0.5874565
-8.94059,-0.6723013,9.123292
-5.844195,-7.976315,3.8144944
2.6328297,7.965515,1.3123165
-8.140744,-7.4091444,6.4145727
2.6606865,-2.9904022,-1.0276258
-0.22852707,-8.323816,0.37796542
-0.8234978,-5.924405,-0.16290991
-2.921029,9.955595,1.0410041
-5.3742943,-0.92272854,2.6292846
-9.349443,3.1307945,8.69194
-6.804882,2.4195461,4.4886475
7.5522804,7.81229,6.2687826
-0.7412243,2.093153,-1.4501284
9.7374935,0.35346508,9.898258
0.52719593,-4.5892725,-0.805508
-1.1787043,1.834425,-0.8318496
5.996958,2.171917,3.3783033
-9.414683,-6.8871927,10.728891
-6.1981907,-7.232492,5.2376637
5.736429,-4.3238316,3.2127473
-2.6080074,8.603189,0.5198174
7.911606,3.9728832,5.3610635
-0.91313934,5.598257,1.6950796
7.131525,6.6648026,6.055923
0.48566723,-0.099749565,1.0570235
1.0385017,-6.6772175,0.6954654
-8.446339,9.581621,6.896126
-3.4558725,1.6473293,1.7575011
0.5013962,-3.5972157,-1.9971546
4.569064,4.024555,1.0966934
1.9403095,-7.0215034,0.36685514
-2.1711636,0.35246944,0.6525761
0.06751442,9.285992,-0.42151147
8.596281,3.2966766,6.757452
6.670635,-9.373011,4.0396347
3.4121857,8.719435,-0.73028785
-7.206764,2.1335106,4.740234
-3.3624067,-2.6725807,0.5947567
6.384411,7.8659763,4.2183733
9.001762,4.4415016,8.554829
-4.7275066,5.842146,2.568256
4.249048,4.8915243,2.6889443
-2.3415875,-5.600773,2.2880335
6.343624,-7.22522,3.6516707
-1.5025883,7.1816654,1.7511417
-7.949071,-0.61782265,6.4254994
-9.898474,8.120802,10.4491825
-0.3746748,4.968611,-0.5814174
2.9480534,-9.640046,-0.2585219
-5.894943,5.4654512,3.4547226
7.867735,4.9868736,7.3670745
4.7432976,-9.627472,0.69152737
6.030308,0.59086704,3.7303572
4.6072674,-7.9897985,2.699598
-9.644896,4.8970747,9.438013
-1.8335333,5.3228846,1.341386
5.194373,3.0439463,2.0030575
4.950246,6.2594223,2.7017348
-9.098683,-5.548667,9.500558
-5.6683564,-0.3488407,5.4069204
7.288847,-2.7094102,3.4213862
-8.279332,7.643093,6.9106355
7.5789795,7.1382847,5.902561
-1.929349,-3.5280704,-0.13721484
0.73363304,-8.485754,-0.6564747
4.8772964,-0.34860992,2.4770403
2.6920233,7.816187,1.5506078
-6.410412,-2.1577954,4.183828
3.2572823,3.6804667,-0.37066108
-8.585665,-7.269082,7.408081
-5.0464916,-6.648648,4.731138
-1.7565632,-8.582552,0.3112954
-2.0003357,-8.6015835,-1.8398094
7.2794743,-4.064784,5.8820467
-5.458847,-4.2647195,1.7263659
8.391169,3.8617086,7.158408
4.6578608,8.24161,2.5223708
3.2540998,1.2286291,0.57772696
7.1216984,4.030861,4.2000346
-6.829288,-6.390419,4.9333115
-8.616322,-4.331723,7.041695
0.37302494,-9.342274,-0.7291827
4.929681,9.363819,2.0989802
5.047861,1.0673027,2.3701458
0.41585445,-2.7401457,-2.0243084
9.564064,-9.137153,8.9929695
3.552845,1.8740921,1.5123932
4.3209267,-9.813036,2.0065992
-4.846879,6.7215385,2.0777917
3.0503807,-9.380498,0.359934
-3.7432108,2.140583,-0.11067238
-8.078307,6.205103,7.4755373
-6.5053425,-8.079633,4.874943
-6.0374546,7.3444614,3.337003
-1.5078249,9.600376,-1.8483714
-4.1882887,6.987837,3.2968054
9.187075,9.080412,8.436918
4.134514,-4.6789827,1.1418278
-8.313816,-1.7543526,7.5611267
0.42085552,8.972765,-1.7798249
8.623333,4.737238,7.969826
-0.40315437,-6.787703,1.3664695
1.6229448,9.849508,-0.5569053
2.7300663,-1.6902237,1.8758514
-3.2995749,-3.2529354,-0.79516375
-6.4743876,1.3789101,3.8608997
-3.747758,9.62188,1.3838358
-2.6090822,-5.039153,1.2661436
7.8689632,0.8781719,7.1455684
-8.128748,-1.1760426,7.0459533
1.3444271,-2.9954576,0.0075216554
-3.822658,4.61195,2.3488173
-1.06394,0.6017542,-0.20229465
-0.8883877,-8.204184,0.8227824
-3.879033,-0.24689865,3.7895436
2.3074827,6.317728,2.4224916
2.363371,-4.741625,1.6618207
-5.7425747,8.884455,1.5506082
6.1441956,-8.238705,3.0158515
9.020847,3.3866386,5.9698725
-4.1418767,6.2010765,2.2718487
2.0382557,3.5065498,0.12195214
-3.7028494,3.9498472,0.0601767
6.8548126,1.4706593,4.4070864
-0.775383,-2.1065521,0.5025131
-8.916138,7.166506,7.7009234
2.3269958,-2.2169151,0.97931087
8.286837,8.403126,6.8133426
0.039060593,9.566063,-0.48098248
-2.5609503,-8.658104,-0.2776419
-0.2743454,8.131685,-1.0758542
5.6624584,2.4883785,3.5418587
8.576487,-6.8205605,7.52595
-2.502606,-5.5587826,2.0485346
5.3270493,-1.379446,2.1482964
5.571974,9.347015,2.914293
8.934296,6.105507,8.139767
7.1641483,-2.6594458,4.0292454
-8.259264,-5.969969,7.068911
-8.261552,-6.471963,7.9139404
-8.298649,-5.052669,6.3104844
6.283619,-0.22681236,3.7956326
-5.078106,-8.681383,1.8907866
5.523756,-8.925334,2.9674926
-1.4889574,-6.27966,1.4649963
-4.1205406,2.755824,1.7662033
7.5248604,3.5498161,5.6409726
-1.9314156,2.9489498,-0.21686658
-5.396781,8.315123,1.3695301
-1.5325842,2.4206676,0.34273508
-6.3600874,-3.883215,2.8603067
-9.6288,3.9696865,8.126913
-1.7520723,-4.666046,1.323545
-0.56300735,8.89456,0.3104481
-5.6997356,-3.838297,2.8036504
8.863054,-6.245614,9.350889
-2.2340822,-1.9179716,-0.834612
-2.5400758,-5.576949,2.1415246
7.9248943,-1.0043144,5.8784065
1.1127901,-1.6712551,-0.60783184
-2.3524132,1.1717224,0.378067
2.2993736,-1.3233614,0.5573136
-9.035169,-6.966951,8.844295
9.831253,-9.368211,9.3205595
2.6378736,-7.229619,0.864678
3.5169296,-9.3052635,-0.8984134
-7.375512,-9.972126,3.3996563
7.6454773,9.70447,4.1123085
-8.218847,5.855426,8.747499
-3.4748888,4.534071,0.7193184
-6.4120054,6.4389935,5.7595644
-5.0503206,3.0394602,1.6560991
2.1340199,-3.3034277,-1.1122746
-9.917128,-1.2419367,9.755253
-9.789768,-4.1103935,9.622779
2.2844486,4.5106974,-0.24318002
3.2957993,2.5737143,1.2320427
0.14334106,-8.399445,-1.3884002
-3.7991118,1.5540228,1.9956225
-2.7973032,-7.6984034,1.6285063
-1.3811007,7.5194206,1.1536177
-2.027564,1.0864077,0.37666374
-6.186448,-0.15432549,5.2322783
7.52705,-5.9125385,5.8588963
2.0239563,1.5405989,0.080320895
-6.6903043,1.2724113,3.8651884
-2.032486,2.5672817,0.32549605
-7.2359896,-7.0035386,6.1067967
-5.84272,-4.2229834,2.7678041
7.5955486,-6.968302,6.1724257
3.0527554,-6.2512016,1.5259608
4.3808727,-5.4803667,3.8380184
-1.2974129,-8.065815,-0.6997085
-2.4952688,9.82482,0.20646256
1.2925968,-9.463478,-0.76985323
-7.104226,-2.618475,3.935277
-9.950238,0.42395782,11.788733
7.030203,-4.0270185,4.158729
0.2037859,-2.7737927,-1.4471167
6.065584,4.6803665,3.5427105
7.524227,-2.2978535,6.323396
4.3738136,-1.1818037,3.0276566
-3.4179163,8.824097,1.1055627
-1.8337803,-3.5899162,-0.0672116
-0.5219002,-0.44243813,1.2403572
0.59818363,6.3617916,0.11881098
0.38896084,-2.3450089,-1.6402216
-7.8180957,-7.976837,5.6367645
-5.497059,7.7005157,4.089939
7.2874317,-8.618187,4.4768066
0.32008648,-9.856079,-0.80769515
-4.5338783,-5.1349583,1.2973863
6.760889,1.3265152,5.3065968
-2.967926,8.102423,1.6052154
-4.0674744,-7.806587,1.7197187
6.988962,-4.9776115,5.37412
-7.889515,9.033333,4.485557
-4.7890377,7.8069706,2.4937603
7.5680237,3.7871056,4.4142575
-0.97780037,-8.466023,0.3842265
-4.1236663,5.4956646,2.7076895
8.297773,-0.6355076,8.7637825
1.5216885,-7.6860976,0.8030729
-9.395615,7.8338184,10.167247
-7.394736,-6.839497,6.5155125
-2.5350022,1.6297188,1.3494437
-0.5487919,-5.448509,0.8611202
-7.5291214,8.477728,4.6286564
-3.768301,0.31132793,1.0316808
3.3804693,-2.4210048,-0.34871912
-9.32571,5.6250668,8.577649
-9.37128,9.1,8.209526
2.5998888,-0.7785759,0.4759652
1.9085741,6.7843513,2.0616999
-9.657112,-3.5917225,8.279563
-9.304401,-5.401539,9.447931
8.308865,-5.408623,6.780384
9.979946,-9.599477,8.038272
-4.370532,8.846127,0.2438228
9.961267,2.4764328,8.892112
6.9066544,-7.0591154,6.6480613
8.888935,-8.670746,6.5190535
-4.3030214,6.2744446,1.8836901
-2.447153,0.47656155,0.3278988
5.89573,-6.8350353,3.9906514
3.709197,-0.9979038,2.828621
-7.9812136,-3.6355495,4.7324305
5.984659,1.3028669,4.8418126
9.751713,-4.1338882,8.495328
-6.350596,-4.67883,3.1293285
-9.284508,-5.8609247,8.380036
-9.525677,-4.128665,9.583705
-6.3267303,0.16046429,4.0694833
-4.403714,4.8660145,1.5980304
-5.651287,2.1302223,2.879598
-8.758356,6.377741,9.1813965
6.245573,-3.1239176,2.329565
9.780466,-3.449236,7.738083
8.372107,-6.0101213,7.8659472
6.262001,-8.620834,3.774423
4.4399214,-6.135598,1.8332641
-3.9423776,-2.081417,1.7916021
-8.069666,9.416817,4.8535
-5.90626,-9.746528,3.5214448
4.5278025,7.481409,3.253446
2.1878424,5.133382,-0.1022814
1.2766275,4.977647,0.8413396
-6.069114,5.3124037,3.319447
-4.7047577,5.371298,2.5775142
-4.217366,8.647776,1.8291174
-1.2693777,3.703539,0.32077724
-1.8869772,-2.0803204,-0.7387851
1.0575047,3.8049612,-1.5386621
-3.3301268,-0.7452917,2.626389
-1.1330986,-4.841503,-0.2825692
-6.360055,3.6626759,4.20513
4.941577,9.997982,0.8966227
-8.310529,7.501251,7.61981
1.8253098,-4.3114843,-1.1893075
-9.513657,-0.8859167,10.575474
-5.702834,3.8295088,2.3627317
9.669073,5.547847,10.001336
-1.871212,-8.706448,-0.7995113
-1.8370543,1.3609047,0.16539985
5.158844,-1.1807432,3.387547
-8.62685,9.5954,5.593137
-2.3036313,2.8423462,-1.1427761
-0.3218603,-4.488326,0.8155177
1.1254921,-3.1865048,-0.28416693
-1.656105,8.157518,-0.39607206
-7.053956,-2.958889,4.757284
-9.165213,1.8588114,8.946525
0.107785225,8.747427,0.045102075
8.350691,-8.838082,7.0517507
-4.4890237,-0.8192768,2.1332083
1.264286,-9.0168495,0.20261523
6.356468,-3.0376472,2.3683758
-9.770573,3.6682663,9.866044
8.849291,0.005596161,8.872856
8.446005,4.958002,6.517138
-4.3746185,-6.80568,2.2526867
8.716486,4.455431,8.29065
6.831011,-4.3493032,5.5559306
8.307098,6.4831047,7.540915
8.660404,-2.596818,6.7117352
2.2933273,8.183516,0.23938489
5.4948435,0.80378914,2.8377633
-5.3544893,3.421115,2.2514603
1.67941,-7.5707827,0.21699542
9.589542,1.4640512,10.069767
-3.4459171,7.3785095,1.5232768
2.3565884,-7.632059,1.7763942
-5.109376,7.398302,2.764376
3.6962242,3.7274036,1.2226746
3.2559671,-4.256425,-0.2600503
7.549803,-6.5226994,7.488148
0.05513382,6.1423283,1.3622736
4.774563,-3.04322,0.27369782
6.062599,4.869089,2.7994943
1.6103382,1.2212353,1.7744013
-9.43358,9.338724,7.44845
7.0900745,-6.8845177,6.8980465
-6.403226,-1.3995819,4.7386684
4.6322937,4.3779325,2.8986738
-7.481861,-4.913745,5.1267643
2.9128132,-2.747295,-0.8399574
-1.8714132,-2.1901455,-0.8700812
-8.955326,9.80879,7.2816076
4.5662107,4.3943014,2.517646
-2.3268118,-9.274112,-0.12368899
-4.161001,2.7929,1.9054042
-3.1070843,8.450052,-0.37463203
6.7993507,5.038356,4.7924523
5.8759537,9.0835705,2.5047693
2.7241955,-1.9798012,1.0070596
4.1842976,0.99328804,1.4754409
5.136442,9.772032,1.6876729
4.1370764,9.217949,1.2652366
8.514858,-2.9377842,6.6853604
6.021435,2.1064901,3.447608
-5.145956,0.40629196,2.9603631
-1.5230837,8.824888,-0.9240507
4.664048,-4.391366,0.36824435
7.9561996,-1.2354517,6.8537884
-8.309541,3.6601076,6.514216
-4.9597273,-1.5536861,3.5172205
-4.9592876,-4.706192,1.9460727
9.4450245,8.514765,7.687438
9.815113,-3.7099543,9.387917
-4.469855,6.143776,2.4133272
-3.0903196,-2.2517347,1.066274
0.17729378,-9.862833,-1.7165396
0.58557415,-6.912904,1.8072779
-2.8500605,2.5636158,-0.6964887
-7.2955074,7.161869,5.3408537
-5.3220463,-1.4057217,3.8256452
-0.834404,6.512869,1.7123904
1.0824404,1.8368359,1.004904
0.38373184,4.252343,0.81498283
-9.183014,9.901913,7.222522
8.854418,6.82205,8.220477
-5.8247957,7.746729,2.694547
-2.4485388,-6.3541975,1.8399966
9.276312,-7.37638,9.557021
0.06526089,7.9282246,0.3918635
-7.9936695,9.222881,6.55017
5.7608805,5.081357,2.8999102
-3.7621937,3.9677134,0.2509396
9.694107,-2.3137116,8.764931
-2.9015255,3.5027552,0.51897365
-7.474886,-4.816942,4.7750816
-7.439164,-0.4228363,6.472416
0.053949356,9.357523,-0.4507618
-1.6107073,-6.299982,0.50603664
7.785452,-8.404243,5.109202
0.59874535,-0.77896214,0.2376614
-6.0110846,5.2159386,4.053789
1.120204,-9.30036,0.15442488
-7.3965225,6.365284,6.386316
1.4929657,0.44574833,2.2214944
2.6416721,1.1964312,1.0611405
-9.428023,6.1920986,8.622268
-6.840439,5.056032,5.2627783
-5.022676,-0.56720924,3.4953914
-3.4965572,-9.514044,1.3410797
-1.816822,8.64888,-0.358303
4.1936007,-3.2375612,-0.18157196
-7.8930798,-5.5546308,6.8861184
5.171997,3.3445034,0.8255089
-6.9319143,6.7211323,4.9890976
8.781317,1.4239511,7.675673
-5.7073307,-5.6901274,4.9207253
-7.650055,-9.081554,5.2224283
7.166979,4.3534613,4.498121
8.133884,3.5004425,5.368625
-3.3880448,5.9439907,1.2639539
8.767714,9.964069,6.436024
1.1262178,-5.4472446,0.78260106
3.6317768,3.1062078,-0.1530321
-0.58675385,9.92042,-0.39773557
-2.7317858,-0.31220627,2.5154428
-3.617127,-3.712863,1.2635396
-8.573886,-7.806287,6.942938
7.2984543,0.16023064,7.267011
5.2977095,-5.0505376,2.5278926
9.085213,-6.807959,9.926389
-9.830536,-9.508131,8.050453
9.880184,4.1267195,9.187194
6.669485,-1.4424896,4.624863
2.726697,4.3114014,-0.2207727
-4.2921295,5.353755,3.6011205
7.056467,-9.937945,3.598402
6.412504,-3.6254158,4.156384
8.606331,8.9114895,7.6070457
-8.256441,-1.7231541,7.9887066
1.5199528,6.7369766,0.30913204
3.6010637,-8.645469,0.9622296
-9.837107,9.1400795,7.685174
9.360394,4.2231503,9.418524
6.2422714,-7.022345,5.103562
-8.030506,2.3483286,5.470317
-8.58518,6.3723717,9.308012
0.40795898,5.3878365,1.4303571
8.020781,1.9414864,6.647477
2.903842,-3.8850594,1.1048125
1.4061689,-3.1302953,-0.35246742
-0.6477699,-7.258401,-0.33586565
-9.936,9.82929,9.149705
6.0189342,1.9078827,2.4422922
6.3782864,2.1669445,4.31453
-7.0313644,-5.776124,5.994535
-1.8421412,-7.808521,1.3212479
9.721874,-1.175374,10.553815
-3.8328323,5.1627913,1.2153479
-6.8658247,7.543251,4.1393685
5.720564,-0.9804239,4.5381637
4.6193714,4.200124,2.2879949
8.614071,-1.7607994,6.533594
-4.3060694,-2.9688797,0.8382779
2.4314642,9.993534,-1.0496327
2.4073715,2.4353218,-0.7668187
8.136461,9.816975,4.699531
5.603859,-9.809413,3.3351521
2.349782,0.79306984,2.186339
-1.4069328,-3.4241986,-1.7666173
-1.7838812,7.744652,-0.63699657
-5.3966055,5.0125732,2.0963323
4.2062206,1.6682539,2.5842133
8.522278,6.2270126,8.670427
-5.083344,-5.9345684,2.7767937
-6.8335366,-2.6219559,3.050527
7.445923,5.0752754,5.8892107
1.3436184,-5.814027,-0.22836146
-4.7138844,2.4043922,2.190944
6.4756947,3.253461,3.764756
-8.147793,-8.313848,5.1659784
-4.913354,-5.877347,2.4209325
-3.2133985,-7.401092,0.41284654
-0.31843567,-9.146251,-0.5912466
2.1317244,-3.5481558,-1.4467673
4.782341,3.143381,2.0043116
-3.491768,3.7136183,0.24564895
-0.96950626,5.667411,1.5778351
-5.2154374,1.2534819,2.7469819
-6.575266,-6.400676,4.22344
2.1818733,-9.428777,-1.4875036
7.3738575,8.7138195,5.804538
8.6295185,1.777978,7.5754876
-7.804587,7.6722984,6.880183
4.732107,-9.378542,0.9564747
-3.0852118,-5.4383826,1.0920371
-0.49834728,-0.26370144,1.1608698
-0.41735172,8.274649,-0.28892496
8.637421,-8.201374,5.936026
8.379349,-5.3187847,6.5212526
-8.097126,-7.586398,5.78369
2.1687021,5.0868177,-0.08221589
5.8480825,0.77240086,3.3025222
2.6829453,-3.7978354,0.8712628
-0.23168945,6.6686707,0.03630042
-4.720671,-7.4342537,1.6585548
-7.055614,-0.9876528,6.148339
-9.84272,-4.5724735,10.550573
-0.19380093,-2.233695,-0.14115554
-3.8583016,0.10319805,1.7552395
2.3600407,-0.22611237,1.2580696
-4.227581,9.906425,1.6460788
8.306231,-8.826824,6.9860063
-7.0555663,-4.1880274,3.3464923
8.873421,-0.76174355,7.680646
-3.9649334,-4.1847873,0.38930914
1.5456352,9.289089,0.23080774
-3.6670423,5.1460752,1.9061244
4.21482,7.564142,2.6618283
7.891739,7.344059,7.8666015
9.350449,-0.5344105,10.551854
-6.9259715,6.5891075,5.0055146
6.864876,-0.843359,6.0324693
6.6141148,7.1835747,4.5834846
-8.206019,1.4564905,7.5447264
4.0419865,3.982172,0.78748065
1.933322,4.120413,0.957365
5.4886684,-3.795909,1.6127156
8.761595,8.549133,6.610756
0.22875786,8.14974,0.4666606
-3.7016702,-2.416748,0.72512484
-4.5071163,-2.9601583,1.911461
1.2914286,-8.872967,-0.0062992573
-1.4673853,5.2608433,-0.16175422
-7.1620893,-7.6649833,4.496727
0.27892494,-9.238172,-1.4849011
5.7259674,8.228809,2.878826
0.3315258,2.2161293,0.027288381
6.286705,8.708946,2.2756822
-3.777783,-8.365353,0.79565805
7.84256,-5.633155,6.996571
2.382454,-2.6683807,-0.44124398
-3.3606968,6.1820755,1.4766786
4.821575,-7.591796,3.6174963
4.917716,-8.616367,2.9332352
-4.2876315,-2.9447865,0.848682
-1.8189545,-5.188011,0.5337186
5.161112,9.689793,1.272521
-8.812803,5.101346,7.407409
3.8102236,-6.7498455,2.0709043
2.192318,-4.3102303,0.341848
-6.8165255,-0.3680687,6.168819
-1.2328472,-6.2582207,2.1597927
2.9268942,-7.5558805,1.1649761
6.956194,8.961205,3.6961355
7.3127384,-6.6503882,7.5856752
-6.450783,5.775647,5.4884467
-6.502022,-2.8787699,3.3764114
4.7289295,-7.5965714,3.5467381
9.865952,-4.530885,8.85785
8.539885,-4.5820055,6.059806
3.938056,-6.791831,1.761137
9.48172,-6.1256266,8.849473
-4.5909333,-0.45419788,3.901182
-0.28305054,-5.2655005,1.5198196
-8.156948,8.132553,6.967554
-6.136855,-9.553747,3.7974446
-6.7628145,-1.6291447,3.4265223
-9.071251,6.5830708,9.118185
2.821432,-6.6002026,2.076138
2.5830164,-2.2843637,0.41841713
4.0259123,-8.154049,0.31346464
6.627329,-9.647304,2.9237666
-7.965181,4.737588,6.4878125
-2.8861618,2.5544834,-0.6328422
7.868807,0.97327805,7.3364515
-8.8498745,7.907856,6.7681713
7.028391,-0.22874641,4.6907167
3.0794573,-8.344102,0.19439155
-8.118332,-9.729533,5.1254582
2.1574154,1.4500904,0.64758855
0.32128716,-5.9255075,-0.35250127
1.9314041,9.312439,-1.2799757
-2.869134,-1.2511158,0.4329282
4.5266953,8.601683,1.9226116
7.7771854,-1.6137142,5.970215
6.969803,-4.627987,3.8774247
-0.959774,-9.906345,-0.99007386
-9.198931,9.536055,7.7091823
9.790026,-8.642975,8.592322
2.782919,7.0709343,2.2215402
8.875853,-3.882719,6.9911866
3.6022491,-7.3811436,0.824049
0.16438961,-3.4379616,-1.5786734
5.3810616,4.841467,4.132957
5.5964804,7.6314087,2.170539
-0.64711094,-8.363963,-1.1486611
1.5309849,-7.456499,1.6733004
-0.40596962,3.395153,-1.951681
6.8519077,4.773468,5.5886297
4.5525684,-6.4219103,3.7098181
-1.6674194,4.1623707,-0.72006863
9.318979,-1.4005508,7.9718294
9.582428,-8.725624,7.1912584
8.123604,5.601283,8.319368
1.7917881,-8.376047,-0.6862681
0.61162186,-0.5662365,0.81097364
-5.2219176,-2.1619344,1.0116162
7.2899704,-4.5962105,4.1990485
-7.185074,-1.6169586,4.3021407
-8.619147,-8.925792,7.583203
3.0173216,8.85206,0.82323986
-9.354447,-7.4796143,9.581634
3.1881514,6.17264,3.1254761
-4.8161483,0.34589767,2.2065396
-0.12570286,-0.4461813,0.91407216
-3.8526654,-0.7280197,2.2691526
8.086292,-4.2671385,6.2162247
-7.4327707,-1.8120556,6.21244
1.837038,7.196499,1.8648173
0.14176369,-4.749655,-0.5354018
-9.515358,4.5614834,9.516445
7.732456,-8.067968,5.9569793
1.9777889,-4.944521,0.890962
-8.024007,6.9151936,8.570393
-9.924881,3.6588335,9.83377
4.4219036,-9.08141,0.37682953
8.208937,-7.003813,6.4651027
-2.2788072,6.4720535,1.0324744
-2.954142,-0.6855631,2.5252035
-8.527309,9.290617,6.7350106
6.7528687,-9.86286,4.198859
-3.767383,2.6524944,0.9609626
-4.5963755,-9.889794,2.1880903
3.8049803,4.1619225,0.8405544
8.745605,-3.3867083,7.666959
4.6283073,-1.0608234,3.7786598
2.8842602,-1.2347136,1.3368423
8.850824,1.2857456,7.377277
0.42531204,-6.7299438,0.5708446
1.546957,-5.548319,-0.13319355
-0.73066807,4.3581095,0.27880967
-6.266016,-5.7850018,4.001478
1.837059,2.7985907,-1.5533979
-5.193039,-1.1811314,2.9571831
5.787016,6.3155327,3.300892
-6.8977547,-2.5165071,3.183863
-8.173932,7.0487614,6.5179777
-1.9321117,-0.26588058,1.5526592
7.428665,-5.555992,6.7714133
-7.5978446,1.8880606,4.66862
-3.1869802,-6.1464796,2.6213918
-0.7662115,2.410778,-1.6092265
-4.3732524,-4.8001995,2.593476
4.724182,1.2072487,1.695944
8.735186,-1.8839817,8.0925865
5.4125004,-2.5892138,1.1547741
-2.1089277,-8.629442,-0.61122674
-7.85125,-3.3569217,5.9466057
-8.256519,8.349081,6.377529
-2.3945928,5.638732,0.66718954
-3.150258,-4.181658,1.1518068
-7.583843,1.1727448,5.806547
2.4730206,2.502184,-0.2845065
-3.7892017,6.1430645,3.531028
2.8999624,6.8241615,2.5035253
-5.3102436,-5.4891944,2.9478996
-0.9010544,-2.3742652,0.2473325
-3.0094776,8.208107,1.0475069
6.142475,1.0231342,4.1120086
-9.126528,-5.537541,9.427639
-3.9433432,-5.025426,2.63706
2.1355104,-4.955213,1.3761752
-2.8173294,-9.4263735,0.46253374
-0.17114162,-6.710864,1.9203475
6.758526,9.929935,3.109885
1.4315214,-1.2043295,-0.4866977
1.232748,6.67008,2.135632
2.921462,-9.251991,-0.8013729
-5.380144,4.715435,2.6254075
-3.9936876,3.853568,0.6271864
4.7901783,-9.356237,0.54934716
1.4496479,-2.421081,-0.13116445
6.5233517,2.6175165,2.2220726
-1.2767181,-7.8573856,-0.30203682
9.39406,3.8448896,7.0987754
5.9719887,5.8213625,4.0303125
-2.8014255,-9.099107,0.4007402
-5.1105127,-3.8496914,2.6800091
2.0194054,7.0142,2.0021007
-8.342278,-0.8904476,8.71708
-4.5796432,-5.848135,4.2270494
3.0634985,2.4992695,1.3256949
0.8722038,-8.288093,-0.9601023
4.5255604,3.3392105,1.6690592
-4.182829,-5.7829084,1.7906739
8.415499,3.6330013,5.205143
-5.4990125,-5.3138027,3.2145967
-5.1240015,-2.9887438,2.3530092
6.6903954,-4.6422043,4.3359017
-1.9293394,5.227704,1.3274618
2.8607502,-9.170203,-0.74204206
-1.7764549,6.0540924,2.1419792
-7.0723176,5.194044,6.288289
-0.4000187,-7.041824,0.6496986
4.5367727,6.752594,2.416523
6.739378,7.419199,4.599738
7.628237,-6.2992916,7.562046
-0.35213947,0.9134178,0.83112836
7.2429867,2.5030117,3.4870772
2.8208542,-1.3768215,1.5079323
0.3700676,7.274927,0.5982959
0.18891907,-2.5391817,-1.4248896
-0.9541931,-3.4296632,-0.6073593
2.855875,2.8229103,0.29025698
-0.51662827,5.37245,0.28413117
6.431078,7.8992767,4.5401998
-1.5231133,-9.957024,-0.26502645
-5.5530524,-2.4810352,2.9229403
2.9061308,-4.4243407,0.3809964
-5.6033554,-3.657806,3.2626963
6.210209,-2.7249622,4.004508
8.167099,-5.6294546,6.075904
1.6053343,-5.903963,1.0709496
-2.0060205,-5.4072723,0.2735929
-0.4515667,-6.7807508,0.984805
4.6833572,3.966937,1.2805651
-7.6391706,5.482195,7.428964
-2.6767445,-4.554527,0.12906784
-6.0926223,9.436342,2.2554953
-9.044985,3.6703596,6.5016427
-7.1550264,-7.5885606,5.1550274
-6.425178,4.75356,4.9588156
7.614191,0.8898344,7.2469163
6.112274,8.502064,3.8251781
-6.788865,-0.8726511,5.1553006
-7.891554,-4.0323424,6.130733
8.955368,7.7765007,9.029886
2.3736486,-9.192296,-0.5072774
4.604994,4.2866564,2.6694825
1.5616598,-8.554301,-1.0719215
-3.7364697,-2.3934183,1.036529
-5.4025745,-1.0040369,2.720519
5.3802214,-9.407333,1.4482431
-9.878532,-5.550479,9.731689
-8.321203,-4.001588,7.3281927
3.0198097,-1.3701544,1.6265463
-2.6224318,2.048421,1.1962253
1.9128227,-6.9477773,0.8518618
5.333452,8.16696,2.5825298
-5.7466784,1.5185728,2.769331
-5.6291094,1.2346535,2.9948008
-6.1505985,2.2471008,2.5184877
-8.749535,-6.312442,7.6613474
-0.6768999,-0.15557384,1.090519
8.491665,-8.833494,6.685047
-0.6112089,9.690098,-0.60596037
5.4842815,-3.747593,0.79912424
-4.97319,-9.277898,2.1772027
0.9921875,0.88286304,1.7833251
-7.5089645,-7.321453,5.4167023
-0.66101074,-8.572256,-0.9952299
2.1944942,-7.0362434,1.0711343
-4.278655,-1.4797153,1.8600848
9.181131,3.5251799,8.582884
2.8233728,-9.995923,0.17617574
5.001835,-1.4911232,1.7537789
9.952259,-2.2869434,9.45338
4.239048,-4.3550444,1.7992303
-0.78562546,4.1403,-0.24167314
4.7759876,7.00111,4.1823626
9.854385,1.2080288,9.765418
-9.627377,-3.8292894,7.7428303
-1.885376,3.1482038,-0.19289748
4.856041,-4.4699383,1.7538354
-2.423748,-0.6200752,2.4901736
-8.135776,5.637698,6.3848124
-5.8051205,-1.9537964,1.8691074
-5.19753,9.635014,1.7206665
4.145853,9.899954,0.9305675
6.366585,2.8693285,2.5561347
-1.1380053,-0.95759296,1.515731
-8.182498,-2.393496,6.6633077
1.4208431,4.085354,-1.0028259
2.7957573,1.5089235,-0.04673853
-3.772067,-8.44027,1.2578655
3.448166,-8.52736,1.3804318
-4.0849376,0.06978607,2.238124
3.3664436,2.5112896,1.0074381
7.1548767,6.231024,6.6155267
4.98722,7.1043777,2.2771397
-0.94503784,3.1778193,-1.3577366
9.60494,7.4041157,10.188977
-0.879344,7.369173,0.07172707
-8.919493,-7.33827,8.800806
7.1881046,9.497595,3.4178512
9.298588,-4.807048,7.9436407
4.5636168,-6.32874,3.686347
8.763849,1.308981,6.798064
5.4010563,-6.745943,4.700939
4.0817184,0.7471485,2.4696505
5.790016,0.35192394,5.0135126
-7.681849,3.0529156,5.8125668
-0.119319916,-5.707432,1.2819917
-4.2719603,5.084114,2.4250696
2.7508736,7.431072,2.0045912
-8.843338,0.929451,7.376528
0.59118176,4.686468,0.4644286
3.9122543,-5.712714,2.8174617
-3.715867,4.2566223,1.0144964
-4.0332994,-5.8459926,1.6068225
-6.4855504,-3.5515509,2.5295086
2.7532673,-1.8869123,1.6896902
-8.394009,-0.06213665,8.352116
-2.052578,9.041363,-0.3469824
0.5562172,1.4747229,0.9934217
2.8531132,9.896696,-0.13674724
-8.584965,2.3587332,5.858932
2.0178995,-3.1221762,-0.675314
-3.923212,-3.3064137,1.0604542
-1.1642323,-0.97745323,1.59941
-7.2971,-6.5618706,5.905121
-7.854267,3.8797073,6.0243177
1.3641558,8.942387,-0.95092994
1.6981039,5.747761,0.5805675
8.594574,6.115263,9.120672
9.409483,9.7110405,7.5609016
7.30645,1.291853,5.773857
3.8748121,-0.608407,1.6215667
6.650696,-3.380878,3.7769995
4.2704754,-8.370972,2.276454
-9.315881,-6.6224384,8.605595
7.2776337,-0.541028,6.8910656
1.2140923,-7.0517883,0.111854576
-2.4937906,-6.895877,0.3931204
-2.9739618,1.6512156,1.686102
7.9765377,-5.7467914,6.239679
6.9782314,-8.309413,3.5604982
-0.9289036,-6.946032,1.2626097
-3.7381659,3.8297462,-0.36139145
-5.3764067,1.3732996,2.0049763
5.7648716,-9.505089,3.0205526
-6.0644317,-8.068948,2.520767
-6.6295195,3.9947815,2.8028922
-6.001109,9.366211,2.6115906
2.903555,3.4639177,-1.0232369
7.6657066,5.033066,7.0648355
1.9987154,-0.46407127,0.77249026
3.7274513,4.228839,0.6811707
-8.076487,5.0681314,7.139392
-7.265729,-5.3698683,6.522543
-5.8568954,5.072728,4.8337746
-6.3989916,-2.7076697,2.3724947
-4.4638395,3.5561676,0.80904204
-6.0626087,-9.422468,3.3350017
-3.2719555,-5.419216,0.9205258
-6.19038,-5.8704195,3.6940026
2.9786987,-4.0508213,1.1031022
0.2580719,9.1651745,-0.3055345
0.50889015,-4.9142385,-0.3107889
4.239794,2.6407442,-0.050304845
-9.003425,-0.92085266,9.763599
-3.9150105,1.5788708,1.8940346
-0.3396721,-4.467803,0.7353945
-9.343839,-5.7858872,8.547711
5.3139114,-8.130362,3.0676837
-7.5088763,0.81334877,6.5383134
6.7598686,-9.184438,4.4825196
9.896378,-9.275627,9.673669
2.0608692,8.949635,-0.23488778
-4.8672476,4.191696,0.57024455
7.0577087,-1.6415071,5.725979
-6.555817,-4.653779,3.7488246
0.47346592,8.847876,-1.6903033
6.2697353,-0.43246746,4.7488174
9.37491,-8.333888,8.271524
0.7327471,7.138935,-0.053399764
-0.75897026,9.306448,-1.5664287
-0.8677597,1.8230381,-1.1685272
-9.695232,7.1912994,9.602417
1.7769823,-8.016275,-1.1073542
-7.9373417,0.27694798,6.3432364
0.89893913,9.803549,-0.26937154
-2.3762083,-9.835686,-1.2270532
6.358864,-9.4697075,3.5441911
-4.0040207,0.8869972,2.6808233
7.1073666,2.6691332,4.1090717
-2.382896,2.512164,-0.28629515
-1.9340916,-2.8583598,-1.3465244
-9.103555,8.350325,7.079986
8.690807,7.237711,8.163179
0.8649483,-9.87733,-1.6383066
-9.012611,-9.50424,6.3720136
0.5623827,8.481705,-1.6381174
4.0956917,-4.069005,1.7487164
-2.1132088,1.9167061,1.0300069
8.160517,3.5320587,5.1979885
4.8908567,2.3005333,0.9788238
-1.2817869,-5.15751,0.69995177
9.997583,-6.815033,11.8286915
7.052538,-7.7343082,6.0195317
-1.2266026,4.1322947,0.27293727
-0.86380196,-1.2741222,1.3739593
3.069006,-5.820142,2.8637538
-3.484601,-8.077333,1.2814097
6.1560345,5.4008284,5.46087
-9.620983,1.3591881,9.062431
-5.3574467,-9.582261,2.6048992
4.5838404,-0.5461416,2.3424463
-9.597713,-2.7247643,9.091629
-3.3133006,-0.2788658,3.1157122
-5.317212,2.4746704,1.5194125
5.417288,3.4836874,1.8889004
0.50279236,-9.40045,-0.04875897
-7.1024632,1.4569712,5.914509
8.0583515,5.1689825,6.379824
-4.560281,-2.3354244,0.36933747
-1.1032543,7.689127,-0.77034396
3.3742352,9.7957535,1.1787298
-6.66795,2.7793636,3.900487
-0.9223366,9.596735,-1.5227818
-3.368826,4.2514124,-0.20958689
-2.371911,-6.681222,1.2944866
-3.6274195,6.2511253,2.7375011
6.400934,-4.262952,3.0158193
-4.914056,-7.1766353,2.1773746
-6.7487288,-9.014999,2.5889783
4.3197136,0.88098717,1.7288364
3.2399797,8.999052,-0.3833771
0.104418755,-3.4438648,-1.3044788
0.8240366,1.6013575,0.99142647
9.815023,3.2490816,9.258615
-3.3454204,6.1834984,0.8247946
-8.924169,8.445734,7.6750035
-9.849556,5.3040257,9.641377
2.592514,-3.5602355,-0.41990104
3.897544,-0.2826872,1.6524335
0.14131355,-9.586355,-1.5674151
-8.310616,-7.7526083,7.9149737
-7.8113985,-5.4261627,5.774954
-6.8138194,5.960145,5.446611
6.4378147,1.7259588,2.9341712
1.9596882,-0.03161335,1.538958
-5.5696654,6.596792,5.113862
-9.457082,-0.9180126,10.443988
5.745043,7.621668,2.9181619
0.10745525,9.403732,-0.09913856
9.940126,-8.119918,10.542643
-8.193319,7.941944,5.724709
-8.110956,6.330393,6.541927
1.7253246,-1.1351309,-0.012199804
6.702402,3.0051565,4.355224
6.6055737,-6.7197285,4.8425875
9.942108,-3.1610022,8.549739
6.3663826,-5.6909776,5.7574244
4.4667263,-6.9552317,3.5119567
-6.148603,-1.6700611,2.9813497
9.854591,-9.966991,9.541271
-4.4256506,-1.8714314,2.761393
6.4306526,6.3734207,5.1457386
4.1139135,-6.169479,2.5833397
-5.92733,-3.2724562,2.80014
-0.8933468,0.40616512,0.70104885
-0.8326683,-4.3434486,-0.704578
7.550871,0.91895866,7.1408525
7.6520767,-9.218693,3.8777063
2.1440907,2.7003307,-0.4477421
-5.682931,9.356873,2.0493705
2.8480616,0.61234474,2.7448776
8.193157,9.744251,5.2790675
-5.299054,-8.809006,2.3842738
8.014313,-5.1955414,7.695061
2.2597523,-3.0374837,-0.81010485
5.531596,8.548538,2.1991165
3.4301853,-9.160072,0.055695713
6.313242,-1.8176422,4.6906266
-8.507904,-8.955681,6.7266665
4.1300344,1.9234552,2.4447014
-8.671889,-8.684903,6.9562254
-0.6823826,-8.212812,-1.0232415
7.8202133,-6.2237787,8.347409
-8.200666,-3.8407793,5.861632
-7.606423,6.3497753,8.032524
-4.3828144,1.617363,1.0580238
0.37624454,-9.01464,-0.7254587
-1.3825512,9.45578,-1.0702853
-7.8494015,-0.20294571,8.240369
1.3029757,2.9206514,-1.359289
-2.5120735,-5.1637673,1.6682063
-4.6704435,-4.7148633,2.1686275
0.10915184,-7.4894047,-0.07515758
3.395996,-7.863052,0.33275157
1.6043196,-5.1095686,-0.18006521
-6.6290545,5.5190525,6.072724
6.7788105,-3.8057256,3.329681
1.8867264,-8.4860325,-0.109086215
-4.094611,2.9304466,1.0261009
8.655918,-2.6270747,7.4985304
2.0158195,-7.1668377,0.16435063
5.2001476,8.097973,1.6329429
7.070677,-9.331661,3.4216113
-0.1782093,-9.725238,0.030504528
8.241377,5.779598,7.2700872
-0.044612885,5.5568495,0.8388448
8.000101,-3.8272643,6.737967
1.2129507,7.0683784,1.2957374
4.6014175,-6.577451,4.244197
5.035838,-4.7026515,3.4714048
-5.542206,-1.4395123,4.1777606
8.738909,-3.3472881,7.410605
0.3032341,6.465681,1.9379956
3.675375,-9.294338,-0.0049531367
-7.3782086,8.0968075,5.3079824
-3.7327075,5.727702,1.5271906
6.518713,-5.513401,6.1505547
-6.3110566,-5.2704372,5.4958205
1.3854265,1.5555916,0.96472675
8.781025,-0.7603493,8.135016
-9.498262,-8.867359,9.210913
-0.110453606,8.181023,-1.1398213
1.6249809,7.8684654,0.5492624
6.554123,8.002075,4.920689
-3.3599353,4.748333,1.4717101
-9.773163,-6.961397,9.370579
-6.1892376,-5.261904,5.120609
3.0012712,-4.222002,0.8255161
-7.3641276,2.7738056,3.7449105
-8.560263,5.390539,7.3042383
-0.25230598,-0.47238922,0.8940375
2.6238155,-9.839039,-0.67353773
-6.270643,-6.3384438,5.8829784
-3.8840652,-4.781522,1.2842243
5.4700365,-6.7314076,4.675199
-6.761291,5.148349,5.049707
-8.225518,0.44622326,7.810474
-3.0223298,-7.1368837,1.6951509
8.03483,-6.066575,8.45504
-2.9318533,-7.305906,1.4623239
-6.7786036,-6.9277945,5.6220717
-7.0941696,3.7500181,3.4075365
-2.3502026,-5.2531853,0.4877497
7.102623,-8.562807,5.4003043
3.758625,0.7222042,2.7331727
-3.3388748,-0.59961796,2.6180215
-8.675241,-8.291237,7.617168
-6.0681524,2.6942492,3.4390602
2.1117964,0.85364246,2.1920416
8.4085865,1.3060837,5.8916225
5.1500235,4.392663,1.5219651
-1.2782202,-5.0477624,0.6741778
5.304571,-8.738366,1.6555907
0.72015667,6.4639854,0.09311846
1.3742342,9.070145,-0.66866016
4.6623793,9.287601,0.74444175
-2.4615788,5.3369427,0.745414
2.9133186,9.191841,0.45920002
0.8916235,2.8226414,-0.12659019
3.0508566,-8.724907,-0.3408113
-2.1390486,2.974496,-0.69690305
6.464262,-7.6469097,5.08282
-9.008614,-9.420186,6.799397
6.641985,3.8693914,4.1104813
-8.250941,-5.296303,7.505492
-6.7280793,-7.2242346,3.8221562
-6.1488905,9.443821,1.7767279
-0.9654989,3.1868944,-1.1669428
-0.99127674,4.2729893,0.43487668
-9.724133,-2.9846501,7.6323547
5.3061438,3.739521,2.8214846
2.4601564,-0.15740395,1.2863976
9.770716,-2.335596,9.695929
-7.1364617,-1.9080238,5.7888007
-8.041292,7.4213276,6.971356
2.4029331,-6.8375206,2.075911
7.7037964,-3.0830584,5.8910613
6.676161,7.302147,4.1553483
4.056528,-0.46590233,1.6161475
1.6818142,4.9094057,1.586626
4.9846535,-4.2384872,0.7910466
-3.9798617,6.709345,1.8251318
-9.974192,-7.108465,12.01011
-8.325155,-5.3621044,7.9542074
-6.3952947,-8.796476,3.5573182
2.2330332,-7.9873095,1.3789757
8.953278,6.2965183,8.50992
6.4535294,6.465889,4.345568
-6.5270844,5.360113,5.63
2.7885303,4.9498377,1.6872767
8.845879,6.783064,8.346635
0.24587059,6.08255,2.0962732
-1.8631468,5.8849134,2.3271606
-5.417204,-4.9093366,4.3505487
-0.7266998,7.4931297,0.9339621
7.5250835,6.640419,6.568337
-2.8235888,3.0981588,-0.57957965
-1.5101738,-1.8013973,0.51867014
4.8519382,8.742117,0.86756873
-3.8334394,-0.6645489,2.707511
-4.6198378,-9.321099,0.42397535
1.6888294,-3.757142,-0.33439177
7.2403164,-0.25545025,5.2089276
1.0666857,4.7536325,-0.6702759
-0.4027424,2.6898346,-1.7493829
-7.943814,1.72995,4.9979672
5.9713306,8.508749,3.4261837
0.4563465,6.5378227,1.140268
-4.4019375,-5.680228,2.7674432
-8.7979965,-3.6265097,7.4675407
-4.7445297,-0.95311546,1.918722
-7.027719,-0.569891,5.160575
2.047762,-7.6244936,0.48601645
7.3277206,-2.679336,3.4428673
-1.9767151,7.574604,0.36543602
6.086727,-9.694906,2.1234076
-2.1250954,1.4407301,0.87828237
-4.7593117,2.025217,2.175479
-9.151568,-3.1942644,6.780485
-6.701173,-3.4016132,3.2223601
7.50683,-5.0121713,6.057757
6.735346,-9.088111,4.748864
9.648588,-9.017685,9.216313
-1.0089474,5.316868,1.392851
3.3803263,-0.29994965,1.4171264
-1.2273226,-0.43514442,1.553469
9.89781,-1.6400328,10.352758
-7.9738474,-9.458341,5.5681205
-2.7153053,-1.6315165,-0.19509214
-9.588215,-9.2219305,8.650492
0.9875431,4.92741,-0.929304
-7.7852764,-3.5095978,6.1727123
-7.0133724,-3.398281,3.45241
2.3126402,3.5221138,0.6679791
9.949373,-6.8544474,12.055998
8.33494,-6.507412,8.696565
6.870615,-5.5493355,5.399581
-2.4750576,-2.2552395,-0.5487746
-0.30191898,-6.318325,1.9361453
-8.989815,-9.962633,7.912104
6.722191,4.471793,3.2594419
2.732214,5.4370155,2.020999
8.488071,-4.126811,7.0716944
-9.721691,-7.689824,8.861863
-2.4387112,6.769081,2.6744435
-6.4403296,-6.0723615,6.1176915
-7.6528635,-7.753888,6.381314
-5.945159,-9.01914,2.151755
3.1592798,2.4767733,1.069425
6.6478252,2.267541,4.801883
4.5159626,9.518793,0.11172391
-3.4252167,-3.9313545,1.2976903
4.411169,-6.2475967,2.379079
9.849422,9.769886,9.807098
0.48902702,6.8736973,0.4854741
-3.5985575,-8.851046,1.2800746
-7.896321,-9.366329,4.268133
7.068989,3.7227812,4.9683228
-2.285335,-4.981227,-0.43726838
-7.8455853,1.7428007,5.2113023
5.7828894,-0.6564255,4.870635
1.9935951,-3.1109023,-0.22106674
-4.0361643,8.536453,0.53233373
-9.843166,3.2791233,8.290819
1.2544451,3.0094347,-1.3795
-2.9616284,-7.505746,0.99015605
-1.7340679,-3.510293,-1.0739099
-3.3359146,4.67428,1.0222805
8.224968,5.496752,8.193483
5.307989,1.0634127,2.6789165
7.9279785,-9.794355,4.4667344
3.7755089,-5.379323,1.0894282
2.8538055,9.853907,-0.068890885
9.869133,8.120056,8.564501
-0.03550148,5.2658644,0.4290088
5.748845,-5.83843,3.101644
4.066266,-5.394987,2.1499321
-9.570482,3.6173515,7.9632607
6.7935734,-8.372366,3.856009
-0.98063564,-1.1676598,1.6254554
-6.7524123,3.8302383,2.9889667
6.739094,3.941887,4.6362877
-8.099205,4.918808,5.8960733
4.688779,0.59816265,3.6303966
-8.225804,6.7111816,8.501753
-2.868248,-9.778701,0.05770843
-9.381912,-5.160099,8.555349
7.1516476,-3.0828881,4.2487044
2.4723358,5.8468857,1.8624767
8.159952,-7.806445,6.0023365
3.0520487,7.374552,0.7981965
-4.9583673,-5.7927656,3.04476
1.5036678,-3.0208826,0.14138654
6.767309,7.399908,4.8658547
-7.7312994,9.78908,4.5084805
-6.6710367,2.99926,2.8598533
-2.5435934,-2.1365395,-1.0121208
-6.247426,7.0745125,4.3998685
-1.816659,-0.48410416,2.1177776
9.469696,6.026352,10.363139
5.5605125,4.050108,1.8143919
-8.107502,-0.21804714,9.174206
-5.3959427,9.436771,1.4072002
8.025021,4.8209076,7.3679514
-0.7669201,9.391008,-1.5598152
-4.210677,9.44384,0.0047035962
1.9550648,1.9331827,-0.5139589
-1.5876579,-4.6789885,1.0565392
3.369173,-3.3621287,0.856864
0.18422127,-1.5910902,-0.43544132
5.68596,-3.2634869,2.3374991
5.5047894,1.043376,2.7580247
3.51081,9.721504,0.80568457
3.097516,6.5869274,3.1242683
-2.5680065,2.738285,-0.74460185
-9.255213,5.1979494,9.811359
-0.96274185,-5.6459274,-0.08987181
-7.594919,4.0201244,5.4965796
-7.9992723,8.75963,4.705017
-8.805498,3.2342606,7.1366296
-2.4989262,0.15390015,1.3010733
-7.3951197,8.075468,5.4091496
1.6907616,-8.22319,-0.8929427
4.318405,5.645262,1.7866893
5.940934,-1.9361095,4.1036263
-9.6519,-9.217715,9.354343
8.414003,5.606436,7.775207
2.9754524,-1.9997807,1.0184264
8.115067,-2.2465014,6.330183
4.845392,-4.5714426,2.142863
1.817894,-3.3019457,-0.14989015
-1.9193754,-1.5371723,0.5178391
8.36611,-9.81924,5.5461283
-6.5086164,4.8631268,4.0927196
7.800215,1.2911415,6.0921597
8.72221,3.7136269,7.7356744
1.6331329,9.950481,-1.0220923
-4.2884874,-2.2315097,1.3268976
-8.078204,-6.0014877,6.5667276
-0.5496454,-6.49352,0.3773967
8.4973545,-1.3781404,8.215257
0.4622612,-1.94666,-1.2376682
-2.5170898,3.5607538,-0.93794614
-4.973179,0.71100235,3.2020395
0.7472515,3.3318958,0.08600789
5.5302954,-5.0959053,3.394172
1.9481468,-8.610092,0.8079037
1.7242374,0.37289715,1.9289452
-6.9200172,2.1151876,3.3855839
4.839451,-4.7834263,3.433222
1.0393915,-3.5686707,-0.20603818
-9.8286915,-1.7634888,8.313813
8.317736,-8.941728,7.278442
6.359522,9.333603,3.236068
0.07838726,7.2045765,1.1713231
-1.9752293,-7.3009634,1.8649889
8.981808,-9.5291605,7.9081206
9.927618,8.707079,8.1176195
1.6296673,8.302704,0.55209357
9.282854,-8.980471,6.900647
4.2275105,2.1198025,1.9425716
4.7723217,-6.352354,4.321497
-0.59226036,-7.360839,-0.34850124
-0.73043823,-6.9563627,-0.25164652
6.3953133,0.31348228,6.2193274
-4.380014,9.235296,0.84409904
-7.1429825,4.661599,4.465468
6.243784,-9.234669,2.0601351
-2.400113,5.3919134,0.6377795
7.060217,9.076229,4.916191
-1.6615591,7.0570984,1.5185508
-6.092007,9.238869,3.1902354
-0.16919994,-5.8146334,1.7337779
-1.152915,-5.089071,-0.06832343
2.295332,5.5567284,1.104122
-7.715001,-7.8772936,5.107644
-8.466744,-2.8280258,5.5446367
0.5171261,7.178175,-0.11259206
9.025902,3.0719872,7.610275
-6.321267,-2.6753902,2.1849065
-5.0304356,3.9997253,0.7274142
0.95439816,-4.6756005,1.1334696
7.4888325,-5.0674343,5.7344804
7.6636295,3.0004578,4.1073174
-2.088039,-4.8262987,0.23295501
-0.5242462,6.9586964,1.5902454
-7.873194,4.45827,6.4320626
9.766819,6.0729427,11.138112
6.075451,7.1791496,4.217059
2.556797,1.2615576,1.0035068
-9.714365,-3.6920857,7.7319117
5.6527557,-8.400433,3.0262232
-5.6344404,-2.8964672,1.7652628
0.41617775,-8.411051,-0.29663655
4.7980776,6.078182,2.3026836
-0.39826965,0.77844715,0.6901846
-4.8774767,-4.2478237,2.4780972
6.7545414,-0.31105232,4.410729
6.777914,7.2160378,4.1090846
0.97413826,-4.3808484,0.7125871
-6.249386,1.9279366,3.4002924
-5.1804376,1.2024937,2.939815
-8.982955,-1.3544168,7.9903293
-5.3521633,-2.3247042,2.1756806
-8.932366,3.7461224,6.2244105
-0.88240623,-3.2277975,-0.57869536
-7.1018686,-8.212259,5.456111
5.6950417,2.2571354,2.706324
-8.091793,-5.816574,7.4027247
-6.894208,-5.1258063,4.629402
-6.16194,0.2813263,3.7016068
-2.6274467,4.8109636,0.48693293
3.913412,-2.9017057,1.6415651
7.1970215,-6.00613,6.476006
9.918293,4.6208153,10.442576
-2.3849607,-6.1779013,2.5605092
2.347722,2.1588182,-0.88994014
0.7040634,2.8455687,-0.08069102
5.51523,-0.23700714,2.9462516
4.6992693,-2.5702944,1.5817105
5.879648,-1.3458786,3.1996462
6.820986,-5.6578484,4.613488
8.324696,6.576664,6.6570725
0.51087856,-0.89339733,-0.09976676
7.000431,-4.1803923,5.1484365
-5.6190004,-5.479331,3.151115
-2.100091,4.419318,0.14629416
-2.7937975,-6.1711717,0.46618125
-2.9941607,4.1298904,0.65666986
0.5726223,0.031136513,1.2494295
-9.408445,-9.234638,7.1241665
-5.667716,6.389349,5.4052653
-0.9374218,3.9395275,0.4228192
2.0110884,4.221978,0.50872004
7.085188,-4.485058,4.2147617
-6.86602,-8.696369,3.9271908
2.4398794,4.713852,-0.3810398
4.6148777,-7.792078,3.524097
-5.3357353,4.7429953,2.7280302
1.7005777,8.663063,0.7542254
-5.241382,-1.2421885,3.3921883
-0.26660728,-8.103684,0.24486431
-5.4950285,7.501644,4.1046047
-2.7984667,-9.579268,0.7457365
-3.955945,-3.3115387,1.2465178
8.652206,-7.417381,6.988084
2.4135246,4.2422657,-0.6285449
-9.701701,9.040663,8.67241
1.2654257,-6.3954163,0.66363716
5.4531994,-5.7403445,3.94748
-4.3548155,8.109196,2.2814376
-5.980138,4.9093637,4.872273
-1.9635067,6.999588,0.2556508
-8.833018,-7.1680093,9.076999
-3.7206173,9.346518,0.6129821
1.2283936,-3.6312685,0.20318702
-7.4607015,-5.5279675,5.5216637
-9.498137,-3.3427181,8.36044
-5.9451427,0.64618206,4.8337193
-7.304927,5.837575,7.0907717
0.29364967,-2.5574708,-1.468434
3.6142235,-6.7539024,3.0446007
6.3007812,1.6177711,3.1811297
9.992416,-9.627675,8.046571
5.226821,-7.965429,3.5100431
-4.5148015,2.1510992,1.774208
-1.32833,8.900829,-0.53049374
-5.135319,-5.779319,2.6436882
6.0103188,5.668277,4.8658357
3.3339844,-6.2266483,0.97539026
4.6093283,-3.4340644,1.235969
-6.718538,9.917955,4.2674246
7.795643,2.715046,5.7844872
-8.803722,-4.2209387,6.912251
5.0204067,-4.502015,2.7424989
-8.72304,2.1991167,6.6308956
7.657202,6.215584,6.331638
-5.928439,7.5189075,3.6741483
-7.7822647,0.7343235,7.636526
5.003332,-5.046893,2.8812706
8.866184,4.985382,8.327953
-0.7272911,-8.372816,-0.72440195
4.185157,-0.3209648,1.237778
9.149324,-9.215368,7.1363096
-8.12665,-2.099124,5.1354747
4.0661764,-0.05915737,2.3212087
2.3017797,8.189827,0.19652312
-5.689881,2.2901258,1.9502575
5.9383717,-6.7498007,3.56335
8.907597,4.5906534,7.6277776
7.6896553,0.26276207,8.078951
-7.185587,-6.3606462,6.90901
8.842394,-8.458537,7.9391646
8.411476,2.0664406,5.617792
3.8026066,-5.7460346,2.0694537
-1.3713636,-3.8278437,-1.5332375
7.69479,-5.1236463,5.35126
-6.480879,-7.447075,3.5320673
-6.0756454,-6.4706078,5.7237086
5.4994955,-1.4863672,1.9628963
6.670307,-0.24579525,4.3204007
-1.0095768,6.7514763,0.6409039
9.196421,-8.206929,8.183778
5.265877,8.557575,3.0005152
4.8912754,9.234135,2.134677
8.1072445,-9.669633,5.153003
9.844814,6.4392986,11.467465
6.993845,8.165293,4.7408667
8.148571,-7.6096306,7.4280567
0.9425535,5.1889496,-0.69074297
7.83737,4.257535,6.586443
5.3737917,5.2378798,3.2356713
-4.9177837,-3.442854,0.32547778
5.588764,-5.208396,4.0960956
0.69703865,-0.06350708,1.2412845
-3.451891,-3.0626726,-0.9608792
7.5018063,4.442034,6.233752
2.615879,-7.447047,0.84635556
7.7923985,8.482454,5.201645
2.1559792,-3.194827,-0.8890664
2.9861603,5.7347145,0.7770213
6.0045433,-3.2329726,1.9918145
-2.493341,-1.5252075,-0.32148483
6.2144146,1.4851294,3.9740722
-5.168949,-8.819992,2.726169
-1.4166183,4.6057043,-0.28165194
0.91739273,9.047859,0.09499957
6.912176,-7.4690437,4.1956925
4.4071007,3.8245153,0.38513726
9.64839,-9.093829,8.44285
-5.3697023,-0.3933859,4.645147
-0.790884,-4.5522747,-0.3386739
-0.8337536,-8.648235,0.2013731
8.149689,4.3818398,5.241893
9.440519,6.2536926,10.81015
2.5238886,1.3637543,0.60965246
-8.081416,3.3690271,4.6067386
-7.253767,-5.5312157,6.5188603
1.8354216,6.6080894,1.0430677
-8.809219,-7.958912,8.340273
-3.4880614,-2.7477303,0.058330514
-7.4981203,-3.6005726,5.568929
5.128498,-4.3142405,2.4360077
-1.3724537,8.233175,0.6962047
-7.829385,7.7402,7.488822
6.534363,5.1398163,5.399567
-8.865959,-3.8533077,7.404757
-0.9776001,-6.1605597,0.6459651
9.628307,-2.770275,7.38441
5.0128565,-3.9045167,0.8931571
-8.663898,1.1146374,8.136469
1.0789776,5.045985,-0.32385144
-1.4886417,9.378805,-1.6068102
4.453,7.0074615,2.5103455
9.23937,-8.215365,7.6358743
8.523205,8.589937,6.139219
-0.95443153,-9.2780695,-0.34139246
4.607272,1.1061497,1.5985892
-9.820408,1.18746,10.6134615
7.878294,-1.7787018,5.115168
5.3142433,-3.0814562,2.5117216
-7.033901,-4.3127956,3.305804
-2.89225,5.734043,2.4965782
-3.8877592,-6.374061,1.9712117
-5.8467746,1.9718208,4.0638328
4.120513,3.6086035,1.4542469
-2.9158044,7.6427917,1.4812815
4.159071,0.1925869,3.5009785
-3.0384865,8.613356,-0.4727167
7.767908,-9.786258,4.5735197
-3.9339886,-5.5257406,2.2700822
-1.7323284,-8.690245,0.51706266
-3.1090426,-0.2880087,2.770719
0.46040154,-6.184299,0.6352639
-3.6850786,6.6742477,2.6309712
-7.023834,-4.753926,6.054363
-9.503267,0.8501539,8.726422
6.2201996,8.454058,3.888304
1.387538,-9.855418,-1.6648417
-6.428199,4.125063,2.456688
5.1813374,-8.518175,1.966682
1.046361,4.8458242,-0.9772457
-3.6110234,-2.6203432,0.6659881
-0.65525436,-8.580378,-1.2288626
1.099617,1.6478434,0.84032357
7.1646957,0.73019123,4.997825
-9.191683,3.4788914,6.9835095
-7.7615128,5.9964266,6.283466
-8.062612,-1.0323057,7.8139677
-7.851907,-4.637432,4.8457594
0.06311989,9.7733,-0.60044193
5.553047,-3.0881395,3.0352714
2.6139145,8.555834,-0.24828261
4.2369175,6.668295,2.6367023
1.2031317,-9.807255,0.30253538
-0.19058228,-2.8958073,-0.41294283
-9.059262,0.6459818,9.64174
8.926008,-8.01374,7.007337
9.664543,1.7094307,8.610743
-0.057002068,-4.133464,-0.3433369
1.8066273,-5.1317954,0.6292551
1.851429,7.4430656,1.7404442
9.89628,4.29935,8.399309
-0.019081116,9.952095,-0.80892307
-1.6450481,-2.0456362,-0.66427743
-5.4446545,-2.8441763,1.8680776
2.5857306,-6.3868284,2.502715
4.6101084,1.1313133,1.8222523
-8.440544,7.8458786,7.5178914
3.4207458,-1.0945044,2.5741522
2.4975586,-3.4642658,-1.2595873
4.435684,6.392189,2.889313
4.688052,0.3487196,3.6191657
-2.6181355,1.4202986,1.2386422
1.3390427,9.423769,-0.5644223
-7.006632,9.577774,4.4024673
6.01939,9.560879,3.6117918
-8.413649,-9.033555,6.8346148
-8.773048,1.698206,6.922669
-7.4159884,8.130772,5.5364456
-5.57948,8.865875,2.6235278
0.41731358,-8.678289,-0.10617797
6.5623856,7.375839,3.6827922
-1.3175383,-4.62037,-0.37395844
7.1808605,-5.0080085,6.0704837
-1.6339455,-5.632552,1.6609248
8.479198,-5.315546,6.6764297
6.901827,-1.5636969,5.801733
6.315529,-0.17935753,4.3270745
4.082487,-4.381322,2.1486251
-6.735592,6.427044,6.096052
9.799463,-5.742805,10.670812
-9.517308,8.908541,7.7695084
-7.0100355,-9.024382,4.772652
-6.0430346,3.2955446,1.8513107
-2.638894,-6.12554,1.3246791
4.3432636,-5.560932,3.412092
2.070755,2.3708496,-0.96887887
-8.6063595,-1.8720522,6.9719768
9.655071,-6.7090845,9.17319
9.385492,-0.5907688,10.508064
4.931778,-7.2081447,4.0013723
-9.795822,-5.94738,11.4500265
5.5864697,5.91041,5.0918913
2.853221,0.61945534,2.3234525
-1.2362719,-2.823987,-1.3876338
-8.377309,8.007147,7.6854386
8.472174,1.2302608,6.5385203
-2.98939,7.231985,1.466749
-8.088665,4.140601,5.354358
7.7183475,0.8210201,6.6655087
3.9026155,-3.684907,-0.6575949
2.943863,-4.393928,0.3771606
6.463192,8.755829,3.614705
3.4836779,2.13801,1.309688
-2.1764555,8.5254135,0.06750486
-1.738905,5.9756126,2.241623
8.267456,-0.5647383,8.545544
-0.3277769,-9.214934,-0.96852833
-8.352873,4.0328007,5.56712
-6.9103074,-2.2185001,4.6206064
-7.546915,2.0048866,4.484996
0.95584106,-3.6428523,-0.67645735
7.312334,7.85775,5.8254075
5.982114,9.625725,3.3536403
2.6450005,-5.930728,1.7676916
3.3328133,-2.378428,-0.64632267
-4.7366247,-7.4441266,2.150687
9.359835,4.84056,9.91866
3.8139362,-7.245693,1.7306584
-6.3028755,-7.7323875,2.9871545
-6.6619325,-7.31019,3.7464428
-8.958802,-8.065323,7.5200047
-2.8450298,7.7249374,1.0305724
7.3142643,-4.305578,5.0094576
0.58710957,6.181656,0.6473122
-4.7394094,-2.7673316,1.5150635
2.7836218,-3.0176249,-1.0061876
-6.941304,-2.7393045,4.395604
2.9808416,-8.111629,1.5406582
6.827696,2.8701391,4.4771247
4.8623238,-4.022278,0.98441243
-3.0446014,2.993372,-0.4013566
-3.4024239,-8.5206585,-0.2231172
4.1684103,1.5641785,2.150874
5.987549,8.122055,2.2866027
-2.4505224,-3.0738554,0.4221228
-0.022663116,2.1316338,-0.6776046
-1.1278362,-9.872396,-1.5742434
-1.1752567,-4.0844574,-1.8041112
-8.874115,8.2827015,8.598078
-8.250895,3.9665365,5.0380883
8.573414,3.6638432,6.60422
-4.8155584,4.339963,1.1452212
7.393896,-2.0418396,4.389228
6.2042103,-4.2447424,2.6141963
-1.5210648,9.410889,-1.817768
-4.837079,-3.6669898,0.7173593
0.3320198,-0.7975178,0.3965367
-1.7335148,-7.5786886,0.842262
-5.9329996,7.665333,2.5393112
9.72015,-3.2670174,8.173259
-0.7899189,-3.728273,-0.84966385
-1.5374317,-6.219814,0.99100316
-6.774887,2.3275757,3.4909616
1.6264429,-7.743102,0.59963644
1.38591,8.613871,-1.0792915
9.861208,7.35157,9.789504
-3.0879202,-7.610619,-0.06937717
5.6240273,-9.175582,1.2463652
0.48504353,2.6130524,-0.069674745
5.308777,-5.945984,3.6290545
0.1752758,-9.912883,-2.3052588
-1.7241774,6.2785454,1.97313
3.9197884,-2.51477,1.3045471
-4.454236,2.069087,1.3284928
6.0599747,1.0695038,4.35806
-8.375754,-6.241354,8.781721
-7.16866,-4.9054537,4.58217
9.527267,3.476616,9.027295
-3.7682858,-8.829561,1.6080031
-7.9513144,-1.3733101,5.2003574
-7.310214,-0.87984467,6.1543674
9.696978,-5.544423,10.445222
-1.3985624,9.883602,-1.7692243
-8.414773,-8.861623,5.7042785
-1.4414988,-8.5718,-0.5587845
-4.8747444,-7.229594,2.242238
-6.707866,5.6708775,4.82144
-4.8934746,-8.512411,1.130438
7.574251,6.070423,7.747662
4.0337286,9.706694,1.6692659
5.842884,9.385527,1.6215794
0.82534885,9.31958,0.35717002
-4.180752,1.6243658,1.7052054
-4.081321,-8.744035,-0.18994308
-6.711533,2.4489412,4.8848143
-7.2247686,4.1172457,5.826599
-8.622021,-0.7556095,8.534827
1.7765865,-8.763633,-1.0682136
5.2472878,7.5443096,3.9591994
8.16037,1.9269218,6.289313
-0.25395393,6.736229,-0.104131356
-1.4571333,-1.1091957,1.4484059
-0.83121777,-8.938265,0.16941921
3.9399948,8.516094,1.68894
-1.5839396,-9.787241,-0.5097648
-3.5137758,-7.14415,1.8101963
-2.7553725,9.136635,-0.21668574
-9.768553,-2.8780794,8.746663
-7.7012205,5.4300795,7.5293474
-4.280425,6.1255474,1.6182448
0.96886635,-1.1743364,-0.3205425
-6.2808943,-2.0107985,3.6242726
3.829852,4.4432917,0.18553372
-5.469141,-2.0292892,1.6018304
9.675066,4.132924,9.7991
-8.837576,-3.1684961,7.313553
5.5759926,-5.4861507,4.351896
-5.1921425,-6.3164244,4.808834
-3.5457363,-9.940215,-0.13411382
-9.337388,-3.044672,7.727288
-9.267935,-4.568452,7.376375
-9.463781,3.1649837,9.076357
-0.19206905,0.08684063,1.0160959
9.210728,-6.6149197,10.38491
4.585147,-7.2475014,1.6327364
6.261488,-1.5017567,3.879433
2.239067,3.604824,0.5610928
-3.8637009,0.5883808,1.5485914
-3.8945389,1.1640148,3.1359758
-2.970561,-5.370203,1.346325
-9.342873,-4.4953165,7.1388187
5.49675,-1.3770332,2.5650766
-2.972567,4.167142,0.42625841
-5.656624,-9.174952,3.1580462
2.481079,4.2508144,-0.8994094
0.0002565384,5.6170855,0.6982539
5.438389,-9.880887,2.0932176
-6.5487633,4.197033,3.3965743
9.934231,1.5083809,10.243342
-3.9806166,3.9812899,1.240237
3.7784119,-5.551367,1.4253539
9.103596,6.301573,9.936903
-0.5736618,-5.7746863,0.852818
-8.787194,-4.350437,7.675549
-9.675102,3.218687,8.494067
9.836763,-2.1538458,8.658679
-9.362668,6.9696484,9.217049
-3.7095928,-1.158062,0.8404301
6.820591,-7.7963886,4.4191227
-7.7780495,-8.333536,6.699665
9.345316,0.5147915,8.47333
0.97115135,-7.7927113,-0.69952846
3.1082878,8.939499,0.62902105
1.5691557,8.693026,0.4300087
1.0995874,6.0201244,1.0007887
5.6122856,-7.6302614,4.304005
-8.6647215,-2.2988138,7.978966
2.161685,7.378145,0.61095816
-4.5258055,2.0365295,1.7806737
9.464176,0.78674126,10.609026
8.279552,-0.77591133,7.653514
-3.9282084,-5.4886484,2.6701014
5.5608263,-3.1813335,2.7813833
-1.7028608,5.829094,1.6190113
5.276705,-1.9478474,3.0522206
-2.8284311,-2.6792479,0.86763185
-5.8519173,4.9282656,3.963213
4.219022,-4.813381,0.835902
4.951374,-1.4836111,1.4313847
9.004257,8.307154,7.072703
3.1691694,1.4314184,0.11013707
-4.462384,4.555105,1.0514601
2.5548744,-4.9335456,0.94303006
0.6019001,4.834217,0.33876753
8.699514,-5.4176655,7.949339
4.1026573,9.789061,1.1506029
8.529268,-2.7686095,7.299367
0.7427807,-7.29926,1.7369375
-7.5808372,-2.162098,4.366305
-6.4029016,7.366028,4.728929
9.029352,7.8460884,9.105211
8.956062,0.7071104,9.095175
3.0123177,6.955576,2.7581942
-7.136457,-3.3364964,3.2937012
7.307213,-0.9876394,5.1337233
4.148244,7.3549747,1.4759607
-7.8904524,-0.10857391,7.8647623
2.9072294,2.1104317,0.028009191
9.638374,5.947733,11.286939
-6.6048727,0.77348137,5.799451
0.7599697,-5.8262753,1.7510395
2.8570042,1.0834217,1.2812102
-3.5992517,-0.6025524,2.4975138
6.58226,-0.99143887,4.695164
8.892902,9.675686,6.195688
9.734474,8.529369,9.928558
-8.950443,-9.058219,6.3567758
0.55670166,-3.6380887,-1.6591446
8.162672,-1.100503,6.841435
8.518497,5.7643185,7.5254674
-2.5759554,-2.1927786,-0.0024697185
6.624626,-1.5369949,5.1371922
7.4639435,-2.59166,4.2979307
-0.63253784,-6.2300467,0.11809267
6.85853,-8.590613,3.56639
5.749199,-7.947406,2.2521844
-1.487524,1.8977165,-0.59213394
-4.1774616,4.661991,1.2695491
-5.3036013,-0.64174557,3.0400927
-8.057344,9.207525,6.413754
-5.9769545,-1.7375326,2.5645492
2.6106853,7.4499435,1.4021155
3.5683498,-1.6764936,1.4468131
-2.86728,-5.5601287,1.3330202
-0.8270035,0.9818344,0.07329477
6.921337,-9.968988,4.128051
1.4812012,3.7478075,-1.1901333
-6.9385853,2.1182718,3.2410054
8.472679,4.659897,8.400443
6.034012,5.2161865,4.230529
1.1519489,8.587183,-0.880684
4.765911,-6.560378,3.5597348
-8.45293,-9.422003,4.925415
5.864896,0.85189056,2.7258043
2.4333181,-4.41547,1.5317678
-0.8844967,0.050296783,1.3874335
-3.208077,8.66444,-0.04698748
8.076269,1.062521,7.5857854
2.1544895,1.2016392,1.5277721
-5.586169,-8.319329,3.5915809
4.4966793,0.052360535,3.2823756
1.7687111,-8.01867,-0.8271176
-3.506094,-2.5026035,1.1929746
7.0612736,6.8778553,4.594571
9.9567375,-0.8153715,9.327728
-0.44155502,4.207634,-1.2553434
-4.124799,3.3973408,-0.084499
-5.3667965,6.7375603,4.645154
-5.2191806,3.209672,2.3764634
5.130867,-8.870819,1.1218746
6.2721214,-0.7727728,5.6959624
-6.0603,0.91403866,5.25144
5.5389233,-4.206848,3.6006947
0.39845467,-7.539959,0.2758796
-0.3484621,-6.4514256,1.878121
-3.1804266,4.6174717,-0.086254105
-9.211502,-3.4456406,8.128718
-8.577234,-0.9054041,8.999096
7.3329506,3.031577,4.1056404
-1.638051,6.6013355,2.2214634
-0.43653393,5.1654425,-0.3551045
-6.0305905,4.476981,2.5071824
-1.8260279,9.056711,0.23047006
-3.901043,1.8378029,0.9388443
0.90000725,-4.409691,0.6751658
-9.545425,4.524122,9.79233
0.96979904,-0.96886253,-0.16267323
-8.851366,9.848633,7.7541966
-7.1079087,-7.73316,4.19383
-0.21349335,-5.830393,1.6225955
-1.0651503,6.4956703,0.4517099
-2.8109493,-6.5526605,1.4488323
5.8153553,5.462,4.2460165
0.7221117,-6.6019783,2.0227807
2.0725899,3.0606842,-0.8109634
4.0916653,8.600861,0.42320287
0.56464195,3.9980412,0.25074625
-8.857523,-5.9543266,9.427685
-3.7189093,3.9992037,-0.15137766
6.2790318,-0.08712387,4.288121
5.7362185,-2.0646849,3.429549
3.4593153,-9.844421,0.44975853
8.826752,-6.5915394,7.661769
-5.1992188,-3.3982048,0.925845
-2.9799414,7.455778,1.310981
-1.4899111,-6.8710985,0.2048276
-2.4576511,-9.356726,-1.6732062
8.625378,-7.318127,7.960317
-9.992294,3.2161026,8.565556
1.894743,-8.916959,0.33929393
9.815521,-9.996171,9.434111
-5.558822,0.27672195,3.0325882
7.9477158,-9.431781,5.829144
-8.615813,1.9794197,8.031681
1.6913023,-1.0924625,-0.20708519
-5.692774,9.101452,1.4249179
3.1639023,-3.7237654,0.9469343
2.1875715,-9.239334,-1.6704975
2.1985493,-5.8389845,1.3137482
-2.2684774,-0.5107794,2.3473759
-3.0975046,-4.006692,-0.22557506
-9.684049,9.787018,8.172939
1.6588917,-7.811738,-0.06523531
9.545975,-9.611691,8.788669
-7.524906,4.360547,4.3812914
-3.846959,-2.4069715,0.9246143
2.6241293,6.217125,0.94124734
5.1149483,1.6744366,3.3549774
3.631916,3.4419537,0.3925717
6.47933,7.177202,5.1975775
1.2642593,-1.2303629,-0.13832438
-2.460301,-4.221493,-0.59568316
-8.335716,-3.6000338,5.022804
-9.995218,-2.615696,9.834324
-7.6578665,-8.934233,4.5248065
5.0235825,8.228262,1.5139121
8.986944,4.3558836,8.789753
9.518831,-3.4816637,7.468025
7.4892063,7.856392,6.3163896
0.51610565,4.007412,0.10142447
6.8859634,4.131151,4.091377
3.8018074,5.8596983,2.3318145
-6.770996,1.5844517,5.3526335
-1.8767395,-0.78565407,1.9045949
-9.280988,7.5288734,8.352404
8.584373,3.1971588,7.131455
2.1735754,6.693632,2.093786
9.182913,5.6048784,10.027773
-1.2109365,-6.6681757,1.9634011
7.9406853,-2.4888096,4.838785
4.6806917,7.792959,0.797915
-1.2205553,-1.7834291,1.0429897
-0.33071518,-4.3421173,0.6429346
7.127041,-4.3216143,4.941851
-1.3151417,-7.921294,-0.68163526
7.7756557,5.846013,7.438066
2.193781,5.773409,1.5124949
-3.9175043,-5.486939,2.6081476
-4.635191,-9.701811,2.1345308
-4.8640976,2.3433685,2.7955039
6.416168,0.59631824,4.2850795
7.5591145,7.0441933,6.419964
-4.7012544,2.0816288,2.0594351
-9.127822,-1.4747763,9.222084
5.6677923,6.11401,3.7895908
-2.2739353,6.5438614,0.6793916
-9.181879,5.0161886,8.010492
2.0994768,6.896744,2.1188576
-0.9950199,-9.07179,-0.07347977
7.2046432,4.161976,3.5262742
2.1229172,5.5590534,0.45510247
-6.16544,6.062113,4.82095
-1.808445,-4.071885,0.6370352
-7.180909,2.3987188,5.279539
4.6758413,-8.173429,1.3643843
2.92527,8.010313,-0.38896102
5.9031086,0.721529,3.5117507
-7.4010715,6.9625015,4.9783545
-5.5663753,2.7541122,1.7086606
-6.0854807,-4.516693,4.009681
-8.292122,5.5390654,6.6964903
-9.327452,6.4459076,10.234987
-8.065754,-5.3081536,6.1895895
6.966072,0.8472576,5.315356
-3.0169034,-5.329214,1.0388874
-1.8448648,-7.1364594,1.894306
3.0141754,3.8566446,-0.35335162
2.6320553,-8.384914,0.76962733
4.4959307,3.810854,0.17219698
-7.0607805,-7.5907907,5.181123
8.885653,-0.37881088,9.118751
-0.79888535,-3.5916305,-0.54932183
-4.7486963,4.7420406,3.1920085
6.454582,9.320051,2.7575192
-8.31442,-7.504011,6.696761
-5.961201,-2.728188,2.4416804
5.635725,-1.6223812,2.424366
3.876484,-8.780722,-0.06229788
-3.9603243,-8.873719,0.15730721
-0.7991638,-4.6341085,-0.58983773
-1.8262911,-2.181841,-1.410195
4.0663443,8.682945,0.38052937
2.0062656,3.1250534,-0.632295
3.6646442,8.707331,0.7927392
8.259966,-8.115751,7.2751584
-6.877644,-5.3205433,4.127989
-7.69238,1.0866022,5.5226502
-2.3723974,-7.940811,0.4954573
-4.5537186,4.554597,1.2569275
-7.111616,-0.03851986,6.1029224
9.280596,-9.832003,7.491476
8.354061,-9.781671,5.778378
8.074425,1.0053902,7.8811765
-6.159055,3.3019314,1.7106674
-1.1824884,-0.35403728,1.6027441
-7.7807245,-2.9433012,4.2412896
-3.605616,6.447134,3.2134666
8.333227,0.58948517,7.259504
1.2537117,-4.9768076,0.63020855
3.4690933,8.375216,-0.0689933
-9.940672,-2.5918522,9.301613
4.119873,-3.1955109,-0.13437319
6.742626,-0.9735575,5.0396733
-3.8400116,-1.9844093,2.068628
7.5990906,-0.6627197,7.2813964
4.5040503,-4.269438,0.708155
-7.30163,5.9924746,6.408612
-7.4962163,0.45610046,6.7886653
0.14039135,5.6732607,1.6161265
-9.645302,1.1297693,10.63727
-6.9884195,6.6598206,5.6516967
3.9114008,-6.714692,1.337928
-3.2902184,5.2006674,2.6738641
-0.3543434,3.8699808,-1.701861
-4.085822,4.453251,1.834512
6.4723167,-5.372511,5.0017996
8.211588,0.99234676,7.9393363
7.215824,-3.7957563,3.7187123
-8.892708,-3.5964298,7.777565
-2.9564562,-1.5782719,-0.061569273
4.843275,-1.5272083,1.5264043
5.9145336,4.5071783,4.2672625
-2.2412324,9.907175,-0.2530918
5.475665,-2.6114645,1.0887161
-0.2956562,9.519037,-1.3577782
1.1107626,5.319152,0.3325584
6.737913,-8.925526,3.9748828
6.840885,7.8189373,4.4474044
-7.0596895,-7.9214916,4.1773925
-6.0711193,-4.104089,2.939886
3.5425177,-3.7531161,-0.35500586
6.010149,-0.19802094,3.5451808
-2.3284187,-9.848224,-1.1858068
8.867981,-9.389419,5.6629486
-1.1520061,-8.178524,-0.39767188
-5.071163,-4.8724937,2.043912
-1.0207376,0.046509743,0.9630162
-8.511375,6.6479893,8.160251
3.0983658,-9.13196,0.08487693
-9.193744,1.1116009,9.767882
9.279091,7.672983,9.366518
-7.587737,3.069234,5.670338
6.50955,2.1874037,4.639334
-7.5008736,-8.886977,4.1706595
-1.4573851,6.3558025,1.0722463
-5.538094,-2.2356234,2.1087477
5.1098776,4.1139364,2.8233454
5.799883,-6.632737,3.5713487
-9.351091,-1.693079,8.768725
-8.5849495,5.8897247,8.215763
1.3164463,-6.416123,0.34845686
-0.21512413,-7.709887,1.1695027
0.057982445,-1.1821947,0.26165524
3.040083,5.1429253,1.1486328
-1.9763651,-6.7965136,1.8571556
8.438683,1.2854719,6.3524556
0.7112999,-4.2036304,-0.471643
-4.606847,1.4652405,1.4551759
3.4698772,1.5233507,0.5193578
-7.75867,6.7318935,5.817005
-4.782506,-5.053222,1.8886653
2.9155464,-9.19644,-0.99600756
-4.1954184,1.1773119,3.5355146
-9.546923,5.586032,9.928416
5.0049305,-4.4095764,2.5019994
2.5737524,3.235797,0.42455578
2.9105654,-9.1149,-1.5829102
3.4758463,4.933997,0.61701155
-9.867729,5.176654,9.396964
-4.3565474,-9.331198,1.6166091
-4.8576736,-2.3513498,0.8146595
9.568653,4.3231525,8.066884
-4.2130003,4.5133686,1.3187401
-6.5695524,2.971282,2.534439
-3.50976,-7.2186327,2.0346184
0.9608469,8.326611,0.81316006
4.0299597,-8.741446,1.273961
7.36434,-0.20364952,5.7484465
7.2192326,-5.3241577,5.1492267
1.026989,-8.203981,-1.5941542
9.110058,-4.3877277,7.065145
5.3169346,8.928513,1.6018033
5.3354683,-8.696145,1.4267108
-8.575039,6.826391,7.2188087
0.81697464,8.881872,0.25598052
-2.1238852,-5.6238117,0.6560969
-9.503421,3.0394764,8.39313
-4.938527,-3.8540735,2.2239141
7.608753,-9.408503,4.006621
3.6671915,-8.766722,-0.093011886
9.241859,-1.7317352,7.990059
6.8184776,-7.2050295,6.2537465
-0.076498985,-1.3124886,0.43472672
8.987602,5.768532,9.863663
2.1092424,4.8571386,0.10025166
-1.4688988,-9.886409,0.0981604
-4.2762423,3.8925438,2.1041799
6.445492,-0.06925583,5.020473
4.483119,3.430728,1.4939165
6.943184,6.39485,6.3484898
-1.7371941,-8.335639,0.6201804
-9.255046,-5.1819396,8.560463
1.8134031,4.2854652,1.0541427
1.0943403,1.6592312,0.8233167
-6.5091476,-2.8287592,2.7982557
2.4244356,-5.042762,1.1731179
-1.2102747,1.4795837,-0.7823929
8.531591,-2.7020016,7.1237698
0.47060013,2.9249325,0.066875055
-4.938879,-4.4174004,2.6211097
8.01149,9.720148,5.930797
0.29714584,1.2548752,0.76794255
-1.6795015,-2.6684403,-1.4867766
4.776266,-8.2515135,1.0530283
9.6461525,9.735468,8.022118
4.5597277,-7.4955378,2.1445432
0.2819748,-8.713136,-1.6409899
8.190178,3.9184046,6.7775717
-4.385539,-5.157337,1.6760142
8.837727,7.2969513,9.01419
-5.697577,2.0005417,3.9365761
0.18323135,-5.8554125,0.11867056
9.10108,-8.856897,8.158087
3.9822483,-6.6172113,1.5618569
-2.095704,9.642136,-1.3025243
6.160982,0.27370644,5.765398
5.8986206,-5.8416567,4.0564785
-9.01396,8.495668,6.462992
-1.1145458,3.4989557,0.19078735
-7.8699064,7.4665623,6.355454
-2.1554685,6.8566895,0.20469597
-1.2054234,6.373949,0.041121878
-4.0004435,5.184993,1.337212
-3.6548767,4.5103817,1.5001907
5.4083548,4.056896,2.393664
-0.29698372,4.918951,-0.9142214
-9.949769,-2.981987,8.386604
1.7189322,-2.426567,0.116121024
-9.834389,-4.315369,8.08805
-6.860243,-5.4649363,4.911008
6.1125755,8.498175,3.6703906
7.6444454,5.9828453,7.8564677
-3.5480127,7.6470127,0.6498509
-6.072173,3.971861,4.0659904
4.525301,7.018383,2.7951493
-9.552688,6.069887,9.04549
6.1693954,-0.9280863,4.6929307
6.888172,-9.298061,2.7964075
4.2196865,3.8775158,0.60578275
3.052082,-3.1072474,-0.34048864
2.0678463,-6.39639,0.8094681
-7.66613,7.467087,5.882401
-4.0056477,8.779581,1.284463
6.450405,5.9918737,5.7610197
8.422459,-3.2414856,4.9713683
0.2671032,-4.441738,-0.63368744
2.5691242,8.456892,0.27499056
-9.485043,5.959277,10.016701
7.0593834,-1.7385492,5.064345
-5.8245206,-7.639247,3.7379105
-5.3605356,-4.4466887,1.7216482
9.867365,-3.9488373,8.389737
-2.8665838,-6.0226297,0.6758616
-5.052124,-8.5156355,1.106415
1.3755455,-2.268196,-0.4285755
7.8806915,7.9252033,6.0202184
9.086443,-1.6695509,7.7499356
0.8371048,4.1419077,-0.81675017
6.8079147,0.16487503,6.786709
7.131706,-8.644194,4.936129
-1.6713295,7.9883213,-0.5083833
-7.901746,8.554415,6.459919
0.2690401,-2.146243,-0.9376311
-3.3969927,3.560029,0.6350713
3.5043964,4.05303,1.7295926
-7.326893,-6.3658357,7.095148
-6.707611,1.9031868,3.5452516
-7.5310707,-5.7063,5.9510922
-7.4810505,4.9477215,6.4826965
7.606518,-7.891791,5.8299747
-9.96446,0.38668728,11.710251
-0.36810017,-3.3046494,0.056900896
-6.1717043,-8.565854,3.6735432
-4.2060175,0.946764,3.0701542
-2.8818426,-2.6069746,0.73450065
4.691348,-0.69249725,2.955843
6.7242126,0.56344223,4.853822
-2.2499523,8.049156,0.8163617
0.32608604,-7.0651903,-0.06602071
-0.10999775,4.3291426,-0.8538267
9.106621,-5.778935,8.417852
4.4693937,4.5555544,2.6448212
-2.0763326,3.5867786,-1.4245864
6.771517,8.224243,3.5254025
-8.074554,-4.3070006,5.847268
3.9633675,1.0015631,1.0065653
7.757141,-2.2652235,6.163275
-5.190324,-8.068943,1.4784687
3.7418518,-7.9407954,1.9174562
4.5851974,9.442907,0.17971545
-8.389702,0.32448864,7.652463
2.8766165,5.892411,1.0519445
7.562399,-9.051791,5.589109
0.9183264,7.968031,0.7760742
-1.9327316,5.648836,2.1230297
-3.9189935,5.1365986,0.66113806
-6.637037,6.5278473,5.8599277
2.4284973,-6.609521,1.8683219
-9.453045,0.5613527,10.441188
-8.55988,-8.703644,5.875787
-3.618287,-0.83137417,1.9859262
-9.469669,8.083874,7.706646
9.33777,5.113426,8.287326
-3.2221832,5.7370806,2.1814654
-5.3166447,-5.621814,2.596255
2.5137672,-8.864658,0.33948618
4.303646,-2.7200975,1.709982
7.5306835,7.527973,6.2602057
-4.037217,7.783272,1.5992239
-1.747385,9.797823,0.48104882
-7.551384,4.3579273,4.180926
-8.73198,-0.5649109,7.328225
-4.3511047,-9.526854,0.23362872
1.1251345,-0.54240704,-0.0009851158
-4.957432,5.905998,4.438781
-2.7605047,3.574089,0.32921824
3.6654415,-3.1087103,1.4576889
2.063323,-5.034139,1.4643774
6.1702194,5.6496058,4.242558
4.6177998,0.507493,3.9331927
5.2731886,0.6676731,3.0017078
-5.169712,-2.867701,2.4650834
5.3636637,4.117277,2.2415779
-8.962935,-2.6263928,6.284686
3.0795012,6.09194,1.860875
-6.3068295,1.9969978,3.7165465
2.7613335,-2.9897795,-1.1689963
-9.149076,-0.9731064,9.564616
-1.656251,-4.5197606,0.949731
6.1508446,7.446703,5.1412706
-5.00082,-2.78726,2.379762
6.190487,8.297012,3.9965534
-1.5548143,-9.784069,-0.29712397
9.381556,6.450369,9.374135
9.421541,4.051958,8.496534
-5.9001694,8.14657,4.19136
-2.3422012,-3.6027122,0.3422346
-2.0438457,-7.0295343,2.0418842
-3.7810745,3.587244,-0.639429
3.2872028,-7.8448715,0.08129257
-9.105007,8.070734,8.793057
-5.996996,1.1001577,3.6263077
-1.5676413,6.981123,2.0429385
-8.897323,7.0027695,8.787721
-9.578248,-2.2349858,9.314477
4.1010704,-4.037943,1.8431262
-8.349518,-2.8095603,5.3231206
6.643999,-5.3194084,5.752618
-5.806482,3.0952644,3.087692
-0.7975378,2.0850096,-1.7765802
6.0297146,-6.4314485,3.531855
-9.861455,1.93851,9.148481
-9.736046,9.278494,8.327992
0.41641808,8.024744,-0.29665142
-4.0601206,5.320759,1.6806084
4.6743,1.1986732,1.8735007
3.4904137,4.753433,0.24964859
1.2307987,5.2452364,0.7948599
3.7536821,-4.1700077,1.0706451
8.555311,-2.8554716,7.049343
1.5871277,-0.41649818,0.09598997
6.616356,5.1385164,5.233157
-5.638136,-8.73879,1.5686214
8.239399,1.758851,7.816333
-1.778121,7.1243744,1.2487077
