x,y,z
7.6453857,5.4138775,5.967454
8.300079,-8.310576,6.584405
-2.3427248,-6.009438,2.5098777
9.186113,-5.853921,9.707215
-2.1910357,5.282649,1.8569807
2.0179071,-0.33323097,0.7292972
-4.8685503,-9.177546,2.0441723
5.8728266,9.807228,3.387424
8.81543,2.6063843,6.0776086
-7.336282,9.197449,5.4054403
8.691961,1.2482948,6.882518
1.8715935,1.4335299,0.929822
7.388088,7.208002,6.213479
1.3543053,-6.803429,0.841813
4.8218813,9.443886,2.3251119
-1.41191,-6.4318037,1.5252514
7.7088585,0.9063835,7.2065163
1.4780893,-6.503737,1.3814664
-4.668399,-6.6257486,2.6557117
2.5489826,7.696993,1.5021718
-4.6073666,-2.6411524,0.8581925
-1.1727285,-1.87675,0.6442822
-4.0615835,7.813137,1.3780181
6.633709,9.796967,4.301362
-7.8937016,-9.019427,6.1844244
-4.6101036,-0.17455101,3.8307319
-2.8237476,2.855547,-1.1401757
-6.012725,9.60129,1.7057428
0.94383144,-3.9867067,0.007436335
-9.876791,-3.254465,9.426652
9.03109,-5.861187,8.6117325
-8.494682,2.5551138,6.1006937
7.720274,2.466302,5.3695507
1.6641912,-0.157691,1.0051196
-3.2470455,-1.0142279,1.4315352
6.1795006,-6.961832,5.4171834
1.5585079,-4.107349,-0.44377604
8.079634,-3.8032093,6.3735685
1.0931969,2.6267328,-0.4840678
-3.1537318,4.4160185,-0.27543166
2.6868362,4.6685305,0.655273
-2.7117944,-7.633214,1.915595
4.2085752,-0.77083397,2.5908809
8.928221,-1.9084282,8.611423
5.780596,9.974991,3.3860207
-4.371725,7.216175,2.375801
5.772647,-7.4645844,4.4902353
1.7892628,-5.4946795,1.4205847
5.07835,-7.5541553,2.2584147
-6.095051,-2.5027027,3.3506474
-9.899084,-8.749567,8.042476
-3.8636055,4.699848,2.1176636
-7.6702285,-4.410118,6.253095
8.205389,-5.018882,7.36915
2.8803139,0.47261238,2.698133
4.1421356,-3.19518,0.0973559
3.162612,7.5544662,0.3491942
-0.17395973,9.064808,-1.9328625
7.826082,-8.928661,4.555386
-7.105136,4.483568,4.3951335
0.62963676,0.20866013,1.1489561
-6.825402,5.248678,6.1237135
3.08352,-3.7489486,0.97456837
-3.4438229,-0.7571411,2.421889
3.0641632,-0.1870594,1.379158
-2.083415,3.428772,-1.2830687
8.293919,4.9859657,6.658736
-5.927019,3.9000425,3.689095
-5.9639797,1.2272787,3.0331917
-5.96434,-7.9774847,2.993298
8.994429,-5.744504,7.9623985
3.332511,-5.6969213,1.8084944
9.622507,-9.965567,7.404786
-8.252763,9.579,6.313819
-9.918761,-4.5274315,10.452428
-7.823638,-6.6469374,8.041595
-6.7268906,-4.528575,3.527343
4.0504017,5.4297085,2.2965908
3.580759,-6.2687674,2.7222574
8.309244,-8.3557,6.1140695
-5.1642537,-7.47427,3.820878
-6.8171177,2.1976576,3.3966165
5.3057814,-0.40912533,2.9072275
-4.0420446,-9.022516,-0.22875321
6.0692387,-6.840354,5.157246
-2.3730063,-8.666234,0.8268302
5.720459,3.43054,3.0133283
-7.76968,4.525463,6.4187946
-5.0464973,1.703413,1.6775614
3.0487642,-3.2038212,0.267668
2.1140757,-5.357821,1.9941072
-2.5495872,3.953413,0.5708564
5.9606943,-2.296362,1.9886587
6.798092,-1.6052237,5.583533
-7.251734,-3.2781897,3.2901764
-5.338682,1.7379675,2.5379586
9.15662,2.345745,8.174656
-3.3743248,8.216089,0.26117843
-3.545164,8.880981,0.33251154
-9.675946,-2.5772438,8.32323
-5.726702,1.4862165,2.572247
2.4980364,-6.6840124,2.3802032
-1.319932,-7.5070724,0.04884976
-7.2588596,8.292368,5.326571
0.23456669,1.1779871,0.6611011
-6.8308153,-4.972187,5.482095
-8.483967,5.027423,8.478721
-5.506626,4.0342436,2.626999
-8.752121,3.579649,6.840683
-6.3673806,4.2312574,2.619875
9.996088,0.5340729,10.042687
1.8887501,-7.274495,-0.017713606
3.0815973,-8.88986,-0.6810198
-9.326843,9.762861,7.70612
-6.567738,6.981148,4.1235275
-3.328558,-7.8017178,1.9019551
1.5637112,7.836479,-0.04530392
-8.799213,-9.352747,7.3224983
-4.30873,6.6519756,3.166908
-5.9866858,6.963459,5.1109614
0.027712822,6.282547,1.1733054
-3.7210321,4.2322006,0.96284235
-0.6929579,-6.0568724,0.15234077
-6.776297,-4.2885327,3.4729831
-6.8639517,2.143715,3.3312964
-5.8340178,3.9439487,3.559579
-3.4229746,8.766022,1.3680307
-7.892809,0.44482327,7.4933043
8.384699,4.1179333,6.5001445
-1.9846401,-7.552141,1.3503025
8.603968,-2.0297375,7.9427567
3.115821,5.9468794,1.6001103
-8.46797,0.81731224,7.2594137
6.920353,7.9053745,3.7739582
-2.7514482,-8.0242405,0.5005866
-3.8332605,-6.6725817,2.8249872
-8.300705,3.1437569,5.0694604
-9.9416065,-0.41817093,9.947539
2.8611069,-8.544473,0.8151954
-2.1844387,4.266821,-0.057773888
3.8932314,0.41215897,3.4314108
-8.2066345,2.418272,5.145797
7.4242916,2.1975527,4.3548307
-7.340537,-6.895403,6.55007
-1.7267332,-6.7078886,0.3768043
2.0886974,-8.0010395,1.1332482
5.1625175,7.2635,3.0221097
8.073103,-5.48936,6.890921
9.109592,9.002312,7.706628
-7.929221,-3.1934881,5.476607
2.5166721,2.2134295,-0.61982745
-4.3012595,9.550863,1.0957603
-1.0958481,-5.366416,0.3368401
-7.484901,-9.484797,5.557442
9.108585,1.4421043,8.963894
-7.339505,-7.21431,6.4255695
5.344513,5.5102053,2.6495135
3.5143957,3.975563,1.549499
3.2495594,7.2453995,0.62782305
-5.4064617,-1.0387983,2.8116374
9.089516,-6.53329,8.929742
2.197504,-9.215437,-1.480953
1.2864008,-6.4589787,0.25174534
-8.812548,8.90715,6.8519926
4.1978846,-2.1406946,0.7981959
-1.500206,-0.18316841,1.4796785
-4.5812426,-2.121831,1.2836621
8.589466,-5.1058474,7.8867407
2.2294884,8.186371,-0.3923444
-5.5327644,-2.5908556,3.1895838
-5.061389,-4.853386,2.1644616
-0.47755718,9.239492,-0.0047419667
5.5836124,5.985321,4.9813538
-2.555338,5.329486,0.36309642
-5.7057486,7.166174,3.9380646
-3.424429,-6.3504305,2.4125323
-7.4707484,3.2565603,5.3078065
3.5663242,-2.7831745,0.8156511
7.740402,0.35744858,7.2942586
-9.414404,4.710415,8.505625
2.322507,-3.3194342,-1.4343915
5.1659184,9.812078,2.153159
1.8132935,0.049041748,1.4164109
-3.5612464,5.7619944,1.1404234
5.2194214,0.92025375,2.333974
5.2551317,-9.638264,1.4089112
3.739272,-5.980878,2.7172613
-1.7572136,-8.332788,0.7230778
-2.6480126,1.1750021,1.0565705
1.069809,-6.708443,0.24606943
-1.7665405,-7.9526052,1.2096832
-2.9800105,2.143898,0.24034852
6.392069,-8.753409,3.8644445
8.593996,-5.4415884,7.7007036
-0.98997307,-6.469096,1.2015233
-2.2389688,4.8811893,1.6670715
0.14592266,9.168587,0.0077703
-0.59708214,3.498807,-1.769897
2.4041128,-5.596656,0.5752229
2.8023357,7.569069,1.7697154
-9.082567,9.281961,6.763504
-3.6903772,-2.7094436,-0.0892511
8.421295,7.3789806,6.9116383
3.8955498,2.5280714,0.28899652
-0.4973755,-6.955885,0.49412382
-6.0290575,-2.611827,2.733146
-6.1180506,-7.975334,2.6268773
-8.957668,3.0172691,6.0837812
-3.2596245,5.529889,2.5259538
3.3770418,-9.835731,-0.7502051
6.376217,-4.0870714,2.6802497
4.616974,0.21670914,3.950018
-8.83944,8.007406,6.665271
-6.0136247,-5.4488516,5.2640734
-1.578167,-0.5873003,1.8812383
9.673496,-0.28279495,9.923017
1.4465752,-5.028778,-0.31635478
-2.5897074,-4.482212,-0.3759672
4.1371527,-2.6756167,1.8154931
-3.8088155,-2.9880514,-0.46419048
-6.4725566,-3.2187738,4.1081586
7.298872,0.956069,6.5445056
-4.547018,-0.8359871,2.1251383
-2.0046673,-4.8667526,0.23021367
-9.948043,6.055811,11.396034
6.692707,7.153946,4.4379163
7.5763474,-1.5676413,6.379315
3.6444817,-1.8877125,0.4547966
-6.972742,-9.746319,2.9977746
-9.869399,-7.3107424,10.361226
-8.12179,-0.45545387,6.9653354
7.4570026,-1.9064894,4.2344265
4.801058,2.9256868,2.3241155
8.415045,-4.97456,8.192815
5.238699,-2.0712066,3.254096
2.530922,1.4952765,0.116537526
-0.09792709,9.816006,-1.7433921
-7.6050606,7.867729,5.9137435
-8.567722,-6.578001,8.108405
-9.353486,-0.8328829,10.419493
4.0936193,-1.6371918,1.2027111
-4.90968,-0.31965828,4.3598375
-2.0125256,4.1659822,-0.97731876
-5.7550526,-4.022788,1.7589478
-1.8222351,-2.1315908,-0.8760601
-7.038349,-9.906015,4.6377816
-6.534157,-3.55239,2.4133697
3.3171082,-9.807719,-0.7261862
-2.971964,3.5401058,0.85113573
6.1734314,-7.6976213,4.3533616
-3.208088,-4.9414015,1.1122139
-7.3356724,-7.25171,6.157073
-1.764389,7.604252,-0.19315343
-4.847474,-2.9355755,2.3666294
-3.0594158,8.690201,-0.79932153
-9.519957,-4.9690795,9.136303
5.5949097,7.57053,2.4114888
-6.9620457,-1.9662457,5.363068
5.0261774,-7.512101,2.8034968
4.537842,8.362549,1.8185253
7.144327,-6.8031383,6.9678607
-7.670521,-5.880517,7.7056866
7.191967,5.480033,6.8567724
-4.727516,-0.9335346,1.8743325
3.7106915,-0.1518879,1.8311696
9.391148,9.915621,7.0335627
-1.4103184,-7.9358554,-0.86363685
-0.077334404,-3.6119328,-0.61510766
-2.3023057,4.068178,-0.1290609
-8.349846,-1.9255629,6.262828
4.7990284,0.16915798,4.0143175
-9.927178,-3.3807707,9.722662
6.2079983,-1.5491238,4.066594
7.48225,7.982115,5.436713
9.457064,-1.8588247,9.614801
-2.3587952,4.021757,-0.018948317
-8.216419,7.5451317,7.7981496
2.2483025,7.7415543,-0.37432033
5.524273,4.7415457,3.9536831
-9.953088,6.8737335,11.381376
-2.2698364,-2.5938902,-0.72375774
-5.9945545,0.7973614,5.2897925
-0.8746376,-4.2895327,-0.9068941
-4.922135,-9.698307,0.8850158
-4.087676,8.4142,0.9772636
-3.1745887,-9.5602455,-0.85834795
-9.50304,-6.302267,9.831498
8.205074,-3.564062,6.6445994
8.383312,-9.147302,5.106394
-1.5686903,-7.7602983,-0.043212116
-1.1388206,-5.2307463,0.30460155
-4.081199,1.1833334,3.0366192
-9.030628,-8.743281,6.973113
-9.731444,-7.1881747,10.829954
3.7165842,-5.8455553,2.0245216
-5.4904613,-7.5197754,2.9108758
-6.42877,2.3471975,2.8524842
-0.7802315,0.33833504,0.7432603
-3.3301115,2.1944284,-0.3294809
-3.2352076,9.021431,0.9175527
0.32131195,-4.3784513,-1.3040322
-2.1211243,-3.7492204,0.624057
-3.4431243,3.1901274,1.1866212
-4.788059,8.770435,2.4129493
-8.138274,3.191679,4.878417
8.385071,-0.85723114,6.8991985
-4.001871,3.2483377,0.18754059
2.6497946,-9.849974,-1.0323806
-3.4696589,-6.8403254,1.0673198
0.81261253,-4.2049003,-0.14805469
9.323004,-9.052431,7.346085
4.6072273,-7.552321,2.6552696
-8.665997,-7.690755,7.0478597
3.9690285,2.8707542,-0.3098604
9.492428,3.02958,7.551796
2.6308336,-0.24085426,1.0711751
6.7042465,-2.311325,3.6093345
9.858875,0.26962662,11.148384
-1.5322895,6.042492,1.0407937
2.0755444,-7.5297794,0.669853
-6.9503508,7.1045227,6.2868805
-2.060771,4.349284,-0.3761502
7.405838,-3.4907103,3.886416
5.126458,7.0161705,2.3840437
-6.3278904,-0.008282661,5.0565734
-8.01885,-4.5827246,5.48694
-6.8336368,9.01182,4.702385
-9.868776,2.9556036,9.536015
-7.7163897,7.546669,5.263208
-2.4729738,-2.7136421,0.1164121
6.7487717,-8.569077,2.940294
1.6738224,8.019379,0.87117356
-7.6060543,0.5785074,7.574137
-8.02224,4.7490835,6.0836625
4.9747524,-2.5919843,1.2998333
-7.4384127,4.729759,6.134963
-1.2312746,-7.9014406,-0.19523844
4.79706,0.35274124,4.2322574
-4.6281204,7.5929985,2.9511726
-1.0903988,-2.685244,-0.5667855
-0.87044525,8.588947,-1.5242825
-2.3658333,3.6774912,-0.96281505
-5.0703216,4.929599,2.9239728
-8.914384,9.88117,6.9293165
-8.0835705,-2.4331045,6.5052648
-5.3546166,-2.328061,2.0799289
9.658377,6.288328,9.463596
-4.830147,-5.0606785,2.038617
-6.7152796,-7.373186,4.2885327
2.4239426,6.5204926,1.4623414
2.7561035,-8.725162,0.87896115
5.4790974,-4.736024,2.2970016
7.601204,2.4230757,4.607029
5.568742,1.4725876,4.139714
-9.9150095,-6.062361,10.400431
0.8868866,-2.5298977,-1.5220141
6.0575314,6.4190807,5.5865235
-0.9242544,-6.4797163,0.7761246
-5.8927917,5.7359943,3.6401105
9.533398,-1.0708771,10.274266
-3.7402782,-3.5794964,1.2257948
-5.693445,-9.52603,1.509497
-9.015551,-2.62292,6.2631583
0.44668293,8.222773,-0.84725857
4.4313316,-5.478282,3.4125075
2.2136288,-7.9364386,1.3660188
1.9774971,-0.7802048,0.10220945
-7.5838747,7.088892,6.7909517
-9.338873,-2.712617,8.010775
0.17609406,9.8029785,0.061712325
9.118341,9.632084,7.2002783
5.7692137,9.161812,2.8859801
-5.822343,-5.719777,5.185962
-1.2980852,-7.1184626,1.0228385
-7.3718357,-9.371857,4.4085526
-4.824234,-1.9444923,2.0063424
1.8109837,-6.5124025,1.9997499
5.445385,4.6587048,3.1450865
8.283693,0.90187454,8.409597
-9.181061,7.931122,8.882868
6.6861515,-9.276695,4.20325
-7.0529213,-8.403236,4.862721
3.7446728,-1.8608961,0.4833338
8.462452,2.635622,5.978998
0.14042377,8.419426,0.39165586
9.098089,-0.83606243,7.978363
-8.520515,8.5458355,7.1516933
-3.819592,-2.7071548,-0.24101424
5.832529,-1.4116564,2.6314754
-2.1786785,-3.8505054,0.57584643
-2.0470023,-4.25004,0.63605803
-4.167917,-3.7882829,0.8578758
6.8930607,-8.644213,3.9359288
4.905032,-1.2275524,3.0014918
3.2045002,-3.3718824,1.035215
-5.6196365,-6.474347,3.1721928
-8.117496,-7.417505,6.514112
1.0816059,-9.643339,-0.01478529
2.9627886,-2.2408462,-0.09171146
-4.617119,-8.141469,1.7394688
-2.7979765,8.99095,-0.14821798
6.7536774,-2.6843395,4.3236265
0.7965965,2.687992,0.0062401295
0.45118332,-7.1693826,0.7456979
-2.4610052,1.0203753,0.53919756
-9.055897,-9.398404,6.9172626
-9.402575,4.5019236,9.62858
-4.7801504,4.722637,2.8464038
-5.083214,-9.717684,0.8631892
3.1155357,4.360607,1.4778042
-2.9111075,1.2731304,1.675845
-3.912221,-6.245612,1.8867521
9.534298,-4.5783577,9.281519
3.4832287,9.82922,0.6086275
7.1290226,-5.20149,6.1311865
-4.8411274,8.749399,2.5616941
-4.084668,2.0124006,0.30729708
3.6754045,4.581666,0.31545246
-6.662751,-5.0333967,5.60751
-6.5370407,3.2506294,2.6037216
-0.48299694,2.1532078,-1.3891114
-3.657607,7.97546,1.997941
-7.49658,-9.888842,3.7718031
5.931589,-3.6357212,2.225177
8.041628,0.249012,8.344205
1.6222334,-7.1774664,1.6865654
-1.7411327,1.7042255,-0.0033078492
-9.26273,6.447693,9.599284
-3.6423874,6.02631,2.2529054
2.5458565,-5.1564455,0.5455425
4.715309,4.0422535,1.8116802
-1.2641754,-7.2763085,0.93021256
-3.9535284,6.2163315,3.0888515
5.572261,-8.173312,1.791121
-7.963997,-9.065916,5.4619026
6.320179,3.4704914,3.1050577
-3.879548,-0.94401264,1.5941015
0.15305424,2.4649992,-0.40897587
-1.9761581,9.304899,-0.156919
1.212389,9.579605,-1.655721
-3.021984,5.638509,2.684043
7.271269,-9.071235,4.3349266
-0.25997162,-1.5396395,0.4275705
7.805994,1.0931396,7.331218
9.614805,-9.73735,8.878043
-4.8719096,8.362844,1.7888396
-7.295091,6.562149,6.963047
8.02302,-4.6194267,6.9391317
7.8361397,-2.0869646,6.248781
-7.6354733,-5.800483,7.018122
-0.77303314,3.8462372,-0.869614
-9.861263,1.7246523,10.53457
-8.185991,-3.466909,5.6479397
1.9314251,5.3462753,0.18127796
2.660346,-2.161664,0.6582743
2.11981,1.0739002,1.6872373
-2.7216473,6.9237213,1.5481405
9.225777,-4.6983805,9.091539
1.429779,-9.222965,-1.3566649
-5.900848,5.3972588,3.6954517
-0.56613827,-6.5352955,0.47070438
2.401452,3.7803917,0.11335045
3.5019264,-3.0064144,1.1282449
-7.0708084,6.712803,6.2432384
3.7478962,-0.3803444,1.3437476
-5.1088166,-4.5531535,1.4963135
-8.309403,-7.05451,8.499521
-5.4620743,6.7197456,4.728593
9.644093,-6.257088,10.908622
8.548578,2.8347282,5.5713034
8.954845,7.6475544,7.6328297
5.8701124,-8.03278,3.2974017
7.554495,-8.392993,4.651621
-1.3384972,1.0201731,-0.2766245
-5.502279,-3.925488,2.7013946
4.996566,-7.3408546,3.839605
-5.1818275,6.612509,3.342916
-6.748658,-9.302694,3.5107555
-3.1933403,-4.559443,1.7793823
2.0985928,-8.306448,0.9915283
5.1479664,2.6430216,2.6341996
-3.8840904,0.862483,2.3660345
-5.885663,4.1712017,3.499024
1.3489304,4.186756,-0.9134136
-5.894332,-0.039557457,4.7045903
-6.5106144,-3.003018,3.8940923
5.2125187,8.842419,2.7405102
-1.6798458,0.41585922,0.5538273
9.13785,2.3808231,7.859097
9.727825,-8.2343,10.0918045
2.9910555,-9.800931,0.8273628
3.441577,-4.884424,2.2478175
2.3028374,-5.240042,1.5127169
0.15660858,2.8972769,-0.5295217
-0.7273245,-4.444716,-0.30261973
0.13744164,1.044342,0.64740366
3.7342472,9.266895,0.35955715
9.2977085,-2.9498873,6.9136667
-2.591591,2.5548544,-0.4926721
-4.2271576,0.1226387,2.283873
-2.4216485,6.5807858,1.7688873
-4.8312426,4.373661,1.2433527
1.700387,-0.46458817,0.47279885
7.4644833,5.469591,6.271775
7.8197746,-0.5087795,7.73083
4.591255,-1.7000008,0.98030984
-7.359315,-3.8979092,4.2884994
-5.367048,-8.1578245,2.3837779
-2.197114,8.353262,0.4802765
-1.8432417,-6.336993,0.56391
0.82247734,-9.5330925,-1.9264053
-9.179715,-4.485327,7.8744206
3.1124477,2.0200157,0.5384786
-7.628721,-0.9075031,7.032572
-6.327447,4.552372,4.3503375
-8.313826,5.7293177,8.249473
8.713196,5.8811083,9.341479
-9.4693985,-8.39027,7.665887
7.543667,4.076956,4.4834704
-0.33616924,4.9500027,-0.74897105
-1.1629877,-5.547602,1.0445037
6.2547855,0.048438072,5.209417
-0.92427635,1.4988213,-0.8255079
6.2715416,1.2539539,5.244739
7.23015,5.3661203,6.7262974
-8.6821,8.490089,7.937142
3.8478394,9.604738,-0.17874932
1.8877897,2.2389488,-1.1474988
2.150117,5.8479633,1.376511
1.4599142,4.275531,-0.25122535
2.7353096,-5.4099607,0.6010186
-4.810668,6.6881027,2.5456893
-1.2794113,-0.71050835,1.7106292
9.5012,4.080982,9.316645
6.7184944,-6.636981,4.880472
-0.37568474,8.00053,-0.26740807
-9.405309,2.231841,7.390574
0.4382782,2.2661037,0.21635592
-6.8097353,-8.895992,2.9973288
8.131916,-0.8690882,6.5520935
-6.0708737,-3.4968367,3.4385724
-0.72201633,9.441162,-1.4562747
-2.2194266,-9.155201,0.5236
1.7795382,-2.467762,0.48418653
9.410276,-4.9599037,8.665518
0.95019245,-7.249199,0.09015009
5.7916403,3.8461914,2.3116567
7.7622166,-6.9042754,7.02279
8.0731125,4.7269964,6.978276
-3.4535146,1.2003078,2.398205
-2.2365665,-5.2941823,0.38617676
4.819378,-1.13801,3.4584816
-2.7286768,0.8672085,0.69162285
4.68264,-4.456649,1.0386652
-2.1846771,-6.425091,2.462192
-6.782523,-5.635383,5.897161
4.0704336,2.4127588,0.5249793
1.5331802,-8.811416,-1.392046
4.4584837,6.296772,3.1866584
9.93486,6.5674477,11.494474
6.8273296,9.195263,3.6347284
9.479811,8.460653,7.421034
0.5352287,-5.6200686,0.6835507
-8.602125,-4.3392467,6.6712904
-7.015272,7.319275,4.548459
-6.2117376,-1.2936707,5.115651
-8.812484,-7.3627424,9.124054
-5.012475,-4.7902,1.6892614
-9.205677,7.019512,8.23878
-9.226152,-5.686635,10.147799
-5.975546,3.517271,1.8135774
-9.858339,-8.349655,9.8340845
-6.1381245,6.6033115,4.4129786
3.8130865,2.7503958,-0.34417212
8.3405285,6.8977947,8.605375
-2.9746284,0.34105778,0.97801554
-2.9087877,5.07615,0.39285418
5.339533,8.194809,2.2928627
-4.933709,-1.261488,2.6792126
-4.728326,-7.5575447,1.6043557
6.161295,-7.056,4.9987082
-8.7130165,5.8631287,7.7735486
1.2227478,-6.376853,0.14673454
8.83382,-8.753628,6.084266
1.7148647,-8.4671545,-1.2089901
2.7194386,-4.4286537,0.9590026
-5.8239117,1.8551731,4.09301
-0.13796616,-9.061108,0.016330361
0.54984474,-4.633708,-0.6078587
2.4543428,9.574043,-1.3844559
3.88546,-1.7008305,1.0603968
8.689278,-3.3745613,7.443879
-7.6329947,4.729574,6.843067
0.2997532,-8.229004,-0.9821448
-4.9963627,-7.8083086,3.5092375
-7.910639,1.4297953,7.3491454
-0.8007765,3.1612072,-1.508692
-8.802368,-9.854534,5.8995376
6.9789925,8.786085,3.06938
1.1581478,-3.893869,0.38351923
-5.3895807,1.5276756,2.019034
5.225791,7.1085186,2.8852534
-9.464279,3.8277054,9.17873
-3.8679924,3.1050253,1.0247312
-1.9481869,-9.123749,-1.4549783
-8.497503,-9.329844,5.550555
-6.3588834,3.7189865,4.2018995
-1.6321859,0.371624,0.6280979
7.5876465,6.1404,7.2549286
9.656542,5.004322,8.680445
6.362625,-8.022556,3.1779294
-5.97124,1.8405571,4.2990565
-6.5422115,-7.84501,5.1605153
8.726933,-5.5278263,9.242784
3.5371742,2.7481184,0.036076665
0.2656765,-0.5589695,0.7069006
1.3533211,-6.386408,0.47318375
-8.036967,3.3908749,4.6370497
-3.3388543,6.9395447,2.8312306
9.626181,-9.827797,7.99758
-2.466322,9.379799,0.5189419
-0.5016413,5.520279,0.38414982
-8.30331,-0.84287167,8.215768
-5.5940714,-9.697157,1.421911
-0.20419598,-4.233248,0.3038666
-6.2115946,3.0518522,2.7553074
-1.2400961,-4.2604933,-1.1242315
4.0695915,-3.2870712,-0.058025658
-9.781773,-4.1296887,9.448511
2.9701214,8.597855,0.59805554
-6.6120815,8.463005,4.356745
-4.8805103,-7.799715,2.7954407
3.839097,-3.0851116,1.1365942
7.9512024,9.057646,5.6240344
-2.7330866,-0.57598686,2.5856256
-4.105691,-4.8687696,2.7500925
-9.042358,1.2092485,9.52828
-5.1565766,7.9123154,2.5604947
-8.75637,-1.272563,6.9720855
-2.2887049,-9.436132,-0.09165448
2.040554,-3.342661,-1.0756254
-9.368757,4.9768734,8.562182
8.731134,-1.4775515,7.3882446
6.2739086,7.0654507,4.984362
-9.789458,3.4391775,7.8503366
-4.77633,0.08769989,2.8707485
3.2615519,3.819809,0.1774221
-2.054596,-1.3498163,1.0013202
-1.0897646,-8.572538,-0.45690525
-4.5151567,-8.57005,2.2215486
8.032196,-7.865882,6.098274
-5.589982,-1.5927486,3.6008832
8.2927685,-7.2305584,7.728596
0.64522266,1.4655008,0.9575655
2.0102177,1.1466236,1.5580537
7.801319,7.608824,6.654132
-1.6476555,0.56228447,0.31802303
-5.6934333,1.7043829,3.3837354
-1.617342,3.5558758,-0.14646584
8.110535,-2.8271723,6.433909
-7.419873,-4.982846,5.107972
2.269804,-9.406792,-1.0814915
-9.827914,-9.739471,9.702913
5.243021,0.6575527,3.239199
3.6946774,-4.728875,2.3630002
0.42392254,2.768365,0.008954227
4.291931,2.485299,0.10339099
0.011247635,7.7992897,0.14228842
5.5335283,-1.2207909,2.9501429
-7.916205,-0.042286873,7.5942707
-1.4685249,6.901806,1.6826973
4.436146,1.6957912,2.7889206
9.958168,4.5768566,10.781105
5.093914,-5.399947,2.5351331
-7.271744,-7.227845,6.623827
7.6909676,7.6238823,7.0131845
-2.2299824,7.128399,1.3479846
-2.1351442,-3.7863827,0.63021225
-9.089097,1.6611671,7.5985017
-1.5741434,-8.893437,0.37620926
7.073267,0.6998453,4.7961946
1.3944483,-9.284342,-1.1667788
-5.8245397,5.6521053,3.202082
3.0781212,-9.9115095,0.8513368
-3.2064438,-2.4122548,1.2754138
9.12994,9.329973,6.9886427
-8.679546,-3.387835,5.658976
-3.1587553,-5.79646,1.3675438
-9.655735,9.021046,9.16141
-3.938302,-5.0582194,2.7677953
3.1524763,2.2055283,1.0215923
9.626146,5.58877,9.653359
1.6794634,2.6867867,-1.5963473
9.803585,-6.9088435,11.404136
1.956521,9.07583,-1.4447172
5.77536,4.795228,3.9663856
8.016623,-6.2883782,7.2810555
8.359234,-5.707325,8.378584
-5.5972376,-2.3064003,2.7982798
9.193899,3.3362026,6.7949953
6.0576553,3.781147,2.0753648
-4.67579,1.2876177,2.7252595
-4.7720337,6.5581207,3.3597374
-8.387462,9.948065,5.1861672
2.5113726,2.0573282,-0.7354197
-8.105493,3.9169178,5.529186
4.224247,5.686943,1.7163175
3.157977,1.9823532,0.57428825
-8.688022,0.61655045,9.163622
2.725009,8.991135,-0.7554863
-0.8133049,6.9037285,1.4994004
4.568177,6.5312653,2.0562518
5.737896,-3.8910913,2.889583
-9.94145,-4.7810326,9.556431
9.170988,-5.4223957,9.573894
8.386419,-8.374147,5.638677
3.978836,-1.0160017,2.8937757
-9.13961,5.634342,8.207472
-3.5722075,1.465086,2.2488015
-2.8980885,-3.537365,-0.818588
-2.5699797,-1.3834105,0.44473046
5.6392307,-7.6632357,4.0640545
3.635706,-6.4234066,3.2903988
7.921791,0.92064285,7.727594
-3.7452316,-5.810182,2.5215113
3.3653975,1.23248,0.6196887
3.557951,8.247086,0.006416708
-8.325909,2.560811,5.4750013
-9.700198,7.655203,10.5160055
-5.1888905,-6.335553,4.6847963
6.845476,0.26007652,6.630549
-9.414597,-9.823359,6.960615
-8.704338,0.069288254,8.006946
5.602006,-7.3666945,4.0211296
5.3952894,9.385395,2.2746465
8.223927,-8.548855,5.1945972
-7.549387,3.4183779,4.1133347
-7.3189974,-5.981815,6.111653
5.1298666,2.7680607,2.698549
8.696302,-0.052158356,8.123018
5.983389,-1.2790489,2.8878398
1.5665207,-3.881073,-0.29141554
3.2957468,6.429842,2.7928278
9.491268,-1.8050776,9.765593
-6.452043,0.85235023,5.5270667
-4.540118,-3.0136013,1.9676814
6.994669,-7.287276,4.780145
-6.8423963,-4.1676006,3.9239168
-5.514126,8.965939,2.879333
7.2999115,9.518656,4.695174
3.155221,-4.646001,0.062375315
3.2307005,0.99659157,1.5088929
-4.2384043,1.6231785,1.1822973
-0.13800526,8.821747,-1.7599349
9.1523285,1.3955135,8.755277
-6.002201,0.4655218,4.1557403
0.078621864,-2.908846,-1.1991289
4.755995,2.1089401,1.1803718
-6.9035625,-9.956894,3.5360484
9.711769,-9.977164,8.106895
-4.996105,-1.159153,2.4238904
-2.4013605,-6.9359064,0.55904233
-2.7057028,-6.945038,1.4626234
-6.516589,-1.6973772,3.122497
-9.812646,5.548151,11.230454
5.6385155,4.9491806,3.7739038
2.6567411,-3.4743571,-0.4324053
-9.366008,-0.7066736,9.862001
-6.436268,9.283367,3.212477
9.88368,2.163208,9.783785
3.8223505,6.800379,3.0885391
4.0124464,-4.14205,1.8606559
-5.9829807,-8.948802,2.5577223
-4.3839607,-4.636403,2.8415327
-1.5095415,0.87880707,-0.10438931
-1.8287992,-2.4219904,-1.377824
-6.8524837,-5.460174,5.0960875
0.8238497,9.61635,0.08382529
0.9938803,-9.230327,-1.1306871
-1.2662106,0.25389862,0.81228966
1.3863182,3.9851837,-1.1603957
-3.9635062,-2.6978493,-0.2867682
2.602519,4.3371153,-0.6469297
3.7714043,0.03549671,2.555192
-5.2673903,-5.944315,3.612964
-9.915791,-5.437537,10.007005
5.2343445,-4.4985332,3.5274935
2.3853674,-9.763834,0.5892679
-5.0858793,6.232601,3.306743
9.63702,9.166452,8.684522
-4.52248,-5.1369405,1.5112283
6.7574673,0.49427414,5.249501
5.073285,3.3415422,0.6464669
-8.384081,2.8314152,7.061401
6.4494133,-5.5504932,5.848623
-9.194729,-6.0767436,8.808439
-5.540147,9.734495,2.6167822
-1.6671486,5.823221,1.4536254
-6.740465,9.348137,3.3683376
9.769098,7.0198917,9.77263
-2.0057964,-0.74404144,2.1349876
3.9718971,7.0400314,2.6116157
-8.929119,-0.32074165,9.196018
5.7566643,-0.062044144,3.9623725
-3.1078377,-4.332845,1.3783281
-7.6067123,7.798559,5.481045
1.4622297,-2.1260023,-0.34618968
4.844618,1.451889,3.1477826
8.653971,-7.973982,7.477628
-6.1079264,3.4303627,1.9103127
-4.921043,-4.754635,1.4773475
1.9226284,-2.258103,0.6671953
2.7126122,-0.89421844,0.70563936
3.8447227,3.7071981,1.6272066
5.4887524,0.40820122,4.714473
-2.267537,1.7424335,1.0672777
5.5556965,-6.495119,5.06326
7.3729153,-7.5559225,6.4739575
-2.612215,3.6013527,-0.2310614
7.1145725,-4.117798,5.354717
4.8857956,-8.621649,2.6514878
8.820528,-4.127009,8.19033
-5.6827393,-9.810459,1.5865799
-4.93809,1.9980421,2.4516146
-2.891389,0.74266815,0.7343293
0.5072632,9.234463,-1.9558187
6.0019894,-5.51433,3.3271637
-5.7086267,-5.1717496,2.753468
5.0065403,2.3877754,1.203058
-3.5838137,-2.627623,0.42143905
6.041092,7.7930717,3.7555633
-0.47477245,1.5212536,-0.5890107
-8.76087,-0.21728516,9.596899
-5.5024586,-3.8365102,3.0309167
-7.23752,6.0420895,6.459124
4.9596252,-4.6809793,3.3691063
-6.705482,4.021162,2.892551
-0.83318233,6.424076,1.861584
2.1575584,-7.844081,1.4131582
-5.483947,-8.860346,1.1679845
2.8847008,-5.6394377,2.163295
-9.764234,4.7983274,9.351296
-7.1550846,-5.515932,6.8199916
-9.0612335,0.94527626,8.038657
-3.0247736,1.5098705,1.9652658
-3.642974,2.0994263,-0.15611732
1.4319334,-5.0993147,-0.26903707
-1.8491449,0.3496561,0.67897606
4.700821,6.929409,3.9241312
9.1679535,5.1836567,8.47007
3.5879116,1.9103584,1.4947203
-3.9396753,-7.952753,1.3689324
-9.363856,4.704734,8.688435
3.6220188,-3.9819145,-0.31486952
-4.954579,6.9985237,3.326605
5.088763,4.153221,2.8145518
6.684849,-1.8355598,4.498669
3.8572044,3.8657093,1.4540725
9.383108,-4.1583657,7.309622
9.497965,1.726057,8.232998
2.1173992,-0.49896812,0.45576838
-7.2863674,0.15868378,5.381261
8.934414,3.5211067,7.0966153
-4.744958,9.738739,0.5084033
-4.7235355,-4.413922,2.8465202
8.367786,9.765207,6.091125
7.748104,-1.8350925,4.7453866
3.021513,9.511091,-0.5304519
0.6268387,2.2503338,0.39805478
-8.411659,0.81548214,7.216132
-1.0380411,-3.3443537,-1.1957893
9.591263,-5.269563,9.455239
2.546588,-9.834141,-0.17974544
0.8561802,-5.4584875,1.7513252
-2.0765104,-0.89533424,2.0151548
-3.487823,8.412798,1.5625544
5.960227,5.4114685,4.93902
0.6166849,1.7435513,0.74582875
6.505741,-9.678134,3.1331906
-1.7699862,7.045101,1.1332889
4.369092,6.8847485,1.7608268
4.127699,-4.4953547,1.778321
1.5946407,4.0502186,-0.18598282
6.2837296,-8.331907,2.6203585
6.2664585,-5.0558987,4.00014
9.269234,-3.0177822,7.30228
7.6877594,-9.067296,4.415235
-2.5569668,-0.6109028,2.4729002
-8.466202,2.0478077,7.7068267
1.8281746,2.9107618,-1.4594796
-0.08728218,9.358305,-1.7259977
-2.608254,5.775256,0.95315063
-1.6745472,-9.149571,-0.3049407
0.47032833,-3.1388664,-1.9734137
7.296299,5.6024246,6.0644403
3.1174126,-9.598069,0.983916
-3.5509434,-0.6184492,2.8864968
-4.1122494,3.7839518,0.7434983
-2.476313,-6.7053185,0.74428076
-3.8650298,8.578045,-0.15456355
8.992229,-6.5927434,8.6428175
5.2964535,-7.3357115,2.3861713
9.029757,-7.5909233,8.954032
0.031936646,-1.751648,-0.23567796
2.0167084,3.3393917,-0.13757008
3.4676466,2.880499,-0.29803097
-9.465531,-4.94102,9.533404
0.8929653,8.746298,0.3002503
-0.66889954,-5.3589525,0.21853054
-5.6065407,7.8465366,3.1411438
-7.7594733,3.359024,4.241963
8.852745,-3.2266855,7.1273403
8.130661,7.3958797,6.6242404
4.6346865,3.3157587,1.4970822
9.542498,-8.50278,9.018962
-4.058079,5.082365,1.0291872
-1.7272272,9.457401,-0.11432308
3.7861862,-7.4802885,1.845991
-1.6522655,-2.1082377,-0.5741025
-1.962348,-8.069494,0.044383183
-8.2656145,6.7044086,8.65015
2.686613,5.305561,2.273967
-6.043272,7.2936916,4.088225
0.36366272,2.808652,-0.07901931
9.749756,-1.6489706,9.788454
-3.0781531,-0.9757433,1.6457222
-3.1519175,-7.4508038,0.38881326
6.0331287,6.3461704,5.192704
-3.6765327,-4.0118814,1.5252128
-0.8587742,1.0974779,-0.27942997
9.337385,0.3400936,9.627414
-4.099737,3.0230236,0.8597156
-7.1541023,-8.033095,5.736118
-5.5964375,-1.5839243,3.6504467
-2.7724562,4.6134224,0.44757777
-4.7449875,-7.391609,2.2045288
-5.1893177,-4.295868,1.9913915
4.039445,-5.506425,2.5940013
1.6993771,-8.461121,-1.2527199
-3.200616,9.7634945,0.2471723
-7.7691135,8.639851,6.2414546
-3.1485987,6.266369,1.220026
-4.2203913,-8.288909,0.94757974
-3.2541895,-0.09126663,2.347465
-9.02123,1.836359,8.632509
2.1542912,4.4358253,0.060141414
-7.3472357,2.0141315,4.179935
-7.7879915,-6.1294546,6.478777
-8.170332,0.3170681,7.102012
4.1738367,-8.086457,0.79020387
-6.020267,5.014862,4.863089
-4.127508,6.2989063,1.9417357
7.8384056,-3.578125,5.012256
5.309643,-8.753248,1.4333491
5.7339115,0.09297562,4.7916727
-9.495066,5.112297,10.393266
-7.1709976,-6.823167,5.0273447
-3.7751102,4.2218266,1.1819012
8.260977,6.964548,8.434527
1.0230045,-8.289669,-1.1275307
-7.4789715,5.530308,6.820376
0.062618256,4.522478,0.09104042
-7.7667084,-5.146215,7.217851
-2.1909928,8.392862,0.41158378
-2.7497506,-4.809045,1.4636025
8.656616,7.600569,7.921709
3.0973673,-7.6651487,2.130954
-1.7437115,7.8876534,-0.6570198
1.6892872,-2.248436,0.26888913
-2.8866553,-8.833496,0.36141688
3.9290037,5.326584,2.9938169
3.955639,-0.8190775,2.3458269
2.685461,2.8244495,0.7350683
-3.8977695,4.606695,2.1931717
8.5315075,1.0677195,8.071097
-1.4436998,3.193946,0.20467168
-3.8931665,-8.428637,1.9572647
6.2631397,-8.82628,4.0511484
8.150566,-4.695903,6.082724
9.951597,-5.2283373,9.415553
2.9625835,-9.42585,-0.46470565
-3.4089384,1.561346,1.9911019
5.0789204,-0.7934103,4.056821
8.579544,-2.2023144,6.7252045
-9.808341,-0.4646883,9.526238
-1.2388697,4.8054495,0.57031626
-6.8196545,-3.7107325,3.9807124
1.8635979,0.6317539,2.0778804
4.135848,-0.8932476,2.8624337
-2.0658789,4.8289385,1.0668015
-0.8365717,-1.063838,1.3325627
4.501108,3.5921774,0.68112576
-1.6806974,-3.9153934,-0.1397438
-8.397795,7.7464256,6.363709
8.00136,1.6831284,7.073994
-5.033145,1.6822672,1.6041539
-1.0985851,4.841527,1.0711502
0.943264,-9.968404,-0.7888035
-0.60096836,4.418765,-0.72044766
-9.40686,8.033585,8.498535
4.5879993,5.988961,3.7772527
-4.542315,6.4936085,3.9808815
-5.186596,-8.032599,1.780484
2.3891544,8.655432,0.81913525
-5.2186203,2.2358055,2.8887587
-4.6215963,-9.747033,2.061965
-3.3694992,9.048851,1.0043044
-3.7567759,7.7978287,2.319757
-4.1763744,-1.5953817,2.0902936
-2.6968584,9.80599,-1.1677687
2.5987577,0.6296253,2.4814615
-8.092179,8.020552,5.505477
-6.052803,-8.839837,2.7313387
0.14591408,-9.323097,-1.970648
1.3906813,2.786169,-1.4132617
5.5229244,-0.07480526,3.6459823
-7.02444,-8.488864,4.401903
3.191969,-5.607358,2.6130786
5.683898,5.605345,4.4394083
5.552602,6.374983,3.3341382
-9.314215,-7.584603,9.940743
-3.816042,-4.47078,0.24063669
-8.595656,0.05815506,7.9075193
-6.3281145,-0.012764931,5.0851116
5.569829,-7.365253,3.7532883
-1.4931908,7.3954067,1.6645199
4.247113,-6.982579,3.5511608
-5.8700633,7.114132,4.9153624
1.519599,-6.1851954,1.2003622
-6.048579,-9.935631,2.3910909
4.9989204,2.491537,1.5917262
-4.37379,-4.783739,2.8605702
-2.5075912,6.7414875,2.4565296
-8.676313,-3.3154306,6.0710692
0.03303528,0.9548435,0.60938394
9.494802,7.4436417,10.414
4.8537817,-6.494646,3.2261853
-5.3354096,-4.1170335,2.3109417
0.13448715,6.808771,1.6598234
-1.0964851,8.435497,-0.6035461
-8.050742,1.7429686,5.315627
7.840912,7.687462,5.760334
0.1612072,6.049389,1.8032095
2.1059704,5.654354,0.6403208
-4.03829,-0.39422607,3.553848
-4.679191,9.654884,0.2857167
1.6488953,-3.1789913,0.13567758
3.6971092,0.68067646,2.7291527
2.24298,-3.018515,-0.9575672
-4.8194504,-0.74935436,2.6020567
9.708979,6.009491,11.363652
-1.472044,7.581503,1.4722732
-6.1241508,1.490675,3.5391867
-4.6771264,6.5739307,3.7656438
9.844208,7.00972,10.328649
0.00048160553,4.8605776,0.14998773
-1.3574419,-2.7252617,-1.259628
-4.1616178,5.8346386,3.3850598
-2.6214542,8.394125,0.18660843
-8.422285,8.272474,6.157533
-7.9468346,2.5911055,4.477488
5.852895,7.379854,3.1727026
8.554495,-6.908368,7.5702243
9.543003,1.8940659,8.089878
-7.2194233,-8.785802,4.971107
5.4086323,5.1334133,3.8218436
-6.189666,0.4590807,4.4321012
5.965603,-1.9237251,4.099909
7.215542,6.3747787,7.1050863
7.7387085,-1.5307436,6.6884823
7.200512,4.0830097,3.6936436
6.2557335,5.380064,5.3167
0.19463634,-4.9607444,-0.57275844
4.594824,-8.662604,0.5267364
-3.5777092,0.89312935,1.960716
4.354348,-6.1151114,1.8848466
-3.2140198,-5.670971,1.2679411
-0.16791344,4.7093344,-0.71112347
-8.703789,2.376299,5.8886576
-2.614746,-2.2223482,-0.37767506
-5.2587295,-3.63549,2.1502182
-3.373208,-7.3952436,1.3947136
-6.385865,-4.273236,4.4865937
-8.994442,0.64097786,9.386608
0.651165,-5.8420706,1.5618147
6.489792,-9.078705,2.5739193
9.107494,-9.688363,7.060415
5.8355417,-9.4303665,3.4039435
-5.1833735,-4.599887,1.613689
-9.890098,2.694316,7.8813705
3.7931385,-4.572952,2.297555
5.60314,6.606251,3.4563785
-8.58512,5.472785,7.9207153
3.5858612,-7.8241205,1.099298
8.454773,2.4620361,7.2932315
0.60576534,-4.3067636,-0.8657632
-6.0245886,8.293608,3.4993963
8.198763,7.5775223,6.3464737
4.270159,4.586688,2.3696287
6.622011,-5.0078797,3.6916754
-6.762855,1.4459848,5.0449567
5.819455,-6.30471,5.232746
-6.830736,1.4972363,5.4584494
9.894943,9.885792,8.478537
-4.2369976,-1.9281502,2.3960328
6.025671,-5.7507763,4.5870833
2.0024157,-4.87461,0.8923955
2.6501045,-6.206603,2.373798
-1.5335503,5.0657825,-0.41509867
4.107353,-5.8981714,3.4014053
-4.167719,6.999695,3.2734385
-9.425793,5.838069,10.785839
-3.8420305,6.0160427,3.3419096
7.8353863,-0.47956276,7.604272
-2.6326966,-2.0875454,-0.50940543
3.1431847,3.6225119,-0.82327104
-3.6972642,-1.4937258,0.7546966
7.5014915,4.01877,4.033063
5.9849024,2.2322035,3.6802444
3.530136,3.4777746,0.016832888
-5.111617,-4.27469,2.3291147
-8.171299,6.199997,7.2873197
0.37649345,-1.918026,-0.9870995
-5.8665776,5.6822166,3.3265564
8.221937,-0.6164532,8.513241
-9.609757,-9.827891,8.50952
4.4686832,-0.85197544,3.2729542
9.969141,-3.1884432,8.577754
5.0082836,-4.9580536,3.048351
3.4097872,-0.3912239,1.1150157
-9.621467,-3.8206863,7.672443
9.618933,0.7835064,10.910853
-1.7104759,-2.9523554,-1.633146
-9.344084,-6.204593,10.717864
9.871628,3.6711426,7.888117
-4.069307,-8.189735,2.2692587
-0.70747566,-7.7416754,-0.5594967
9.152796,-1.5728302,7.408592
-6.932007,-0.87070656,5.204634
-7.0748997,-9.354128,3.803297
1.626173,5.0818405,1.5426805
-1.3385391,0.82527256,-0.035785854
2.3034182,4.2170258,-0.22957551
-8.387053,-0.0986824,8.765746
0.29906654,-2.1826816,-1.1728544
-4.4475975,-3.519156,1.1046908
-4.9160886,-0.8931532,2.0950105
-9.156369,-7.8587413,8.673807
5.302183,4.3917084,1.5340314
1.9263649,2.842329,-1.3072498
-8.4544325,7.1516056,8.49171
7.93552,-9.341696,6.254907
3.0162086,-1.0416813,1.4148566
1.8556318,-3.921629,-1.2047184
-5.8713636,0.31079102,3.4314606
1.5080452,1.526947,1.0151554
9.635403,-1.488924,8.387685
6.8588448,-0.811718,6.0488024
-7.788702,-1.6510334,6.275098
9.128212,2.4323502,7.363292
0.77509785,-5.4663825,1.6337392
4.8096514,-1.1588306,3.365227
7.7667637,4.942686,6.8967295
8.525091,6.7332478,8.921318
-7.795348,1.118413,5.864787
8.7566395,-1.098484,8.315852
-6.791749,1.6753902,5.435834
0.7496605,4.603877,-0.35692254
-6.987636,1.8395224,4.333606
-2.1923327,-5.8191576,1.5648869
-0.45442677,-7.880168,-0.43089935
-1.1963539,4.651804,0.7404443
-1.5797596,-4.2990103,0.3344791
0.7887058,3.7450037,-0.5744162
9.864187,-8.592306,8.990337
5.810116,5.4690228,4.4142427
5.5947,4.2043257,1.6443807
4.002475,-1.973383,0.21116802
7.7418118,-7.6391497,5.6845703
-0.46149063,-1.1290159,0.9466209
0.79512215,5.6629314,-0.10114753
2.057971,7.5569572,0.8715333
-8.721305,-0.37049675,8.448761
-8.055569,-0.8275366,7.5397015
1.2260141,8.203182,-0.78295
-3.9125023,1.7425327,0.8504822
-0.18349743,9.549337,-1.9724625
-2.294588,9.04661,-1.3462849
1.5566273,-6.4933205,1.8513579
6.506155,-7.050321,4.0028534
-3.3164191,-3.3191576,-0.88433933
8.008606,-1.5290785,6.7706037
7.8956184,9.053932,5.998361
-7.674981,-7.521714,7.141459
-7.7222624,4.460063,5.5981917
-8.090749,7.6732864,7.406802
-5.4802027,0.62863827,4.110927
-3.8927627,-8.384599,1.9495313
-0.7526951,-7.549776,-0.20886984
-2.431922,1.4871197,1.132312
-5.0524855,2.8933468,0.6970801
-3.1769361,2.3230276,-0.5637856
-3.617445,6.222618,2.802622
9.810383,6.4248695,10.811616
-3.7062883,-8.713688,1.3864357
-7.1600094,4.7122364,4.396736
4.1569757,6.2110825,3.3593404
-0.57761574,-5.0504885,0.5875325
7.6556396,-6.2387085,7.4550114
6.2483253,-8.979932,3.4266346
9.187288,-9.866443,7.0923367
-7.323595,5.2249165,5.317576
6.4286346,2.842926,2.6344936
8.392387,-5.432074,6.702976
-4.9383154,-8.939402,1.7167588
9.191799,-9.29625,8.043286
7.4964294,9.073322,3.7906926
0.109511375,3.2912626,-0.6349437
4.8215246,1.6348915,3.260247
-3.4962153,-0.8267479,2.1480978
-8.721838,4.0822077,7.883599
2.5278006,1.0837564,1.498316
2.9812527,4.316927,0.80239475
-6.5355897,2.5514526,4.263878
4.8499966,-5.151781,2.9237323
-8.542227,-4.6739664,8.050882
8.606241,2.6338873,5.906637
9.683903,2.533947,7.9969196
2.7225838,7.0605392,1.8187585
-6.2742877,-7.3970356,5.031803
4.8667126,4.8573837,1.5159814
1.7041578,-9.1733265,-0.75323313
2.7191877,0.85679245,2.1197991
3.2865334,-8.119575,-0.1821841
7.613556,-4.9185095,6.2504025
-4.298359,-5.715828,2.15629
-2.2494507,8.921646,-1.3089145
2.7270594,8.900383,-0.8803502
1.089611,-4.4350443,0.837721
8.063776,-0.41934395,7.6534133
-5.252385,-8.380713,2.2924728
-0.36416626,-8.193122,-0.1621364
1.8685322,-5.0630355,0.7283052
-2.65589,0.97288704,0.7390447
6.8171673,-9.001543,4.730212
1.0938158,-2.0815039,-1.1301239
-9.2423,1.3787069,8.557777
-1.0833588,0.11259937,0.9893508
-4.535569,-0.3164444,3.9983153
0.9717121,1.7996302,0.8517934
-1.162159,9.891426,0.11964142
-9.919342,-8.540901,9.307875
-1.8222532,-7.2143197,1.4769645
-0.95779324,5.2264223,1.5406839
-2.9487848,3.0630398,-0.5099125
9.187805,8.496815,8.297438
-2.1819916,7.9589634,1.3674827
6.4241714,-7.4270535,5.096418
2.4771776,-2.2714067,0.57931083
-8.441332,-9.004406,6.78632
2.3498611,4.0303335,-0.124135196
8.287355,5.968486,7.099807
-6.5410066,-7.9324007,5.198908
-6.4637494,-5.443739,4.257183
9.78849,5.341281,11.071539
8.035099,2.4362602,6.3587956
-5.57894,-6.2511215,3.8001204
6.0174503,-0.049614906,4.3256006
-1.2793207,-6.6468945,1.8946193
-9.859294,3.8776064,8.47272
0.7513342,1.8522129,0.7627263
3.2309399,2.7158432,0.73839563
-2.9996085,-0.47192764,2.7784398
3.4788342,0.54371834,3.0150318
-8.551008,-7.417327,8.294376
6.9301586,9.334827,4.7652297
8.525343,-0.4091463,8.525235
5.5146675,0.27905083,5.0019636
1.6949129,0.9038105,1.9051363
3.2934895,-9.406224,0.5077647
-7.2354784,2.5838146,4.540589
-2.498734,8.608587,-0.5229261
-0.9546757,5.8178864,1.6509454
-5.5648613,1.392045,2.2803357
-7.3862004,2.903099,3.9626832
6.7261753,1.7767239,3.7420447
6.7864532,0.025720596,5.77893
-9.081882,4.3789577,7.042841
3.1821194,3.2940655,-0.8468582
4.068022,3.2477875,1.2622709
9.499683,-6.030017,9.322243
5.785537,-1.2183237,2.999586
9.193367,6.234848,10.1471815
-3.2738972,6.5838966,1.6045148
7.0038643,-5.629976,4.7125907
8.134014,3.2639122,6.611728
-9.443281,-6.672466,10.019917
-8.027067,2.6061573,4.7054873
2.0240545,3.4707203,0.13892812
5.4603777,-6.021949,2.9531105
-4.9681306,7.422741,3.6187148
1.1013451,7.140156,1.7759786
-0.01451683,7.181858,0.5186011
2.5310764,2.7423582,0.33075857
-5.373496,4.115761,2.450141
5.6403904,-0.18427753,3.3023703
6.650093,-5.2970467,5.5939674
-6.9385824,3.045473,3.0612423
0.09687424,-4.31607,-0.7911262
0.0277462,2.5794134,-0.7745107
3.2111568,-5.1320877,2.13619
9.3158455,-4.234847,7.2352853
2.9326344,-7.877779,1.7326028
-2.2722197,-2.6964474,-0.5418793
8.981329,6.032547,8.336742
-3.8053284,3.1090088,1.1195942
-2.903718,-0.8091736,2.2450006
0.68275356,6.347149,0.11547983
-7.6150885,7.1372337,7.2655644
1.0881729,-4.282941,0.70070124
-6.7847548,-7.4012146,4.9907117
1.0282059,7.700987,1.256058
0.9580755,-9.070219,-1.5164648
1.3842068,-7.718358,1.278603
-8.432956,-8.203047,6.8303127
-9.497843,-6.447748,9.00762
4.6011734,-6.76682,3.2793374
8.575958,0.30310726,8.825105
-8.873724,-4.3807163,8.471037
3.7039423,7.695984,1.3001671
-7.3612156,-8.914107,4.8937154
0.6269131,-7.547845,1.3404901
9.303577,-9.22059,8.496461
7.586191,-8.81216,5.705886
-7.3113976,2.4262505,5.4866047
6.1857185,-6.9226065,5.5459547
5.223171,-2.1848164,3.066668
-0.015338898,-5.1017513,0.45779747
9.687267,-2.694354,7.6588106
-3.9717522,-4.186531,0.2799856
-2.3271585,6.366089,0.7591344
-5.054141,-4.428073,1.8947095
1.4389687,-4.988576,-0.30059385
2.6478672,5.685066,2.1364079
0.7968025,9.090042,-0.06194043
-5.626371,8.139572,1.913299
-4.5016646,-1.4902306,2.519601
3.4015255,1.7855759,0.73593134
-8.768264,-5.188141,9.144324
-1.5573454,-0.9788656,1.799422
-0.22151566,1.1286774,0.18533951
-4.0516386,-5.843835,1.5532296
3.6391811,-1.4606133,2.2579353
0.644537,4.7803974,0.16991177
7.020647,2.498148,3.1624877
-0.8881149,9.306337,-1.8307947
-6.311384,-3.4325638,3.346519
7.0655174,-4.1909146,5.4667068
1.3964882,-9.441746,-1.3849907
-2.8639817,4.771985,-0.011637304
-6.591028,-4.837698,4.9215674
2.3438892,-9.320146,-0.5903939
-9.537525,1.1785641,10.448825
2.6337776,-3.835702,0.5519857
4.9444475,-6.045045,4.4155545
-8.772005,5.901885,7.6250954
-6.546724,-6.022415,6.2398233
-7.1892586,4.993314,6.4194345
8.405066,8.508909,7.128734
8.501207,6.256649,8.442981
0.626009,-4.0386558,-1.1603355
9.388058,7.5604515,10.060531
-3.3430395,-6.8279705,1.2315152
-9.708222,8.087734,9.171039
3.4929485,-1.6602144,1.5962188
3.5426855,-4.4971,1.2634146
9.803823,0.666522,10.646114
-0.0028944016,9.04731,-0.9557835
7.6639614,-2.8491783,4.761546
6.1296387,7.302534,4.984161
7.237688,2.341219,3.5971525
-9.923321,-7.2080064,11.115535
8.234579,-7.386609,8.138056
-8.5245285,8.517168,6.992346
8.965111,9.158621,7.486346
-0.41440582,5.981408,0.35660756
-8.862171,9.665234,7.621825
2.7809277,-6.6080475,2.1766584
-2.0354676,-5.2834153,-0.016206741
-8.981934,-3.7576761,7.973111
-3.6253824,-5.551622,3.0156791
1.0310516,-2.439495,-1.2433717
7.7884655,3.6148567,5.295793
-3.074297,1.4328814,2.0357661
5.939679,6.0149784,3.571662
1.252285,-3.0488443,-0.21286762
0.3370781,8.538067,-0.36004677
1.9134502,1.8958397,-0.42031553
-6.562687,6.314642,5.871292
-8.311982,7.726404,6.0524573
-3.142116,-0.5357666,2.8408291
-9.318541,9.424181,7.8279963
-4.6635056,5.2868376,3.1777997
0.4600582,-6.1203947,0.6878256
-6.586093,0.72169113,6.087522
-4.1479597,-4.864571,2.8429396
-1.7968645,1.8924637,0.26274863
-1.1520338,-6.038773,1.7268683
-5.520146,-3.7155128,3.2033908
0.48050976,-4.116579,-1.4562999
-1.4036045,-9.689934,0.09154755
2.8599558,9.182186,0.75073266
0.45167446,-3.4234324,-1.9398439
-4.993697,-3.063774,1.8938714
-3.4428396,-0.2077055,2.8195117
-0.11525726,0.1759901,0.96559936
-6.239853,-8.398954,4.216022
0.78285027,2.7819834,-0.05343175
-0.70605755,-6.2341595,0.09653461
3.8797855,-7.9420495,1.9840059
2.3666573,-6.0028768,0.52349687
7.483835,-7.797967,4.685245
-0.3296547,7.8340187,-0.4995706
-7.389052,3.8235703,4.661709
4.47009,8.7628,2.204456
-6.758379,-8.047347,3.5449393
-1.3745232,-7.938648,-0.8921317
-3.238027,3.9670172,0.09490144
-3.794445,-4.681364,0.5238154
-3.699839,-3.0647898,-0.5697008
9.189205,-5.875244,9.911573
5.7245684,-8.4140835,3.6097684
2.7713737,-5.8910475,2.2718213
9.389566,-6.2884116,9.215343
-9.06222,5.1234236,7.9720917
1.6136751,-0.26394272,0.8126068
6.401764,6.2491474,5.839069
6.6428986,8.69389,4.6016955
-7.958537,6.6039944,6.5322323
3.558895,-8.139126,1.6233263
-5.6968594,5.8614635,3.238787
-0.3907385,5.695285,0.054065287
-2.0867023,-4.529046,0.22712474
-8.349646,-2.1062255,5.508348
-9.5391445,3.3612823,7.520104
-6.5789795,-1.0213423,5.273021
4.5377054,-6.1161814,2.5474994
4.574355,-1.7720966,0.92416763
-8.697638,-2.7593746,5.731489
-3.7554226,6.1178093,3.22929
0.16334438,4.356205,0.30698508
-8.645825,6.2513504,9.072528
5.6345453,-0.42314148,3.3995917
9.057323,-9.1035795,6.556615
1.7686176,9.763397,-1.6303525
-7.430148,0.30926132,5.7261376
2.3318634,4.264721,-0.38595912
3.6301365,-5.6713066,1.1503158
7.9184303,-0.49525833,7.8533335
-5.320699,2.669281,0.94259447
-8.959098,-4.067168,6.472788
4.393506,-5.537776,3.3841882
0.62256336,2.8105745,0.077075124
-3.258264,8.029116,0.030998275
-4.190223,7.8023243,0.8501194
-5.1561584,3.4044085,2.6553845
8.094971,0.8514652,7.784113
-1.7253914,4.494706,-0.9133881
7.2120705,-3.1237555,4.713628
8.9264965,7.7119102,7.8385715
1.2667608,5.2763357,1.0850298
2.1301756,-9.970957,-1.0833105
-0.68104744,9.118164,-0.8337611
6.8681545,0.47063637,5.517749
-9.010879,-7.56099,7.5757627
3.9768305,-3.8265657,0.3361389
-1.6292877,9.712893,-0.5764583
4.566163,-8.348893,1.1992646
-0.044540405,2.5019312,-0.91330606
-3.7026606,-3.3633232,0.28256595
-1.0795002,-8.213712,0.29406464
5.399928,3.8637486,3.0687473
-6.945299,5.8259945,5.352483
-6.3209915,9.83061,3.7152958
-2.239964,-8.157873,-0.34234473
-3.6272454,4.890707,2.3886583
3.9283924,7.116638,2.527635
6.729698,-0.24591446,4.502336
-1.0709858,7.714962,-0.6643917
9.455738,9.12903,6.9871106
-4.1782,-8.098465,2.1634512
-5.6115937,5.024623,3.3780718
-4.4769406,2.3830948,2.2255683
-6.889724,1.1314545,4.173888
-7.0093384,7.371895,4.390158
-8.910155,0.53691864,9.795811
-8.862792,-3.7242484,8.019693
2.6099863,8.539955,-0.2458489
6.0985394,5.7944946,3.8985796
9.3884735,4.8509893,9.952454
8.517973,-2.6922822,7.163363
-0.5759373,-8.341158,-1.4307703
1.9404659,-1.3940964,0.12964666
-5.9831977,-1.873168,2.3044603
3.8652115,-2.01082,0.07136384
-9.588411,-5.103407,8.603288
4.716729,7.1804256,3.4845948
1.8341551,-1.6636734,0.15363331
3.0730429,-9.795871,0.9793298
3.6614838,-6.411647,3.3287277
-4.591048,-9.893018,2.2064729
8.581064,5.533909,7.7406263
4.772525,-1.147295,3.4113476
6.568947,-5.0970125,3.8104825
1.3207855,-7.669213,1.0059012
6.2798653,4.8733673,3.3784022
6.730011,-8.642895,2.820836
4.5323486,-9.095446,1.4816904
7.617687,-0.90106773,5.8749404
-1.8137789,5.9709215,2.2669325
6.5753613,-7.896328,3.2848082
2.3039913,-6.4740076,0.8009929
6.01696,3.224002,3.1457243
9.739986,-9.714318,8.167167
2.264371,6.644375,2.0634103
-3.7116694,5.345661,1.132438
-0.9949608,4.8801613,1.2557483
2.8152847,8.512043,-0.7393285
1.6860924,8.687492,0.41637373
-2.731701,-4.6187105,0.703221
7.835184,5.648966,7.2193546
6.008074,5.46072,5.274256
-6.2115374,4.5274734,3.5232742
-0.81481457,-2.7295265,-0.05579728
-0.95993805,-5.5028114,-0.039118886
-6.267308,-6.492137,5.058054
1.4585495,2.1460056,-0.31973678
-3.0699291,-0.27397537,2.6505163
-5.162615,0.5062008,3.0358095
-3.2154703,8.956333,0.6424254
-3.5654855,-8.125157,0.36240694
9.566401,2.313367,8.336425
3.83572,1.7998657,1.8257234
9.841133,-0.4432392,11.527389
2.7419558,6.620043,1.0531802
2.2643127,6.4921627,2.3365486
4.110936,-6.732646,2.028617
1.7163258,1.7781553,0.1782799
-7.8477144,-6.0178804,7.0211368
-5.913535,-5.529387,5.1847563
-2.4227858,-8.354688,1.0910137
0.15033245,3.7283363,-0.29888672
3.7671452,-1.0228529,2.59315
3.850483,-6.3516417,3.1058428
7.933134,-1.9855595,5.9342203
2.0357275,-0.73740005,0.15706247
-3.4129324,3.7782803,0.037981212
-7.520263,8.509796,4.1272163
-7.3241067,-6.6397676,5.3034167
-5.973375,-0.62491226,3.821742
3.016035,9.6792755,-0.85295725
5.4027214,6.5940876,2.9945188
8.749126,4.609358,8.042535
-3.1631174,-3.009509,-0.08526933
-0.7888298,1.7432365,-1.0902774
-2.9696345,0.6797514,0.7582075
-0.03654003,0.14686489,0.9840018
3.2100143,6.525999,2.8648007
-0.21971512,-3.4064722,-0.27979022
0.46294785,-2.4647799,-1.6672183
1.2668715,6.9698544,1.4942583
3.724183,2.537757,0.5374994
-3.0340137,-9.494326,-0.5839546
-5.9629765,-1.9610367,2.4091957
2.3592463,6.7462845,1.2445941
-1.1840553,6.059702,0.3371035
-4.5302796,6.6735363,3.9028409
4.19963,-5.860224,3.1741552
0.09069061,-7.4719563,-0.2533302
-1.4546471,3.1939077,0.21076554
-4.8408375,7.674183,3.0445833
-1.3156595,8.174885,0.82896066
-8.503251,3.842102,5.515642
2.2749033,5.9031296,2.2057495
0.15006638,-6.9029675,-0.04406619
6.068365,2.4036255,3.8435884
0.64570427,-1.0305357,-0.06133771
0.7995224,-0.11168575,0.9685166
2.7241306,4.7226467,1.0466588
7.609375,-7.4913397,5.704872
-4.7255764,0.96463585,3.791
5.970051,-3.5035658,1.7495115
2.4456158,5.018755,0.61142457
-6.6711674,-8.928752,3.6957045
3.4818687,-5.5164742,1.5820572
-5.9973345,-7.142892,3.339171
-3.147808,7.4885654,2.3481512
-4.7666883,6.223423,4.254188
-6.8031416,8.292273,4.3386316
7.8757133,9.8721695,6.0110683
-8.938209,3.0464134,6.1288314
5.0001507,1.2751026,2.8839421
-9.000119,2.7936134,7.150038
-1.2170601,1.6041384,-0.81330603
0.5964222,1.1940899,1.0569185
7.109106,-7.547574,5.6024265
-3.6189356,7.693636,1.0510403
2.878275,-6.7718973,1.1127253
1.5490589,6.9759274,0.02734834
5.883848,4.5877028,4.2959023
0.5945158,2.5925026,0.18190968
3.7444458,3.7461948,1.5733434
-6.040908,2.1947012,2.4272645
-6.94911,-4.906768,5.465982
8.910776,-5.3173103,8.763528
-7.28667,-5.082395,5.0538235
-1.7023964,-6.0199966,0.52175456
-1.2088013,4.5563545,0.6907613
9.778801,0.74404716,11.1357355
-2.1611357,-0.1029377,1.6823893
-7.613044,2.6771688,3.9025226
-2.5349894,9.236725,0.6494699
5.1582108,-0.7747898,4.1298113
3.962902,-4.8014426,1.482244
8.272921,-7.2530484,7.718052
-2.0471692,8.2622795,0.95635325
4.710455,-8.836203,2.091686
-9.4104,4.8799143,8.089565
3.869398,8.751751,1.3545258
4.594637,5.3414783,2.1426291
6.4508705,-0.07716179,4.6809382
-5.734422,-1.298624,4.475448
-2.6697836,6.336134,2.6463323
2.4192982,-5.317347,0.860536
-7.106147,3.5351315,4.137753
-7.9548097,-3.0907655,4.8096695
-9.620428,5.268708,9.373972
0.5582285,-2.2139368,-1.5129883
6.209879,-6.6736403,5.347117
2.5685987,-3.818574,0.25456947
0.60964966,5.880867,0.5280607
3.4842587,3.649373,0.48861837
-6.2840414,-7.060479,5.0382605
1.0542593,-6.5025606,0.54569733
-2.4842358,-2.0522556,-0.77239126
-4.9514365,-0.9554186,2.0291069
8.623732,-2.8115854,7.265624
-7.7365265,6.7233925,5.9061017
1.4654827,0.6941719,1.8340378
-8.787126,-2.6716638,5.833427
-0.33926773,-0.57377815,1.0448037
-4.4436207,4.579049,0.8442799
3.2914743,-7.012973,2.716187
-5.61538,-9.826321,1.252853
6.4003963,-8.033363,3.0048215
-8.11467,4.3966656,7.17437
6.006357,1.0857449,4.309827
-7.5117946,-8.944258,3.8189387
5.355854,8.173283,2.3487105
-4.210664,5.3562183,2.9061837
-0.023296356,-9.330583,-0.7798518
-1.8250351,6.144411,2.299752
6.490301,-0.38815403,4.555059
3.277275,0.8402157,2.1196697
-8.812044,8.210598,7.511481
0.919405,7.733639,0.94059527
-6.8986235,2.1845102,3.5877237
7.4756145,-4.778818,6.5744705
1.6429977,7.5204964,0.38861483
-2.5718079,8.313211,-0.35566154
-5.101694,-1.4762201,3.6455278
3.4612894,-7.968998,0.44573015
-5.9889708,9.368641,3.0144284
4.7426224,-4.322878,0.87282395
5.456753,-5.97414,3.0043135
6.138035,-9.441563,1.7815711
2.612379,4.038621,-0.8440222
-8.753689,3.8409538,6.09285
7.1931705,-4.304383,5.2157445
-3.1022348,-9.690742,-0.97882324
-2.956358,7.0006866,0.6653529
-1.0743895,0.6086931,0.32748243
7.311348,8.877663,5.3667097
7.689266,-0.93494034,5.719416
1.5441208,9.02417,0.29712164
4.7715187,-2.5379333,1.894351
-9.319969,-4.64167,7.9545813
0.023622513,5.8453884,1.043388
-8.846836,2.4954472,7.1138
3.4034958,8.979095,-0.49891096
-7.1244946,0.751564,6.6072893
-3.5640469,-7.6538506,2.308154
6.9903126,-7.085437,6.252913
9.556959,-2.2455096,8.002559
-6.003804,-1.4987202,4.0905004
-5.550109,-5.485387,2.9529607
1.2384605,8.482508,-1.3167553
3.9310532,-5.4583397,1.7149003
-1.6287231,0.9488001,-0.15174323
-3.1229029,5.714837,2.6609561
-6.5684366,2.0566463,3.0383985
4.268757,0.51130104,3.5129392
9.797619,3.898096,9.345317
-4.840791,-5.1866317,2.7746532
4.7166367,-9.903236,0.9347581
4.8839464,2.9485788,2.3693383
8.03797,-7.397127,6.67173
-1.1385384,-8.5824375,-0.8758466
0.3149786,-7.3184156,-0.22201884
7.3469887,8.094265,5.3798213
6.3211403,-6.71057,5.90571
9.877071,7.7879314,10.820549
-2.8657007,6.645897,1.5618122
3.9568663,1.7312069,1.943033
6.9827614,-5.8707166,5.9445405
-6.7881594,-9.066284,2.711074
1.9865885,-7.7386007,0.18143591
-2.2375274,6.455038,0.5324237
6.4282436,-6.5990915,6.082706
-4.491272,-1.301239,1.8584526
0.7013855,1.6219292,0.90571123
5.9831066,-1.2120609,3.1066942
-9.161169,2.238616,6.7772946
-8.443622,-7.900485,6.4122047
-5.1218405,8.211262,3.2113392
6.414171,-7.2138643,3.9582396
6.7052784,-5.8445287,4.4046545
-6.8297005,-8.330465,4.5448833
1.9068727,6.5089893,1.1842895
-5.298809,-4.951439,3.9375265
-4.641527,-3.408258,1.0783951
8.624174,5.249295,8.909548
4.8300915,-1.037653,3.7966852
-2.734829,8.251457,0.90481913
1.4720154,3.0570774,-1.7572916
1.9375696,-0.8489809,0.03891486
2.34241,-6.7129254,1.4742229
-3.4227872,-9.536583,1.1188564
-5.8888555,2.767974,3.0950656
6.620638,0.7664099,4.1684055
1.3437262,9.107069,-1.0924562
4.1854963,-9.19303,0.076514244
-3.7872972,2.0088243,0.040305108
4.8436947,3.7232695,0.78274894
7.2776566,5.5160084,6.65829
6.0817356,4.85579,2.8904006
2.718958,-0.70930004,0.56140786
9.838829,-9.521885,9.219186
-0.02186966,-1.9857492,-0.359685
2.128971,9.878086,0.37400723
9.501299,-7.5018063,8.542062
9.718969,-6.676085,9.483578
-4.2222013,9.099442,0.17534816
9.008034,-0.6501446,9.324297
3.6906004,-3.346367,0.59753156
-1.1193762,1.1396523,-0.41356325
8.731461,4.1977196,6.265722
-5.180292,0.88603973,4.3085403
6.497486,8.048985,4.923177
9.909441,-0.14158154,9.823742
-6.8970213,-4.2068663,3.597959
-5.900929,-4.6727133,4.0874014
-9.909142,-0.7705345,11.51284
-1.7996235,-1.9534006,-0.41462237
-9.082036,6.7616444,10.125047
-3.3492193,4.662719,0.980709
3.0359516,7.703293,0.08711389
7.068777,7.835579,4.098078
5.5703526,8.539612,2.0394812
5.550809,-9.499913,1.4591728
4.148638,-2.2657013,1.0556061
-6.202333,-0.9561348,4.077937
-7.939949,7.161146,6.637497
0.41453743,-0.08315945,0.9792625
9.495829,3.790722,7.229201
0.5630579,-0.9294071,0.13026267
-0.86009884,-9.811348,-0.018379271
-6.787374,0.798398,6.0652494
-4.9583826,-0.21403694,4.3087163
-7.7086363,-6.17175,6.499443
8.006683,9.740246,5.985081
-1.6292963,-8.021678,0.58088577
-8.834086,-8.474243,6.7121377
1.0727463,-7.180891,-0.25018114
0.7256813,-9.080726,-1.1904838
-1.235486,-2.0154247,0.32895058
3.5796394,-5.343236,1.5974493
5.3777924,8.2003975,2.670004
-9.404101,5.3536873,9.360902
-7.6609173,4.751507,6.8711514
-0.48039913,8.59119,0.18446237
-9.271378,-8.257836,9.120991
-9.083597,-6.008219,8.293184
8.829105,8.430115,6.426857
-0.76059437,7.282892,1.2755316
-4.943904,1.5811024,1.4346032
-3.4301686,5.5917416,1.6218858
-7.807225,2.5604544,4.350601
7.8036575,-0.75694275,7.184094
-2.1683884,-3.3476124,0.31945384
-5.62238,3.5071964,1.4633726
-7.5841284,-8.1202545,4.5407925
5.8449,9.855066,3.3764567
-1.3823137,-8.821352,-0.99625707
-1.0505724,-7.5712323,1.3843566
-2.6063323,7.325342,0.94331235
-4.8272285,-5.795357,3.5079596
1.778903,-4.8863516,-0.17914408
7.6937046,-2.3719206,5.766391
-5.795802,-8.7297535,2.9155555
0.47912693,-0.47529697,0.6863488
-7.605133,-1.429801,4.9317355
-4.688971,-2.004118,1.8062806
8.7776985,-0.047139168,8.301621
0.10485077,-6.7169333,0.26101434
9.63319,-1.7337914,9.955764
-1.7520418,-1.1911087,1.5473577
-5.450442,-9.890738,1.5963233
-5.974883,-7.421782,4.3429213
8.863146,7.6990356,7.240808
-7.6898694,-9.579009,3.9390419
5.247944,-1.9837666,3.1865387
2.4858227,-5.882859,0.6549273
2.9510727,9.93191,-0.8633522
5.6424,7.3596783,3.0249915
-2.616229,4.923316,0.5848217
6.1876354,-5.111045,4.009033
-7.967225,-8.822287,6.446087
-3.5184135,-1.5664997,0.5449432
7.3204136,6.115877,7.0541472
2.9677973,1.1706524,0.94376874
-1.3317251,-5.4687777,1.7049699
-2.3353062,-8.9714155,0.50886434
-6.1061454,8.446571,2.2036736
6.0809174,2.005392,2.9134684
-0.31800175,6.8295174,0.039779186
-0.33833885,-8.731175,-0.57110035
2.364935,1.3191977,0.83001876
7.3794823,9.33897,4.252377
-5.1018333,-9.71998,1.0206332
-3.4439745,-9.4503,1.0911179
6.77631,-9.195308,4.116316
5.647725,-4.9162602,2.9051452
-4.9193645,-1.015234,1.986912
-9.892601,4.899124,10.945764
1.855114,-3.4699116,-0.7557303
5.2589407,7.9151955,1.99776
2.3885717,8.179705,0.8857243
7.0931435,6.7268486,5.377586
-7.934741,-8.085794,7.0366573
5.04286,3.9142952,2.6038916
-6.216793,5.6804695,5.3752384
5.628067,7.325367,3.2944832
7.4371433,-9.037933,5.5517483
3.167161,-2.0909572,0.17332649
8.090746,-5.073744,7.107694
-6.5915155,-3.7627435,3.2070262
-8.943758,2.912631,6.2313204
-9.615051,-0.5582228,9.300042
6.2783146,4.3426647,4.427047
3.5030994,-7.431245,0.8543196
-7.322668,-3.1112194,3.6513557
4.842808,4.283601,2.8773828
9.124123,-3.6898375,6.693827
-9.860836,1.2318945,10.462781
7.2542114,-6.680051,7.156873
1.5337286,8.6314945,0.1562751
0.93020916,-0.020724297,1.0670375
8.997932,3.6756535,8.231788
9.0559025,0.53881264,8.073175
4.2135124,0.97698593,1.5072181
7.901348,9.487469,4.8241987
4.160244,-4.2071652,2.22176
1.6294155,8.744881,0.48161048
-8.790111,-4.144081,6.2326527
1.8678274,-0.31246662,0.7493963
-7.114463,-6.331899,6.9355307
3.078662,2.5567427,1.1138704
1.7643394,-9.823011,0.38817102
0.22465706,2.7864246,-0.34664118
-6.837267,-5.028311,5.1621995
-6.0619726,8.804129,2.8245716
7.3913765,9.744312,4.7445183
4.8701906,6.330538,2.8185542
5.272398,-9.384411,2.4889667
-2.9797688,4.4991484,-0.0684032
-1.7219629,-7.5075426,0.98959416
-2.5627766,0.6200218,0.47081345
6.876934,-6.077653,6.52444
-4.3168783,6.3154964,2.015603
6.298649,-1.1595926,3.5145464
6.8949375,3.2235546,3.5244727
-9.14556,3.1552134,7.9137983
0.061065674,6.5474205,1.3549204
-1.9045353,6.31007,1.8838742
-5.5282235,-0.35545254,4.916909
4.317175,-7.116503,3.1748722
-1.2149506,3.671301,0.25308663
8.755081,-3.7477279,5.8585725
-6.25904,-1.358367,4.9256306
4.6463146,0.63449,3.1565442
-8.537927,8.937412,5.6173167
-5.0122166,7.491686,3.0152593
0.68212986,-1.4202967,-0.62775964
7.9009323,-4.773773,6.285673
5.267192,9.154966,0.9206324
-8.210855,5.408659,6.9686522
1.1076546,-8.653203,-0.43482333
-5.8948984,-0.31394958,5.387186
0.43329716,-7.381072,0.5308278
-8.330732,-2.5594306,6.7252064
-2.933735,-8.604139,0.2882297
6.8586655,-8.341264,3.621783
-9.175362,-6.997203,10.154375
-9.534226,-2.1272182,9.552356
1.8214426,3.567854,-0.36495996
1.3708439,-8.975117,-0.45280403
-1.8288555,-3.7925482,0.14640892
8.7321205,1.9882107,6.222999
-6.0208893,2.6914215,3.2013412
-6.070802,-0.17407894,5.5411367
-7.474761,-7.7682185,6.671412
-1.8612251,-0.5769625,2.0635853
-2.5520492,3.2279892,-1.272146
6.1874695,-8.910898,3.9451718
-0.56149006,-6.4123654,0.58024466
3.1935358,1.8005362,0.28393
-4.1555667,0.0201931,2.6428542
8.111923,7.4515953,6.285558
8.430187,3.0292072,6.506252
-8.955689,5.3655005,9.42844
-2.5699959,-7.576885,1.5175332
-8.484974,-2.262423,6.901807
4.248268,-1.3911514,2.3480566
-8.736832,-2.4259481,7.5931497
-4.728118,-1.6766443,3.1271677
9.991724,4.845871,9.154409
-9.549192,-6.078031,11.0946045
7.378046,-3.261629,5.3271313
0.8447914,-3.8034368,-0.6460359
7.9963474,1.5108624,5.9878545
-5.074893,1.5685282,1.5833489
6.568285,-1.3339338,3.9333122
1.2065372,5.178581,0.5600345
0.76912403,-7.7896633,0.4112668
6.825321,7.2292595,4.4456773
-9.505272,2.6796303,7.80836
-8.054513,7.0044746,7.3691335
9.657635,-9.550314,9.238099
-6.0049653,7.286476,4.3688016
-7.2080765,5.5716057,5.3240633
-0.4889469,6.4124336,1.0093131
-3.2010245,5.28393,2.4997897
-1.3681183,-4.6907496,0.29944882
-6.6998553,-2.4646187,2.9887636
3.6081886,0.27946568,3.1090665
-8.604816,2.4154177,5.7220416
0.8099289,-9.565546,-1.9188368
5.835395,-1.9425583,3.9846737
1.92136,-9.4648285,-0.013595879
1.3286982,-6.8315544,0.6891797
1.4626408,-3.7510147,0.10907477
-2.9295053,-3.1180906,0.14473003
-1.9049826,2.2437878,0.64516425
-4.2169333,7.077898,3.4787405
-6.7552853,-3.2715664,3.4628239
-5.2945614,-1.7089481,3.03333
9.885605,3.466198,9.112661
-1.6735649,2.4772148,0.33650726
3.5029602,9.825888,0.44383502
6.9155407,1.7543039,4.179115
-0.7811785,0.98141575,-0.076864004
-5.379741,-7.6848125,2.5816963
-6.7753897,3.589508,4.415196
-3.6840334,3.2064457,1.043667
3.5693645,3.5046396,0.28221393
-8.421585,-0.3505249,8.219985
-1.2209682,-1.2840605,1.4318948
3.8038654,2.0062494,2.0004714
8.158552,-0.626153,8.389053
3.009305,-2.00027,0.749915
1.9776669,-9.020172,0.31904173
6.845907,5.118308,4.6180058
4.620878,-5.663657,2.0878472
3.3831367,2.962451,-0.40209484
-3.1004658,4.1760483,0.07814503
-8.018989,4.7158794,6.316708
-2.1600208,-1.094594,1.6262958
-1.8136387,-0.26851082,1.7610562
0.73437214,6.739067,-0.020338535
-1.099802,-5.690936,0.9263637
4.042885,-7.0196247,2.4803624
6.6455,6.488497,4.6354733
-4.054203,9.582052,-0.2561404
-9.488606,7.5621395,8.809495
-5.130596,6.182892,3.3260343
-4.7847643,-5.31196,3.1336298
5.6684017,6.027422,4.5622826
-6.450436,-5.166025,5.5430007
-0.94057083,4.479143,0.73518264
-2.119391,9.075584,-0.8661697
-6.0693226,-2.9888916,2.044222
4.5328484,-7.3818374,1.6197317
-4.165555,-7.103572,1.4494126
-0.5173216,-3.3398294,0.034052372
-7.030847,0.7408352,6.560532
-1.0085974,9.155134,-1.0519142
1.4208584,1.8256178,0.47049218
-0.40692806,-5.116091,1.2815988
-3.736477,-0.99022865,1.4148171
2.9708366,-2.8291488,-0.92102206
-2.5909758,2.472269,-0.23502433
-5.543989,4.0311565,2.7938013
-7.3743258,-5.825695,5.4822216
-2.1182957,3.240056,-1.0946395
-9.446784,4.846154,8.083302
8.3001995,-0.61551476,8.628223
-4.777278,-6.894715,4.099821
-4.144182,6.378418,1.7491788
0.9243908,-9.5255375,-1.4900731
2.5923328,4.910486,1.0313426
-0.9429245,1.5782795,-0.9151632
6.8602295,-2.7510047,3.7586231
-5.8294964,-3.808752,2.4023464
3.583808,2.2104502,1.6851496
-0.022553444,-5.768486,1.0002242
-8.13471,-0.4279728,7.1938224
-3.8729486,7.456135,2.454436
2.5448713,-0.6207762,0.4611047
1.9104185,-6.6661367,1.1245948
7.2713547,7.7950916,5.477941
6.68993,6.229439,4.7335773
-5.454228,8.249748,1.7405457
-4.270295,-3.0832396,1.3898635
-2.1204138,-9.792575,0.45792097
-7.1642056,-3.3591232,3.2802534
-2.6998987,6.787714,2.1041899
-8.183128,2.878436,6.7307587
3.803421,8.1024,0.6368396
7.075594,4.6568146,5.950173
0.79176426,-9.92148,-1.8164687
-7.1588063,-9.894166,5.222571
-7.57308,-1.181817,6.571544
-3.8929915,-6.787137,3.3519232
2.908534,-6.493485,1.7869674
0.24392033,1.041975,0.7618971
1.8182192,-1.9031754,0.31772396
9.424812,7.829893,7.9073114
4.6444206,-5.5090723,2.4338048
2.1502256,4.5895348,-0.08953407
-2.023219,-4.999133,0.055971712
4.7304897,-5.130788,3.4029381
3.6584053,8.80224,1.2336913
-9.001022,1.2148037,9.448495
-5.9070897,9.981241,1.9732435
0.33565712,-8.314239,-0.7766167
3.794423,-3.6163511,-0.36467403
4.8650284,-8.488209,2.213462
-5.9527864,7.967985,3.7327948
-9.921143,4.856778,10.859589
-0.520916,0.46578884,0.6803398
-1.1431732,9.446634,0.11169189
2.9018002,-6.935432,0.67999756
-2.750064,-7.315713,2.2237754
7.6452274,9.239485,5.860922
0.66724205,-2.6153398,-1.8050277
7.3024693,6.495098,6.0086403
-6.9631433,4.7997856,4.028899
4.0003595,2.7133923,-0.29949856
1.1915607,-6.2801313,0.20994782
-5.001483,-3.3054104,0.78100896
4.9574776,8.690432,0.93226266
-9.840194,3.94063,8.104792
8.084671,-2.6717272,5.2633433
0.8058815,3.231534,-0.41914433
0.9655266,-2.4841871,-1.3748889
4.6244564,-0.7747841,3.2803035
0.8301239,1.7433367,0.889595
4.286516,6.9699173,1.6112415
6.3621407,9.566044,2.1367946
-7.8045845,9.105331,4.2121544
6.6156044,-2.113719,2.8717606
-1.4973879,0.80573463,-0.017575204
-2.325491,-9.619991,-0.8111861
2.0128155,-0.98569965,0.041596174
7.821518,0.5801029,5.969312
-5.4361525,-6.3952646,3.7422867
-6.739311,8.953201,4.25469
6.206072,-4.2188063,2.5105877
-4.696679,-9.2705965,0.7906434
3.2195005,-4.595158,0.12769562
-1.4732609,-1.7398214,0.5954979
2.7525291,-8.321823,1.0991901
7.631151,6.363619,5.829039
-5.06799,1.4360619,1.8641502
-4.852636,-5.8791733,3.0219047
4.906207,0.88030815,2.1203952
0.54752445,-8.642859,0.32021958
-1.1005821,3.1547737,-0.5542738
-8.783882,-0.33292007,8.8763075
8.472584,-0.78850746,7.4962482
-0.37870884,0.8141823,0.39732984
-1.8418741,-4.5703697,1.042797
-4.1048994,6.68235,1.8591268
-1.973382,-7.272476,1.9158516
4.860343,-0.15064716,2.6824627
-0.2298336,8.255333,-1.3325329
8.552086,2.1071205,6.065392
-0.5773468,-7.1999907,-0.20794672
-1.434578,9.931244,-1.6626215
5.644516,-5.9285283,3.2354224
-0.25875568,-4.2511854,0.45288488
-1.9959297,6.1408386,1.693021
3.342266,-6.0126295,1.1329007
7.8863106,0.39995956,7.127854
2.4954948,3.689495,-0.014922321
6.9631805,5.5392227,6.349671
6.480383,-6.1831284,4.4972043
2.8279781,9.54068,0.7682539
3.4768858,7.4407654,2.2832031
3.226842,-3.977641,0.10522908
1.0372677,0.059900284,1.1678916
8.507364,-3.504753,7.3023276
9.231405,-5.153924,9.38784
3.559886,8.67149,0.018210351
-0.49938583,7.4339924,0.9730265
8.96594,2.595234,6.227073
-7.7832055,8.995993,4.3634024
7.3478394,-9.713486,3.667497
5.298256,0.7376919,2.853277
6.42136,-4.949987,3.997399
-0.7683563,5.4194536,1.5620449
-7.4609795,0.7917452,6.6364202
7.1333885,-7.8582373,5.55737
-4.372556,0.31320953,1.8834608
2.6311255,4.0977764,-0.86158943
5.665451,-3.0765495,3.2004273
-9.345256,-0.9462633,9.867549
0.66363907,-7.1127977,1.7191719
-3.5522642,8.618572,1.2873073
7.0975533,-9.680381,4.46681
-6.367015,-5.918567,4.972642
6.071697,-7.889602,4.35378
6.2356987,-4.4465456,3.1055295
5.517149,-5.4404154,4.694799
9.600122,3.1548262,7.312249
1.5145111,8.644711,0.02070713
-9.063811,0.43483353,9.839324
7.138649,2.2892742,3.8451273
0.9154682,7.5535393,0.97038144
0.19845009,-9.984647,-1.7602451
-9.525892,0.66529083,9.806724
-2.2475624,4.503497,0.9397845
-4.8536777,1.8258305,1.5699965
9.794109,-4.163827,9.011304
7.120289,-3.3471498,5.0544806
7.4598827,-5.23265,5.089566
6.848366,9.895016,2.8227506
-6.198739,-4.4183216,4.3273335
-4.294696,-1.715353,2.5840993
-3.9135027,0.19010544,1.8363143
-4.0088224,-7.5073004,0.97800696
7.784321,-6.548251,6.3741703
3.3976688,-6.7481494,2.8539362
8.01354,2.0241966,5.4928484
-0.4677887,-6.065694,1.2977874
-8.914271,-7.878704,8.820871
-2.9012322,-5.6917963,0.9508709
7.0279465,-3.4487438,4.7663097
6.0880547,-2.7159061,3.5313337
3.0957146,-6.245166,1.4925696
-2.9332771,2.8580017,-0.9627912
-9.333711,-1.2568436,8.2791
-5.373267,-7.2269917,4.379787
5.2138042,4.659501,1.9215268
-4.0335774,2.3066807,0.8354213
4.783386,1.596178,3.238848
2.7304115,9.849152,0.8164671
-3.8408732,-1.7128801,1.6251013
6.090782,6.3072643,5.3666444
-3.2133255,-5.063169,0.8435963
-0.33222675,-4.89019,1.1864533
-3.8091302,2.4291286,0.5231291
-9.485716,-5.219605,8.799216
1.6123819,4.312706,0.4922634
2.8896923,-9.424374,-1.0277739
-5.034814,-3.6660767,1.2877381
6.134468,9.972042,1.913078
-8.970555,-0.5063572,7.9360332
-9.639767,5.433097,9.09344
-6.17649,9.016382,3.654381
-3.456049,-2.8577638,-0.20214272
-1.1105814,-2.3309922,-0.04062134
-1.932478,-1.4352655,0.8682889
4.5638847,-4.98166,3.026591
-8.776254,-0.30137062,9.133709
1.472475,4.7654877,0.93964523
0.17317677,8.630974,0.298966
2.641302,6.91794,0.95719635
9.9408,9.848259,8.481938
6.154484,-5.0503006,4.4470468
-5.5370464,-6.893618,4.3392196
-8.194525,-9.8600855,5.0358305
-2.4210095,5.888098,0.51604253
-5.0162697,4.433545,2.4872055
3.4930515,-2.3934245,-0.38730443
0.09166908,8.267782,0.28614604
8.043236,-7.1975374,6.1055417
3.9280615,-1.6179171,1.4238336
-1.8387032,-0.26157475,1.7666959
0.34369946,4.0213203,0.35670638
2.3948593,8.339706,1.0080317
-1.2408724,-5.6857595,1.6784163
8.069345,9.974865,4.7302966
-7.819003,9.524839,5.9163866
4.8740587,2.6604376,1.8793004
-6.3744392,-6.581441,4.1224833
-8.760815,3.2971468,7.2612424
-2.052966,2.083869,0.83778507
4.873049,-3.6258721,2.4144478
7.0656185,9.627062,3.1242673
2.5094242,-8.032425,-0.51323736
-0.86429024,-3.5522175,-0.77078676
-0.5605936,-3.750999,0.073238075
-4.053813,-2.7755365,-0.2578342
-0.89737415,7.4116364,0.14900085
-0.69093895,-0.49764538,1.2635559
8.509626,1.3914261,6.7560096
5.852442,-8.91859,1.614347
-8.002239,-6.763873,6.6315875
0.041366577,6.2814636,1.2570982
-6.1506987,-3.0564785,2.7366729
-1.587409,3.5772648,-0.086164236
-7.947681,-7.70725,5.462789
2.5996113,-5.6783304,0.6870011
-7.21078,4.8117914,5.437575
9.87221,7.0421066,10.866669
7.552025,0.6215534,5.5164523
-6.883589,-9.055356,3.3277297
-9.414639,-6.291403,10.306537
0.39017677,-3.6383605,-1.8524959
-2.7915168,4.6544228,0.30761015
2.935667,-8.132262,1.5389347
-6.769141,-6.4223156,5.08539
4.0934124,-9.937933,0.64444566
-8.637494,-7.0541644,7.2320614
-5.2777004,7.2386913,2.8792102
-5.2570176,-3.730762,2.6234052
4.838914,-2.3586679,2.5466323
-0.2618122,0.30813217,0.879171
-9.610286,-1.9781694,9.000079
-5.7112,-3.4265447,2.9615862
-4.627769,-0.20251846,3.9270964
-9.278296,-5.0134697,9.475993
1.280469,6.343487,2.126271
3.5633793,-0.4023533,1.1992872
-1.8347759,4.4731274,-0.838614
-3.9794483,1.2054615,2.9372795
-0.060645103,7.5346737,-0.12692773
-7.942817,4.864399,5.6539307
-6.089015,-5.0273466,3.2970157
-0.22806263,-2.3502684,-0.1869945
8.883774,2.3076801,8.216918
-3.0750837,-3.6077547,-0.94283146
4.9565945,-6.931628,3.054894
-3.935504,8.383305,0.04388696
-2.6619778,6.7161865,2.4418957
-9.519444,-4.995905,8.920895
8.284851,2.3085032,6.4638395
9.737276,7.2510757,11.045286
-0.21003246,-6.0592484,1.9353216
6.3536987,-1.6476593,4.8245597
8.179417,-8.246609,7.303458
4.9671755,-9.150137,0.5100355
5.150193,7.947752,2.4671924
-9.519906,3.4999523,7.1811566
-9.396707,-6.4993024,8.824359
-7.6754036,-0.74211884,6.0742517
3.1278563,-4.6513834,0.0009354912
-8.649767,-1.8226795,7.1748614
-7.6334467,-2.1620822,4.554836
-4.8470283,3.1676044,1.0025895
-9.216853,1.7303362,8.57416
0.013474464,-6.7801657,0.78781235
1.4426813,5.0099106,1.3114998
-5.852004,0.7368555,5.086122
6.547653,-5.2228975,4.423714
-3.7964487,-5.8091617,2.2680473
-2.8152704,-0.22067547,2.3503857
7.6187515,3.4805498,5.8441706
8.585516,-9.235317,7.070749
-1.1472044,-2.3254433,-0.09712249
-7.178781,-7.225894,6.74041
-5.0166903,-9.350723,1.7320311
1.2733927,5.359026,1.279617
5.861925,-3.4354296,1.51861
4.978447,-9.531286,1.8054719
-4.4158244,-2.8797817,1.1337035
-9.453667,-5.523107,10.591614
-8.75147,5.4057426,8.481204
-3.1815624,-1.5702076,0.052691355
0.12544155,-6.0609684,0.28784788
-4.491756,-4.0875874,0.96280956
-7.907052,-2.2121406,4.67642
1.0538769,7.653412,1.2879533
-7.9374075,0.909317,6.1102657
-7.679242,-7.913727,4.954861
-8.129459,-2.589198,6.566493
-2.7097344,9.215578,-0.08365369
8.832581,-8.544834,7.089608
3.909193,-3.7496495,-0.15993375
-1.1856899,8.710661,0.1703285
2.058113,-4.0331793,-1.106448
3.982091,7.6170464,0.93652105
0.05826187,-6.5488696,0.5928936
-8.065743,7.5695972,7.7649174
-6.161126,6.607916,4.6155376
-6.7935276,-1.8694506,4.4543614
-0.25392342,-9.276022,-0.27483952
-9.1540165,-3.382392,6.9703803
-1.8182106,2.5044956,0.51419836
-3.6567202,-3.3491669,0.04462552
9.813702,-7.980982,9.289068
8.128241,-8.83854,5.37075
5.8085365,4.761716,4.0007744
0.5608225,7.2084312,-0.15089357
-3.237728,-3.787675,-0.048458755
2.550705,0.38216114,2.4060493
-6.9092965,-6.121517,4.7675323
-4.2650404,5.773882,3.1776123
-2.008854,-6.5712585,1.9549791
-2.3495474,-5.6714544,2.0588744
-9.473022,-4.0716457,9.141436
3.9753103,-1.8364048,0.4672294
8.234821,1.2357922,6.427083
-5.5157337,-9.426992,3.0294814
2.6956635,-3.6571074,0.27671862
-1.1597433,-4.3400335,-1.1782507
-0.36472416,-2.0313349,0.24380699
0.58290005,-0.5692854,0.55048376
8.665825,0.46855927,7.6069617
1.3399048,5.1061335,1.0931382
-6.326771,-5.693071,3.8396764
-3.5971355,0.21818161,1.5635271
4.885273,9.0875225,1.8440344
3.1205454,1.2827492,0.49918067
0.19435692,-7.428539,-0.5754436
-1.3197699,6.844595,0.6391204
-3.890768,-8.874244,0.69145507
-3.5492716,4.064337,-0.30263937
-5.2748594,8.279062,2.6764176
1.6386175,1.2532959,1.4663627
2.8084202,5.3638477,1.9954886
7.6574497,7.9350414,4.9045615
-2.2591343,4.5661583,1.1422256
0.71588707,-3.004137,-1.775876
6.4628944,2.1743536,4.6057534
4.349907,8.088152,1.074882
1.2848768,2.3446665,-0.40518987
3.0727863,-7.9475236,1.5039178
0.5190649,8.701656,-1.7037196
-8.577918,9.691044,5.40089
0.3855114,5.803013,1.6878718
-2.185789,5.4363623,1.7717452
9.024118,5.6184464,9.352907
9.026278,-6.071514,10.109829
1.9839058,-3.001524,-0.27404732
8.93803,4.3220673,8.410961
-5.1501894,2.546896,1.3009056
8.691736,4.2494545,6.4162564
8.609852,-0.1892662,7.396823
-0.38220978,-9.636956,-1.4785991
-8.025094,4.7399673,6.134704
-3.226963,-6.289896,3.0337405
-2.6742735,-8.26372,0.20871973
0.1651802,9.889324,0.1067369
-9.066513,4.40827,7.1544094
1.8532553,4.969818,0.81084764
-4.1589165,-4.3813124,0.81703424
-2.5604115,3.6851015,-0.1897307
-5.1649227,0.8498812,4.27606
-2.1113396,6.821125,0.3393299
-9.287251,1.1697664,10.007016
-5.3016796,8.937803,2.1855373
0.9212494,-2.342185,-1.4449006
6.552759,9.228104,2.6103764
9.087479,9.90362,8.265173
-7.564555,1.1828022,5.6411057
4.199211,-7.3319125,2.8492794
-5.636958,0.0039157867,4.155451
-7.7315702,7.9598866,6.8326874
-0.4403534,-6.8322477,1.0050027
-5.7364664,-3.5738373,3.3794107
-8.612463,3.6160479,6.7973866
-9.345365,2.0319118,8.149688
-6.6934834,9.400419,3.3909907
8.217358,1.6471004,7.500271
5.57708,-0.076473236,3.6937747
-3.9584708,1.3142719,2.7029467
-6.693207,-2.0569143,4.9450994
-7.692418,-9.206091,5.9325438
-5.9052143,-3.5074544,3.511033
-4.114983,-9.065067,0.37110406
6.0058937,7.316841,4.0806413
3.272564,0.6050501,2.8108532
-3.8537216,1.1644096,2.8551865
6.8843136,-0.6940212,6.505915
-6.2123322,-5.130948,4.7090077
-8.146879,-7.0548606,8.153388
2.1825018,-1.5306244,0.71417964
-5.514009,3.0256224,2.8750427
2.8447838,-5.4723635,1.3583696
8.472359,-6.186796,7.337243
-4.729054,6.497032,3.8510106
-6.97812,-3.4720411,3.137451
3.764001,5.633789,2.9204414
-9.031471,9.573309,8.165496
8.921778,9.399065,7.7831197
-4.722562,-7.7316008,1.4254036
4.8345985,0.7417383,2.6447008
-7.9517174,-7.8410616,5.8723965
-6.768682,0.4127369,5.1566005
1.1015463,1.3906622,1.2997447
3.5540485,-4.328246,0.5688954
7.753952,2.968072,4.1736474
8.363359,-3.1349144,5.109982
-0.5751152,5.6341095,0.9282279
-1.2856722,0.0953331,1.0384941
1.653018,6.941227,0.17670518
-2.3229098,6.758995,1.4210856
0.34040833,2.2330284,0.085733116
-9.470483,1.8668756,9.597727
-8.209075,-4.5260277,6.0355196
6.852625,-6.603614,4.689908
-5.843567,6.7420654,3.3194318
7.874855,6.5991955,8.143193
1.0974369,1.5682011,1.1117724
2.4358482,8.390228,1.0822785
9.088776,5.221472,8.421179
-5.5619025,6.5323296,5.0418916
-1.578579,-1.918067,0.022385746
1.7716942,1.429451,1.0268476
3.416418,-8.990938,0.9033788
-9.732142,-9.137069,9.330987
3.5541859,4.7547474,0.37672094
-5.8972597,-6.0279393,3.608901
1.3135004,7.616192,-0.13918155
6.765497,-8.069031,5.2898955
-0.9961519,-8.278242,0.61157703
-0.31634808,-8.20862,0.18101308
-0.74715424,6.4177856,2.0433624
8.344826,-6.628356,8.84917
5.6832943,-8.575763,3.5682974
1.6816921,4.2242107,0.54537106
-6.018152,-2.0170555,2.7756941
-5.4303694,-9.524564,2.9473314
7.9655476,7.09223,6.9800415
7.194206,7.2477474,6.699131
5.7901,8.021372,3.8141994
-7.7971735,6.277342,8.04828
7.7879276,-7.7526784,6.80056
-0.95591927,-4.402193,-1.0894053
7.367571,-3.9298687,5.351253
8.685495,-9.725108,6.2403746
1.0961103,6.9882984,1.8629181
-4.161184,-4.0468082,0.20895642
9.4065075,3.432272,8.654366
-5.2112007,-5.085013,4.0588818
6.5341473,8.961155,4.2823434
-9.588901,7.046196,10.917238
-3.1451283,6.901726,1.5233879
-8.718547,4.8945065,8.748426
-4.485762,8.3706455,1.6680447
4.246191,3.269495,1.7790302
-7.1652803,1.7088432,5.313008
-8.648041,-2.2548208,7.4523115
7.1503525,8.125994,5.8439603
5.3382053,-9.649097,0.9278206
-0.10935211,7.1420364,-0.049484193
-7.049608,-0.9461708,5.931855
-2.6493645,-0.66200733,2.4739566
-3.2378054,-6.574166,2.6545477
6.1759033,-4.3721237,2.5245967
-3.2708654,1.8863306,0.8725412
-2.880156,-4.0748873,-0.5036314
-7.088592,3.560049,4.008285
-4.709877,1.4087591,2.034944
5.414487,-8.512564,1.4609714
6.442856,5.4654493,4.2252936
1.4528732,-4.4029403,-0.2069332
-3.7519813,-3.6130323,1.3526597
9.604908,-3.6803722,9.078932
1.9737997,3.951167,0.6982604
-3.8599644,-9.860635,0.93811816
-3.465972,-7.2067537,1.6505511
-1.3995085,4.0243816,0.16686851
4.7409763,-3.029953,0.2797383
3.6576757,-1.8974915,0.40602383
7.249605,-8.984858,3.608407
-0.45056915,1.0141277,0.107462645
8.270927,4.7062893,7.775958
-4.061873,-3.6095738,1.622993
-4.6055317,0.7643013,3.2124124
-3.692974,0.28360176,1.457766
-9.38208,-2.1175203,9.133085
-6.5644,8.065826,3.655135
-9.048748,2.5751963,8.310625
-0.5909767,1.9007215,-1.1905725
0.09427452,-0.31105232,0.92358065
-2.5954208,-0.20957565,2.169249
-6.8338356,5.369856,6.12401
9.0728855,0.57512474,8.1959915
-3.3134022,2.2628765,-0.47751874
4.7655287,8.115572,2.8406045
6.964102,7.0705643,4.700678
-6.5735683,-3.6698985,2.6115313
-1.2502308,-8.188498,-0.8981736
5.7796726,2.6339111,2.9326358
9.69359,-6.8299484,10.481944
-1.261611,-9.945394,-0.72749895
7.246231,6.8669243,5.6003695
-7.8486624,-8.288172,6.5365167
-6.4973936,9.870335,2.355792
8.223351,-9.212622,5.4321313
-0.9467964,-8.142393,0.7947484
9.879225,5.7493258,10.868369
0.7271719,0.77160835,1.301779
-4.147091,-4.358577,0.6742574
9.497154,3.7957115,7.229197
8.744835,-6.4972887,8.358564
0.9280596,-5.511779,1.7229998
-6.0620537,-9.630495,3.6620378
-0.4329691,-5.1223125,1.2151772
-4.809169,-8.589167,1.192728
7.286812,8.568851,4.271981
0.46323586,-4.347236,-1.2391034
2.105215,1.6966715,-0.099462315
6.0646496,-4.4946537,2.612058
3.3124151,-2.2909975,-0.52735436
-6.242664,7.3051376,3.4200578
8.307243,2.0351753,5.521582
6.143446,4.828187,2.9065075
-6.1733627,3.2674503,1.8498396
7.5610294,-8.150198,6.3599095
2.8370342,6.005556,0.79543483
-1.9684887,8.102222,0.38063428
-7.1516333,2.9885483,3.546748
-1.6592293,7.9659386,-0.4423598
-9.804434,-4.7647467,10.062026
5.707609,-6.5426884,4.572728
7.2425346,-8.032009,4.0697274
-2.8789806,-1.5811834,-0.16873059
9.270496,-0.9889555,8.889912
-3.7029133,-5.6839123,3.0068798
1.7124844,-3.4198818,-0.25440544
-6.9689407,-3.2204056,3.4232516
-0.42278385,9.644297,-0.15301836
4.0422993,-0.7141056,2.137487
4.3073454,8.10697,1.2508806
-0.33532524,0.96328545,0.26464376
-5.0426235,3.5633554,2.4017458
6.989855,5.7626104,6.2852826
6.620659,-9.204233,4.3558307
1.604805,-4.5074854,-0.7596098
-4.5987597,-7.599914,1.983554
2.1202555,9.714661,0.4756102
0.026740074,3.669712,-0.76571375
9.13603,-4.1912994,7.2902546
1.4819279,-7.5411606,1.5112199
0.77129364,5.537716,-0.109987736
0.6835947,2.3212137,0.36465847
5.3200912,-4.9197016,2.1735005
-0.123558044,-7.257457,1.3445797
8.571444,-5.218792,7.150152
5.209899,2.4351463,2.0738358
-7.5562706,-8.419486,5.8828683
-0.00011444092,-1.0552311,0.49314746
-8.488069,5.9354124,8.030411
-7.6780853,5.341302,6.6530104
1.9429312,1.0792637,1.7142284
2.2471867,1.062459,1.676306
-0.8751221,2.3365288,-1.506253
9.504625,3.905527,7.7648683
-5.372118,7.892744,3.8471546
-4.1908574,2.716301,1.7710567
-1.6014566,5.4973774,0.38146153
0.0606308,6.9707336,1.1833425
-0.84702396,-7.7572002,0.45178664
9.003889,-5.337425,9.495953
-4.2234635,5.4903994,3.4167047
-5.23075,2.0035076,3.1866758
0.85949993,-5.772321,1.9153752
7.5108223,2.9550114,4.456585
2.3735561,-9.090961,-0.78300154
5.3873253,-3.7207913,1.135006
1.935853,5.0426254,0.36835855
8.522884,-0.26349163,7.4486804
6.006237,-6.7578497,4.2481203
7.1556873,4.9429855,4.6226325
-1.3469009,0.69491005,0.14434785
-8.278955,-1.4311104,6.3352585
-4.743643,-9.617101,2.2664084
3.406683,-3.6071692,0.5413121
7.0154667,1.1044769,6.3657126
-3.907044,-5.4342914,2.8756056
8.274191,1.6829319,7.7118783
1.4372625,-7.1038246,1.5953515
0.039720535,7.716423,0.439007
0.38984394,7.700239,0.3075824
-1.7667255,5.8900537,2.0670838
9.361885,-1.1879864,10.130063
0.43435,-9.96532,0.0886274
6.1250896,-3.9047694,3.9666343
-8.440138,-0.810133,8.33947
-5.15221,-9.216567,1.3221653
1.1243668,7.872965,0.64932233
7.984997,2.846488,4.746399
4.760874,7.5867634,1.530679
1.9045944,-8.946863,0.4464587
-9.879915,-5.1344323,10.616882
0.18799591,2.2537422,-0.21641576
-6.6010165,-0.15239716,6.190437
-8.538719,-5.8158326,7.6143827
1.3674345,7.3118362,0.1602369
-6.327053,4.1239014,2.6292086
9.076391,-0.4768505,10.053591
-5.435418,9.52997,0.9605855
3.222681,-9.752545,0.07838863
5.869628,-9.083242,2.41132
-7.772372,1.9943619,5.424398
5.1177998,9.075235,2.3074036
-1.3389606,5.6532097,0.027537167
5.1816273,-5.5029726,3.633411
9.677347,7.1743164,10.30185
-4.261655,5.195794,2.4319203
-4.3310394,0.5684576,2.090056
7.945492,6.3266983,7.3153853
1.1120043,1.9789934,0.5348143
-0.9973278,0.013133049,1.0862825
7.5866833,-2.7688541,3.991321
-4.8314404,-5.3128157,3.409815
-0.49376106,-6.303575,1.0533007
6.868759,-1.3145542,4.5862346
3.9081097,-6.8388224,1.3771689
-6.468148,4.2383575,2.9693696
2.599165,2.8238144,0.5962111
-7.6243677,-9.749994,3.992827
-5.430734,-7.3556733,4.2068105
6.4301186,7.1463547,5.7061973
-2.665123,-5.2424536,2.2022324
-5.0935707,-0.10313892,4.090644
0.7088232,-6.405096,2.0280128
2.4437037,-2.1870613,0.82594204
-6.2161684,4.931917,4.769532
-6.7436337,2.5417347,4.7127056
-9.684691,4.908306,9.974013
2.5838356,-0.58226204,0.50504035
-6.4522943,-7.9786577,4.976284
0.76208305,-0.1258564,0.95440155
-2.2365818,5.9285545,0.79890555
-6.5386,2.339077,3.1784527
-3.1909885,2.0681286,0.23021096
-7.6869,1.9690056,4.9794126
-5.293329,8.204876,2.981897
-0.31171227,5.044695,-0.66405845
-8.549151,-1.6355476,8.232163
-8.770333,-5.4253697,7.9034414
7.4906044,8.137268,4.378462
0.9409809,-5.2023783,1.5424724
-4.4225383,-6.6849365,1.9154121
-0.3324871,3.1237488,-1.8504839
7.4156513,-6.3857374,6.72241
-8.342656,-8.628722,6.527352
-5.3018355,-8.097687,1.7023747
-7.231405,2.465886,5.299977
-0.7270098,-6.2840405,0.06317967
-0.3441286,8.846287,-0.9226249
-7.7930584,-0.40131092,7.0078783
6.94084,-4.247097,5.302354
-7.679198,-6.1318836,6.9215183
9.336357,-2.9895124,7.373052
-6.8836904,8.7241,4.32989
-1.3704548,-6.383271,1.8091063
1.8698692,-9.25882,0.36280197
-4.4447746,2.9753475,0.37755358
9.196419,3.3909283,7.2588687
-6.894343,-8.472622,5.1304483
-0.5542841,-4.488728,0.41694045
-7.3426104,8.667835,3.9383202
2.7759066,-4.7268066,0.25820684
8.525871,4.195651,5.83796
9.27586,-4.8002553,8.174177
1.1871376,-8.8281,0.18381578
-5.0064526,-9.646649,0.6095942
9.718451,7.6279564,8.714934
0.74630356,3.065709,-0.18774551
6.76577,2.843895,4.003202
-5.194174,3.4418402,2.5687182
-4.640933,3.8538694,2.218433
-8.301333,6.6017895,8.82575
9.20126,7.6721115,9.642889
1.6588421,7.7113037,0.6409289
-7.1818933,3.2133617,5.0457106
0.8588886,1.7858963,0.85964274
-4.289051,2.146758,1.0794356
0.49956417,-8.099373,0.56817627
3.31923,4.458683,1.6393602
-4.962348,2.466095,2.0049534
1.7449942,4.3467436,0.9110016
-6.313816,-2.467579,3.3328776
1.9269571,8.305948,-0.35830513
-9.655363,1.2012777,10.507297
1.5935144,-2.3703299,0.13052791
9.935192,-0.28265953,10.503943
9.211126,-3.9914227,8.628149
3.647812,-1.469306,2.2296464
7.3582954,8.487526,4.4532638
9.722578,3.3170462,9.209042
2.8336926,-1.1176414,1.2662424
3.3351812,0.3776436,2.99382
1.3003407,2.2842827,-0.31497398
8.853298,-5.7710743,7.97352
8.590406,-5.4850492,8.072462
-4.702604,8.817648,1.9754188
-0.41109562,0.05449295,0.99301565
-5.038432,2.9762278,0.8985378
3.5883036,-4.601884,1.898138
-9.689918,-7.3505807,10.729212
3.538683,1.9837523,1.5227454
-2.744484,5.4011354,0.6151064
3.6265202,-9.418608,-0.074921906
3.1210623,-9.890219,0.6014073
-4.9761877,-3.3350825,0.71907276
5.1881065,6.4668446,4.519974
4.246501,-8.935282,0.6785663
-8.500408,7.9891663,8.024355
9.97752,9.04352,9.793978
8.6075325,-2.2442245,6.3344755
6.2218227,0.6387558,3.9342403
-1.0149994,-0.41300678,1.425972
3.5428772,9.742598,0.3459602
-5.4101553,1.1112642,3.6382725
-3.3979917,2.4434757,-0.51233184
4.7195864,-3.4216046,1.6928747
4.45168,-0.12213802,2.4569736
3.9598522,-5.3030787,1.2879965
-9.537377,0.5027571,10.969004
8.286791,-1.387619,7.9252243
-4.1768684,1.8638153,0.45816365
8.654161,1.9441509,6.225907
8.2395115,-8.181977,7.4585323
3.7065077,6.6808968,1.9342041
9.9629,5.5005884,9.65048
5.7422028,7.044197,4.403001
5.8648577,7.364538,3.199205
-3.395722,2.5802279,-0.30895382
9.274855,5.4665937,9.709664
2.6209488,4.929038,1.2470335
5.9083567,5.962345,3.8187416
-2.2610784,-6.0219707,2.3446372
7.2422085,4.7380114,5.51202
8.871021,-0.8012247,7.8311234
-7.6625133,3.8679829,6.1025558
8.198042,3.6758919,4.901916
-6.6088963,-7.4538136,3.9136987
-6.884733,-4.5491195,4.4811063
-8.356856,-7.119024,7.850578
2.889597,-2.6586366,-1.0359628
-7.508273,3.2275085,5.4242616
-3.7643385,2.3325424,0.12620074
-5.026858,7.9399548,1.6408323
2.6726532,-7.2198877,0.8747643
-9.817611,3.1293507,9.277611
-4.5844135,8.178783,1.9853334
0.0731554,-7.7037287,-0.38398355
0.8980217,-7.527268,-0.05706367
-4.516244,2.4066591,2.2897782
3.5826378,-4.058697,-0.24421543
-6.5975404,2.557355,4.4371285
-8.468897,-4.833273,7.2011533
-1.4216499,1.2882957,-0.4853406
-5.4064837,-8.476096,3.3032773
6.3033314,7.967472,3.8160982
-6.835188,-6.385437,5.3364415
-0.8395233,-9.176529,0.0898962
4.153537,-5.1791,1.7137448
-8.75739,0.21237946,7.688217
7.7411995,9.397373,4.522094
-4.5437517,2.090808,1.6429402
-2.7211628,-2.0908222,-0.3158764
-6.117138,-7.1974382,4.397729
-3.7263775,4.5644913,2.2050695
-3.855896,0.7292137,1.9086189
-8.898768,-2.8959346,7.5440264
3.417076,-2.8042803,0.3810025
-0.032034874,1.4662256,0.05752977
9.782307,5.8879356,11.35914
6.746763,-6.0137997,5.251954
8.699341,-2.4153414,5.9900923
2.9422665,4.716029,1.8353748
5.254592,-6.849537,4.595596
9.363848,-0.24711704,9.001459
8.210396,8.0989,6.0002065
-7.6839886,6.982723,6.9150624
-2.2422886,-8.023114,-0.42300478
-9.6446495,-4.693469,10.242323
0.3783083,1.6089096,0.5479795
-3.531897,6.3165455,2.5597692
8.679165,-4.0171623,7.1954765
1.5810528,-9.080564,-1.6673346
0.110058784,-0.37168312,0.8920331
-7.2335243,6.272419,5.2487373
-7.847309,-5.1422224,7.0436916
1.5742388,-9.209128,-1.6648412
-4.9688206,0.688673,3.5176518
-4.5925245,8.312422,1.208451
7.014345,-8.106475,4.362422
-5.2131867,2.151904,3.1440854
-4.4510484,6.333742,2.8974588
7.678076,0.30102158,7.5884705
3.9069881,-5.359391,1.2608008
-5.682075,-3.618281,3.3304348
3.0284834,-6.577402,0.9970013
5.041374,0.7268467,2.7895856
-8.882007,-4.351412,8.349323
1.8680725,0.33751297,1.8820982
2.2846994,-2.2010612,0.8829961
-0.38947105,-6.8480515,1.3167003
9.588011,9.683313,7.240098
-6.6097593,2.3558502,3.5260906
5.4211655,4.946185,4.1644707
-5.3121653,5.9212294,3.7185023
-8.561063,4.0287914,6.6308613
6.8151855,-2.3662195,4.336688
-4.7972226,-3.069048,2.1372685
0.47001076,-5.5137944,0.21769577
5.2590237,-8.896007,1.569214
-8.346591,-7.6355577,7.965969
-8.55989,-3.8083277,7.4670477
3.4046097,9.419561,0.7675197
8.719257,-9.542703,5.610591
-1.0581589,-6.2985477,1.4843309
7.0422173,-7.779033,6.0149693
3.5140057,-7.0066986,2.4735
2.8530273,8.177683,-0.47758663
-6.375719,-7.9098883,4.1740866
9.517185,-7.155489,10.550187
4.580406,-5.84962,2.0095417
1.5462351,2.6808796,-1.5001035
7.073042,-3.125925,4.1212864
-8.592273,-6.658558,8.928947
2.1548386,8.266529,-0.7972487
-4.7072864,1.533452,1.4484649
-1.0154762,-7.3002443,1.5334179
3.27633,-3.7336645,0.5711453
4.4289684,6.1570263,3.7978218
2.2940645,3.6304846,0.5329023
-7.7395296,-6.371006,6.1687727
-6.2583256,-5.0807657,4.648763
0.17460632,-3.9224396,-1.3398511
-1.7319126,3.8196812,-0.80491513
-8.370143,-8.019526,5.927917
9.851664,9.348118,7.8733582
1.2578316,0.97703075,1.659834
-7.105502,3.9729967,4.3307943
4.3858604,2.9487514,1.3004096
4.3449917,7.7842083,2.6283476
-4.905657,-3.2696676,1.0888934
5.0144424,-3.7785778,1.6128225
-6.2034345,-6.522745,5.188099
3.4648123,8.181145,0.80739975
9.49905,-0.80823517,8.72951
6.6013107,-0.15609264,4.4880595
4.9368896,8.811977,1.1587677
-2.0345125,-2.5212002,-1.3140246
1.877347,-3.35534,-0.6407513
3.4896574,-4.1751933,-0.2017414
2.4424686,5.744891,2.449595
-2.0259213,1.2121,0.12806305
1.3952723,-5.342497,-0.13725019
-4.050311,6.5710983,1.6032581
-5.652671,3.8986454,2.5149999
-9.228363,-2.2910318,8.607112
-8.153088,2.2967615,6.1069674
-6.277152,-9.063271,3.341082
9.558903,-7.105995,10.745619
2.001151,-3.668611,-1.3353533
-9.0462055,4.8160706,8.690189
-5.1116896,-2.182572,1.0515565
2.3357944,7.2964897,0.10229248
-2.993063,-9.327792,0.24875593
-2.8306031,7.2755833,0.3630036
-3.755149,-9.668797,-0.5442019
-2.442398,-3.4352245,0.49898607
1.1502724,9.171265,-1.7378519
0.59218216,-3.3420944,-1.862683
6.42482,-4.360621,3.5280015
6.399433,5.4023666,4.7172318
8.229916,-5.357603,7.2644205
-0.31811142,2.0726528,-1.0835254
-4.4651976,-3.5876074,0.7852231
0.03412342,3.918744,-0.57947475
-6.622143,-6.131661,5.607608
4.091216,-5.2333155,1.6230259
-1.2065039,-6.642933,2.0686598
-3.202765,-1.773695,0.25759256
-8.478118,9.929577,5.716279
4.8191643,5.7495384,3.7199595
5.5817547,-7.9351273,2.7298281
9.122269,5.105962,9.224284
-3.5427008,9.159706,-0.5694389
3.0131054,9.896379,-0.9826157
0.3769455,0.99604607,0.9245299
-6.3697014,2.6692915,4.128893
-6.2514877,7.257845,3.4858532
5.1208496,9.622795,0.8065966
-5.743234,0.34168816,3.316364
7.2818356,-1.768547,4.799182
3.4935942,8.116953,0.87765855
3.4150848,-2.686634,0.020893037
6.5857544,7.970022,5.016107
4.8941603,8.462065,1.2809942
4.312825,2.7866879,0.40149385
5.1884174,-8.051571,3.2997887
-4.2436686,7.807331,0.8580003
-5.3028145,4.776375,2.6816804
-1.8320141,2.4015913,0.5486849
5.5516825,2.1653385,2.0034854
6.998274,4.7056046,5.8892536
7.3641186,5.9039297,5.8681054
-3.1543674,-6.5577497,2.922587
-1.2688465,-7.917428,-0.48443636
-6.8682003,5.179571,6.0180264
6.165962,-4.162338,2.7718542
-6.6312695,-8.783653,4.5878572
-4.1148853,8.3542595,1.033841
8.257654,-7.7510905,5.9993005
2.430129,-3.4153175,-1.2745353
-4.1863155,-6.2814674,3.6707034
-6.733718,8.673933,2.8444695
-6.8767405,-1.2964363,5.487647
8.070257,-5.2274714,7.980426
-9.140043,8.349468,7.08524
8.641293,9.306957,5.522875
7.999653,5.3013287,5.954928
0.61962223,7.833029,-0.93071324
-0.80154896,-9.004677,-0.044495046
7.77722,-9.037504,4.201191
4.409767,5.4647026,1.7682383
9.455112,-2.245276,7.6251917
8.078123,4.2520533,6.2887516
-6.5575957,9.293179,4.2580414
6.171194,-2.2847319,2.1542587
5.043298,-5.3129387,2.1127367
-7.1001234,9.3697815,4.568064
4.802718,-4.7938833,3.2466087
-5.1941204,-5.73007,2.5521786
-5.9579206,8.025145,4.0153394
0.18655968,-0.41112423,0.8435285
-1.2288141,-4.8772726,0.029256582
-2.6888156,3.5666103,-0.023629308
-6.558075,-5.053327,5.6234674
5.47038,0.3644762,4.8386664
9.970699,-7.8782034,9.92865
-2.2158184,-2.413957,-1.0599439
-6.73774,7.757948,3.728629
-0.51564217,1.440527,-0.51986045
-8.688102,-1.35462,7.04734
-8.120558,7.5833187,7.81104
-3.3312225,5.4159727,2.4793894
6.2830486,5.6118097,4.0850782
-7.6611414,4.745158,6.8768635
-1.5958328,-3.4217634,-1.4392729
-5.192702,-8.902985,2.6086612
-9.207892,-5.921727,8.514006
-2.2511077,-5.944011,2.176982
-0.58251,2.7847748,-1.9017625
-1.6814089,8.019407,-0.6760628
7.3113537,9.243984,3.3627615
4.005623,8.007641,2.064296
6.2259483,1.4189281,4.584392
3.916892,6.886879,3.3207853
1.0491753,0.50187206,1.4893155
5.4275913,4.644554,2.9540198
-6.3794956,-6.6200485,4.029558
5.095335,9.632328,0.691001
4.763137,4.6229553,2.1508157
-4.2440677,0.014705658,2.7387316
-0.3432064,-3.9701424,0.3142346
-7.564765,1.7514277,4.911973
-8.750481,-1.1519957,7.4540124
-0.011047363,-6.472641,1.0535637
1.7905531,-6.195651,2.3119745
-2.1570578,-3.9888883,0.5347749
3.0895004,2.2955608,1.0151057
-7.720022,-6.4478993,6.477873
-5.496824,5.511015,4.6392436
6.9019547,-5.507535,5.1691365
-9.731721,6.012211,9.509125
1.5702143,0.3449583,1.7032046
7.6987247,0.01720047,7.0589237
7.496874,1.3504868,5.194893
3.4111843,-0.075416565,1.9063439
-9.109007,4.9425583,7.6633916
1.2873697,-0.7997217,0.0055775642
-3.5165834,-3.530551,0.16100949
-2.8110971,1.0424919,1.0848129
7.6619244,-5.855322,6.0091553
-3.3984241,4.002699,-0.35729635
-7.161708,1.0058994,4.868265
-8.027381,5.0444775,6.430048
6.313837,-1.7536125,4.801734
0.48252583,-0.05649185,0.99443245
9.87665,-4.7617016,9.710022
2.0450344,-4.4892216,-0.04484959
-9.319187,0.24735928,8.912049
2.4740772,5.1190453,1.1060294
9.15044,-3.7834716,7.6349525
6.2022953,7.85886,2.843134
3.0008965,-3.376193,0.5773557
-7.5130405,-2.0557714,5.4382453
-5.9963455,8.0131035,4.236054
6.790144,-1.8150911,4.6080294
-6.6865788,5.438652,6.1070056
2.281334,-0.9846363,0.29321265
-1.2812309,5.943948,0.13544977
3.3508062,1.3005905,0.45185193
0.6543207,-4.712131,-0.01575891
-7.6167035,-6.587336,6.663951
-3.9860797,5.9362364,3.5242653
8.721912,2.457427,7.3614516
1.1771574,-1.5531197,-0.8107916
5.070551,-1.9105387,2.4974992
-5.0450277,-4.150965,2.8799703
7.9164066,-6.926421,8.056541
-2.1406388,2.2184448,0.8542546
-3.370638,-8.50279,0.15586507
2.0285454,-0.13268471,1.1367911
-3.5831332,7.146084,1.4788945
-4.018495,4.562417,1.9583939
-1.4309521,5.402649,-0.15093887
-0.5709038,1.8483772,-1.1114581
-5.687537,-5.5934787,4.3930707
3.4181356,5.0976896,0.55481803
-9.691824,7.8035755,9.212965
6.138632,4.093013,3.1805093
9.274637,6.965349,10.358475
1.6178284,-8.074448,-0.43347412
-2.3365831,-8.701692,0.7923144
-9.159008,-2.315936,8.413571
4.696025,2.631321,1.124563
8.193802,6.425041,8.393846
8.549255,-2.935892,6.3631024
0.89170074,-4.426733,0.51906157
3.3246155,6.449606,2.6130605
9.582096,-0.30646515,9.931482
1.4925938,0.67822075,1.8495312
-4.827696,-9.54116,2.210796
-9.494284,-0.9288645,10.182368
4.3721094,4.851346,2.7537029
3.8954344,9.656908,0.4630912
8.886845,0.93174934,9.404521
-5.091053,6.351925,2.792673
4.295231,1.3900108,1.7170099
-3.3085432,-7.8918943,1.8860862
-2.4853506,-0.33698463,2.3044415
5.8348656,-3.4172869,1.5557704
-9.1667795,-1.3580027,8.496589
7.371372,-3.889687,5.0882993
4.650985,7.4755764,2.322901
-5.9431934,-8.16333,2.2435942
5.102955,-6.010797,4.2437196
-2.5153232,-3.1050816,0.6323969
0.899971,8.378117,0.5316609
-2.6765847,-2.0463228,-0.46293956
-9.791132,4.0806313,8.221069
-1.0356798,4.902771,1.2305095
4.879196,8.559191,0.9360946
-1.1634684,-2.297647,-0.07773626
-4.924128,1.8680611,1.9075162
0.31685638,-4.880761,-0.8220873
1.824873,-0.76011086,0.074599445
-2.7901564,-8.569813,-0.81740355
-7.754841,-8.159418,6.141822
-5.361432,2.719922,1.0596982
-1.6303301,-7.664113,0.38325155
3.601428,5.226549,1.7623193
8.892735,7.3910866,8.598597
0.18558884,3.5088425,-0.32373118
3.5804214,3.8280582,1.4169552
5.7537117,-9.085512,1.4624025
-4.3605175,-4.6243668,2.7809844
-3.318169,-7.220309,0.7706227
6.6330585,-9.482193,3.3373487
7.1598816,4.251234,3.8522522
2.3695889,2.2897396,-0.85326695
-7.727824,9.5147915,5.931668
5.675864,-2.7551165,2.225062
-8.264951,-6.620985,6.8069553
4.9982243,-8.608234,2.630608
1.1851425,0.6158066,1.6234987
3.2301474,-5.480423,2.6496348
-9.7474785,1.7740774,10.299352
-3.5157528,6.6148033,3.1351357
4.2469654,8.550209,0.17924738
7.6968613,-1.6309357,5.877349
-2.8629055,-6.5026245,1.5645931
8.917498,-5.4300666,9.573028
-2.2315884,6.3506527,0.49633175
-6.0314646,2.587862,2.688086
-4.330435,0.6331787,2.292318
0.6222706,-9.715845,-0.6841363
-1.7773333,5.386307,1.0878826
4.8400393,6.3261604,2.6263683
-5.534219,1.0320168,4.1169753
-2.8447056,-1.8019333,-0.33553693
-9.9101305,-4.7453737,9.950516
8.162434,0.08167648,8.277577
-1.881629,0.4967928,0.42870018
-7.8831205,2.820922,5.5093637
-0.48254108,-0.42382717,1.1378976
-0.018253326,9.4807625,-1.1705929
2.7772818,6.446024,0.94635653
-1.0976105,2.2576857,-1.1295643
6.2906303,-8.877993,3.7476
-3.4502373,-4.7747793,0.5593919
-2.993106,3.9129524,0.933141
-2.3746977,-6.4626064,1.9012878
1.7852993,2.787938,-1.5844988
8.012203,2.4557533,6.381176
-0.4601345,-6.287037,1.267319
7.69429,1.9836483,5.949623
7.855465,-1.2933502,7.115387
-5.206499,7.4482956,2.2232509
-0.8592024,-2.2061777,0.42806673
-4.72059,8.726946,1.8103414
4.1597404,8.68832,-0.010425866
-3.5156908,-3.3154416,-0.53860766
3.050499,1.6779613,-0.09502252
0.59744644,-2.7335825,-1.8802733
-6.5646544,8.007725,3.4122674
-6.7229414,4.79451,3.8725343
-9.767248,0.027412415,10.274982
-5.593815,6.047554,3.4356003
2.7935429,-8.029465,1.0312968
0.60925865,-2.5573072,-1.7969058
7.521021,2.0412865,5.5512223
-8.793144,-9.474087,7.731652
-0.29221725,8.74041,-1.3205566
-8.966498,0.8215866,7.837235
0.05853653,8.834398,-0.33599487
3.6433659,-2.9104843,1.2782921
-8.970433,0.59541607,9.683545
8.831524,-2.7580366,7.572011
-3.1059098,-4.0999374,0.5566739
8.860361,-3.7055635,6.0173097
-1.6785107,6.916155,1.905787
5.673149,8.984993,2.9637241
9.090765,2.8776064,8.154543
-3.6407351,5.583956,1.0949392
-2.4308672,4.349928,1.1488205
5.2452946,0.012533188,3.816926
-8.56131,-7.443428,8.508078
5.91928,2.5086222,3.4545245
-6.2811327,-3.4361863,3.3851237
9.287634,3.8288364,7.0097604
-6.5536537,-6.506811,4.2969027
-4.115114,-0.67969227,2.8089852
7.461855,-3.9307203,5.7339206
-4.3538675,-9.250921,1.4447703
8.571512,-9.244942,7.009961
6.8801956,9.226208,4.355566
9.140114,-0.010879517,9.254832
-9.692821,-8.620439,9.655588
0.11207771,1.6397476,0.11510586
-3.289136,-0.6275892,2.7720003
2.3820362,8.238174,0.8916534
-7.5505114,9.42453,3.811357
4.10054,-2.570312,1.7380965
-0.47373772,-6.0005283,1.277245
-4.7268867,-5.7307444,4.012375
-8.996037,-2.658905,6.270399
5.2306824,-5.4893217,3.8617396
-3.619052,9.013445,-0.54038703
7.378763,-3.822348,4.5974417
1.7801437,5.152113,0.99315846
3.0414028,4.525526,1.6703941
-1.5166435,2.3380852,-0.0706532
-1.3852396,4.8749886,-0.09897259
-3.3970966,8.467981,1.0504655
-8.659009,4.254817,7.8117013
6.2869625,4.4002514,4.218461
-6.2974095,-8.390564,3.9926994
5.828376,-0.8862171,4.928561
-3.3728256,0.2308979,1.4086462
6.2646904,7.831625,3.013948
8.570221,4.2730284,6.0383453
-6.116061,7.7769966,4.244099
8.257256,7.734852,7.797853
0.24372482,-4.664565,-0.9491876
-7.6393104,1.4186668,6.9750032
4.082117,9.535316,1.6133333
5.6623926,3.535223,3.2028182
8.815117,5.6540947,8.167805
-9.519203,4.0647354,7.620029
9.029623,-3.1391153,7.2240477
7.581072,2.3879356,4.3390403
9.837616,-6.9095707,11.397212
5.450062,9.225607,2.0047321
-4.8611307,0.5721674,2.851316
7.586117,7.749264,6.644904
9.13917,-7.0296373,8.098939
-3.823699,-9.186581,-0.04865682
-1.6346035,1.1973515,-0.2942544
7.825321,-1.2811985,6.97461
8.049826,-4.0449867,4.950099
6.6058655,5.2395144,4.812816
7.6613216,-6.50519,7.2593036
-5.1389837,8.762867,0.98470634
-1.7251501,-9.762127,-1.551782
-3.9950886,2.050808,0.19125515
5.197381,-5.8469844,4.4633503
2.4921236,2.1694098,-0.7110923
-7.7245307,9.875784,4.291286
-1.2561169,-1.2002802,1.517889
-8.154551,2.3251772,5.8538413
-9.411168,-3.9353886,7.540767
9.11628,-5.1314545,8.380198
-5.03021,-8.542017,1.0462449
4.463297,5.7720003,3.4529357
-2.2267857,-0.11105919,1.7344885
-2.024993,3.4629536,-1.2050731
-0.0064582825,-7.690936,0.21197811
7.7992764,-8.325624,4.7663193
-1.3833609,-9.09287,-0.7417044
8.274656,-5.7628465,8.247256
5.851078,-1.3002481,2.7209082
6.8600864,-1.5088568,5.5672674
-9.069404,4.397032,7.094774
-4.6759534,-4.8050413,1.8198572
-8.1472435,9.74386,6.4367285
-2.123886,-4.55707,0.045193955
-2.0712194,-9.403996,0.01688844
2.0320377,7.5646267,1.0283017
8.959707,-6.42671,8.15863
4.489051,0.9530277,1.6871679
-6.958576,-0.96545124,5.8326173
-6.271434,-2.0859528,3.933426
7.551056,0.0064792633,6.7507296
0.9954405,-9.833626,-0.46246415
2.8250484,8.992352,0.15791845
-5.230353,-6.491784,4.281259
-1.219492,6.097044,0.21781766
2.8470497,-5.9131947,2.6461124
-6.562253,-2.4624515,3.0920987
6.526615,-0.23649788,4.232207
4.9834404,-3.9414492,1.0746027
-5.8317223,-4.3322935,3.1614976
-4.100809,-8.417313,1.1873751
-2.3510098,-6.8683553,0.960758
1.556262,-0.46919632,0.46711412
-3.6681995,-2.9232368,-0.59377146
9.566212,-1.4043579,8.5538645
-9.632092,2.5510006,8.979368
-5.6519947,-1.2820053,4.300036
-6.069785,-9.466386,3.4747577
2.703804,-3.677806,0.3676684
1.4190693,3.0608082,-1.728091
-2.8495607,3.5990057,0.6532779
8.53458,4.8390856,6.9673376
-8.632531,0.5537691,9.300294
3.5245018,6.8367863,1.2322335
-5.502516,-6.84311,3.8302858
-2.2770858,-8.391993,0.26290393
-9.630004,-2.6662564,8.901538
-7.4650707,0.06743908,6.0880156
-8.484492,7.2607136,8.699682
4.3627396,-5.7668962,2.7462854
-3.755065,-7.003561,3.0808253
5.2310076,-0.27053738,2.7120547
-5.419489,2.5429974,1.1734579
-2.4776459,-9.120771,-0.91058993
1.2104702,-4.0310645,0.5027735
8.379246,-7.8554797,6.869797
-2.695136,2.3369198,0.017897844
5.7972183,0.9328518,3.1886222
2.7587185,-8.892439,0.46490204
6.0820255,-6.6588697,4.294659
6.3170834,0.4624157,5.104224
4.05816,-2.6499057,1.7362287
-3.015473,-7.7346635,0.05659686
-2.8066645,-3.0302668,0.5894292
3.893013,-9.183823,1.4747423
5.450425,-1.141859,3.446151
-0.5337343,-1.1656084,1.0054421
5.0127544,0.5241833,3.8701596
-6.0161915,0.8493595,5.201944
5.6365814,-1.7418766,3.3902369
-1.227149,7.980406,0.38459623
-6.8817186,-3.5803404,3.3565044
-4.858841,4.519127,2.135348
-7.636982,3.7754993,5.557041
2.0171738,-1.2257185,0.1248844
-5.9306073,-7.328395,3.5216491
-2.863635,-8.426071,-0.56473255
-0.6265497,2.7680683,-1.8784484
-6.1016073,3.057355,2.9200544
0.2567768,6.0650654,1.9828093
-1.2691259,-4.4264517,-0.7384105
3.1674204,8.07383,1.2115407
7.2240753,9.998743,4.4039264
-6.0366917,-1.5905266,3.448614
5.4674625,-3.8969126,1.6286472
-0.21186829,-3.1410909,-0.37806046
-5.715549,-8.693956,1.9785008
-4.5351386,5.764881,2.0776243
2.5453796,1.0898314,1.4698684
2.0821342,4.607091,0.16140735
-0.32300186,6.4250298,0.12497383
-4.9784555,-4.24675,2.7800572
5.0429573,0.093117714,3.991329
1.4837084,8.083942,-0.5492475
-9.72131,-7.7090454,9.154269
-1.7672672,8.792059,-0.66332614
-2.7131248,5.2000437,0.20507455
-4.2670956,-3.1406164,1.5620668
-5.5469775,-8.165108,3.7367878
-8.112623,5.341258,7.775426
9.849039,4.7710686,9.892057
-9.134146,-4.528632,7.659774
9.295773,4.760846,8.959626
-7.861038,2.9679146,6.1680617
-2.426175,9.8435955,0.62419015
-4.0966663,5.115217,1.2100132
-5.3524995,1.5439091,1.9746052
3.555355,-9.898201,0.96649545
5.795947,8.138525,3.032028
-6.5690174,8.585968,3.7936113
-4.6574965,-2.7718773,1.5737116
5.10427,-0.78201675,4.0661526
-1.2087612,-0.38959503,1.5248863
2.4354897,-0.6106291,0.4159422
5.228528,5.4361115,3.2479477
-3.6963167,1.3516655,2.5436566
-5.54974,-8.696971,1.4238443
3.6809692,3.2174034,-0.3039673
-3.661951,-6.1425505,1.8494359
-6.6564155,2.8551426,3.3167005
-5.044156,4.3528347,2.1577296
-4.649651,-4.775021,2.0150473
9.957184,6.774231,9.800618
1.923233,0.25537395,1.8090861
4.3067265,-5.0295744,1.8425006
1.3432484,8.56897,-1.3456268
-6.7414618,6.38995,6.3252735
7.216379,7.3125324,6.317832
-1.5544882,-6.8853464,0.10819745
-2.5893092,-7.62123,1.6744938
8.149569,-8.792325,5.2678714
-5.094106,6.4653454,2.5797758
2.0305834,5.8321915,0.65024006
-8.506836,-6.09581,9.218926
5.1242294,3.920269,2.8593233
3.9721117,2.0099754,2.1441498
-8.222962,-4.256685,5.891122
5.5813704,0.34321022,4.9979963
1.1004925,-6.03297,0.7413904
-5.1636496,-2.927823,2.24521
8.526335,3.954053,7.3293924
4.294734,1.4121437,1.7857904
3.514162,-7.4417963,0.783995
-3.7142563,2.5165424,0.4910196
-5.483204,-1.9954987,1.5959523
-5.3807473,-7.346143,4.34848
3.7570343,-9.245726,0.6055519
2.693863,0.43124676,2.5516236
-5.9849777,-7.3597217,4.1218038
9.09952,-6.112821,10.064229
5.826174,2.4096527,3.645742
-3.818077,0.61661816,1.565162
5.173793,-4.527366,3.4832973
-4.238983,1.5502653,1.5330442
3.138277,5.0377045,1.2029123
8.323328,-3.861452,5.513339
-8.84532,-3.566382,7.0423393
-4.9720707,1.7657957,1.677091
-0.56515694,2.4460945,-1.7181053
1.4912558,3.4563055,-1.6324646
-8.223739,6.810034,8.145572
-6.5790167,-0.6684389,4.1622524
-0.9577856,3.3220282,-0.851843
-1.4417791,-5.754365,1.9749418
2.1569452,-1.2751942,0.37538067
1.2706795,7.4076843,0.6050766
2.0514202,-9.687434,-1.3987763
0.66293526,-6.5780687,1.9396226
1.1493721,-8.644265,-0.08965975
-0.57718754,8.320438,0.57953703
3.5912266,-1.1289968,2.5085323
6.8249645,9.158726,3.3749535
-4.9905024,-5.3898277,4.0984726
-5.1805124,-2.7192793,2.7703826
4.3891516,6.436432,2.9386027
-7.2313366,-9.959785,4.6008973
6.498581,-9.745728,2.793436
4.619787,-6.69667,3.5106268
1.4463196,0.17014503,1.4383521
-4.341408,-9.199804,1.6936837
0.29985523,1.8515406,0.2590288
-7.906537,8.457161,6.463285
-8.996817,-2.0269203,7.077883
9.417036,-1.7607117,9.445361
-8.969263,-8.800573,6.8486814
-8.29754,-2.1138535,5.4020348
-3.8844728,0.82708836,2.257084
0.561573,2.0470638,0.48566172
2.2903404,-3.2930336,-1.4157676
-4.927825,-6.110998,2.449468
-0.9703884,-5.2390585,-0.33494973
-2.2330976,6.895195,1.0118041
8.367254,-5.440136,6.6668644
8.679541,0.77744484,8.694287
4.1100903,-1.7576885,0.6952876
-0.06164074,-4.020997,-0.39190286
7.4993343,-0.43195152,6.629753
-8.073844,7.5587673,7.782677
4.178172,7.5716534,2.2422857
-5.812578,-2.0888033,2.4711015
7.7986164,-2.0113635,5.63328
-8.839878,-5.6016088,7.9107933
3.7155266,-4.651251,2.319409
-8.221835,-1.7082157,7.618595
5.836482,7.420294,3.2026446
1.8284969,1.4246168,0.99128956
8.580387,-8.558811,7.6394935
-7.542174,-2.570517,5.359308
6.4360905,-8.638908,4.2477283
-6.673634,9.241274,4.386922
-5.3978515,0.9258318,4.47448
3.803568,-2.5381289,0.8505044
-1.6832333,4.009857,-0.81244457
-7.8953314,-9.374559,4.252474
-8.5091305,-3.3013487,6.434977
-2.5962505,0.93807983,0.6165163
2.7687798,7.215826,2.2665179
8.783546,8.156725,7.991154
7.3545666,-0.33427715,5.72239
0.16388702,-9.99619,-1.8361783
-6.133939,1.8473244,4.43365
-8.91554,-5.6394205,8.76152
8.934015,9.019424,6.1707067
-5.575447,-2.6926174,2.8483748
-1.7587242,-2.7214851,-1.6010008
-8.069149,-1.4852057,6.0468864
-6.91211,9.268719,2.845881
1.9403543,4.3852186,0.84824395
-2.47221,-6.8961716,0.4554438
1.1451387,1.7523966,0.8570037
-0.07647705,3.1796608,-1.2394723
0.50948524,-2.5973725,-1.7991083
-1.9814453,3.319725,-0.8819863
-0.38670063,-8.976217,-1.2097038
4.3466797,-5.154933,2.7214277
7.305187,6.3883705,6.771092
8.452295,9.290152,6.1698923
-8.158678,3.176509,4.9513397
-8.4530945,-5.665408,7.2671437
-1.4945402,3.6443987,0.08942348
-0.76286507,-5.7597313,-0.025415003
5.519376,-8.012652,2.648175
9.4135895,-6.5983543,10.469929
2.567976,-0.9477854,0.5928434
-7.1025887,2.123518,3.9341776
-1.1318979,0.7445669,0.1170091
6.4672813,9.611074,2.5755024
3.689539,-0.70953846,1.6198251
-7.0721364,9.199211,3.2340555
0.5836792,-7.431842,1.3744438
-9.655653,-5.1480856,9.216265
-4.0295925,1.3710585,2.5099192
6.994034,5.960121,5.092223
-4.3378377,2.9682074,0.5923509
6.1056175,9.806463,2.6166039
-8.156743,-5.330572,6.751454
8.841043,9.358553,7.689955
4.770055,3.192789,1.7368203
6.4800987,2.6403713,2.3364003
2.7309303,-0.25637817,1.0687797
0.70846653,-7.197728,1.5864058
-4.9248543,5.3495893,2.0836236
-5.5179286,2.1689606,3.0447845
-6.867194,6.89336,5.7479033
8.264452,7.359108,6.401167
-3.4707966,-8.493185,-0.32531667
0.24362373,9.263529,-0.20731837
-9.401069,-2.3027253,8.506083
2.683879,-6.699507,2.3985164
-3.4088635,8.727991,1.3908427
-7.9982843,-1.5815067,6.46942
1.2376299,1.6477251,0.96857667
-9.212143,1.5009785,7.6037664
-0.98525524,-5.379037,-0.11699247
-8.166428,6.341425,6.6685824
6.3220367,3.7918844,2.2839813
-7.941642,8.054857,5.2000895
1.633254,-2.779286,0.31672418
4.951459,-7.337563,3.9248636
-7.990136,1.958684,5.948214
6.4736404,-2.686894,4.285777
8.1441345,0.0051631927,7.674717
-6.1299696,-8.133211,3.0842137
0.83736897,8.96846,0.11382663
3.0324316,-5.2592754,1.6777143
8.282049,-0.9034672,6.546312
7.8126945,0.25374222,7.988276
-8.388119,-4.3442907,5.724524
-8.150671,5.941389,8.549701
-8.842182,-8.148184,7.7358356
-4.4474087,-1.3451443,1.9054217
-2.0185733,-6.4759874,1.8735163
-3.5880303,5.929928,1.5704914
6.589226,-7.2800064,5.633209
-6.8917236,7.9172344,5.6017017
-7.981263,-8.649069,5.5716887
-7.817166,-9.994425,5.668923
-5.9025717,0.24387836,3.46305
9.794647,-9.844629,7.858482
1.2628136,9.315149,-1.5540211
-1.7508659,9.341021,-0.08721578
-2.9388037,-4.566578,1.4722137
-7.6592407,7.474781,5.5904617
-3.3928118,-3.84591,0.85268474
5.268244,2.4463043,2.3234248
6.75852,-7.009083,5.560294
7.212799,-0.6769905,6.9673905
0.71193886,-3.053298,-1.7690765
-5.451994,2.2434406,2.6782742
-5.9036684,3.2147303,2.3592176
9.718536,-9.333924,8.065138
-9.025998,0.67570114,9.1104
2.367445,7.7435856,0.17634046
-0.9441652,8.056129,-1.0811167
9.284691,4.5276203,7.5059357
5.8575926,0.23155594,5.381546
-2.5263834,6.860882,2.4745016
-8.297596,5.3066435,7.394836
1.3136005,-6.5778103,0.42323327
-6.994401,-0.5704365,4.983693
-1.0546684,-9.263974,-1.2146682
2.5038042,0.70409966,2.3706977
4.88328,0.75940037,2.57298
-2.7045727,-6.5835896,0.8223867
-6.7503357,2.3882017,4.228871
-8.516692,6.9154015,7.3470216
-9.471975,-8.508878,7.4782033
1.2543287,-8.90793,0.27217048
-6.0863924,-4.8866835,2.8831158
0.36266327,1.2957869,0.7375362
-4.7375383,-9.705686,2.193436
-6.767291,-1.9901581,4.956772
6.7429276,7.6781673,5.7196364
5.6591787,-8.253479,2.4095907
7.0214024,-2.6711583,4.1327763
9.59256,-2.1139288,7.695017
-7.2353888,6.0437775,6.457083
-5.3231487,-3.7185502,2.805868
-7.5284457,7.591404,5.3603635
6.7147713,-5.011984,4.018639
5.892068,3.7100935,2.7595887
8.106392,-1.8482742,5.6341968
-6.9971538,8.704998,5.0831475
-5.3629055,-4.9031568,3.983457
9.748772,-3.7572002,9.565125
-7.940769,9.019205,4.791751
-6.6600633,-7.9219112,4.9702797
3.681507,2.8272781,-0.42830414
-8.741537,4.970607,8.403678
-2.827351,-0.8684921,2.0788636
4.2490664,8.791925,0.66408336
8.192345,-9.300873,5.003345
-1.1346989,-1.45226,1.2440438
-8.849406,-5.2621355,8.882409
5.6608953,3.9400349,2.1988585
9.969381,9.777626,8.913065
-7.4237823,-9.788742,4.1755347
-0.44179153,-4.457612,0.6891173
-7.2337675,-7.4053955,5.5053034
-5.1061926,-5.6089735,3.030482
3.365264,3.0231657,-0.54138243
4.6718683,0.14741707,3.8073335
4.1351223,-7.8323555,0.9056336
-9.418842,-6.1321697,10.795436
-2.4242663,-6.549418,1.3837166
4.2619324,0.7586937,2.450363
-0.928216,-8.235494,0.69193494
-3.0915236,-7.819085,0.17153266
-5.16553,-8.011959,1.992264
9.481775,8.065968,9.662653
-8.0045805,7.3039055,5.989087
-7.877178,-4.731635,5.8099356
7.2871437,2.3472738,3.6245475
-6.0740433,-1.3966217,4.6712184
6.0428085,-4.0190005,3.7614985
-5.5124197,4.662813,2.4489496
-1.3527765,-6.7263308,1.4062433
-4.83166,-0.032998085,3.4927104
8.262154,7.473261,6.3128467
6.932644,-8.683705,4.557266
0.4805107,8.244774,-1.0890524
0.23977661,6.605604,1.9541354
-3.7739396,4.4223385,1.9696904
-5.3452086,-1.3066673,3.7633474
-3.782494,-3.889792,1.5364873
3.274519,-5.490179,2.5394814
-1.7986736,-7.2503557,1.3481836
6.787779,-9.747916,3.8512063
1.4397926,-1.4344549,-0.5369763
0.110388756,1.9881582,-0.18641897
-6.2142897,-9.679802,2.4475994
4.0341234,9.843657,1.6183581
-9.2500725,-7.145152,9.087884
2.3364124,0.7894192,2.2129412
3.5880651,-3.389248,0.7124359
1.809701,9.100912,-1.3108553
7.037733,-4.353161,5.3043704
2.4000654,2.6122398,-0.30074108
-2.761797,3.1872787,-0.81899685
-6.9975495,4.5856276,4.147414
-9.281045,-7.010565,10.149022
5.0468245,-5.5381765,2.9636424
5.4433765,0.111432076,4.5268826
-7.6277733,-9.863434,4.751494
2.677267,-3.9024315,0.84623045
-3.677207,-8.39069,0.30831456
8.4225445,4.420229,6.3534317
-3.4468374,1.0362158,2.114488
8.277464,-9.344759,4.926878
7.073145,9.779512,4.122036
5.5309305,4.099436,1.8530631
6.8340473,-5.7312527,4.527157
3.118802,-1.0068245,1.5057335
3.3898182,6.7815533,1.1875582
-8.50153,-5.943059,8.427018
-2.282978,2.5009546,0.2621106
-1.1335793,3.2520027,-0.34715503
4.85207,-6.428746,3.5650349
-3.8750305,-5.2553215,3.0166776
4.582033,-1.7733517,0.9349799
6.789751,-7.822489,4.3514667
4.311781,8.605635,0.6170307
5.1469336,2.8553782,2.5374131
-1.3328667,-3.183178,-1.7132145
4.790264,-0.117568016,2.7538807
-3.4292626,0.10929012,1.803946
8.66255,3.3118925,6.1151614
-0.25664234,7.103136,-0.2795297
-0.58331966,-8.403688,-1.4704818
-8.804127,-3.557129,6.7380114
9.248823,3.6056376,8.5953045
-1.3991241,-5.5852423,1.9611392
7.4480896,-0.49265003,6.9320416
-6.5420523,-2.925662,3.5892854
-8.366255,5.729842,8.576842
-1.6006327,-5.361922,1.6072005
-7.9960012,9.0112915,5.276923
1.9215765,4.7545376,0.6959638
0.13469505,-7.169791,-0.18860734
-3.6671267,-1.9881334,1.7849815
6.2613277,-0.93805695,4.910116
6.478613,-9.788432,2.7115993
-8.829504,-8.570422,7.410234
-8.011207,8.274099,6.317111
5.850231,7.1850376,3.1130416
-6.073598,-6.8101063,4.0553474
1.9296436,-0.09842682,1.1787236
-2.66325,2.6869316,-0.9552419
1.7882242,6.101822,0.3069117
-5.518321,8.857777,3.1845398
0.03195572,6.2735214,1.1991901
-3.5401058,8.293327,1.7121551
-4.5048237,-6.4834356,2.2063081
-4.9164114,-2.2792616,0.7884548
2.2336502,4.784918,-0.38163555
6.4707336,-7.697543,4.783859
-0.24643517,-9.684056,-0.27514023
-0.09766483,5.636407,0.27588785
8.250685,7.291443,6.8885994
8.0610485,3.9964638,6.5589232
-1.4516964,6.351557,1.0055773
-8.188492,4.6787796,6.096183
2.3466835,1.3538952,0.7303333
2.9857864,-2.2513986,-0.16281253
-7.9129553,1.3788328,7.4486685
-8.970743,-3.487866,6.9799447
1.0489264,8.118977,0.63674504
9.764921,8.446575,9.693326
-8.944496,-3.0634356,7.7700005
-4.899769,4.413229,1.7469158
-3.4486494,-2.7150574,0.34037167
-8.833137,8.001331,6.6556535
-6.1572623,-8.995866,1.9654607
7.849266,1.4228611,5.323394
7.6483517,-0.7692156,6.9575615
-7.3569145,6.82782,6.3015265
0.21437454,1.059742,0.71892536
-8.144485,1.8972988,6.0598598
4.1534233,-9.791875,0.62164545
-6.830126,-5.501497,5.2519026
-5.096159,9.334393,2.0322192
-4.6351075,-0.89621925,1.9248409
1.474019,4.2746716,-0.18883902
6.6823044,-8.175702,5.09008
-4.185319,5.1487083,1.7464013
1.8444786,-4.350644,-0.9991647
7.9622116,-1.0261192,5.907398
-0.6059303,9.422789,-0.42059654
1.0325708,7.0838623,1.6608622
0.7425461,-8.768223,-0.96262574
-0.12774563,-4.4859324,0.31931013
6.0037003,5.900505,3.7694962
5.410927,-1.8375864,3.1595528
-5.355656,7.896183,3.818652
9.54862,4.1086063,9.549118
5.7540503,-1.1092091,3.6571825
-1.5647011,-6.2347198,0.91895413
8.706358,0.5739193,7.4600043
0.5378208,7.8876038,-0.8961359
6.319147,7.6848335,3.1703486
-8.490932,-4.3155956,5.9528956
8.97624,-2.7637062,7.4471974
9.426905,3.2251244,7.0417233
-7.4721203,-8.499701,5.609447
-8.950467,1.3360739,8.814793
-2.9104471,2.5545788,-0.8990182
-6.1481276,9.814226,3.4591029
2.671815,-1.2381735,1.2061911
4.4513273,9.729174,0.40284836
-1.2741613,9.726038,-0.61966
7.017153,-5.145689,6.3437066
0.37893677,1.554656,0.5861254
-2.939117,5.731699,2.6234555
-8.535708,-1.1612988,7.215359
3.1782131,-5.477357,2.6942513
-9.422056,2.1322994,7.3989186
-0.034196854,4.4068384,-0.4508316
1.4616661,-8.102532,0.6294146
-5.600482,-8.058256,3.8455555
3.004202,-7.5458136,1.8330722
1.9439077,-7.6630316,-0.15781444
6.6922245,8.755867,4.582574
6.2544746,-4.4478893,3.2108455
-8.092761,-1.1876116,6.7379513
-7.41982,-2.6612082,5.3994703
-3.6702347,-5.140108,1.7777045
-7.1939955,8.460806,5.5284553
3.135378,-3.5706463,1.0538154
-6.5518975,6.072586,4.401362
-7.6347485,-4.621133,5.075673
2.9126186,9.808535,-0.36889243
6.035183,2.5273561,3.264508
-2.9072237,-1.7650127,-0.26134044
-9.964565,0.07041931,10.281262
1.4133148,4.143038,-0.75418127
5.1246395,-5.370702,2.555297
7.811716,-2.9657865,6.0410614
0.9488201,-7.420498,-0.17706987
6.9422894,-6.7067313,5.196757
-8.941379,4.8100243,8.919473
9.566782,-0.83723927,8.833944
-6.4573584,-4.991553,5.1739297
-6.825742,0.46487045,5.584443
7.176735,5.705887,5.879774
-2.2221193,9.184004,-1.4772954
6.1713486,-5.854021,5.7178674
-7.004242,4.0814734,4.62425
7.5657406,0.95567703,7.1128936
9.483952,-5.0751314,10.195359
3.027956,2.2163792,0.73016095
8.06694,1.1235819,7.293134
-7.141262,5.9098167,7.009322
-2.208129,8.182674,0.8688784
3.043787,4.6968555,1.8983076
5.650901,1.8920155,1.9233927
-5.3395853,-7.513089,3.8477762
6.363346,-8.372478,3.4239082
-3.2912054,4.6850815,0.7714824
-5.3375506,-6.13497,4.809078
1.9561291,0.13825989,1.6402706
-7.9650774,7.6982517,7.497773
-9.177985,5.019436,7.8556
3.3250418,-1.2703838,2.2846315
3.4061203,1.575964,0.3622754
3.8454895,0.34400082,3.3896108
-1.3113861,0.86316013,-0.08322394
-7.313354,8.720295,3.7773902
-8.03337,-6.117944,6.5407524
9.568987,8.704985,9.403566
-8.669301,0.47998524,9.25455
3.0139303,9.484135,-0.3950975
8.121805,-4.263582,6.232887
7.6397552,6.1473827,6.9860945
-6.3050423,-5.4977465,4.576627
-3.2243862,-8.193338,1.6664337
-7.995328,7.2689133,5.944786
6.27269,3.4566822,3.28748
-9.384393,9.8304825,8.799359
-9.20587,4.0529995,8.240253
-6.676012,-4.2187476,4.0927815
8.156986,-5.9473395,8.581201
6.4818726,8.185095,4.2214603
6.7004547,-1.9824238,3.4325545
7.6728725,-5.941366,5.8300304
-4.66381,-7.3859215,2.7370265
-5.576873,-6.694065,3.667954
-6.1433506,-4.200573,3.9075322
3.2995834,-8.039993,-0.08095826
3.8898582,9.624617,0.27522552
2.0750608,1.155405,1.511414
-7.693193,3.2991753,4.6850104
0.88832664,-4.919628,1.2267061
-5.3064084,0.28185368,2.7791622
-1.9664707,6.8163433,0.5047549
-1.5480909,-3.3890867,-1.5905341
0.49707603,8.07369,-0.9586258
-8.768191,-3.1089664,7.537773
8.535988,-3.7386856,5.98215
-4.2552147,-7.360494,2.189086
3.1245213,-9.910827,0.5264467
6.8864403,4.359949,3.4131665
4.0296974,-6.4512863,1.8493097
7.0031967,-5.4825473,4.959386
5.6468306,-4.0906677,3.5011134
7.3224144,-7.6481543,6.085179
2.1105824,-7.686764,1.1049399
6.3869877,-6.528747,5.80611
-4.3467417,9.74935,1.9410647
-5.388446,0.5809488,3.728296
4.775053,-3.7684956,2.2246978
2.623849,-0.8336849,0.54479975
-0.3749981,8.359486,-0.47698757
-8.435088,-5.8167515,7.075967
3.2676392,4.0387526,1.0337181
6.4775314,-1.8631182,4.385303
-1.1545458,-8.496292,-0.8409199
2.2974072,6.6140213,1.9642533
4.451805,4.6196594,2.878698
-9.87579,7.3496475,10.557495
-1.6452847,4.5782413,-0.81182104
-3.70965,1.6294136,1.5539393
-5.111184,3.0745049,1.6210668
6.1120834,-7.465577,3.1174421
9.914875,9.636684,9.816065
1.5956001,-6.4415646,1.9955871
6.223839,7.0550575,4.517532
-7.4188194,-6.3316975,6.6523175
1.7617369,-7.226782,0.73268557
-1.2933197,4.1211843,0.42516494
-6.1676,6.553705,4.359734
2.0504274,-2.7236948,0.1495099
3.1832552,2.8007803,0.5582886
-0.48299885,-8.7163105,-1.6124506
4.246436,-1.122922,3.2347035
4.8010902,8.823029,0.482018
9.070419,9.343918,7.300213
0.5796852,-3.184248,-1.9278944
0.35628223,3.694831,0.1296823
-0.14313126,9.222738,-1.9463412
1.3800325,3.7086,-1.5719291
-6.4841833,1.8331356,4.5739036
-1.2308922,-8.058033,-0.52509665
-8.456325,2.8748465,6.91889
-7.0142913,2.6697683,4.152002
-8.517878,-5.6330194,7.295212
7.4159946,4.9933186,5.156988
-5.7469997,-6.5231466,4.065111
-0.8070164,9.573442,-1.9156542
1.069088,-0.5032244,0.4779152
8.832167,6.8083153,8.238305
4.5383987,-2.625784,1.7946134
-7.1213317,-5.079713,4.4315133
9.780756,7.274849,11.006231
-9.471866,6.0714054,9.130739
1.3001776,9.818993,-0.55552113
9.137053,2.939621,8.356767
8.67252,-4.1981554,7.990374
-2.3177423,-5.872365,2.3185387
-6.6736164,-9.542137,4.2110243
4.3910074,0.6337147,3.0852165
7.708624,9.573172,3.953773
-5.3309975,-3.3147812,0.9328923
-1.5824137,-1.9300652,-0.013866752
-6.0815215,7.0436363,5.3342505
3.8188734,8.895451,1.1490308
2.128501,2.7165947,-0.9382129
4.956936,0.7942343,2.443826
-3.4309807,9.778973,-0.6054883
-9.653103,8.374931,9.563399
-4.2112923,-6.3631654,3.7659233
-7.820828,-6.976796,5.9697766
-2.4090958,-2.2941408,-0.76781446
3.6342058,3.9629374,1.60461
-8.319323,-6.119747,8.510318
-0.46678162,-4.28074,0.5134764
-9.783802,0.8301277,9.282712
-7.086494,-2.5265417,3.3944614
-7.0013866,6.708664,5.6594524
-3.4048533,6.3342304,1.7465694
-5.0667787,6.8867455,3.7203496
1.5392418,5.318922,1.7519739
6.113043,-5.7854233,5.3391933
7.5402775,-7.696515,4.846057
3.150774,-6.719574,1.1683612
-0.06617069,-1.2799654,0.37178117
-1.7820358,7.860176,-0.6801844
6.7900276,-2.2204733,3.4156563
-5.7273045,9.20187,1.6567849
7.228092,7.4634533,5.0915413
-9.62812,-9.491047,8.000954
-7.463704,4.617893,5.3855257
2.6526432,-4.2180824,1.2105687
-4.1186976,-9.539431,1.7027301
1.8657093,3.5049305,-0.33341968
8.713003,-3.435936,7.6304035
4.567316,-8.884548,0.96927625
9.787689,-7.037437,10.541309
-4.235693,7.3575726,2.519245
-4.7753024,-2.3956132,0.6429745
-1.2697144,7.837927,0.680344
-2.013998,-3.4701562,0.10768068
-4.398698,9.768785,1.8415288
-0.620862,-2.5030556,0.23543817
9.034199,9.465054,6.528902
-5.481577,3.8790283,1.5992272
5.6158295,-7.5139275,4.4643607
4.6454573,4.369774,2.8147943
5.7911787,4.198966,2.134354
2.697812,-8.395008,0.82355076
-3.6941504,-8.645689,1.1522124
4.1271353,0.5800705,3.219602
-4.7099566,5.416582,2.4956794
-6.138172,8.520493,2.2551866
9.34795,-2.7725496,7.0989795
8.288876,-9.364571,5.077934
-7.2270336,4.5679464,4.079398
8.122536,0.69729424,6.783604
2.0735989,0.25502777,1.9021571
2.5632668,6.313389,1.1992958
9.638664,1.1941433,8.787594
-0.5250788,8.668505,0.28728127
-3.1804824,7.676901,1.8444476
6.2777557,2.5605125,2.7469797
-2.583139,7.4489174,0.67927086
-2.4006166,3.201559,-1.4077833
-4.0325522,-9.490131,1.1682003
9.842888,8.975782,9.161087
4.7716055,0.30462646,4.2239165
-1.6211109,-1.2354412,1.5000386
-0.1995039,8.24107,-1.370826
0.69987774,8.722296,-0.89195365
-5.927964,-7.912805,3.6706498
2.8392458,3.9392862,-0.87441516
-7.761284,-5.497259,5.762644
-0.46625137,-2.5695572,0.11227238
-1.8763494,2.1484756,0.5828693
-4.083165,-3.7111578,1.3517703
9.248884,-4.221468,7.1081867
2.800603,4.978691,2.0287771
4.817318,-2.4046993,2.4117997
-6.5825596,3.7766657,3.7972312
1.5937338,9.588385,-0.318842
2.6797523,2.4259453,0.1794694
5.191189,2.3255968,1.5357615
-2.9507756,8.773258,-0.6098718
-1.9637604,-3.759694,0.4618414
-8.118915,0.014448166,7.4745383
6.0777683,-9.255973,2.9969761
6.6755676,-4.257489,4.163245
4.6908846,-0.7833996,3.4172885
5.082159,9.068811,2.5052576
5.989498,5.64939,5.0529594
9.426046,-1.8571625,9.576927
3.274889,-2.7205706,-0.3329004
3.6098347,2.4484425,1.087141
3.1453476,-4.3424225,-0.25983965
-5.6472073,-1.4616146,4.219098
2.508978,2.6478596,0.10142219
3.0129185,-3.099245,-0.1782316
-7.959528,7.319704,5.854683
-2.959559,3.959671,0.94189614
-6.169945,-1.0384712,4.438166
-6.3895903,-1.7459669,2.921253
6.949415,0.9942417,5.9606566
7.8668633,5.2287006,6.3938265
-1.3785315,2.8031359,-0.09188229
3.0650673,-2.7263618,-0.85194033
-2.3420439,3.4863386,-1.3446183
2.120184,-0.42474747,0.5769967
-1.6740694,-7.2980046,0.46606183
-5.2021446,-7.8825593,2.512902
-4.2073574,0.07484436,2.4576678
9.933123,8.6532135,8.245276
1.685646,-3.8872623,-0.716611
-5.468557,6.27536,3.7524347
1.1351662,-2.970035,-0.62858874
-9.976545,5.978527,10.861897
0.08821106,-2.2410536,-0.81681013
7.6765327,-4.1460347,4.9566054
1.1534224,2.9322262,-1.0833154
2.3826017,5.290594,1.1531994
-9.41969,-7.621623,9.550236
-1.880888,-0.7295656,2.0795887
5.900839,2.0755177,2.6847382
-7.3320284,1.7986698,4.5676804
-4.678087,9.748667,0.24179792
6.7580566,-8.766055,3.3425066
2.871786,8.5337715,-0.3894778
4.674734,5.170988,1.8089601
-9.3251705,-9.429745,7.6652794
6.3644943,-3.8531265,3.8658082
-2.1811256,3.4740114,-1.4314799
2.1016588,-7.527311,0.8742316
8.083012,9.350977,5.7209916
-9.215599,-3.762063,7.56721
2.8611193,3.8330555,-0.95130056
-9.040231,1.93013,8.806501
7.403385,-3.8929453,5.2700634
2.9363155,-9.410857,-0.73577625
1.1126947,0.7312279,1.5949516
-4.006115,-8.171055,2.2613902
3.7703524,-2.1841502,-0.082338035
-5.190544,2.1026087,3.1837273
1.9115753,-3.5017214,-0.96961635
8.397835,5.7104588,7.153779
-7.5060215,-8.984361,3.735228
-2.8532434,-7.8944073,0.2651202
2.33568,5.3258057,0.9945529
1.7357836,-5.207765,0.40088916
0.13751888,8.21266,0.55500853
8.603199,-2.022644,7.957387
-2.5986362,-1.7905235,-0.5409046
2.5795212,9.535566,-0.8387874
5.299634,-1.1088905,3.6496377
-1.9389172,-8.01796,0.37379432
6.5343266,-4.165782,2.8806655
6.530998,3.1117992,4.2611175
4.4529963,6.810362,1.9607941
-2.4396791,8.431864,-0.9397154
8.686096,-3.6710978,6.2274733
-5.778223,1.4717569,2.641676
3.0906572,7.284916,0.993688
2.007903,-4.091058,-1.114683
7.0582733,0.668581,4.7666464
-8.19665,-4.846294,7.7509465
1.7433596,1.4249172,1.0603926
-5.7589045,9.728523,2.8617854
5.300317,8.44994,2.9689064
3.4339342,-6.5766525,2.6949925
-7.7788496,4.908017,5.7839956
-0.6260662,9.408459,-0.577832
2.7973442,-1.7703419,1.5556592
4.259902,3.549346,1.451441
8.896374,-8.979979,7.9874473
4.490918,5.556041,2.583881
1.9071007,-1.8733559,0.48359627
5.334341,9.184746,0.9188178
-9.46245,7.0043907,10.005337
6.66728,-5.7483196,4.71925
-1.1757421,-4.4221735,-1.0316875
5.6596365,-7.8633366,2.6957593
2.8636303,-9.238346,-1.1319582
-0.5273533,-9.07271,-1.9082509
7.0391045,4.8409233,5.5464153
-5.8295727,6.631338,3.5199192
2.820015,-6.344494,2.611406
4.3837557,6.9988766,2.0061088
-3.5588217,-3.137227,-0.71917933
3.6226692,2.9836702,-0.65780056
-9.891512,8.375929,8.365197
-5.050687,7.758583,1.6497016
4.862051,-7.9705524,1.3781816
5.1541977,3.9358654,2.9467905
-9.178976,-5.0227118,9.583116
3.460682,-8.586702,1.5203917
0.9402847,-0.4431038,0.5871452
9.761448,-2.2396097,8.779576
-9.753848,2.0992374,8.011095
-2.3833513,1.1280785,0.55878145
-5.6633806,5.7889376,3.1079993
-6.0847845,5.158306,4.162488
-1.6332684,-8.965456,0.24517637
-9.190759,-8.738909,6.6943994
7.8345222,-6.319158,7.8247237
-3.5380077,5.1496735,2.2643518
3.5039215,9.235037,1.0549693
-5.8842983,-5.853672,4.484194
0.053920746,1.8737946,-0.19722788
-7.0843315,0.5581665,6.5931106
8.048822,3.7319374,4.66609
8.433767,3.8626385,7.278798
7.872902,1.5581436,5.916099
-3.500742,6.652611,3.1210556
6.223871,-3.3241987,1.9262549
-8.355026,9.54636,6.9272203
4.5884047,-0.2824688,2.1032135
-1.2343359,-9.063147,-1.7647027
-8.286738,4.8732204,6.585345
-8.025512,7.040127,7.215851
-9.357885,6.7047215,9.75918
1.8739119,1.0993824,1.6879399
-3.6168766,3.3832893,0.66075045
-4.6056356,3.1035433,0.134152
9.520046,-4.269849,8.444515
-3.0467596,-0.4000473,2.78802
3.3729734,0.23605442,2.8246706
-1.7604265,-5.537094,0.7269689
6.0307903,-3.7304916,3.2907536
2.9841566,-3.9840698,0.85158026
6.332596,-1.6414347,4.7643504
2.611185,-6.57998,2.633386
-2.1916828,5.7999706,1.2210392
8.838299,-0.25220966,7.9888873
-0.7129116,7.6918964,0.92923844
-5.986434,-6.419877,5.243557
3.1119213,2.7770023,0.7395201
-1.2134609,-3.2798252,-1.5867512
-7.4163127,5.2984037,5.0535197
1.3081465,-3.998703,0.38506347
-2.3234916,-4.9594545,-0.07955846
-3.982316,0.794858,2.310051
-4.7726607,-5.734122,3.9186964
-4.2556024,6.900852,3.5142338
-4.0496254,-0.37672234,3.5688
0.98258877,5.605261,0.17533767
9.660681,-2.9344854,8.428968
-5.8613515,-2.4616613,3.6157436
-4.6651983,-9.458159,1.3183832
-6.7034683,2.7945251,3.669556
-0.37945652,3.4107313,-1.9115987
0.70113945,6.565363,0.015562415
-6.8639336,1.3253288,4.6323986
4.5676956,-0.95644,3.6043444
-8.968674,-1.3436041,7.7755284
9.255625,4.0783253,8.0225525
1.8818836,9.564846,-1.387093
-1.0078535,0.6427803,0.29855293
-3.580657,-8.436417,-0.20286095
4.489999,-8.92647,0.44806725
7.3023396,3.8285685,4.870802
-6.540884,8.901798,2.417612
-2.5065765,-5.285535,1.801094
7.361559,5.0406647,5.183677
-1.8740692,8.369526,-0.16468519
-7.363403,8.752897,3.6404915
-3.2136583,6.353224,1.0303136
0.34543037,-6.4883814,0.20743448
-1.8668661,7.0150375,0.58712584
-6.8529596,0.35139084,4.965708
-6.264921,-6.003007,4.7953067
2.703887,-9.926968,-1.1359425
6.8614006,-3.9268804,3.0294452
9.097212,8.319347,8.107994
-1.1302938,9.991682,0.24012542
3.8475323,7.34577,1.9782135
-7.94221,-7.068039,6.614173
5.3286705,5.767458,3.0782511
9.555513,5.5282736,10.408463
5.207452,9.0246525,1.9188387
-3.953806,-5.88478,1.5280399
8.153191,8.282923,5.231616
-9.470777,-1.3068943,9.042469
-1.1999664,3.9949312,0.48320997
-2.477758,-8.547692,0.70022404
-9.974665,-1.5495787,10.219404
-5.704758,-6.328113,3.2538085
-7.285858,-2.8440166,5.307438
2.6877098,-1.0367336,0.8836787
-0.8318043,-3.582747,-0.67432165
4.5927353,4.436961,2.8364575
-2.249545,9.26671,-1.392308
8.248798,2.3222656,6.42313
1.1326809,-4.4104824,0.7910992
8.289417,-2.2307491,6.608716
8.1204815,-3.0944214,5.5998855
-8.480518,0.7417288,7.9221616
-6.7157087,-0.88986015,4.837258
6.0232677,5.8478546,3.917116
9.44772,0.76539993,10.459354
-8.535148,-8.968088,7.2983685
0.14635944,-3.5773716,-1.404385
-3.8446102,-4.8441973,1.3859304
9.414629,3.5129528,8.9279585
8.307238,8.963894,5.201933
7.2780266,8.127132,5.542
5.3814363,2.3669004,2.3514712
-0.9380102,-6.45605,0.8476914
9.227379,-0.3425045,9.475194
-4.679501,1.5616283,1.3445092
0.4942417,0.20108032,1.1034976
-2.6311707,5.5148125,0.48019987
-7.295058,4.828573,6.0564995
-4.738866,-3.0723867,2.1601613
2.4245987,-3.7058125,-0.6827786
-0.89221096,1.1633921,-0.38555416
-6.624507,0.9581909,4.8990984
-1.2713137,0.20375633,0.88478625
1.7270603,-9.641888,0.1317538
-6.9965134,-9.382543,4.2185006
6.039358,8.997866,1.9329789
-8.501879,9.757408,5.32647
0.09567356,-8.7654705,-1.533225
-8.180229,-7.0055795,8.129731
-9.017545,-1.4536972,8.764645
-1.2422161,-5.6603327,1.6468272
9.075752,-9.8045635,6.456498
9.453432,3.094798,7.1061506
3.5940857,-6.397084,3.1270175
7.75099,3.2073774,4.740912
-5.4664874,-6.4596605,3.2880595
5.6299295,-0.52211,3.8356032
6.101652,-3.1754742,2.22144
-9.556999,-1.8931236,8.130123
-7.663313,-4.3304014,6.480234
4.320221,-8.380596,2.3608034
0.9240608,8.099443,0.77485526
-6.7688,-0.8328428,4.6525717
-7.891227,-5.385387,5.8541584
7.227291,9.340151,3.2277627
1.0924139,1.2764978,1.393899
-0.022130966,-2.3562012,-0.65494114
-9.66715,2.9053926,8.1867695
8.77393,-0.61150646,9.311278
-6.6105986,2.507719,4.3283076
4.4558754,8.396992,1.1893711
-1.2024345,3.6935215,0.25652796
0.32585716,7.048807,1.4793341
4.910103,5.2877502,3.6934235
-2.6638927,-4.02728,-0.8876041
-2.8054595,-0.8223009,2.2086663
7.971838,-1.8846569,5.4145565
-7.6628017,9.941128,4.299897
4.4500866,-3.7885308,2.0956993
-2.580707,7.148567,1.7048752
-3.3413162,-2.895131,-0.099555075
6.694172,8.363235,3.4593236
1.6882505,4.264883,0.64608467
-9.31015,5.512644,8.514019
8.936232,-7.151004,7.7543526
-4.9620295,-0.29611397,4.413508
8.6448555,9.3218155,5.5894175
-3.138442,-7.941636,0.6905672
9.750389,-2.186016,8.303693
2.950016,-9.860039,0.6898097
-0.48307896,-9.241315,-1.929261
3.8173304,7.373377,2.0468876
-0.3109703,-5.90456,1.9038457
-4.959837,0.95282555,4.03929
5.470091,-8.5259285,1.9023329
6.4861984,-7.5720396,5.398769
-1.2527866,9.02692,0.18639714
9.406197,1.9561205,8.036918
0.63505936,-2.7431417,-1.8667036
-5.2885447,-2.6529112,2.908185
-5.449493,9.647934,1.2560712
6.7282906,7.1259384,4.4602346
-4.0508747,7.0786343,2.7306414
6.3160725,8.994175,3.336864
-9.713936,0.3788452,10.877984
0.34447098,1.4915733,0.5824995
-6.9094563,0.58505917,6.391592
3.5472336,-3.996481,-0.3972447
8.121225,-8.680142,4.878555
3.9351187,8.924229,0.13969052
-3.4382668,8.298712,1.0079228
-9.381107,0.9379339,8.80613
-4.738002,-3.5525417,0.4262941
-5.898168,8.688696,1.906175
9.549175,-4.4460225,9.854464
-5.376631,-0.37978172,4.7106085
3.8665342,-3.4286356,-0.101050496
8.027658,-5.8341303,7.059728
3.6051788,-7.6243567,0.818989
-8.775057,9.759256,7.4833264
-1.1359587,8.779259,-0.14868355
-2.9679813,4.91549,0.18298692
6.443121,-3.6745462,4.283625
-0.9380398,-3.2661843,-0.8265532
-0.52744484,5.8595886,0.8884755
8.895712,7.5827427,7.185373
2.3796196,9.996908,-1.2488602
4.635545,4.6726894,2.4338315
-3.219092,-3.80718,-0.05603248
6.5397396,-4.37773,4.2958493
1.4378109,9.526203,0.116497874
-2.0087337,-7.0518885,2.1219163
1.9271326,-8.4170475,0.32822418
-7.8714476,-1.0394325,7.6494126
0.36769962,-1.6353083,-0.61666363
4.58613,4.9791956,1.6195438
-9.363859,-6.7964554,10.363065
-5.3118,-2.2768793,1.7179573
6.265215,-7.735077,5.016948
0.22677994,6.822607,1.8628712
-0.3406229,2.2719955,-1.3324573
1.0204878,-4.994627,1.3096064
-4.4881964,-2.6895547,0.6396941
8.269228,6.302437,8.798882
-0.9915266,7.9298267,-0.9774225
-3.641099,-9.198646,1.2256883
5.263897,-5.8152018,4.3843822
-8.323479,1.7170124,5.794222
-1.8445349,2.5324402,0.5192484
1.0078831,-6.3395476,0.9938579
-3.103424,3.8184853,0.8399671
5.442544,0.47408676,4.384172
-8.539991,-5.5508256,7.7602797
-2.882936,-7.6484623,0.97636235
-4.2029786,-0.09736633,3.1596684
9.253332,3.118372,7.013827
3.9908514,4.55914,0.8311146
-7.4596286,3.7652054,4.5666256
3.8756466,7.032282,3.0863163
-0.21207047,8.919569,-1.8195655
9.154261,-6.02353,10.333258
5.5186453,-3.548335,1.4584392
-5.8402767,-8.397718,1.9542801
8.913898,7.7803,8.254908
-1.7885542,-9.517834,-1.6432929
-2.277094,-4.83896,-0.3549819
2.9902763,-9.056311,-0.9683555
9.935108,-1.5600977,9.674614
3.01729,-3.9335704,0.8503816
-9.648636,5.8634043,10.197615
-3.1922507,-8.091212,1.425523
9.311867,6.0201187,9.165949
-3.5245285,-3.7430515,1.003725
-4.8109484,1.9159851,1.7705526
-7.970868,-6.42964,8.175668
-5.520133,2.7529058,1.632244
-5.467452,7.8342705,3.9212852
2.3882694,3.4048414,0.5665227
3.9952555,3.0322409,0.16560006
9.543751,-2.6046252,8.5204525
6.562685,-9.422518,4.145556
0.14776039,2.8821392,-0.5512374
5.3929596,7.1396084,4.284035
5.715872,5.6251764,4.730296
-8.62525,8.59584,7.7149878
5.045952,-5.2806177,2.0859728
-6.8406734,5.71192,4.5399485
7.722168,6.8521385,7.2795496
-4.349433,7.410309,1.5934868
2.0748787,-5.1322412,1.7786041
-0.10640335,7.4330463,-0.30124074
4.639434,-8.677696,0.8698105
1.5554028,-5.3584394,-0.042775393
-7.2539496,5.2295885,5.5225515
4.050907,7.905859,2.161978
5.898963,6.5995445,5.3730927
-5.2076435,-2.6196566,2.7251017
-6.4870667,-7.508664,3.5468047
-6.8093433,6.1587715,6.5185947
-4.8655534,-4.988323,1.8807981
-1.2607594,6.951956,0.3303914
0.7477045,-0.09401798,0.9812499
-0.070531845,4.030223,-0.9104247
-2.6448917,1.8019028,1.4690626
6.2055817,-1.3289309,3.1666002
0.52847385,-4.2520866,-1.1961718
-5.806526,-2.126073,2.6249247
-2.6464996,-2.642336,0.47410572
-5.8793488,-8.216593,2.175712
-3.5278664,3.3963795,0.8285643
-9.433046,3.9491062,8.63921
1.747303,-9.9868765,0.44452542
-7.748368,-4.787607,5.5117764
3.8676548,-7.9454517,2.037718
6.850397,-0.08981705,5.1115746
-7.4392757,-5.5899754,5.625756
-5.277314,7.964813,3.6035533
-7.9013658,-7.6261053,5.932479
2.668706,-3.3604789,-0.7048827
1.9349499,8.831207,-1.4363956
-5.161476,0.39378166,2.6922512
6.0408077,8.016531,2.5230954
4.1494675,-4.744047,1.0116851
-9.035385,8.647766,7.0577793
-0.5439491,-6.771016,0.39752153
-4.304893,-3.975545,0.19475019
-1.733902,-8.807556,-0.09205532
5.5680475,9.471285,2.7227826
-1.0756025,3.8128548,0.151573
-6.945137,-3.2547722,3.2540023
7.0343456,1.1288929,6.372077
-9.140457,-0.2555418,10.043724
-3.43433,-7.275636,1.580811
3.853135,-6.6110063,2.0975852
8.83889,4.113168,6.27437
9.705425,7.2565136,10.948909
-2.3492026,0.21131611,1.0533464
3.3369656,9.6671505,0.8894198
-8.782314,-0.62920666,7.834441
-1.9458027,6.010645,2.1065764
-3.1105652,3.8463888,0.7720501
2.8387375,9.936951,5.2392483e-05
-6.552025,4.2060957,3.1516747
2.1604729,-6.3798847,0.52396023
5.1663494,6.5592346,4.252415
7.7934723,-4.77335,6.6125383
-1.690875,-7.984419,0.9600116
9.136063,-8.055017,9.119294
-9.44806,9.927708,8.4855585
-2.8337421,2.3550463,-0.28385136
3.7911491,4.161213,0.8458282
2.5642643,-4.3094277,1.2638924
4.7093763,-8.021004,1.9768317
-6.6357517,2.79566,3.7564082
6.157324,-8.197901,3.2440124
-9.385246,2.1065369,7.5017138
-6.8567824,-1.3259974,5.2705064
-0.6800823,0.99209595,-0.03148091
-9.71507,6.3421135,11.374856
-9.505289,-9.026526,7.2846336
-8.877325,4.3334866,6.8141823
8.039888,-4.534886,7.2329116
2.19355,-1.8853197,1.0099901
-3.190713,-5.157342,0.7685749
-0.41098785,-3.3394918,0.016811073
-8.716187,3.8012753,5.817629
-9.444506,4.964033,8.930142
-6.973791,-8.026533,4.1492696
-9.674385,1.6770592,9.747195
6.5791264,-0.013702393,5.238369
-3.49931,6.626217,3.0968528
-2.699442,-0.038676262,1.8321655
-8.611456,9.275885,7.4000487
1.65621,7.9586983,0.7466585
-1.5003414,-8.952347,0.09586674
-6.8078766,8.02285,5.402795
6.411606,0.7433624,3.8485107
8.429096,-0.9923763,6.7793407
-7.1277943,-6.092844,5.5365977
5.665803,-6.2212205,4.8452835
-1.6237688,2.9438553,0.2808547
-0.09440994,-3.9343119,-0.3380639
4.256486,3.6143608,1.2393312
-1.8231773,-1.3215694,1.247513
8.496433,-2.343316,5.6485076
6.1526585,6.005356,4.065381
-6.4913187,-7.1639004,5.4319487
-6.0856247,-3.4669933,3.5344958
-9.908,6.913784,11.200065
3.2016602,5.367694,0.63880646
-7.5218678,9.743738,5.5678825
-8.38179,7.5191994,7.1626916
-6.4096713,-6.7092857,4.189601
-9.886718,5.719738,10.619371
-8.142431,0.83135223,6.8366647
8.919649,7.0501595,8.729098
5.5858536,-2.4069014,1.60853
8.86026,5.3119392,8.473385
-4.850811,-2.331296,0.7123703
-4.101515,4.4896317,1.8829732
-3.5086784,-4.944043,0.46300164
0.19530487,4.9750977,1.0893351
-7.1776543,5.8741703,7.0386086
1.4660206,7.60133,-0.52415437
-6.408988,-5.345068,4.9953356
1.5802011,-5.445335,0.1875835
9.159975,3.3966427,7.1247044
1.6889906,-6.6044292,2.2214599
7.294441,-6.013113,6.404348
-7.1220913,1.2594509,4.9394274
-1.4112377,9.432222,-1.4785916
-6.1747847,-7.0863476,4.2835155
-1.1094685,-1.738369,0.8929478
-3.9779687,-7.359909,1.2134676
-5.6778836,-1.0639277,3.4693148
-9.659406,8.844252,9.064818
-3.7079287,-7.6698136,1.3939596
1.3391838,6.734621,1.4739931
-1.7592049,5.4706087,1.1949399
-9.313451,1.310669,9.283066
7.5117836,6.5805798,5.8584433
7.4148693,4.9401655,4.847394
-6.029012,3.1710129,2.3700283
1.016552,1.4152184,1.2495693
6.640089,-6.5031614,6.102842
-9.496483,-9.497348,8.813385
-8.836001,6.701233,8.261233
5.5486536,-3.653369,1.2179708
-0.19806099,-9.046663,0.050240397
3.1843805,-3.2681694,0.8538139
-4.1585493,-7.0409083,1.6112561
1.8131056,8.152054,0.83513725
6.632408,7.3863964,3.892788
-2.446475,-8.901121,-0.05434221
-3.2300544,4.061614,-0.087604225
-9.521891,-4.0807343,9.391838
-1.5430832,9.557941,-1.5718055
6.3366547,0.942997,4.29978
-9.450688,-0.6138277,9.285369
-0.77246666,3.9352322,-0.74316627
7.2893486,-8.576965,4.9581933
-2.854147,-3.9663959,-0.8117041
-3.694683,8.259642,1.7532529
-3.016317,8.566719,-0.39379674
-4.051571,-1.7603054,2.2036448
1.1968622,7.5248833,0.8728551
-9.628039,-8.2067,8.467465
3.821372,-7.8806376,2.3974814
-2.5255585,-2.0293465,-0.7207873
-1.2731848,-9.361172,-1.439367
-0.6746912,8.598217,-0.16829741
5.5863457,-1.4678297,2.282714
-6.2116456,-5.3288484,5.430091
-9.099837,3.0623922,6.8879247
-7.233492,-1.689168,4.773427
-7.335905,5.881982,7.041849
-4.868685,5.7374716,2.8913088
7.898155,-7.373953,5.7072215
-7.736151,2.216961,6.3744926
-5.878279,-2.0087314,2.3435225
-8.152037,4.917074,6.162422
-5.0236297,-6.95755,2.9203162
-0.28073215,0.1618824,0.94937676
-6.0976562,3.0202541,3.145166
0.10570049,-7.9440928,-0.8333111
3.3793888,3.0782566,-0.6852648
-1.7013845,-3.8372145,-0.23524779
4.314599,3.7106686,0.72166604
2.2946758,-4.241995,0.37763667
9.660078,-2.1718931,7.9190707
-0.5105362,-9.573156,-1.9476646
8.667593,-1.358841,8.432379
7.484928,7.530348,5.73692
4.780485,3.522934,0.45129263
5.659336,-7.5232544,4.513937
-6.697018,-8.329316,3.3333292
-6.697457,7.574976,4.3102546
4.2704334,-4.301919,1.885065
3.6310139,-7.9537153,1.7882091
9.024357,-4.096154,8.235747
-1.3020077,5.249981,0.15691918
-1.8382893,1.2137213,-0.10229644
6.8553696,-5.1120367,5.5570154
0.32295418,4.9573507,1.2524931
9.388224,9.976738,7.411068
-5.100733,2.249652,2.8611631
-3.2810202,-7.4993334,0.92058843
0.43208027,-2.7335253,-1.8242456
5.3334436,-9.955462,1.6768732
-8.766678,8.533726,7.609736
-2.7991605,-6.5443077,1.2432446
7.262392,-0.28821468,5.366329
2.0822144,-5.8715115,1.6840906
7.069786,-0.35231113,5.3309197
-3.3873487,-7.0700073,0.9273292
-6.3038197,-7.899704,3.4777439
-6.8270817,-7.209189,4.3956294
-5.622305,4.2575455,3.6521165
-7.5150776,-9.999956,4.5632915
4.9556932,8.332548,1.5578542
2.6878548,4.312011,-0.4957479
-6.398244,5.3618765,4.450232
9.165968,9.354927,6.60594
2.8469906,0.7409229,2.406807
3.721572,-2.5471115,0.61102414
-4.213531,-9.220767,1.7100582
6.923378,-5.9419274,6.0287876
-7.053888,-6.8337536,4.9456997
7.2892704,-9.16119,5.0686765
-5.43414,-4.1448307,1.9077735
4.24736,-0.20578384,2.0159814
-3.6176395,-0.30634022,3.157085
6.4966927,1.5567865,3.5988016
-8.386712,-6.874485,8.757671
-1.9497871,5.9367924,2.157284
-2.699163,-9.291926,-0.3149342
-5.97972,3.416214,1.6132066
-4.9119415,-3.9767323,2.373479
-2.8060508,8.552326,1.0507555
1.036891,-5.2518187,1.3642148
7.0980606,9.328611,3.803607
-1.6432724,-7.2791996,0.2452018
9.802006,-6.614275,9.644868
-4.7587013,-1.0260773,1.7971859
-5.1481485,-6.959505,2.474814
-0.5216265,1.0159302,0.04856077
-1.8103352,-7.1476374,1.3414305
3.1763268,-1.0541048,1.7080337
9.239861,-1.2808504,9.491383
3.4239006,-3.5404944,0.6804392
-8.367695,1.6235924,6.09729
-3.4165869,-5.6815886,2.5246923
-1.9866447,5.8353367,2.1229887
-9.105965,-2.8515887,8.074058
3.0918827,-5.7001925,2.731676
8.729057,-2.9242887,6.2597
4.9665365,3.6584482,0.96868116
-0.1980133,-5.708227,1.7476783
-0.76131344,-9.333583,-0.20496988
-4.6829367,-2.2617912,0.63609076
-1.1109352,-6.779867,1.9511943
8.770369,9.777046,5.9545445
-5.141224,-3.5102425,0.9912289
1.5998564,2.5263166,-1.3440809
-7.337215,-4.7122,5.366379
-2.7346172,0.2460289,1.0945262
0.57906723,-2.2011433,-1.5123497
-7.550993,-1.4582119,4.814214
2.7169895,8.284782,-0.17498869
-8.587237,4.2046175,7.887586
-4.08504,-5.0700355,2.976799
6.9589806,5.172779,4.2956133
9.380541,-6.4379215,10.432432
-0.7818413,7.6947613,0.4836148
-7.147418,-8.83186,4.568204
-8.210731,-9.74493,4.797183
-2.457521,9.813444,0.52853125
-5.1030803,5.4629946,2.9002774
7.949112,0.3516159,7.5973186
-7.1286893,-7.732953,4.2134786
6.019335,6.166094,4.065587
1.9012909,-4.0571213,-1.2380669
-3.04152,2.7988615,-0.8074759
8.151472,1.7457695,7.4662066
5.564892,6.426075,3.153528
-0.34975433,-2.3594437,0.037533104
-6.77778,9.99539,4.731865
-2.943256,-7.254916,2.0257955
3.2242727,-4.530492,-0.032700956
8.664701,9.848249,6.108614
-3.3745804,-8.825239,-0.6847916
-4.1558313,-3.0480013,0.8319084
-9.770508,3.1245003,9.322223
6.1464386,3.9999018,2.6035204
9.76026,-3.1920624,8.785171
6.8847866,-7.8465757,5.3243313
-5.572115,8.451031,2.5088732
7.16378,-7.6749325,6.310062
-3.031684,9.518686,0.4743107
5.2281904,0.74853325,2.7686005
5.8471537,-5.7154655,3.3541212
-8.152947,1.4030418,7.717343
2.4746838,-0.3361988,0.8171514
3.9922285,-8.323408,0.170607
-6.0116777,8.67622,1.9328654
9.245491,-5.840132,10.0059
7.806755,-1.7876091,4.895894
8.357651,-5.356691,6.8773956
-0.09020996,2.200348,-0.785161
-5.3503857,-6.703848,2.8091283
-5.4647913,8.571865,2.0518265
3.5344744,-2.653737,0.32071346
-1.9866858,9.331886,-0.29590952
7.9481792,0.0433712,7.6543503
8.375046,-1.609848,6.181816
0.77169037,-8.972155,-1.4373808
-8.186848,6.2778244,6.797974
3.9693031,-0.06420326,2.3213837
8.948952,-7.951623,7.0206175
-2.5116944,4.830512,1.1688498
-5.2335095,1.5197468,1.7949483
-2.3392677,-5.468757,1.4580858
1.432703,-6.010461,0.44155842
-7.4196396,-2.0169425,5.7500963
5.3403673,4.6840525,2.705714
4.2744646,3.2273054,1.7728066
-3.8233175,-6.1785355,1.458138
-3.7044487,-7.012534,2.8657625
-4.744915,8.37579,0.8625405
7.816963,1.9495573,6.1921325
5.930937,4.8787003,3.0692964
2.8422966,-9.4241295,-1.1887226
-0.44851208,4.720413,-0.8262779
2.4981356,8.680176,0.19080889
9.648001,-0.31281662,10.136639
3.1661777,8.110914,1.2692096
-4.987303,2.118719,2.8758354
3.8683023,0.39025497,3.419318
-3.9684067,3.4913435,-0.3251071
-0.3550911,-3.50103,0.023327589
-6.440773,-1.0604439,5.1568766
-0.29257393,-1.9580975,0.17293057
0.5216894,2.5803242,0.15550339
-6.064775,0.99318314,4.481017
6.429003,-4.6675134,5.0752015
9.235888,5.1220894,8.746367
-8.364365,-5.609765,7.9783564
2.897645,6.307766,1.2981104
-6.9080377,1.0045204,4.6985765
-1.9875765,-0.63998985,2.1528478
4.790163,-0.65203667,3.071186
-0.17554188,2.1892986,-0.95165694
3.0303202,0.41918373,2.7868836
-3.2399917,8.725723,0.2812407
9.54324,8.009693,9.814765
-4.694886,9.942453,0.9045839
1.8716536,6.0767956,0.3997115
1.026474,0.21212769,1.2989771
6.8117733,-3.8750792,2.9440506
1.0211773,-3.71241,-0.13244194
6.029192,6.0664177,3.7100863
2.5765324,-0.7915859,0.47443622
6.3761806,-8.96896,2.57124
0.12638855,0.3141203,0.9923568
3.3368244,-2.3579988,-0.5948402
9.864199,-7.2363806,9.541437
-3.2579575,-7.5843515,0.9170817
-4.0692844,-0.91324806,1.723525
7.259094,3.578762,5.1120124
3.8239908,5.3956814,3.0711083
-9.439086,-7.162942,8.549243
3.5566282,-8.456936,1.6708497
-9.807543,-7.633462,9.329646
-5.4292274,-0.40081882,4.6907015
3.9134398,-0.81708336,2.2718365
5.26775,4.6708565,2.2297306
-2.2579489,-8.140191,-0.22485486
8.464663,9.0991955,7.216204
9.9378395,-2.9925642,9.881589
7.7977467,-9.471861,6.08109
-9.184574,-6.3056183,10.41444
-3.6373768,2.4260464,0.0033985376
0.608408,-2.0717201,-1.3954482
8.12772,7.2404976,7.927363
-1.677475,-0.047106743,1.3592211
2.088993,6.0855885,1.5627899
5.263419,8.290882,2.0100565
-5.231993,-3.8004599,2.8062572
-6.055955,0.82172966,5.3137765
9.889339,-0.7646704,9.543815
-0.22313595,-4.572835,0.7181759
7.075878,-9.104452,3.0578594
-9.750919,-4.8554087,9.431556
-3.8169885,5.1079674,1.23909
7.0168667,-1.9223833,3.7819974
-0.96814156,-8.812924,0.053863227
3.3682518,2.6475706,0.7397177
-8.3772,3.6503525,6.8864965
9.733267,1.8371592,8.386672
-4.991106,8.11475,1.900625
-0.50564384,-7.6631413,-0.4540196
-6.549964,-3.9452276,4.2466955
-4.436735,-0.5793266,3.3459973
-8.572872,-6.598362,8.3184
-8.752879,3.3705626,7.629137
-2.0429573,-2.5107431,-1.3044868
-4.410894,9.318609,1.2109112
7.386986,-3.307705,5.1137986
-0.048381805,-7.067902,1.0431547
7.7759647,7.6751213,6.2332587
-1.6748953,9.831774,0.050575316
2.1215496,7.3677406,0.99426335
9.604027,-7.7380524,10.222191
-7.738003,-4.945512,6.757704
-4.332052,4.708578,0.8731109
8.549017,9.184578,6.357982
-2.2926702,6.817484,1.3086171
-2.693139,-8.551081,-0.77813756
0.8025379,-3.366723,-1.335999
-5.368421,-0.57794,3.7585418
0.71917915,4.90796,-0.13239095
-4.15629,-6.924032,2.0461745
3.1723957,3.9524279,0.289814
-2.122755,-2.3406267,-1.2127674
-3.355639,3.0890923,0.93561554
-3.7670636,-1.5957632,1.1256045
2.5980844,9.676725,-0.28521657
5.0183983,-1.051959,3.8579476
-9.1424,-3.8584018,6.946915
-6.9742975,-1.6241093,3.8652227
-9.597177,-4.9367905,9.18051
4.667961,-8.269714,0.9895694
7.4997616,6.4588337,5.6415863
-9.608015,-6.0650516,11.195919
2.5996056,-4.353752,1.2732543
2.02804,-5.1553383,1.6974331
-5.3663254,-0.10208225,4.395355
2.1605196,5.618141,0.83837986
7.7107697,-2.6966867,4.1117716
9.808695,0.058324814,11.16074
4.324254,-3.5498095,0.60198003
-1.9828472,7.8279667,0.23395462
-5.689807,-1.4732399,4.198372
-3.8085866,7.1429214,1.2260189
0.082019806,-2.7196717,-1.1328529
-0.7343626,-2.8323975,-0.025520265
7.296818,-5.527998,5.569643
-9.037094,-6.6871023,8.410885
0.89256287,5.432865,-0.25125015
-3.1804872,-9.423276,-0.98058707
0.8339157,1.9919033,0.6566978
9.616415,8.327427,7.792057
0.29254436,-7.4266124,-0.40127176
-1.7343798,4.110671,-1.0140718
-3.3893642,2.444006,-0.52672935
-9.979381,0.94922256,10.588977
-9.060102,9.496822,8.149958
4.3571873,-6.8739986,3.7233653
-6.10667,5.8759127,5.6172266
5.6774693,-4.962368,3.3702781
-2.8351235,5.95043,2.6666336
3.6077423,0.7882824,2.299941
7.2999535,0.72756577,5.2497196
1.4628716,-8.514952,-0.29001594
3.43359,1.1399708,0.8985759
8.450756,-7.3452797,8.316541
-3.1423512,-8.309398,1.3771529
7.3542004,5.598423,5.8577986
-8.410258,0.089076996,7.3882556
9.15696,-2.569511,8.54367
-3.2801428,-1.5903816,0.18083175
-0.37637806,7.9367085,-0.2222436
5.6098785,-0.17968082,3.2852147
0.73416615,-6.4011106,2.0468717
8.744139,9.662083,7.004125
-4.395174,-5.557184,2.0293128
-5.5117035,7.23711,2.801855
8.927038,8.343399,6.7056847
-6.0359154,1.8274984,4.388721
6.8818474,-9.055248,4.2960334
9.631172,-2.953732,8.466239
6.7693157,-8.339181,4.213939
-3.7807417,-8.765932,1.626713
-0.14782333,-7.3898315,1.3375777
-9.012004,-5.3094244,8.020932
-5.4451475,-9.228571,1.969599
-2.0697856,-5.491309,0.19867861
-6.606977,-7.9003296,5.254421
5.7691307,-7.7620497,2.704142
5.2399206,-6.551311,3.4827776
-2.8616295,-9.624115,0.50830346
-1.5726938,0.17952156,0.95266926
9.659607,0.85937023,10.885379
-0.6159439,-1.9218636,0.6200704
8.493639,9.8611965,7.182977
9.263126,4.84455,9.491524
-3.5077677,6.2899895,2.3030295
-9.550827,5.2207174,10.001018
9.327671,-5.280486,10.085855
-5.3765273,2.5426655,1.1715963
9.562742,3.185811,7.3316793
-6.3839664,-7.359539,4.6904173
1.8137283,8.727409,-0.5584633
2.9566908,-5.939909,2.7758815
-2.3621964,-1.2330008,1.1164116
7.7981415,-9.766098,4.450451
-9.066738,-7.8112197,9.254028
-4.1553774,8.019623,0.61835694
-1.57413,-7.3324547,-0.108270735
7.6588364,8.999727,4.7682567
4.6314955,5.1742744,1.6706991
6.432537,9.246344,3.364841
4.3044004,-4.6851325,0.8575341
8.9942875,-7.8386583,7.121685
-2.4904203,8.31991,-0.78445184
-3.0871177,-4.090604,0.4323082
-1.373188,-1.1838636,1.5644091
3.9338741,9.317654,-0.31147265
-2.9325066,-4.531535,1.3412665
3.6728106,-3.434906,0.34229428
2.7416935,5.725443,1.6106939
2.3513126,9.035414,0.3064714
8.147411,0.4498148,7.038875
1.5927458,0.100317955,1.4077582
6.6358337,7.1050625,5.060155
-2.7880168,-4.0654826,-0.7684849
-8.986303,8.001074,7.5797563
6.111599,5.9039307,3.6651566
4.1473236,1.3423176,1.2900324
8.400745,-5.264814,7.338419
3.8209295,8.818096,1.3989782
0.19985104,-2.6483703,-1.3817294
-7.2180376,-5.026517,4.5307174
-9.480871,-2.128191,9.430276
2.006916,1.5593338,0.42637384
8.158039,-9.905888,6.532425
-0.7773924,2.3293257,-1.598758
-3.2623577,-1.4734316,0.16596791
5.002804,3.0259619,2.0488365
-4.841447,-0.3004923,4.2924337
3.528634,-5.268093,2.0301187
-8.1148,-2.3849678,6.3407583
-9.062704,-2.8835907,8.088039
-5.8339834,8.48387,3.5111399
-1.7121964,-8.845566,-0.010330379
3.3719902,2.874031,-0.09067285
5.059721,9.062372,2.5803735
-6.329496,3.0983534,2.3172078
-2.0537844,-5.307157,-0.013293207
3.292657,2.9412346,-0.15262496
-2.2053156,4.0146875,-0.6966951
0.15027523,4.3056965,0.20951143
6.474058,0.82842636,4.071835
-2.8848352,-8.759228,0.18141693
5.1556206,2.2390985,1.1850116
8.125404,-2.1005583,7.0747404
3.333641,5.321247,0.78735864
-1.7768879,8.957174,-0.37048185
-6.331812,-3.5788488,2.482714
-6.609473,0.17001247,4.452393
-1.9430027,8.19829,0.25951365
3.125164,-1.7125025,1.6378496
5.4691772,1.5127201,3.962586
-0.4824028,-3.8790455,0.2382862
8.0584545,2.505597,6.6632566
-3.9607239,-4.12688,0.42094648
1.9941273,-8.772001,0.5805012
-5.1197076,-8.766446,2.6130457
2.6871004,4.392069,-0.28495264
8.534695,-1.5017815,7.104809
3.503992,1.7453709,0.8874682
0.67002773,6.707079,-0.019844234
-3.6802888,2.09404,-0.13440937
-8.2045355,8.859543,6.3054833
-6.843097,3.0603743,2.8193135
-8.577915,-9.107069,6.816006
7.1074505,6.3319607,6.9034452
-4.1717577,-8.960365,0.5329983
-1.4962578,4.809475,-0.4705468
-8.961065,-0.7778683,9.3769655
-2.7883968,-9.5381775,0.7781859
8.505651,-1.8873787,7.2618837
1.8385019,8.730383,-0.76661575
-1.785635,-4.5619273,1.1266376
5.2120876,-4.3272247,2.8743687
7.70953,5.4077663,5.832662
7.7816696,2.0363035,5.469121
-7.3989654,4.037895,5.849483
0.71796894,-6.303315,2.0339482
-8.2117,-3.402132,6.107651
-6.8947363,-6.5045357,6.49028
7.6788406,2.2770824,4.268711
-7.9671917,2.0361977,6.391205
-4.90417,-5.00818,2.15546
4.795704,-5.4555073,2.1190338
9.7297325,4.6501617,10.357444
-9.714161,0.8122635,9.125014
-6.4528027,2.0454788,3.1154854
-3.9213347,-2.330594,1.1307783
7.74658,-8.859477,5.622194
5.827712,6.422964,4.1217384
6.2342377,9.362371,3.8579767
6.407608,8.481539,2.7114305
-2.5026312,-7.364466,0.6896547
7.3733635,-4.7205067,5.690709
-0.28100395,-7.247182,1.4716494
0.9395361,9.041191,-0.037284255
-2.6519227,8.028374,-0.11485696
4.2421093,-4.503541,1.340012
4.465624,1.7938843,2.7606647
-1.0600042,7.1675224,-0.22115171
8.803392,7.647045,6.9804854
-2.5898623,-4.6410265,0.07952244
2.5310974,-3.782301,-0.012979448
9.082598,-7.6544595,8.051392
5.63416,-8.9983225,1.8447893
-3.6414146,-2.6936316,0.05016303
-4.529811,-3.1205058,2.0521393
1.9299545,5.988599,0.48328298
-0.0757885,7.564148,-0.25601944
0.70378876,-2.1827307,-1.524321
6.4416428,4.4475365,3.5213375
3.4954967,0.06274605,2.4374561
-5.6084385,5.024969,3.360999
-8.164654,-8.827412,6.022172
9.454176,-1.7607355,9.5559225
-1.1009007,-3.3288965,-1.360959
-3.9396372,8.078476,0.9305425
-7.3446093,4.739647,5.672219
9.602789,3.8903437,8.154423
5.0460567,4.990196,2.8685696
-6.3393555,-6.6720686,3.950668
-8.636666,-7.542033,8.507693
8.687216,-5.9092817,7.6006136
4.305418,-1.6991405,0.8671767
-1.4688988,-5.1384783,1.5826021
-8.310861,4.2870274,7.3722467
6.061062,8.646629,3.802535
-6.78821,9.902218,4.6671643
4.914028,6.761091,4.2746634
-9.497795,4.131418,7.4724426
-8.916096,0.1153326,8.086602
-9.593249,-5.3397417,10.609235
9.065426,1.7268639,8.115942
9.087389,5.749851,10.034355
-8.532837,1.1424961,8.014574
7.730343,-1.0987654,5.6283317
-6.0782633,-0.8378992,3.435106
-9.293528,-8.90832,8.662338
4.812605,0.35925388,4.239796
5.668622,1.5829544,3.6375823
5.6682777,8.53405,1.6352711
1.7549725,3.6266375,-0.49528778
9.597076,9.449596,8.6163435
-8.614563,-0.2075634,9.376095
4.613907,7.6850853,1.5131166
-3.168849,-5.983344,2.0700755
0.49388313,2.8826313,0.04693383
6.896879,9.536041,3.9659798
-7.1610475,2.5148048,5.063401
4.3823223,-5.5848303,3.298082
-1.9973965,4.163747,-1.0174332
6.4682045,-9.544792,4.079515
-0.26259613,4.343405,-1.2626404
4.9613714,-5.511241,2.3758469
9.594919,7.0407543,8.932819
-3.5705004,0.909997,1.9959402
-9.850466,3.2282934,8.332045
9.432764,-4.541291,9.638302
-5.5055914,-0.92422485,2.703472
2.2852936,-5.211483,1.6113155
6.2193832,8.512009,3.7072878
-1.5529442,3.9435444,-0.29573104
7.815342,-5.285035,7.0970316
6.480541,-3.750657,4.115091
-2.0132828,4.7670364,0.6317092
2.6218786,-6.1031723,1.9608715
0.75783634,1.9802179,0.65689576
9.782888,-4.9294815,10.677397
6.923292,-1.2298403,4.337938
-6.6604176,6.876091,4.295189
0.96351814,-1.4921045,-0.8197044
5.393593,5.551136,2.6574411
7.6450386,-6.5976057,6.6230392
3.414321,7.833708,2.185096
4.2491703,-9.432115,0.11517185
-1.8463364,-9.5250435,-1.6071224
0.21689892,-9.85464,-1.7480149
-6.921046,-8.648609,3.9101045
8.23241,-0.8779545,6.605783
7.8743916,-9.548965,5.412786
-5.5064573,2.2546873,2.550751
-8.56144,-5.2392445,8.599022
7.7978764,1.6074371,6.0122867
-8.863111,-0.6839266,8.410908
6.4132175,3.7143803,2.305943
-9.740398,-1.3249187,10.063361
-5.112531,-8.002935,2.390911
-4.233946,1.2391491,2.9789574
9.398052,2.3354635,8.182369
-1.6921511,-0.25679588,1.6745372
8.625868,-2.121457,7.440122
2.9054222,-1.0148029,1.1799724
9.687828,0.65492535,10.240075
6.623476,0.5095949,5.02841
7.364744,-2.817706,3.5303302
8.7184925,6.810089,8.776869
-2.9545116,-8.377843,0.001480639
-2.7494535,6.943819,1.3057613
3.222086,-6.2192144,1.1080346
8.809422,7.122154,8.339147
-3.6800804,-6.9070616,2.447846
-7.866144,-6.2055693,6.19171
-7.822613,1.3420963,7.225116
-4.6200013,9.27446,2.0519485
1.5956516,-1.1708059,-0.31208107
-1.1572056,-1.6202469,1.0385803
-2.6667967,3.8715925,0.74931544
-4.674979,3.40164,1.4125708
2.6010427,-3.0969,-1.302289
-8.237171,0.67094994,8.254679
9.838226,9.989729,8.056226
-1.5486832,-0.13818932,1.4426905
1.865879,-8.997931,0.32034504
3.2942276,-8.986576,1.1507046
-3.8909125,5.5327225,1.7979357
7.891922,-6.933099,7.9901505
-0.07411575,-9.129106,-0.32990324
0.8203411,0.6219473,1.368401
-9.51961,-2.4559546,7.304838
1.237793,9.887894,-1.0628496
3.431261,-7.780305,0.2509919
1.3934755,6.995186,0.63397014
-0.99104404,2.9212275,-1.1216389
7.550934,1.827136,6.3906784
7.906044,3.5290194,5.6897783
6.884617,5.6512547,6.481454
-1.7356167,7.165251,1.0666685
1.7274466,-7.6093006,-0.0059382617
-6.9821835,9.473839,4.050039
-7.486422,3.4292612,4.131474
-1.7477417,1.5286465,-0.10521159
1.1177483,-4.5096054,0.87015885
-5.8245444,9.686302,2.5565372
-8.346938,-5.210599,6.9745855
4.549177,1.8404865,2.671524
3.656129,4.168063,1.2708691
-6.6070294,-7.9666567,4.949799
6.6543674,9.026266,3.1412373
-7.4746313,-0.07505417,7.116231
7.564598,1.2022343,6.406971
5.312439,-9.252825,2.7328315
-3.3796701,3.240324,1.1461039
9.520573,-7.8995476,9.207449
-5.6147423,-2.2237053,2.464283
-4.5679116,1.1707535,3.280809
7.970396,-5.8442664,6.741423
-2.576816,8.957623,0.65823275
-4.0388846,-8.151491,2.3360848
1.5473261,2.1360216,-0.45898566
-1.6897564,3.7074575,-0.5401132
6.2999115,-7.0258436,4.4293075
8.164286,-0.71445084,7.856159
4.44818,-9.384843,1.7657094
2.1626806,-9.943534,-0.86821765
2.512168,7.1593666,0.510726
0.26035404,-1.3858433,-0.16235328
1.1743689,-3.2099485,-0.27216548
0.18989086,-8.053613,-1.1938413
6.818945,9.297628,4.195958
5.592186,-4.202919,3.6378329
-1.005434,7.986328,-1.0154674
3.7762632,-9.565225,1.4358346
0.55305576,3.1884804,0.013193905
3.5338297,-3.6488857,0.052421093
8.210011,6.974638,8.164993
-6.8037534,0.29170132,4.6712894
1.4210901,-3.737832,0.2001667
-2.080411,-4.13396,0.62027127
-9.776159,-3.7169113,7.7400303
-9.7172365,8.613092,7.8508306
-1.3093891,-0.042681694,1.226397
7.1572056,-9.458047,5.1120415
-6.593856,-0.123817444,6.068947
3.257371,-0.44460297,0.971329
5.763503,8.477819,1.7515967
-7.288804,-8.437588,3.7900229
4.294652,0.04928112,3.0532584
1.8873386,7.789625,1.2653767
-9.10412,1.1560173,9.582579
-0.19226646,-0.26082134,1.0200013
-9.388083,-8.935767,8.734387
8.743027,-7.5982294,8.339252
4.6868153,-3.0352116,0.20617366
3.831643,-8.315233,0.59255034
7.6772575,3.7435093,4.620861
7.647644,3.0106602,3.9982073
9.927509,-8.4137335,8.362201
4.12582,9.908468,0.77711153
-7.2197843,1.1494293,4.7187757
9.288361,6.5758743,8.601346
2.7778492,-3.7387953,0.7645157
-3.9419985,8.276077,0.20922771
-3.7216496,8.399086,1.0233816
9.357361,-8.873281,6.9287586
2.2214203,-4.038602,-0.56845534
7.268448,-7.223893,5.0885606
0.7798958,-0.06553745,1.0075867
9.237337,-6.772846,9.680896
-7.317318,-4.2546806,4.6331105
2.3833323,3.6797638,0.31828386
2.3861837,4.5847645,-0.55635214
-0.1153326,7.6643333,-0.58340436
8.895742,9.094746,6.2663255
2.0081186,3.2126799,-0.4267562
0.541708,-2.1056437,-1.3892673
6.825323,2.1428528,5.0001817
-0.78946114,9.472771,-1.8668125
-0.6461086,9.509867,-0.816303
-8.244593,-9.936808,6.166704
-0.065517426,9.026665,-1.4788918
-4.667752,-3.079504,2.152719
5.7898216,-3.4237576,1.5649519
8.699377,-8.9184475,5.877143
-9.329304,5.2153873,10.1848955
-5.7921495,2.9757996,3.3677094
9.627697,6.9192696,9.473937
-4.268223,-5.1429234,2.2791235
8.893364,6.6650295,9.241028
9.845644,-9.360604,9.565625
-2.5078735,7.3352127,1.5631111
-8.094917,7.060793,6.694244
5.00019,-8.923472,1.0286407
4.5457277,-7.91306,2.994911
8.690201,1.9349594,6.301332
1.4443026,4.7522354,0.7968625
5.437502,9.7821045,2.2349746
-8.574394,5.08325,8.100641
1.3781586,-6.8768253,1.0713959
2.3535776,3.2590199,0.5440077
6.2675743,-9.209072,2.030721
-5.3529954,-5.065303,4.1278095
-1.1950436,1.5532608,-0.79919654
-5.960659,2.8803434,3.5808322
-6.73012,-8.818645,4.040822
4.1629066,-2.3771095,1.4649339
1.5249014,-8.106898,0.18503824
3.9734573,-8.85643,1.3277142
-0.22771072,-0.060632706,1.0171539
-0.24565792,-0.56466484,0.98907274
-0.3839674,2.1623945,-1.2810717
5.4016247,6.4466934,3.642414
-6.919415,-9.68704,2.9520245
2.1556454,-5.6713953,1.6175935
5.4833374,-3.1945515,2.9799023
5.799905,-7.565316,3.752559
-4.798793,9.098286,1.6716654
7.743824,9.425877,4.325574
-6.6646185,-9.740401,4.362185
5.214384,-8.676813,1.0332241
8.180019,-5.3865614,7.2357297
0.32086372,-2.9874601,-1.7962189
3.0635967,0.7700968,2.3613374
-9.473209,-9.776499,7.0373197
-3.9555955,-1.3409042,0.96254456
-3.9289188,-8.05834,1.5829064
-9.310343,9.327566,8.573835
-2.1176338,-5.9608507,1.453434
6.9811935,1.7003536,4.1034555
-0.95478535,9.918488,-0.74418586
9.881775,-7.9336367,9.544446
-9.00175,0.4370098,9.721114
3.9881506,8.952425,-0.21113026
8.647104,0.11289406,9.299254
9.719587,-7.3742237,9.35872
-3.8791466,-4.5759106,0.4780019
-9.029133,-8.613731,8.156528
-3.6754332,-5.141815,1.8160523
7.413084,-6.5078998,7.370217
0.87616825,4.612336,-0.8061908
9.558001,5.666273,9.268716
-7.3017826,-2.368947,3.6157131
-6.261821,7.8104687,4.941925
5.0963345,-6.1094294,3.8587837
3.428793,3.5968456,0.046097636
-6.496812,-8.857855,4.2183104
9.303165,5.8300705,8.815348
-3.8566265,-9.917127,1.1267223
-8.310993,5.8481445,8.809995
2.7790737,-0.65609455,0.5964246
-5.6023407,-8.85481,1.6853105
-4.758785,9.055876,2.1072707
-5.586374,1.4265633,2.2711344
2.7198887,-7.4466276,0.1497657
4.6849365,2.6459494,1.1457558
6.7256565,-6.447952,6.08734
-5.6586704,-7.2676563,3.4746175
-2.3371086,0.18952847,1.0996954
9.334225,-1.5090094,7.775861
-5.1369276,-6.8863783,2.7330236
-3.6146379,7.218937,1.079951
-1.9228535,2.4173107,0.6186975
-8.854814,-4.953413,7.9590144
-7.3912597,5.12665,5.6734996
8.908901,5.988428,8.950455
1.8459377,8.112831,0.75327396
1.8684187,-1.2153721,-0.0677374
3.9642992,-3.023428,1.1270638
6.08148,1.1054049,4.57253
6.7171307,-0.87227917,5.566451
7.162365,5.19956,5.155951
4.0361214,-4.694357,1.5137117
7.5386734,5.024996,6.1723757
6.533764,9.283087,2.4579859
-1.6721048,4.0294466,-0.7904725
0.9007597,6.888462,0.825225
-5.2381516,-6.5746617,3.8198109
-7.5246487,3.6423798,4.022628
9.4848175,-8.342777,9.082897
-7.446642,-0.3281641,7.134472
-6.251689,-1.5026665,4.0070086
-9.659512,9.876774,7.5154266
-7.660054,-3.0246344,3.9507415
2.2731571,8.207451,-0.020969242
4.7998314,6.0181446,2.6946225
-8.335319,-0.08887768,8.618703
0.7957697,6.8379364,0.16753787
-7.3825336,9.842302,4.9296384
1.8933249,-5.504124,1.9095167
5.9730196,-9.110138,3.4625316
-3.8367844,2.3041878,0.25124425
-4.390231,5.182782,3.071355
6.5134945,1.3699102,4.9231687
-6.44469,9.185711,2.7101614
-2.0437431,-1.5736122,0.340475
-8.325878,1.8748779,6.5348063
7.007349,-7.7129498,5.648258
3.1894207,7.1400566,0.96770394
-3.9726677,-5.875902,1.5202807
7.1163273,-1.330781,5.3474083
9.468407,-6.6262636,9.998363
4.0818253,6.8610096,2.7694464
-7.0618224,-5.9111395,5.13351
-2.1805358,-8.436672,-0.5125453
8.043989,-5.0102243,6.2511663
7.267193,0.018582344,6.4156685
-3.28761,-6.645131,2.1600938
6.617298,0.54514503,4.784783
-6.541629,-1.5859995,3.450532
2.6824818,7.7926064,1.6664332
8.815058,4.6041374,7.914696
1.8150024,3.8267384,0.17007142
-7.9461346,-5.210453,6.2587337
2.9992666,5.632992,0.76832163
5.573168,6.297846,3.5905468
6.954767,-0.54452515,6.2938128
-6.578009,0.056458473,4.962521
-1.795064,-1.4923487,0.84698653
-0.52045727,-0.18570995,1.1063967
-1.748353,-7.3301115,1.0525876
-2.2192993,4.9593973,1.7369747
-3.6032462,9.2042465,-0.66156447
3.443884,5.017496,0.4864294
4.752016,4.720661,1.839134
-1.942297,9.064728,0.38817888
7.8582077,6.9746475,5.959812
-0.053739548,2.3352737,-0.8170385
2.4377584,6.642685,1.0638669
2.5026903,6.962223,0.41509384
-3.4048796,2.0456066,0.07191351
-0.43898106,-2.4142418,0.14459288
-1.1168251,-5.918746,1.3802749
3.7817745,-2.746644,1.3277369
-5.372466,2.9908352,2.2501407
-4.590436,-7.801366,1.2095158
-9.652548,-9.094191,8.189845
-4.350195,-1.5358047,2.3148546
3.1874523,1.6799889,0.10640672
8.082821,6.4111404,8.524894
-9.858641,8.09016,10.423758
-3.597499,-8.10216,0.28218615
6.2914524,0.14587212,5.741852
-5.407753,-7.2661543,4.4786534
6.7518272,0.9449053,5.2410383
0.40357113,-8.165188,-0.13688259
-9.402058,-9.01791,7.957588
1.6908789,0.46822548,1.8898354
-5.9939814,6.6543636,3.7086143
1.9435511,-9.57509,-0.37339962
-8.960104,-8.996714,6.2414126
9.396618,1.1464872,8.265979
-4.266654,9.663338,1.2284001
6.3955765,-2.857894,3.6713552
-6.291767,9.209301,1.9973276
-8.381022,9.354113,5.8843446
3.934328,-4.362445,2.1983893
6.0119953,2.7504902,1.953359
-0.08994484,6.179596,0.46780598
-8.457056,-8.765779,5.4078045
-2.743021,4.0079107,1.1047785
-6.929755,4.141822,4.6766176
2.832674,-0.026800156,1.7262019
1.6192331,-9.87719,-0.3555572
6.9492207,-1.5586004,5.8278604
9.98221,-7.602031,9.745903
-4.6227264,0.000248909,3.1358094
7.900814,0.2647295,8.07488
6.9476547,-5.4621468,5.2610517
1.5371647,8.730652,0.22164112
-9.804409,-6.538686,11.537069
-6.9357657,6.4946346,4.91441
4.357314,6.381035,3.3468654
7.430792,9.215275,3.9477441
5.3442955,2.9312181,1.9208515
0.94252205,6.6443787,1.0036004
-6.08148,-3.475647,3.5076804
-8.787068,3.5851555,6.7310596
-5.7146597,9.069183,1.3283343
0.07451439,-9.742277,-1.6133025
1.3181095,-7.0745063,0.77700937
7.6587524,2.9631882,4.2348776
-7.2124376,-2.2818336,3.8679454
5.230156,-1.6965847,2.086137
8.471085,-5.711653,8.969093
-9.038501,0.008820534,9.08977
-5.328249,-3.1369758,0.9940025
-2.7908049,9.526173,-1.2090688
1.9186411,6.1236916,0.62619054
8.957468,2.6176147,6.164364
2.0408058,4.1025743,0.7122992
6.7661705,-4.2098117,4.304852
8.091293,-2.6899219,5.422905
7.850506,5.9210014,7.6961937
-9.120291,8.592295,7.4702406
-6.533327,-2.0550861,4.560816
-0.6538372,-8.767348,-1.272156
-0.036489487,-0.2521515,0.9777118
0.8430157,5.9489775,0.06120062
8.400898,0.46914196,7.232373
9.057325,-9.641462,7.823079
-2.9258099,1.2583828,1.6776967
-4.6229706,-5.4114175,2.665003
0.8099642,4.1078396,-0.68733364
1.2652922,8.247377,-1.0703622
6.1671944,6.08189,4.5934806
3.5527325,-8.135021,1.5717326
3.1161156,2.2902088,1.0655749
3.28292,-0.5591202,0.96032053
7.4452915,1.9871998,5.9299097
5.955611,-4.9429584,4.6938577
-0.98361397,-8.119371,0.8257193
-6.977768,-4.666314,5.7333813
6.742958,0.41514492,5.79745
-0.81528854,5.5184355,1.7653688
-7.1641216,-8.824268,4.68416
-1.6665468,5.005455,-0.31671885
7.357996,9.563087,5.3725824
-4.596615,-8.319001,2.1786947
-0.96423244,-6.981621,1.2926363
3.3735218,1.9244432,0.9991921
7.190773,-5.954013,7.037135
-1.496645,1.7548523,-0.45173433
-7.1828914,-9.033707,5.119342
-4.180311,-0.7573433,2.4498281
-3.2279348,9.082962,0.9646711
1.0908995,7.517212,1.3899994
-6.7899394,1.7034187,5.3197055
8.811243,4.42807,8.451435
2.6363716,9.011215,-1.2017033
-7.203703,-8.092859,5.936728
5.461007,7.408045,3.7894166
0.50465107,3.4100971,0.050052702
9.784094,-8.392483,8.6418295
-0.20095062,5.138508,-0.44124967
-0.13187504,1.3814754,0.008755028
-9.651223,-8.8298435,8.100892
-8.259902,-5.1803994,6.3443394
0.034971237,0.9607029,0.60665697
8.486366,1.1438608,7.3372207
-6.1840177,2.6477957,3.561555
1.9579229,7.77063,0.9404614
-6.8914723,8.320911,3.5854647
-7.7505646,3.8004246,6.1414433
-3.6769962,0.8835373,2.0934167
-6.6947975,0.037599564,5.232253
-8.273912,9.150173,5.5786386
-3.06944,0.56714916,0.80000305
-1.3663301,-6.60908,1.5184833
4.9786873,-4.845996,3.4566636
4.5976114,-9.751865,0.41356945
-0.13125992,-6.932342,1.5877829
-2.2839975,9.722982,-0.21976036
-2.124474,-7.7841654,-0.21635675
-8.2138405,-2.2388449,5.6832776
6.9514256,-9.427056,3.4045165
8.970091,5.649028,9.247508
-9.193792,-4.1164255,8.037204
-9.54815,9.985258,7.3817234
-9.369724,6.7789288,9.026239
-1.6128454,-4.202734,0.24743658
-0.024147034,-4.1357207,-0.44547623
-6.529591,-1.6635132,3.1798716
5.52577,-2.6131735,1.2352523
0.65855885,-8.662225,-0.13285178
-5.061713,0.9826908,4.082829
-9.67402,-6.792165,10.494697
7.787119,-6.380658,7.605977
9.918282,3.0791483,8.070953
0.9285011,5.3693094,-0.26606822
-4.7893057,-9.490313,2.2907867
6.3576527,2.164363,4.4124637
5.8934355,8.357761,2.1439242
-1.4349651,3.8117332,0.14886117
9.377628,-7.4185753,8.777562
-7.389411,-9.563992,5.469922
-1.1459723,-1.0383015,1.5673283
8.474611,7.019169,8.127165
-6.187501,-0.74074364,3.5747974
-3.0846238,-9.422904,-0.76011324
-4.251562,9.784037,1.557971
-4.093678,-7.434307,1.2515247
8.808493,3.1223412,7.4561477
6.1635895,-5.9577093,5.5759964
-9.091183,2.0326328,8.181467
-6.116227,-2.0827188,3.422133
-0.13049221,-1.1634817,0.54909056
-3.2514858,-1.6182528,0.15690649
-5.5070615,7.98168,2.9321146
-9.829555,-4.688944,10.497748
7.375248,-3.0008078,4.5894117
5.5988684,-7.1637487,3.1032264
2.901558,-5.804948,2.636427
-2.2504606,-1.7022018,-0.26044843
-9.693211,-7.873056,10.170517
-0.62605095,-3.8030682,-0.06047982
3.8229742,-1.2486944,2.7761936
-2.9021893,-7.063278,2.5500298
7.8714237,2.0801058,5.0909586
2.2854328,1.2263288,1.1924661
-0.49619675,1.8918362,-1.0977366
3.952095,9.33041,-0.16781533
5.2112875,-6.6393385,3.6949677
-7.3346195,-1.9177713,6.0370874
3.041008,-4.0085244,0.64519393
-9.088925,-7.6957808,9.157235
-2.0954227,-2.548616,-1.1993825
-3.242158,2.5619879,-0.68492615
7.6355267,2.224637,4.2643566
-9.6321,-0.91563225,10.456047
3.5528488,7.150194,2.1769028
-9.112191,6.9198895,8.885616
4.3351192,7.7403107,2.8354912
2.449047,7.185644,0.26998496
-3.9349985,0.31394482,1.5552732
2.9537058,-0.48149014,0.7697666
9.59771,7.6669807,8.426648
6.0880737,1.3439178,4.878125
-9.124676,8.555187,7.2221527
-2.5915742,0.4092312,0.716427
9.070852,-7.6128254,8.527046
1.547121,-6.8376064,2.003884
1.2328453,4.615673,-0.5032385
0.7134743,6.3229084,0.07027954
-3.515854,3.3120708,1.0471973
-2.6159096,7.8252735,-0.28575504
0.66366005,9.316145,-1.0503242
7.527527,-4.304924,4.4343295
-2.8184834,2.9665098,-1.0644951
-2.616931,1.6812849,1.5261115
1.9035969,-1.2180557,-0.025286019
-3.6600552,-8.380789,0.16122466
8.722601,-7.721758,8.722139
7.5226383,4.392619,6.3430157
0.4201107,-4.329814,-1.3250163
-6.4667034,-3.8805332,3.4041681
2.798668,-5.486659,1.1370842
8.480513,-4.2204437,7.663389
3.2944021,4.4147673,1.7104324
4.1915703,-7.108748,3.4339027
-5.2931395,4.462489,3.5527074
-9.851069,-0.8856878,10.981183
-3.7602768,5.1187277,1.4213859
0.31958008,-5.3300595,-0.4018727
8.8847065,3.5507698,7.107595
2.0879478,2.2072544,-1.1530201
-1.8332014,7.459713,-0.17496231
-2.5127544,6.247015,1.6199914
-1.9120407,0.8040695,0.059928834
-5.3772917,8.467426,1.3160655
-4.18651,-7.4897184,2.0488389
1.8577881,-3.390771,-0.6401253
6.7721195,4.206415,3.891072
8.4936695,5.4877357,8.40489
3.850974,-7.1502852,1.4566605
-6.9097185,-2.9157352,4.7626657
9.24453,7.9220734,7.648038
9.65609,-8.603155,7.659017
-2.9717484,4.399517,0.08900416
0.3447771,9.910656,-1.1442857
9.051977,-3.7104168,6.5258946
-3.5164967,-1.1199617,0.95720446
4.740673,2.5354252,0.9056479
1.6633091,4.5908356,1.1317368
5.5742607,-1.434598,2.2532005
3.4841356,-8.8762865,0.8310053
9.921356,-0.4351759,11.67318
8.474972,1.1825476,6.998688
-6.823372,6.608469,4.7078156
6.017929,1.801136,2.4054546
-1.9784946,7.524044,-0.01686436
-5.2322807,-3.8348937,2.9061437
1.677248,-1.536746,-0.2192859
-1.361126,2.9193954,-0.050820827
-6.516718,7.9491196,3.1523485
-8.826795,4.1682835,8.0609455
-5.5731115,9.219566,1.2285056
1.029562,3.2777548,-1.1156994
6.0943375,5.1222334,3.9145713
5.8926125,2.1686563,3.1204946
2.6667538,8.257681,0.28828567
9.486275,7.8220444,8.100233
-8.5648155,6.0744896,7.3320184
-6.2942705,-8.473787,3.4516118
4.304592,-1.1100254,3.295425
-9.108491,-3.3876858,6.796063
9.431211,-1.5033932,7.962994
1.3787956,7.120407,0.47685272
-3.6854959,-6.6021657,1.5901484
8.9229145,-5.2128067,7.8683863
4.662451,-4.0556073,1.5037956
8.410116,0.70459557,7.4849887
7.5337696,-5.556282,7.2746115
-1.7403994,1.9983921,0.2183131
9.077839,-8.47487,6.6595893
1.320612,-5.118108,0.11098775
0.96831703,5.972314,0.56632507
3.4747877,6.895447,1.1040319
-7.828761,-3.1251597,4.5107584
-5.9792337,0.53453636,4.4901266
9.462502,-0.34012318,9.973355
-6.5440836,-7.07955,5.695483
5.4033623,-2.2423935,2.7322764
6.0436916,5.9036293,3.6803954
-8.118502,0.33597088,7.132812
-1.1460762,9.591677,0.14524043
-0.10699749,-8.169144,0.4581264
7.418928,-7.088257,5.466095
-2.7364912,-8.525419,-0.8464339
9.032003,-6.3296866,8.574713
-8.391163,2.098116,7.484994
4.177616,6.689535,2.98599
5.46002,-8.186716,1.9971726
-3.6024609,-7.630093,2.2281902
-3.2886305,-3.7038517,-0.14081794
-6.3694468,5.9318295,4.91263
2.6530514,5.281933,2.235447
3.351139,-1.015934,1.9097636
-3.5148869,9.121666,-0.32072377
8.086988,3.6390867,4.746395
-1.5322542,9.399412,-1.7299584
-1.5581589,0.026883125,1.2005486
7.8102074,-6.1926985,8.042395
1.7521296,0.11158943,1.495052
5.3531075,3.1673918,0.9177391
5.894291,3.9096975,1.8857566
-6.5456653,-0.037633896,5.5277205
-0.12666225,0.34158134,0.9005785
8.831575,1.8973589,6.6121054
-6.183547,-2.2047758,4.107009
1.309701,2.448309,-0.6625341
7.4282722,-6.3649426,6.6705785
1.1041346,-2.2005138,-1.1203008
-2.2422647,5.391575,1.5900798
3.6161528,3.0566607,-0.68707067
-8.271476,5.5957546,6.870808
8.2159,-6.6599727,8.646292
7.8556423,-2.9433036,6.095286
-2.8003273,-5.177125,2.1680987
-3.6175752,-7.779093,1.5159943
-1.9560661,-4.105561,0.796772
9.949722,-0.6396675,10.620752
-3.8386035,-0.7325916,2.5404673
2.9944305,-0.6179104,0.75055695
-9.493923,-6.316661,9.736893
3.0226822,-0.6784439,0.80518085
6.059059,2.6516247,2.438107
3.2367983,7.1820717,0.7193803
-0.4751768,6.049841,0.731785
0.7297764,-8.35712,-0.24560514
8.659779,-6.3707805,9.47703
4.345804,7.8880253,2.128716
-2.3107395,6.7881794,1.3868823
-8.032064,5.5509567,6.627691
7.2880974,-5.157578,5.852222
-3.7230577,8.433147,0.8576206
6.234783,-9.715298,3.7014942
-2.0097685,-7.9527545,0.033534348
0.16597176,0.89500237,0.77627105
-7.8863535,4.65084,7.01055
-3.8096294,-9.425639,-0.5245424
0.82509136,1.4720345,1.1038961
-9.664003,-0.15048885,11.321219
-2.0579028,-1.31633,1.0945611
5.8104944,-7.832558,2.3984907
7.028454,-4.7938814,4.260907
7.365925,0.4694233,6.0066104
-3.0496273,2.3916483,-0.6487754
0.78717136,6.2719364,0.08703959
-8.02452,-3.542675,5.365328
5.1801186,9.465422,0.7405433
1.7705622,3.7652988,-0.124052286
8.370264,-6.7941165,7.563967
-1.5556793,-9.955678,-0.40199047
9.563929,6.723379,11.046473
4.954343,0.7557583,2.6154401
8.534119,-1.003643,7.0627904
-0.6507969,-3.3105183,-0.1089713
-7.846265,4.701442,6.8699727
-7.842481,-3.598443,5.306591
-9.428888,-7.316185,9.27147
1.6621542,6.9447155,0.21155947
-7.7329493,-4.287455,6.5535197
-3.266591,5.757908,1.9730601
5.0814476,-6.8768444,3.788242
9.090891,-2.0103016,8.382036
-2.5080242,-5.4797506,2.2467074
6.9235115,0.425642,5.8977036
-0.7577629,-1.1826534,1.2168314
-2.0011592,2.9833984,-0.27920192
-1.1834326,-7.756498,0.4804078
-4.5343184,-8.819919,1.9836347
2.736969,7.952982,0.87247413
-0.054131508,-7.656788,0.59891933
-4.8723316,3.3719625,2.0607831
6.3605843,-8.684826,4.2728963
-4.467385,1.9486961,0.96799886
-6.772785,-0.21276855,6.556105
3.4714527,-4.9174786,2.3872066
-0.6140671,-0.20592117,1.1426936
-5.5048904,1.2277622,2.9089348
-8.163314,0.2798376,6.869063
-2.9961052,7.565323,1.8075061
-7.656667,-5.7279563,6.587321
5.438959,4.528248,2.2923796
-1.245594,9.210054,0.06676012
5.1505737,-7.182704,3.922151
4.8676605,-7.8325105,1.9768382
0.80546474,3.3797598,-0.49975955
-1.5396729,-3.5499582,-1.4100888
-5.1574516,-0.22552586,4.5526595
2.2513018,-9.328249,-1.3247786
-8.695474,6.108309,8.257588
-4.8729095,-0.6602297,3.0888014
7.974659,0.61479664,6.1944814
-1.9409714,-3.4760976,-0.1204676
8.06723,3.471427,5.8282056
5.9217377,-0.16399002,3.6677713
-2.108058,-3.9853954,0.63361245
-8.048931,2.484089,4.776421
8.03093,-3.713025,6.608115
0.8424196,3.711214,-0.75594556
9.450378,-9.577782,7.3841925
-9.044122,-3.869307,7.009726
2.060729,-6.851736,0.2674973
-8.615899,4.2545023,7.8451123
-1.214119,-7.0221496,1.6693127
-8.765121,7.748081,8.72126
-9.101765,2.434888,7.693508
0.50446606,6.128771,1.0633656
9.858772,-6.52316,9.695139
0.76623154,-8.123342,-0.1486125
-0.926466,-1.6410179,1.0143979
9.321413,-5.4945993,8.579176
0.9153795,-3.3871756,-0.9272338
-5.5836573,8.220034,1.8186333
6.3588715,5.344822,5.174674
7.1354866,-2.9545856,3.32022
8.670984,6.0723763,9.180723
7.864191,-6.698159,6.4317102
9.295643,-5.8108926,10.103398
-3.708825,4.4294157,1.7556854
1.4378834,4.317294,-0.25349313
-3.6490297,-2.8913927,-0.5400196
-1.3310966,-6.8241224,1.3690372
7.9061165,1.5630093,6.050936
-7.901307,9.646826,4.533537
5.4646416,9.842077,1.704516
-5.7778273,8.203997,3.2692595
0.05483818,-7.4990473,-0.051911294
-1.1906195,6.628851,0.08334702
-4.5042777,1.8312941,0.84816885
0.8527508,-8.116626,-0.78272617
-5.065583,0.64226246,3.4783642
9.057447,-9.6572075,7.705608
-3.6201262,2.1467571,-0.23071223
6.3294754,-5.498724,4.9580255
-2.381979,-6.728356,1.1564555
-7.873299,0.48658466,7.7189193
7.7628117,6.7446976,7.7885575
-2.7612424,5.6128683,1.3381264
-4.142678,-6.1883807,3.194379
0.7496939,5.6880264,-0.017003834
-0.10188198,3.7207508,-1.2059493
2.8218126,-6.6756735,1.7322788
-2.4262762,-2.5793433,-0.28235996
-2.8851929,-2.3963737,0.6872977
5.471348,-8.127822,2.2544105
4.5834618,-9.124815,1.977373
8.838932,-6.790642,9.012364
1.1036148,9.090839,-1.3941953
-2.595961,-2.657031,0.365461
-2.1304502,0.9599104,0.13783744
-2.0378265,-8.303925,-0.95665884
-3.1602716,-1.7200985,0.10054958
-3.4128237,3.77808,0.038823545
-2.8175268,-0.20264626,2.3138244
3.0157948,-0.7858429,0.91897404
3.9567366,-0.1332035,2.053731
7.6112576,6.7238293,7.4879103
-9.731313,-7.044648,9.661329
7.7546387,-8.980244,4.610714
-2.014717,-9.632005,-0.044725776
-9.771849,4.066181,8.05256
6.5374527,-5.570422,5.9891853
-5.669565,-4.3736706,2.5524704
-4.506271,-1.3226681,1.9589341
3.3188667,5.862463,2.5848336
1.6380224,0.08691311,1.4064224
6.8167286,1.9573841,4.970597
-6.977575,-2.80895,4.6051865
5.4326296,5.4423704,2.6568012
5.2122498,-4.988768,2.2253232
6.189806,7.708256,3.421285
-3.328421,8.231375,-0.029388815
1.6983309,-8.995535,-1.0382361
2.943451,-3.1663847,-0.2377913
9.428757,-1.2050066,10.181548
-6.076739,-5.384754,5.2806115
-9.181905,0.53693676,10.266411
-9.043995,-3.2821846,6.2021956
1.3244257,8.27878,-1.236248
-7.6001406,-0.7911377,6.2121077
-1.8511686,-5.5899167,0.3143677
-4.674655,-4.965627,1.4961855
1.8114958,-9.345871,0.27106255
-7.086178,-6.146035,5.594769
6.166765,1.941515,2.8813448
-9.823874,3.02067,9.643662
-5.4786015,-4.309965,1.6111395
2.0635033,0.101745605,1.6290463
-9.835865,5.017543,10.766577
2.4648142,1.3218365,0.73770165
-3.7411604,1.1265659,2.7080622
-5.050522,-6.5601215,4.5021353
7.1683006,9.40172,3.1499312
-3.2289362,-2.9522467,-0.047153473
2.3639727,0.8249512,2.1663294
-3.861277,-1.2314968,0.82468694
4.6780357,4.344455,2.824028
9.106659,-8.282967,7.845252
9.599377,2.275755,8.71161
-6.048994,-7.7620482,3.9213066
-9.940424,7.8931313,9.763403
-6.9928026,-3.9417005,4.8457394
2.817068,2.0414114,-0.16744167
4.0145054,0.6617718,2.8666556
5.252138,-3.9747105,1.1878282
4.342428,-1.33461,2.5882933
9.728207,9.512007,7.477699
-7.583246,-5.056348,6.688514
-7.8398027,-2.5993834,6.2888107
-3.1315145,6.591585,0.9578444
7.761696,5.8708477,7.9404716
-7.6787114,2.7667122,4.286736
7.49745,-8.750355,4.4802656
1.6639185,-1.6130505,-0.20718269
6.1856804,-9.853155,3.8681633
9.907478,-4.942075,11.007572
9.733278,-1.0690575,10.785483
9.600065,-3.7796888,9.400604
-2.4540114,4.1052685,0.6365788
-4.267172,0.10026169,2.4009526
4.2453556,1.9680042,2.292612
8.52776,2.9315357,6.1613345
0.24897957,2.4142456,-0.17519373
-2.367159,-9.803917,-1.3064544
-1.6173878,2.019043,-0.04812637
-3.5693526,8.228207,1.7974222
4.801634,3.3753576,0.8539843
-9.945789,7.178583,9.759268
8.509195,-5.414548,7.0188627
-0.36723137,-2.5384226,-0.0071293116
-6.0620832,-9.123737,1.7741342
-3.5670328,-9.132791,1.2319161
-6.1385083,-7.5387836,4.827433
-8.689202,5.110278,7.5281634
1.0062227,-5.881668,1.3785894
-2.2710838,3.3567486,-1.4347076
-4.4889107,6.925621,3.1372843
-1.7030668,3.571556,-0.41969305
-1.3787556,-4.1914234,-0.7907607
4.40565,6.388357,3.0645556
-8.089111,3.6674871,6.662623
-0.23446846,2.2679005,-1.1435461
-0.13647461,-2.5086746,-0.46872157
-8.1748295,7.944172,5.734803
9.217983,4.832823,9.154015
-4.7406206,-1.7577171,2.949114
7.9337997,4.6118584,5.298658
7.66485,-6.6637397,6.0784187
0.27083015,-0.8659363,0.42288435
7.4459496,-8.302173,5.959989
-7.524979,-8.923767,3.8617
-1.099225,8.1454315,-0.6203927
-8.248912,5.3156834,7.5051103
-6.0876217,-3.3939657,3.7087328
3.1594324,-5.5719376,2.7032719
7.45154,-3.8373337,5.099259
-5.934272,-2.3765411,3.7996294
-4.040595,-1.7012367,2.0596151
-5.6070137,8.562855,3.2687895
-0.8688173,9.572094,-1.8086598
-8.306206,5.2216864,7.9596515
-7.915051,-5.594488,7.3308325
-2.1755624,-3.5255537,0.52925354
9.608051,1.2470417,8.99762
1.7226515,-5.9559574,1.9851617
-4.1625605,8.946114,1.2893622
6.6850967,-5.927212,4.4683943
7.3805637,9.256002,3.74376
6.8344097,-0.043794632,5.3750954
0.0930748,9.060303,-0.18661243
-1.0833645,6.535679,0.37016195
6.495304,0.8989668,4.411651
5.3755302,9.815603,2.564639
7.5823574,0.87365913,6.725868
7.20216,3.8384428,5.0087857
-2.8384914,-2.5790129,0.82086635
8.469839,-8.805973,7.0856314
1.956501,-6.130086,1.9131228
9.95583,-8.049001,10.717784
9.948175,6.850191,9.916303
8.386749,4.4471455,6.380335
6.6566257,2.817278,3.3873534
7.8517437,9.271755,4.660125
-4.700172,-7.0594597,3.9039402
-3.892951,2.8130913,1.5679966
-2.3305082,0.43143177,0.60708886
-5.118288,-8.752771,2.5661466
7.347088,-9.659829,3.4660242
0.9348297,9.712101,-0.53283775
-2.5327325,8.491415,-0.41957378
-4.4803333,1.8169937,0.80445445
-8.903139,-6.4197435,9.487849
0.7175102,1.3931923,1.0694247
8.790379,7.1306057,8.2384405
6.575289,-2.1757174,2.7689586
7.925871,0.13885593,8.163776
6.8323784,-4.9186287,4.0585837
4.2079935,7.5593777,2.4448614
-0.2879629,-6.095116,1.973711
-7.3977494,-5.6193247,5.5936804
7.3524075,-2.5690293,4.526291
-7.0368505,-0.31694603,6.692213
-6.0133433,2.5195208,2.2745283
4.012686,7.7838573,1.4994768
5.4919434,6.1238117,4.802629
-5.203879,1.4426861,1.8952006
6.3286095,2.6223736,2.3611023
-9.358682,8.476809,8.886876
2.3830109,-2.9364767,-1.0663807
4.414668,-4.76063,1.1697043
1.8574486,7.658495,1.5353777
-5.6270695,8.675316,3.426913
-6.7534447,-0.40958786,5.8448906
7.992441,-0.39225388,7.305435
2.2030563,7.5887985,-0.099711865
-4.2960644,-1.8650093,2.54314
9.631916,9.871452,9.115594
-2.0873165,-7.327305,1.3402233
-1.8491983,2.458148,0.55267483
2.5739346,7.5751,1.541592
8.325506,-9.628006,6.950862
-4.4515,-2.6447606,0.38987285
0.05041504,8.521503,-0.20226943
-4.489455,7.23831,1.7110038
-4.5294166,-6.672864,2.047576
-1.3631248,8.000235,1.0360085
-0.01030159,8.569492,-0.7441571
5.3619957,3.930729,2.9629583
-7.469393,-2.5342226,4.8374953
5.80305,-5.746464,3.2911348
7.812708,-2.0646324,6.0397897
-1.140008,3.148837,-0.43675208
-0.89577866,2.1171865,-1.3867805
2.4660482,1.3759823,0.5527249
-9.155197,-7.0878305,9.958479
7.3581886,8.107037,5.2010803
-1.749342,1.1803741,-0.19380593
0.40217495,2.0663033,0.27931312
4.740923,-8.316515,0.813882
4.1639366,-2.8174734,1.5269263
-4.627038,-2.4149742,0.40943003
-7.3451624,6.909487,5.73841
-9.647065,7.948906,8.252256
-8.350292,-6.229104,8.955376
-2.1021833,-6.811168,2.2893784
-7.763233,-5.9280324,7.8570223
-1.0097294,-2.803502,-0.5356003
-5.283153,-7.6751137,3.256862
5.666336,9.240561,3.0935593
6.8400974,-6.657934,4.609367
8.4600525,8.241562,7.3513527
-6.5575256,4.062853,2.697174
-7.057122,-3.6690035,4.805009
3.4689713,-4.9284983,2.4013016
-2.283615,1.0051899,0.30869985
7.583811,-9.802946,5.691746
-9.17397,-4.2601037,8.96156
9.273365,1.3137102,8.479295
-6.936184,-9.645734,3.0330753
-8.019153,9.356653,5.7906885
-1.0604172,-5.939834,1.0695965
-4.430051,-0.265625,3.85082
-6.3039184,-5.0195227,4.5010643
5.7090816,-4.186364,3.7005653
7.7232265,-4.000908,5.805279
5.567589,1.9876852,1.6974092
1.2206078,-6.150655,0.19963318
-1.4390097,4.1238546,-0.0061858296
-5.45614,3.836897,1.3384478
9.531235,5.532031,10.444131
-5.4465485,-9.299734,2.3507535
-8.767772,-5.910573,9.618667
8.484222,6.0124836,8.8403225
-0.8064852,7.9898148,-0.23016763
6.7192135,3.7436247,3.712067
-3.3191214,-8.6510105,-0.03904158
7.7887115,2.45183,5.539541
-7.051717,6.7564735,6.3603606
6.0178356,-0.45964622,4.1508904
7.783123,6.094536,6.7342997
-0.13980675,-7.0596943,1.5496912
6.6316433,5.945751,6.3286734
0.3548565,1.9866953,0.25660738
-9.155789,-3.5404387,8.302585
4.3809433,8.037004,1.1303749
-7.773998,-9.074477,6.0943294
0.31426525,8.577234,-0.22053042
-8.995256,2.2703571,6.4475846
-4.761177,2.7384367,0.8925527
-2.9796243,-1.101778,1.1990047
-3.8861809,1.2831917,2.7565043
-9.850565,7.042034,10.178709
-4.966862,1.2002468,3.1453032
-9.265746,1.1700258,9.963635
-8.360148,4.9392166,7.650752
-9.976782,-4.564638,10.806323
-5.7606673,-2.2282066,2.9737933
-2.240839,3.9007006,-0.8551631
9.008755,8.888981,6.2564154
-7.0351324,-1.8388252,5.0461006
-7.604363,0.26149273,5.8346105
-8.140625,4.2093086,5.857829
9.355381,-6.429261,10.183758
-1.2788506,-8.00294,-0.7090026
-2.6605964,0.5776882,0.54617584
5.4829226,1.7825584,2.4542418
-5.90849,-7.7253065,4.6151347
-2.6428342,9.731354,-0.8076265
9.165747,3.4775343,7.89939
5.3261395,-6.0787735,2.996496
-7.7573195,7.7111588,6.287252
-2.7484283,2.81067,-1.1820408
0.9819975,0.7703676,1.5004662
3.613061,0.9176998,1.7398354
-4.600683,-6.6785884,2.4030437
7.001915,-0.80490017,6.1989336
0.15638351,7.7691555,1.0245283
-8.646227,-4.9822083,6.9558587
2.6795921,4.6347084,0.49370816
-9.70758,6.349163,11.352427
0.6961937,9.867722,-0.30144268
-9.890285,-8.033787,8.809385
-2.852447,2.7376194,-1.1048458
-2.3240528,3.287634,-1.4265606
-8.982677,-3.3825817,6.2397866
-2.828516,5.8937063,2.5457683
0.3358078,3.8702278,0.22865802
-5.6341505,8.502434,3.2737637
1.4191341,-7.148513,1.5091103
5.2806416,2.7085934,2.8670692
1.1802063,-7.2381234,-0.055253923
-9.815593,2.653185,7.9620996
-0.031599045,6.388714,0.79402804
-4.6864424,-8.529688,2.3330953
2.8504105,7.7478256,0.8252406
-8.0236435,5.7290373,6.372981
-6.917347,-0.9097948,5.4090576
-0.33197308,9.2514305,-1.044301
5.766429,0.0605793,4.665601
-2.6715374,-7.318841,1.8701835
-0.52732277,-7.0774612,0.17182052
-0.9903469,6.480648,0.94415045
-7.8244734,-8.215299,6.761267
-0.79117584,-3.3577251,-0.44789314
-0.2814474,8.032593,-0.94101566
1.6552315,5.141432,1.4822485
4.4757633,9.140526,0.9733046
2.9781036,3.4645472,-0.84034985
5.5767097,0.23296833,5.0462976
-1.906395,4.642128,-0.25064448
-4.3199015,-4.521413,2.3070745
8.492531,5.974269,8.618911
7.973238,-4.885932,5.578576
5.4521255,-3.1554341,2.9698567
7.2846394,-2.784647,3.378755
4.8977165,-5.4615664,2.080842
8.839737,-0.19531345,7.807182
8.698986,-2.1534977,7.133002
-8.130625,-1.886653,6.6601014
-9.4236765,6.418745,10.587298
-5.1882305,7.6336403,1.965985
7.645832,-5.254221,5.7423096
9.029224,9.510761,6.2880707
0.6523361,7.002516,-0.19479185
-7.3937654,-2.7527642,5.539175
-4.6999846,7.139305,2.021326
4.7538195,-3.2806625,1.1574844
9.314955,9.285738,6.6917305
1.9368849,-0.5272474,0.38660297
-6.5767193,7.5474052,5.2149043
9.487982,8.160227,9.598934
8.780983,6.8749676,7.9127226
-4.3869486,3.92274,2.2119834
-5.40337,1.40979,2.1077564
5.7490873,-8.007799,2.2670546
-7.226323,0.113838196,5.4825635
8.347187,6.2397957,8.935904
-2.0186605,9.526901,-0.9600892
-0.13610268,3.573226,-1.373812
-5.3423395,-6.151437,4.837757
-9.886088,-0.19151592,11.703623
2.262453,-4.1601267,-0.025431573
-3.5628548,-0.0759716,2.5338917
-5.863447,-6.406877,4.2980223
7.971119,-0.9491024,5.9776354
1.8543444,-0.071372986,1.2093493
-2.6813211,5.8545647,1.6184936
-9.221855,-4.3405485,8.867143
-5.6293774,-7.4831605,2.5719805
-3.2642555,-0.49244118,2.9460459
4.2037506,9.615519,1.1925577
-9.11417,4.635849,9.217637
5.7753887,5.407037,3.788548
9.096153,-9.741732,6.720468
3.0944748,-0.09903717,1.650984
-9.92874,-2.1075573,10.221789
1.304637,1.8368435,0.58539134
-4.035529,7.520239,2.8322656
3.1632519,9.442167,-0.998972
-0.37380028,4.1181087,-1.5454454
4.892825,6.563757,3.9986205
-0.8135977,-2.4098992,0.24710011
1.8037357,-0.97288704,-0.094851375
3.9840975,-9.278185,1.2678123
-7.408971,-6.9777536,7.248066
1.6676769,-8.14015,-0.8503406
8.911158,5.8911133,9.654763
6.982605,4.8161907,5.779691
0.6224556,-8.078836,0.76616436
-1.7585106,7.9750137,-0.8051208
4.1348724,-9.441906,-0.26406842
-8.793686,1.0011339,7.690292
-3.011899,-9.082079,0.76092136
8.673685,8.188578,8.137877
1.2868938,-4.6368847,0.40095076
-0.12937164,-6.4235997,1.730459
-7.871139,4.6872215,6.8913846
-6.4812756,-2.14439,4.6296654
1.382967,6.446747,1.66534
-7.5169144,9.33411,3.7877493
-2.891718,7.1089134,0.5235433
-4.9262786,1.2453251,2.8944006
3.0817642,-0.83649445,1.085467
1.5276737,-7.164283,1.868389
-9.655325,-5.8557463,10.223023
3.3005533,-5.949794,1.3253199
-0.9016075,6.0633564,1.7859216
-4.8446035,0.41572666,2.3584723
7.366678,-6.636436,7.346327
-6.5833797,8.9962845,2.976695
-9.121321,-3.156681,6.824155
1.0902462,9.817522,-1.7626519
-5.427611,9.51189,0.9715403
-4.060943,1.7276993,0.8238358
-8.745412,-8.197335,7.8491516
-2.4852657,3.2956963,-1.3143454
7.944908,0.21648502,8.277712
-9.073068,-4.9181247,9.033684
-6.7620287,-5.984153,5.8950424
-2.1883335,-6.966667,1.7005107
-7.914152,1.5439138,6.6309037
1.8718643,4.17183,0.83476543
-1.9871864,1.6865492,0.48775363
7.564766,5.7865124,6.3945684
-9.93836,-3.6510205,8.016352
0.3347788,-3.6065197,-1.8173367
4.409671,9.789988,0.28503078
1.2981453,-7.582177,0.8429124
-2.7233124,-9.214057,-0.27621162
9.378149,9.731287,7.686926
-7.762269,6.197298,7.852764
9.313917,-1.672658,8.444612
2.7224836,3.0575733,0.6361918
4.7617197,-3.146924,0.6056297
7.049654,-1.3853884,5.4892287
0.9952469,1.3863277,1.2642796
1.060358,-3.4354138,-0.36425108
-2.0276809,0.702507,0.18506181
-9.071599,-3.7566948,7.87294
4.2125177,-8.276449,1.6668802
7.479088,4.66218,5.2371573
4.181203,-7.3369017,2.9160297
-1.560339,-9.770161,-0.25066626
-8.951603,1.978693,8.52385
-0.16528988,7.316225,-0.42042536
2.6005898,3.4714165,0.116904974
-7.82712,-7.0757494,5.909248
8.503395,6.022703,9.009256
-0.26333427,-2.8953934,-0.2722115
2.731247,-1.2355156,1.3058108
8.82185,5.9534817,9.503413
4.341178,3.9298306,0.20329899
-5.418621,-3.5253038,2.2589116
3.6877518,6.075838,1.9353101
5.879879,-2.6647148,2.529113
4.989176,-2.6895275,0.8369395
-4.698292,6.896845,2.1903098
1.0157223,-2.2618723,-1.2816098
-7.185211,-0.19994831,7.1338215
-1.1234941,9.355301,0.013335466
-6.9391975,9.618832,4.532677
5.7166386,2.3549986,3.34276
9.784218,7.521063,8.92849
-9.685005,-1.4106455,10.428665
-4.6721163,-4.6016574,2.5444598
-4.2298517,9.3534355,-0.16546047
-7.002221,5.24776,6.2285056
9.099432,6.836855,8.549243
-7.7244005,-4.8415527,5.798949
-5.228075,5.234462,2.443573
-8.307323,8.185574,7.4734507
-0.033177376,0.95664406,0.5446424
-7.401904,6.6653404,7.2078648
-6.736114,-9.073565,2.6084201
9.943911,3.9548492,10.199389
4.4685946,-2.4697266,2.213347
4.242441,9.086582,1.6078737
7.0919647,3.6095724,4.5866275
1.7278976,9.902031,-1.5754397
1.6227198,-3.4761677,-0.08215767
-7.510836,0.9196625,5.6628666
2.8093243,7.11833,2.372304
-7.81262,-7.231971,6.6383657
-0.04350853,-3.4878802,-0.7892791
-5.3964067,-8.001934,2.0469284
-5.6681786,-7.5077496,2.5624967
-5.854993,4.4292526,2.4310203
-4.840858,-3.0201616,2.2363572
-5.94718,6.539442,3.5750825
-5.4688716,0.9232235,4.5379906
-3.6427011,3.52172,0.13910133
-9.1370945,1.064724,9.132454
8.004444,-9.371566,5.783205
3.3603992,-1.5077677,2.1301005
-9.946575,-5.4916525,9.658454
-9.995068,-3.9614286,10.255499
-5.036173,8.04628,2.032286
3.8586903,-7.7380457,2.6045332
9.153034,-7.3016176,9.659374
-1.5577116,-3.2068768,-1.7154453
5.949959,-4.4379687,2.3132296
-5.3937006,2.4683104,1.448013
-2.0756063,6.4165688,0.738904
-1.5502472,1.5693436,-0.40908483
-9.735889,0.17611122,9.473609
0.052170753,4.8032417,0.33897436
2.6466637,5.9717007,1.5553951
6.0951023,0.35163975,5.494395
-7.737466,-6.752732,7.794632
-3.0109558,-8.665075,0.9992522
0.37725258,9.979242,-1.4195079
1.0607901,3.2524319,-1.1850181
1.6864758,9.155138,-0.4146003
-7.428322,-3.8381329,4.5165787
7.761221,2.7495098,5.705995
-9.03643,-5.2659807,8.245914
-3.4715986,-5.2645674,1.1875107
4.983265,-4.575932,3.072878
-2.4939928,9.994339,-0.014680028
-4.8183813,7.2907486,3.3969922
-9.865371,-6.1540103,9.871418
6.8874474,-7.054398,6.4549446
-0.22453785,3.2984638,-1.6574322
4.830228,-2.3580132,2.5480354
1.5953846,0.47823906,1.8334069
-7.436756,1.2767773,5.8905807
-3.5335627,-8.756143,0.0061121583
7.1303177,2.208744,4.4475236
-4.8970675,-0.08738041,3.80928
-4.607526,-6.998756,3.6162689
5.4838,-9.889268,2.846815
-4.333996,5.106039,2.399875
1.6324415,-9.144216,-1.3980954
-4.861462,-4.5048866,2.2480533
3.078166,6.078245,1.7873304
1.0172472,-6.663398,0.5569124
-7.937578,-4.735861,6.216348
-7.5846887,-6.3010273,6.133615
3.677084,5.8865366,2.6134615
-3.274952,3.0938396,0.72352964
5.4778214,1.0321093,2.924942
0.5203991,3.521038,0.06420201
-3.4197092,2.8609514,0.55975497
-1.7401228,-2.1128235,-0.7228945
-4.5560684,-0.9216318,1.8092031
4.9345417,-6.2593594,3.9392328
7.932064,-4.6971083,6.7036433
-0.3114643,0.15433502,0.94976366
-6.446762,-1.213604,5.5052643
7.1887093,2.5173903,3.6726623
8.137043,4.7464085,7.4523454
6.8171234,7.671009,5.7262373
-0.18099213,9.582087,-1.9710426
2.4581995,-0.76000977,0.37301946
0.50863457,3.9430342,0.23716712
-3.7982407,-8.099118,0.59198403
-9.901761,5.787326,9.997994
-1.2222862,-2.6738024,-0.86939
4.325037,-7.934903,1.553253
5.833125,-7.7861834,2.479422
2.3783932,-8.337038,-0.72886324
4.5600624,-4.618825,1.1849567
6.2595654,4.5661983,3.4693134
-1.9332428,-8.156361,0.015724748
6.5299797,-1.1802864,3.6554701
-0.21004295,-1.5541029,0.34176654
-3.5415325,3.6784277,-0.049841285
-3.8832474,-4.0766087,0.79194546
-5.8280315,5.066145,4.692418
-7.7019835,-6.184242,6.4415736
2.2908115,5.8757677,2.222453
9.240515,-9.964378,8.505571
1.4215746,-6.810534,1.3203189
1.3515396,3.5075169,-1.7507311
-3.7514257,1.5345287,1.9461024
-3.9419546,7.004616,1.6897068
-3.1342363,5.208494,2.0366845
3.4613714,-8.332614,1.2754385
1.7240639,7.8649864,1.1241045
-3.674171,-2.5950584,0.38593352
1.9594517,-1.8886099,0.60183334
-1.7471638,-4.2570567,0.78012663
-0.6811609,-1.7339525,0.8089895
7.0906525,-9.3362055,4.256073
-4.1669807,0.77315235,2.532118
9.33058,7.5350018,9.94827
-5.4696712,-1.9986877,1.5787868
9.264652,7.6893253,9.598198
3.7567568,-4.5192614,2.1744351
4.015291,4.0393457,0.49967653
-2.287489,0.9886589,0.30230278
-2.7251997,-3.8811436,-0.90972495
-7.314643,9.748737,3.59011
-9.589769,0.8219681,8.877556
7.00152,0.44526958,5.8286495
9.700315,-1.0802536,10.750135
2.8675957,-0.5417776,0.67925173
-3.9115229,8.061544,1.2072036
2.1962643,-1.5219488,0.730844
-0.37451267,6.0052013,0.19695061
-8.6441,3.6268215,6.65275
-8.00878,6.522045,6.4635696
3.471984,-7.578993,0.55186534
-2.9197621,-8.762722,0.50082695
-2.3784685,-3.283484,0.57477903
-6.0292315,-2.7914848,1.7946205
4.410158,9.52832,0.025434375
-5.046283,9.853579,2.1524856
-3.1935844,-2.3844266,1.2646608
5.350298,-4.791453,2.4595304
9.613283,-0.042245865,9.84558
8.9149475,3.827282,7.5973234
3.9365273,3.41778,1.3632159
0.35522652,1.8876219,0.32247084
7.515808,7.3442764,5.1608257
8.841444,1.0630035,8.329652
4.489423,8.091511,0.7997079
2.9395962,2.4359455,0.872081
2.4113464,-0.888957,0.37128752
1.0175762,8.325531,0.4643868
6.6003857,0.32513523,6.1431885
2.8287745,0.3990383,2.6255267
-8.4314165,-1.9326134,6.2012844
-5.9071016,5.873554,4.544377
-9.081264,-2.9652462,8.237317
-3.0053902,7.801428,1.9490912
0.51110363,5.3389034,1.013678
-4.2396984,-0.16036987,3.4134033
-9.1967535,-1.6393957,8.97931
-6.503619,3.918419,3.1725745
4.255913,-9.7649555,1.5265353
-0.7044201,-3.3075213,-0.21118075
-1.676507,-3.534751,-0.99224246
1.6190128,-1.2250242,-0.31506452
-2.1123276,-4.785433,-0.11243458
-5.4497313,-4.3192506,1.5871367
-4.5888877,4.7554665,1.9808075
-4.076,-1.0599527,1.2261524
-9.3602705,-6.9308567,10.449597
-9.2222595,-0.7223778,9.625021
-3.7888298,3.228857,0.76600045
3.7526073,-4.051404,0.31082344
9.779581,8.508133,9.954467
-0.2706604,-6.9416704,1.7511759
6.8289833,8.707035,4.138248
3.306552,3.8491955,0.4939034
-7.9644513,-5.747795,8.178125
-5.0028706,-9.467021,1.267623
-2.7438116,3.9008408,0.9850506
-8.242116,-1.864605,6.8368263
1.400526,2.962947,-1.6337533
2.375327,4.2699385,-0.5216084
-7.795349,-6.779641,7.4850087
-2.1046934,1.1753788,0.20892215
-8.82062,-2.1313372,7.1988683
9.958168,-9.004175,8.012067
5.9146767,1.7642918,2.4589853
-3.7722244,2.137228,-0.092077374
8.596838,-7.649822,7.385665
-6.259091,9.405882,2.1880264
8.412893,5.2438784,7.717986
-3.8484144,5.6850634,2.1949925
2.921795,-8.713459,-0.224258
6.9489822,-8.640489,4.466042
4.655734,4.319744,2.73766
2.4233055,5.7749805,2.4507067
-1.1531343,-8.576108,-0.97609866
0.073615074,9.602898,-0.33414328
8.538559,-2.203723,6.732124
-3.268033,-8.107057,1.7957759
-3.2445145,-7.336545,0.5763805
1.2779045,-2.3200617,-0.6936531
-4.852042,5.2627077,2.4858031
-3.7807512,-6.8968782,3.0560465
0.7814121,7.3678703,0.026310265
7.5207577,9.993246,4.574352
3.2604809,9.400488,-0.6297571
-6.1790705,4.5518417,3.5105906
6.038248,-4.0850425,3.5085773
-3.682816,-3.8015366,1.5569432
2.5789127,7.180197,0.96266305
0.58888435,-2.0884275,-1.4025807
7.141863,1.5301657,4.1435065
-2.2335768,9.9953575,-0.014641821
-4.0632143,-9.940524,1.2162137
-1.9920845,-2.2835245,-1.2437376
0.09088516,-3.9534225,-1.0389719
-4.7191486,-1.6187096,3.156107
6.8731194,0.41191006,5.945856
-5.3613863,-2.1661377,1.4985733
1.5819569,9.707411,-0.365986
-7.6777306,4.0554333,5.559827
-1.2416935,-6.28292,2.1528015
-2.154696,9.689758,-1.397707
-4.000601,-2.7755632,-0.32741135
5.2275944,1.439971,3.8104305
-8.929105,0.9334793,7.681471
1.0488682,-7.3501515,-0.39676192
-0.93547344,5.0876513,1.4529246
-5.200703,-6.075345,3.8623767
7.776657,-8.909106,5.01044
6.2776546,8.394047,4.080164
3.021904,5.9878483,1.1847119
0.1945343,-4.1857777,-1.226052
5.5425816,-7.1577263,2.7932367
-4.3925676,9.030512,0.08404833
-8.137333,3.5360184,6.1773214
9.596001,-6.637849,9.385026
-3.7434196,-8.309194,0.6555344
2.005909,-4.137323,-1.0440857
0.19970798,-5.557412,-0.14366144
8.418678,0.70890236,7.536519
9.946825,0.9573498,10.371965
-6.7279387,-9.785285,3.7289991
-0.10665321,5.0174437,-0.20846704
-8.107172,5.094371,7.3895445
6.458761,-9.061822,2.3190625
9.54784,8.040157,9.910512
-3.8224545,-3.9820232,1.2618272
1.8124256,5.147134,0.845501
-2.201805,9.808052,-0.82813215
-2.4226036,5.9232855,0.54534847
7.9403114,6.7145176,7.30485
-9.291233,0.35188484,9.698929
-1.3693504,1.4647675,-0.61353457
-0.04100895,-8.506516,-0.26522323
-8.819684,-7.2549796,9.257206
4.1119213,8.054838,2.482298
6.66864,-9.139127,4.4382367
-7.9435816,4.3067093,5.5754943
3.8691816,-5.892036,3.143196
-0.64699364,8.669222,-0.061715722
9.368891,7.378031,9.2447195
-9.423693,-2.2598338,8.885321
8.48988,-1.2788334,8.486072
-3.7150183,-6.937042,2.7698693
8.429804,9.327028,6.025837
-5.101041,-6.0268126,2.9461143
1.693758,3.5695124,-0.85802364
2.332775,7.00753,0.6967011
6.2038574,-9.628763,2.9147153
4.687088,-9.835515,0.4258768
5.5886726,-7.018323,2.8661594
-2.1050477,-1.5011606,0.4942811
-7.9116955,6.216732,8.139522
0.11611748,-3.0434046,-1.3399177
9.121267,-4.1299067,7.7987785
8.650042,6.654419,9.262274
-5.883925,8.020088,3.3623743
6.879116,5.2697716,4.2687526
4.4975605,8.641438,2.2335358
-1.8095121,-9.016804,-1.1617627
5.458459,-8.917995,3.105036
-0.4170494,1.661478,-0.7119498
1.2176466,-8.390178,0.3488003
-6.5525723,-2.7914786,2.824634
-1.2314816,6.0871315,0.1958251
9.789162,9.71678,9.390296
6.1949883,-2.0097532,3.528506
-8.081703,-8.819362,6.5402727
-0.56638527,-4.9343596,0.592163
6.3698597,9.718401,2.3004851
-4.279393,-1.8519449,2.5513263
-1.2525473,-9.300159,-1.6294308
4.988001,-5.294737,2.0807312
8.404514,-6.2373185,7.2290173
9.0728,-2.61024,8.362227
-7.2242403,-7.2401404,6.687342
-9.422702,-3.3846617,8.367004
7.067072,9.167828,4.953209
-0.7745533,-4.735751,-0.41915634
9.028488,-2.1485877,7.083399
7.09807,5.614546,6.657998
-3.9039612,-9.344748,-0.4109726
2.8648767,-5.2518616,0.719718
3.3643675,-0.84965897,1.5128722
-3.579198,7.863611,1.1428792
8.984659,1.390871,8.181554
0.8205557,-0.0494442,1.0255485
-3.2683764,-3.3182182,-0.9049268
-9.1340065,4.6310625,9.255579
8.00322,-4.298257,5.845784
-9.916001,-1.5646515,10.030537
7.6114616,-4.309803,4.4183016
-3.5023165,3.7376785,-0.1014055
-1.8307037,9.974287,0.03838849
1.3508596,-7.544984,1.1808784
9.83012,-0.7045946,9.825351
-6.582917,-0.708724,4.093774
-7.1020317,-5.007,4.4915137
6.010826,-7.129012,5.180973
-4.8568583,-4.2655873,2.883042
-3.6800337,-7.81518,0.92614955
5.7809744,7.5933914,3.5146246
-4.1451454,-7.0884714,1.5161374
5.9563465,6.100296,3.55251
-3.9001393,8.269718,0.37452364
7.692024,-1.8376198,4.6530576
9.96191,9.304388,7.931282
1.3831787,7.226021,0.23909801
-3.3291006,-6.973199,0.939289
5.625229,5.708784,4.6459804
2.795086,2.5710096,0.7248572
0.04340744,7.868536,0.32058537
8.921528,-7.584711,9.217843
-0.5784111,7.783453,1.0818833
3.5150433,1.4189892,0.42446637
-2.9782176,4.8883924,0.1496102
-1.8142748,-5.55156,0.47023243
-0.43044853,6.58502,0.67104435
0.67285347,-0.71912384,0.33245245
4.3732023,8.246273,0.53234017
7.5434723,0.8536329,6.503184
6.1303444,6.207552,5.103144
-4.206048,-6.3191915,3.7606692
8.963348,-8.862473,7.9699755
6.7546024,3.473116,2.6221588
3.604907,5.297385,2.0962517
1.0913372,2.7677307,-0.6910527
-5.659422,3.1417198,3.0797405
-5.968443,6.5868454,3.517417
0.05013466,-5.1452303,0.16459998
-7.4382124,5.352412,5.2734785
3.5080614,4.793811,0.41671935
-9.077377,-4.244604,8.527412
-8.917127,-5.9486732,9.250231
-4.4915867,-9.930821,1.7261162
5.7538853,7.3539085,2.7950034
7.8299885,-0.15416908,6.1844087
-8.405256,2.2865953,6.0471244
-6.3153243,-7.0775247,5.3443794
2.2184505,-7.5185966,1.647114
-1.8226032,8.206339,-0.69533956
-8.195051,7.0455704,6.510655
2.7779865,5.4081345,2.0447621
-8.323738,7.9967136,7.341833
0.6258545,8.052879,-1.1052556
4.076419,5.906934,1.7225562
9.224035,7.223215,8.489883
-8.534372,-1.2846298,6.566342
7.4669666,2.6045408,5.2797117
1.3914967,-8.59495,0.08864111
8.706566,-3.5843205,6.8841324
9.843462,-0.93428993,10.057609
-2.4940467,-0.48753643,2.4432125
-1.5574532,9.862654,-1.003488
-2.417388,8.159344,-0.48364046
7.864891,3.1489515,4.8272533
-4.33041,9.324583,0.4350261
6.6040707,-5.098195,3.9614432
4.1128244,1.9442663,2.316556
9.402639,-7.9323854,9.4889
7.0830364,-8.506455,4.942051
8.11569,5.3465405,6.6213865
-8.219548,3.2107525,4.8069515
-5.263442,-0.53822994,3.9327729
-7.095071,-6.4704027,6.95422
4.965371,7.208885,2.1218717
2.0343266,-0.76715374,0.13378918
3.8116512,6.826977,3.085261
3.753294,-6.909071,1.5024842
0.42325783,7.6850395,0.07512276
3.8161373,-0.47233105,1.3735194
-5.4225454,-3.124957,0.99564844
6.496929,-0.82550526,5.6947575
-8.6092205,-7.7127132,7.1385193
-9.188581,-1.8284473,7.300242
3.3961334,0.5859289,2.900028
9.388189,-7.403753,8.866207
-3.65839,5.4002333,1.1858406
9.419762,9.4466095,8.72565
-3.5497084,5.1557026,2.2102282
-7.599105,-4.912261,5.6112633
-1.55478,-6.214389,1.004358
5.530448,-7.925062,3.1401207
-5.2050915,-6.1648035,4.3251963
9.37784,5.969055,9.2042885
-4.472023,4.6088896,0.91471404
-4.426347,-3.7400723,0.38383454
-4.164777,0.16379929,2.0906591
-7.6164317,-1.5751657,5.2576523
9.328281,0.14444923,10.666432
-5.649762,-9.944403,1.9668789
-4.499128,8.450932,1.1449566
-3.0299926,-3.5095844,-0.95031255
8.417971,-8.614197,6.6517344
4.6651325,-0.18091774,2.412715
3.6818848,2.989069,-0.6327149
-2.6296244,4.579817,1.0589395
5.0537577,-5.050981,2.502605
1.8140335,-0.73026466,0.10419279
7.9674416,-7.4905977,6.694092
2.219921,-7.538569,1.6587986
7.339634,-6.602037,7.308395
6.9012375,-6.2808967,6.3569603
1.7475071,6.279705,0.3056084
-9.582687,-9.0201845,7.264487
2.0346947,-2.0759654,0.8131119
-7.545022,-4.146022,5.0224667
1.7180996,6.576721,0.2982331
-1.1198692,-0.6461954,1.5859189
7.9566555,-5.503167,7.2359877
-7.1779323,8.120291,3.9030826
-8.360104,-7.582624,7.7880783
4.4570656,-3.786477,2.107583
6.6026325,-9.124456,3.9313247
-2.1764412,-0.798542,2.1574988
2.706603,2.846529,0.7646235
8.02557,8.738163,6.516375
0.99473,-7.2502613,-0.13428426
-2.7949963,-6.6742396,1.5118614
5.782049,9.993355,3.444162
9.012598,1.7596188,7.7847867
-1.6974249,-6.7766595,0.2947564
6.7850456,4.3119354,3.3820467
0.8343401,9.632324,0.074438214
-2.0938706,0.36801147,0.6749308
-0.87274647,-4.585619,-0.80842435
-9.707766,-5.3462257,11.014288
4.7972527,-3.5970793,2.4030595
-5.442954,5.097741,2.8350313
-8.516607,-7.077017,7.404754
-1.3864222,9.095894,-0.79855084
-4.074334,-6.187854,2.7340407
-6.364932,2.8040657,3.9501388
-2.1052752,9.947952,-1.2894318
-1.055398,-4.420984,-1.1748314
3.039318,-6.6852713,0.8491577
1.3705902,-5.1839266,-0.09030095
-1.3360987,-4.1935453,-0.94630504
2.2013006,-6.140772,0.6602695
-6.470352,-9.853644,4.0755463
8.461552,-5.139347,8.049314
4.8966618,-3.4765158,2.4208467
6.3262596,8.663757,2.292219
-8.919428,-1.706564,8.287705
6.8257885,1.1652336,6.0487137
1.7676296,-3.1381264,-0.016110122
-9.663663,1.5587673,8.74982
9.495308,4.763875,10.017215
-0.20926666,1.7472992,-0.5287664
1.9178333,-1.2307882,-0.002790451
8.27302,0.8421087,8.141762
6.44882,9.436237,2.2410603
8.896746,-6.660556,8.425259
-9.333643,9.810406,8.229648
9.886356,-2.2210717,9.135764
2.4358282,7.130436,0.25939763
0.12987137,7.744835,0.9552247
-7.85719,0.34785175,6.716459
-5.3775525,0.22515488,2.930675
9.708212,6.931782,9.252721
7.435152,-1.3893309,6.495112
7.795128,2.7518702,5.6654973
-0.84037876,9.567938,-1.9017668
-5.5702677,-1.979722,1.7056766
2.3349419,-3.5222125,-1.3155017
-4.7650423,7.754877,3.0487957
-6.509433,8.984274,2.397922
3.229661,9.589439,-0.37412095
7.8435764,-9.435165,6.1364207
-7.6714363,6.585024,6.5914083
-8.839215,4.9221687,8.478032
1.3511028,-6.380967,0.4580258
-3.5233583,6.531204,3.0632403
-5.347371,-5.370598,3.0413609
-2.0467997,5.289343,1.950107
-0.57829666,0.8549299,0.21520776
-2.7733746,3.1525211,-0.8608593
7.4054127,-6.147913,5.475198
5.5413904,-1.933466,3.6765735
3.1452646,-5.4363165,2.635426
-3.206718,5.4404526,2.6797776
-0.8913517,-7.943839,0.7053745
6.4832,0.70020103,3.9828017
0.82913876,3.8632822,-0.7435089
-9.647301,-0.23268127,11.061456
0.95016575,-3.00871,-1.1799669
5.2363167,2.281086,1.5072818
-2.5650444,0.78993225,0.46376014
-1.8668232,-5.5129147,0.30392504
-1.3566484,-2.7153673,-1.2425103
6.145376,-2.1871958,2.4310675
8.257305,-5.635891,7.062478
-7.847655,0.24751091,6.1963406
6.5885334,-3.1065378,2.342604
4.094944,-5.6532993,3.401273
3.5006247,-8.101938,1.0674132
-5.680541,-6.520717,3.5873125
-5.7090178,-2.1770763,2.5525029
9.92967,7.9982605,8.945144
2.5590343,-1.1765718,0.908625
-2.225541,-5.3693333,0.5276581
-2.0254254,-7.6262736,0.89452446
6.69512,1.705122,3.4356246
-2.4910774,8.503103,-0.70771694
6.7562466,-9.011613,4.578834
-2.8352547,7.7112083,0.8185948
2.363738,8.932447,0.4464329
2.6343498,2.2624388,-0.26135924
-5.1223316,4.988922,2.4871082
0.24718285,2.9694548,-0.30926716
1.9973545,-8.742517,0.6060687
-9.780043,-3.9887571,9.869282
-1.969408,-2.3410559,-1.303278
0.95207405,-5.9632835,1.6092467
8.236347,-0.31436825,7.2100477
2.214427,2.109789,-1.0220864
-8.499603,0.34199333,7.9337797
-2.9309502,5.4552174,1.8127437
9.900719,-5.893141,9.752939
-1.3013086,8.411655,0.6389058
7.5441303,-4.06691,5.7601213
1.1473322,8.018272,0.19134267
6.5617294,9.070688,3.5376954
-4.2973557,-8.169649,1.0132747
9.823929,-9.583054,8.767813
2.1104736,7.4209175,0.91136
-2.047306,7.612671,0.53593194
7.689064,-1.0705967,5.462332
4.9313602,2.0737038,1.231524
-6.721715,1.4742184,5.0803375
-0.71902466,-3.0533433,-0.13323098
7.167267,5.2617846,5.672643
2.491396,3.3741398,0.49892354
-3.1625962,-9.64693,-0.76262563
-6.510769,-2.7586021,2.535059
-7.0026026,-5.9392157,5.1639695
5.5588036,4.292651,1.72719
4.5249825,-9.984577,0.26896805
-8.861307,-8.594025,7.864022
-2.0532713,-8.814822,-1.0799639
2.530922,-3.4347892,-0.9848257
-8.847665,-7.7118993,7.1972413
8.617977,-1.9933233,8.011856
-1.0664902,-5.6906295,0.73070496
-4.062258,6.428854,1.8074824
1.113472,8.773895,-1.0094895
3.6127033,3.8684607,1.5448797
2.222146,-3.8800535,-0.9649693
9.483337,4.0800304,9.240094
5.629468,-8.586628,3.437362
-0.96855354,-5.001665,-0.61223364
1.7022953,-2.0963478,0.20224226
2.4231777,-9.349712,0.20694947
-3.9662218,9.377325,1.0593904
-8.568854,6.552843,8.694251
-1.0637293,4.632593,1.0103241
-3.809011,4.699911,2.2503622
-9.446318,9.840807,8.968979
3.566289,-3.8022623,-0.3557331
-4.1957912,2.3987722,1.6210737
9.574116,-3.3627033,7.4881573
3.5764084,-1.6975651,1.3630551
4.2586336,-8.19803,1.8237797
2.9146376,5.979286,0.8147226
3.8999996,-7.2032094,1.945981
6.4028454,-4.4691706,4.193315
7.3462563,8.914648,4.9895296
-0.5464401,-5.868808,0.87991387
-2.8348613,1.2854214,1.5666902
2.70934,-9.177759,0.02831322
-4.5120535,-5.8072243,3.8018036
-0.5081196,9.072706,0.08192307
2.9198027,5.3781223,1.4750676
4.468315,0.42371655,3.8565962
-9.672729,-4.985664,8.734356
3.872161,7.6265373,0.7737305
-3.8717976,9.412657,1.44977
-7.0435896,2.0039835,3.54169
-4.258727,-6.4465404,3.5316985
-0.2157507,0.34450054,0.8716413
4.9247093,4.8717012,1.6748528
-8.906288,2.9202833,6.1883106
2.71628,8.99864,-0.8092236
9.009853,9.005512,6.6875954
-5.64972,5.065217,3.8735423
2.3895702,-6.9550457,2.1441584
-4.020177,-0.54057026,3.2975802
2.4585266,1.9364815,-0.7519779
4.330162,-3.3355188,-0.059719563
-6.1601124,2.9911757,3.217015
2.392933,6.527054,1.6320671
9.883953,-5.402817,10.400232
0.70163536,-3.0484319,-1.7893639
-7.0982814,-7.6066256,4.7296243
0.12508297,1.5533295,0.21210545
2.2052717,5.985876,2.0349135
3.0791578,9.044655,0.43128878
-0.7208996,0.5243349,0.548571
-2.1431208,6.511902,0.44965822
-4.9721217,-9.657573,0.7191292
6.4619846,-0.21733475,4.16601
-5.648997,-1.8866215,1.9371146
-3.4037614,-4.6050587,1.0848714
6.6349964,9.257423,2.4293683
-4.6994066,6.2443542,4.085093
-1.3052225,-8.333508,-1.2839861
-3.986988,-9.081133,-0.3488809
-8.8637905,-4.684702,7.197475
4.8205414,3.3945255,0.7460333
-4.440372,4.7443027,1.205171
-4.6146464,5.176647,3.524442
-2.203498,7.730362,1.5790013
2.739851,-6.400381,2.7108915
8.780428,0.84300137,9.274363
8.84515,-4.456421,6.5813894
0.1366005,-4.8510766,-0.47510624
-8.576662,0.096735,7.613534
0.7379093,-0.88011837,0.086764455
0.23107433,-8.102113,-1.1951768
8.445419,-0.14544296,7.180024
-2.066915,4.8085966,1.0150968
-9.396261,8.968401,7.405597
3.633009,-2.7024817,0.79804134
-2.19311,6.76235,0.5992831
3.4893188,-2.2367048,-0.39901894
3.0089083,-7.3560104,1.5249277
3.5645876,8.64946,0.004922867
5.531521,-2.3635921,1.8611208
-7.010537,-2.323495,3.6823053
-8.1453285,-1.691865,7.451033
9.362677,9.013193,8.271248
9.140232,-4.2707005,6.954337
-3.9475083,-2.6554942,-0.1971618
9.574888,0.5824957,9.354257
1.9741554,-6.5472755,1.0037501
-2.6276484,3.8997355,0.69708997
-5.415838,8.419249,1.3984652
-5.321653,3.6155624,1.5609262
8.023928,-2.4047804,5.266161
-6.146617,-1.9133615,2.7208905
-4.1017675,-9.800836,1.3494902
9.954983,-7.883054,9.816991
-4.885091,-2.741394,2.2003748
9.83927,5.543456,9.512614
4.465971,9.301451,0.35839963
4.9610176,-0.70077324,3.554241
2.2772932,-0.9594612,0.2753203
-1.7901278,6.8419495,1.4814205
4.4584637,-2.0971594,1.4107984
2.9785366,-6.8220234,0.75054
-5.45573,5.662736,4.2883573
-8.23799,-4.3236933,5.5346127
-8.127355,-7.1216307,8.245479
-1.2102556,0.086091995,1.0387633
2.8600044,-6.6531982,1.5726123
-6.33832,-7.799096,3.3327954
1.8423691,-5.512235,1.7241424
5.7605543,-0.8676491,4.924471
5.8815975,3.3283987,3.1411574
-3.736775,-4.143374,1.0807574
2.2923555,-9.563644,-0.5327076
-8.866413,-3.403679,5.950506
7.1943436,9.301432,3.3733993
-7.9919806,-2.3093247,5.3305717
0.555027,-7.3006477,1.3461205
-3.141447,-3.74295,-0.5606696
-8.291392,9.006027,6.6247916
-8.667986,1.5949011,6.5377545
-6.424186,-1.4018536,4.702013
-7.2596693,9.783129,3.3898685
7.6312847,1.0312176,7.337305
-1.5360785,1.5212736,-0.43523383
-6.676317,9.855572,3.3750453
0.036068916,-1.0265598,0.4808767
-4.514309,-1.7614975,2.8435566
-1.4480724,8.001366,0.89323366
8.599987,3.1700668,7.244171
-8.825482,-7.015213,7.7376094
-8.687187,6.400917,9.348949
2.450758,-4.1916857,0.8531094
6.970091,-8.523392,3.9599476
-9.500717,8.838425,7.441045
3.1417198,-7.3869905,2.3752043
9.907568,-4.257716,10.350968
-1.6065865,-1.5940781,0.78333175
-5.900655,-0.058958054,4.820951
4.9058733,-1.144,3.4423804
5.6483765,7.4403954,2.6656437
-1.0381432,7.4821453,-0.5251651
-8.155912,-8.897417,5.48277
0.38782215,-9.277889,-0.5333111
-6.475993,-9.78621,3.775659
-8.537037,8.322077,5.90103
6.241543,-1.2128553,3.2860599
6.868004,-4.9498854,4.4196014
4.0147915,-6.5972733,1.5863559
-8.159633,1.306982,7.8644166
8.480633,2.8610907,5.467589
7.325945,5.7378025,5.2919836
8.594429,8.071392,7.421963
-0.66467476,8.891106,-0.45189703
-1.8520069,-6.6666994,1.0525117
-8.968534,-0.52855587,7.9073887
7.379366,-6.358075,6.238815
-0.5243578,-3.6081433,0.08323932
-9.998907,0.28768063,10.694712
9.777624,5.607565,9.3516245
-1.2929535,-4.489089,-0.51516956
6.0144787,-5.6378365,3.811996
-1.4760513,-2.6493206,-1.3587627
-1.5731773,4.1338997,-0.51766855
8.796616,0.2780304,9.3406925
8.302782,7.4935074,6.6694636
-4.6672354,-9.001174,0.3459866
0.31243706,3.6346016,0.03562957
6.7924747,7.5736084,5.814351
0.48060036,6.299103,1.1369642
-1.8020811,-8.701937,-0.39881518
8.934229,-6.674621,8.848769
8.904667,0.14791298,9.886385
-2.6805544,0.04739666,1.5907063
7.571312,5.9571667,7.580456
-0.99043274,8.155981,-1.1743577
0.2971468,-0.65880966,0.6050359
8.021721,-2.9382706,6.455367
-0.77585125,5.452017,1.6200755
-0.9947405,-6.4831343,1.2441192
-2.172966,-4.5620546,-0.14681467
-8.349163,1.2304821,8.05507
7.7429886,-1.682869,5.435962
-7.845409,6.04467,7.4213166
-7.6755357,-1.9828043,5.960571
1.353468,1.0622873,1.6612283
-1.0531149,2.8404922,-0.9937691
0.39198494,-0.85499287,0.3426836
0.78676605,-3.215374,-1.5097586
9.911152,6.2264557,9.9211645
-9.709276,5.5728397,10.830252
-6.0124183,-1.52668,3.9022927
1.8446674,-6.4025965,2.0189638
-8.9023695,-3.278823,6.1420817
-7.900285,6.917694,7.9941063
7.662464,5.8524113,7.53886
3.8720846,-3.261075,0.44568336
-3.1018686,5.4668674,2.5959072
2.6389322,-1.1782312,1.0466415
1.7490053,-0.5858469,0.28461403
-0.9852028,-4.703375,-0.9088633
8.304106,0.29236794,8.508046
-0.0026693344,-2.089816,-0.4904501
7.0944633,2.525652,3.4144478
-7.783903,-9.510914,4.0834804
-4.063081,-0.5975199,3.1323228
1.6913719,-7.8194118,-0.2918184
5.341729,-9.291788,2.4524045
-4.068781,-9.914737,1.2524058
7.2142487,-1.6072769,5.9935594
-8.296154,1.8685236,6.3843274
-3.81452,1.0442781,2.7034435
7.5178757,2.3540974,4.0327477
-7.4719152,-4.295105,5.8039217
-9.378629,-6.623086,9.08199
-2.5240622,-2.1636066,-0.65418714
-8.331346,-7.505909,6.9890566
2.9747353,-1.2471161,1.7411187
-1.7581749,2.0990705,0.32685804
-2.943574,1.3952341,1.8633909
5.5301895,-9.083309,2.1490905
0.58180237,9.496353,-1.6511947
-9.015591,8.6141815,6.6696334
-9.476148,-4.479413,7.749514
6.2804184,-8.517612,3.4153705
4.3125114,1.460144,1.9839044
5.4952736,2.2561646,2.2195065
-8.493034,-2.6736603,5.664031
-1.9324312,-4.5939245,0.77565455
8.543755,0.75447464,8.190348
8.077309,-6.0860167,8.39921
6.79838,-5.2401495,6.001157
9.28336,3.1990433,6.6305494
-3.1336412,1.1308365,1.7991734
-7.7415156,4.034958,5.544593
5.6215525,8.457003,2.1874888
6.375988,-0.09734917,4.4789853
-3.0199156,3.4032955,0.6992211
-0.93353367,7.139036,0.37055513
-0.4815693,-6.259978,1.1495602
-8.870764,6.6614895,8.235544
-4.1419578,6.8541584,2.6720028
-3.1687331,-3.819028,-0.22342044
3.733162,7.8160973,0.6454566
-2.9177427,-4.584669,1.4485915
4.513217,-4.7720766,1.6582419
9.004459,7.169945,9.727369
-2.1316743,4.638893,0.82835144
-2.4374795,-0.7205143,2.3284519
-6.2809873,-7.899289,3.2944834
-0.7631779,5.7040596,1.8313719
-9.151298,2.4552774,8.060889
6.7592793,-5.969778,5.0500607
8.626211,-0.3718319,8.438676
2.6670694,7.2246056,1.7067845
9.457661,4.22256,9.260787
5.037056,-4.597988,3.3434706
6.628746,-0.10701656,4.736939
9.236292,-3.5344863,6.664743
-6.875336,6.6005535,4.6918526
-0.78454494,4.693157,0.55679965
3.756855,-1.4807997,2.1606827
-2.6766834,-1.1720963,1.1089462
-7.093601,-7.2837343,6.557617
-3.1399345,-2.2130895,1.0045512
-4.9572,4.902425,3.3845053
-3.5073366,-9.590784,1.0391338
-7.6179924,1.2763014,6.3873196
-3.0164766,9.514614,0.32742983
5.729849,4.304266,2.4333906
-4.389061,4.96737,1.9906782
4.259655,-2.7065077,1.7688097
-8.223762,-0.8433895,8.035254
-6.301364,-8.538948,2.948706
1.0364609,-4.839461,1.1884447
9.260687,2.5125933,6.8102093
-9.235162,3.4136343,7.456278
4.3527613,5.896208,3.3280032
1.7489548,-5.6337605,1.517745
-8.171059,2.8717766,6.7081485
-7.260684,-5.5223203,6.673879
5.038267,-7.3737097,3.521751
-4.9966917,-3.834796,2.034202
7.0079155,-6.800989,6.2914443
-6.9153986,1.8962936,3.942148
7.5543823,1.5747366,5.0817795
-5.101607,6.41782,2.6235802
4.05087,5.222148,2.8714967
2.9920425,1.9494715,0.090320945
-7.84683,3.8585758,6.3114204
-5.244403,3.063919,2.1060987
-2.4223366,-9.456173,-1.2052288
0.031728745,-4.620948,-0.23730524
4.9387064,-8.164179,1.6367644
-4.110633,-5.7981634,1.611207
1.4712992,2.0037546,-0.010820359
-5.4245243,9.42996,1.1670218
-4.753352,6.9237976,2.0640125
6.525753,-4.071486,2.669594
-2.7388296,2.3238993,-0.015275478
-8.762348,6.8822117,9.079964
0.42005157,2.0836449,0.29467922
-1.4255533,-8.178051,-0.90355664
2.8428736,1.2260914,0.8088281
-5.1012087,4.0726137,1.0675368
0.43071365,1.6371822,0.6003674
-4.933406,9.133961,0.5942412
-6.0436306,8.34524,3.0115657
2.2859297,-5.58766,1.0851045
3.090866,7.6029167,0.20572396
1.850008,-8.949722,0.20366853
9.237118,-5.677105,8.531143
0.9270134,4.0546274,-1.1040851
0.85036755,0.3034439,1.2818104
-1.3073587,8.635904,0.4231773
-9.668008,5.9497967,9.464828
3.9111748,-2.1303177,0.11106044
7.7955284,9.562862,4.3348327
0.9909353,-7.1766434,-0.011937082
-7.798971,1.863637,4.8716073
8.978886,3.191496,6.6907454
2.2402554,7.817112,-0.43411118
7.2330685,9.784039,5.2921457
4.3431845,4.876377,2.775343
1.5773449,-4.4565115,-0.6831978
-2.946322,8.040779,1.6740878
2.0530214,6.8845024,2.246076
3.217619,-0.19709969,1.4234192
-0.6062422,7.178896,1.5975296
-6.387379,1.5930786,4.7398195
-5.2554073,-0.8695812,2.417197
-9.165496,3.0895004,7.444445
-3.911097,0.027950287,2.420179
-1.6121025,-2.8181324,-1.6739618
8.178722,1.4516783,6.168756
-5.349165,-0.06662941,4.208051
-9.839729,-6.8704424,9.516234
5.4810705,-7.3277116,2.8800669
8.622051,3.2859373,6.3872213
-7.799754,-3.8940668,4.489616
-0.09986973,0.24457169,0.94681567
3.1792889,8.83102,0.37862235
6.44685,7.3773766,4.191774
-1.7951498,5.555749,1.5906515
4.554595,5.3250294,1.8791132
7.6833878,6.7712555,7.768707
5.851926,-6.706189,3.3366961
4.8722477,9.305395,2.3579943
6.081442,-7.3737154,3.4022233
-8.961049,-6.480086,10.009412
2.1262302,-4.096402,-0.78120846
7.711712,9.773634,4.9805174
-7.9231763,5.597767,6.6904016
-8.7656975,2.802765,7.2756376
-8.25798,5.79768,8.387865
3.070362,-9.550672,0.81789356
9.280661,-9.53784,7.094327
-0.9070225,3.1156015,-1.2278486
-3.9752474,-2.734314,-0.33001548
0.5918026,4.785536,0.4126872
-8.245327,-7.0972347,8.406336
1.731082,9.467987,-1.3296705
-6.5744925,-8.723688,4.279192
-6.7307386,5.0965776,4.6540213
-7.294654,5.2683105,5.1810174
-2.8311062,-5.3627276,1.9086282
6.5170536,8.8367195,4.2779417
2.0311117,5.2107315,-0.025811493
6.9593334,-4.5655966,4.3469567
-9.647618,-4.5240297,8.790518
-8.143901,7.652897,7.3179693
6.1271496,-2.4631453,2.3979514
7.8771343,0.657506,6.1034636
8.492325,4.5836754,8.0250635
-9.287243,4.6658306,9.183611
4.4792347,-5.007353,2.7211516
-9.860715,7.527727,10.964405
-2.9574418,3.0326262,-0.55974925
0.20257759,3.2196522,-0.3858915
4.676283,-4.64662,1.8617959
-3.0548215,4.5080147,-0.20353222
-8.646652,-1.2416039,6.8333116
-9.717393,7.0913677,10.337577
-4.0102196,5.1275644,1.0216451
7.620886,7.233864,5.400237
4.338846,-1.3578014,2.475886
4.946336,6.4993114,4.091607
-8.087593,7.6930466,7.27699
-8.985337,2.2188625,6.584435
9.252579,-0.63074875,9.800989
6.531929,-6.5347433,6.1981077
-4.3102064,-5.1613417,2.0392745
0.8408499,5.7600155,-0.054499626
7.2042255,-6.1298323,6.0008993
9.001703,-4.9177456,8.025069
-8.046343,5.1003494,7.049821
-4.95627,-5.0822124,2.87396
3.8860073,-7.734956,2.606259
7.6404247,2.2223864,4.275462
1.7397518,4.315893,0.8574259
-0.61714745,-9.064787,-1.5334821
0.387352,1.2784672,0.77840996
9.100027,-7.7116737,7.5498395
-7.851293,4.219054,4.700264
4.5557203,5.470541,2.5541036
-7.159404,3.3649254,5.013896
0.95079327,9.7654915,-0.71275645
-9.446499,-1.9408436,8.069111
6.4767914,-3.977902,2.9344811
-5.5716667,2.7055626,1.6059666
0.66428375,3.001443,-0.034211755
-6.2715626,-4.46887,3.937146
0.9157934,-6.5825176,1.291607
-4.8696175,-3.0446577,2.1477976
-5.1141653,4.1479664,1.378854
-4.3336344,4.225672,1.9219056
6.2046585,-4.4284034,2.8539107
1.3974953,8.457891,-1.0516448
-2.5757027,-7.432371,1.3624585
8.517117,-1.1605816,8.0969095
1.959692,2.4421368,-1.3784573
-3.2361388,-7.20306,0.6847242
-0.4521799,9.10136,-0.100646734
-3.9099216,-4.914973,2.0893297
-3.967062,5.9216833,3.5066576
-3.122758,0.4027481,0.94376934
2.383133,-5.6142664,0.6259538
-8.904306,9.347832,5.9317584
-7.787718,-1.1128883,7.194338
6.712803,1.7799807,3.719339
-2.3950253,9.405746,0.0843693
-0.36921692,-9.417105,-1.3154492
3.4925165,8.046131,1.201023
-4.472933,-4.9348583,2.1393027
7.0054016,-8.116379,4.343276
-2.2636042,5.561983,1.2396477
0.6093521,-3.0597138,-1.9167135
-6.935457,-7.9812326,3.7528703
4.066389,-4.9027395,0.9575703
-7.1076527,6.464117,5.1112514
6.081684,4.3820486,4.372903
-1.4157543,-0.49100113,1.7227879
-3.6522818,5.1355324,1.8375555
-3.347515,1.9863997,0.35866413
3.8152332,-7.487403,2.1017532
9.794191,1.9207516,9.212424
2.7168293,7.120619,1.883356
6.1294327,-0.9371195,4.862534
-8.429274,-1.1427059,7.3144803
-2.3599615,9.819811,0.55978847
-5.663205,-2.8590465,1.7820458
-7.177252,9.321413,4.957464
1.7170324,8.755711,0.13463283
-3.1262255,8.084707,0.6072432
2.2636852,2.656642,-0.6384087
-3.976203,2.7449265,1.6553708
-9.118359,2.5727558,8.466656
-5.1463995,-9.166204,1.6327459
-9.612049,-3.9568067,8.881174
2.1657467,-5.5996084,1.6694324
-7.5073185,-1.4722586,4.735994
7.6870117,-5.0016785,5.513491
4.32804,-3.220519,-0.104031384
-5.610845,-6.808709,4.495715
-2.857808,-7.2715545,2.3025308
-8.959501,3.2323418,7.6647024
7.2042828,9.7612915,5.1811895
-4.471824,-4.0557013,0.7349877
-2.1007404,-6.608309,2.3566296
0.7387352,-3.3622608,-1.5325339
4.8545,-3.7763681,2.0458407
-2.9812264,-9.738739,-0.75058085
4.9027586,8.782993,0.80622715
5.1431255,6.7923145,3.1509469
-1.2355757,7.415367,0.31782526
6.630474,-5.167861,4.5481935
-8.769165,-6.6122484,9.626996
-5.4451466,9.585419,1.041143
-0.7847614,-6.049734,0.035078645
-1.0181713,-8.401974,0.34710532
3.5477047,-8.329817,1.7578063
7.2225914,3.0437374,4.228844
-7.2208166,-1.3345318,5.238037
5.247489,-6.1012435,3.172233
2.3993912,8.515188,0.9615787
8.305023,-5.543762,6.7529163
5.33737,0.6513157,3.3155339
-2.1735897,4.9835596,1.7269949
-1.4179955,4.7852697,-0.20755988
-6.654649,8.370319,4.684122
2.2064734,-1.2389088,0.41593072
7.825468,5.1547947,7.033111
3.4410582,-0.79358006,1.4860084
8.085463,1.3210754,5.8335195
3.9940453,-5.8728704,3.506682
1.9241562,6.189291,0.754924
-2.1649323,2.2756824,0.7978697
-8.639283,2.0045261,8.0427065
-1.8745995,-0.76632404,2.0628796
8.48868,4.046961,6.791121
8.694958,-9.658856,5.8430862
-3.3832169,8.171883,0.2452572
8.207855,7.845045,7.7457576
8.243273,5.3578176,7.5793185
-8.532777,-0.3647089,8.244664
-9.864178,-9.331078,7.9286747
-4.9805937,-2.7090049,2.372019
-1.0118952,-8.033932,0.88569796
3.873681,-4.791108,1.8654478
4.1869936,7.8646107,2.7408016
6.3350983,-1.1537724,3.563116
-4.897332,9.962627,2.535007
6.6885643,-5.040939,4.0511336
2.279869,-4.6574235,1.3945205
-7.0992193,-8.0146675,5.222055
-7.3904333,3.8087254,4.5503826
3.5550613,3.7012777,0.9743612
9.310867,5.049736,9.106478
-6.639273,8.6490135,2.926888
1.1849136,6.0123596,1.8492236
-9.466844,-9.1708765,7.083321
6.513565,0.28698444,6.1575346
2.9482698,8.723301,0.65829235
-2.5470161,6.978775,2.2957585
5.283388,3.8701725,3.0449264
4.147291,-4.6955204,1.1187397
6.7403374,-8.437519,3.6747663
1.0000792,9.638788,-1.0902971
0.09871292,-3.2750044,-1.3078227
4.798585,3.4183168,0.70020807
3.3724842,-2.7028856,-0.072365284
-8.475703,-3.3768392,5.871453
-3.8385034,3.560791,-0.33199877
6.182728,9.251169,3.4418693
-5.0936546,-2.3751917,1.4230496
7.7354126,4.331831,6.479158
-1.918931,4.0260553,-1.2572618
9.57836,-1.5974312,8.751833
-5.878314,1.9897976,3.8127546
7.072407,3.3225842,3.020229
-4.4162216,8.927834,0.08361727
7.071644,-3.7748966,3.194777
5.5216417,7.691702,2.21218
4.0268087,-0.6456604,1.9046781
2.9262276,3.9443598,-0.69277656
5.9740686,-8.107718,4.2846704
-3.9860954,6.720915,1.4983656
-3.2243109,8.428036,-0.39450562
2.7168074,2.329258,0.095243275
-7.092831,0.3069296,5.1622744
0.5942726,2.6096954,0.17327112
4.173478,-7.8981137,0.697965
-9.085138,-8.620042,7.7843113
-0.5388031,7.44829,1.189025
0.566576,-8.979787,0.059868395
-7.698736,-2.2398615,4.307401
7.8505554,-6.124648,7.9686246
0.45250988,-9.334677,-0.09236151
-9.409967,-4.2438293,9.190441
-3.4686685,-0.08071327,2.4762352
1.8121958,-8.024576,-0.76049066
7.244213,-7.665794,6.2849603
-3.2295237,-8.065276,1.6253674
8.747162,-0.36134338,8.605843
-4.2298546,-2.6632857,-0.062449455
-8.061028,7.3489456,6.5467014
-2.732172,-9.572815,0.6104814
-6.5255127,-8.734731,3.921917
3.3235264,-3.0481696,0.7576583
6.603609,9.999586,3.4615948
-8.440725,9.108311,5.1781363
-7.3205566,-1.2930126,5.592497
5.557913,-2.7257276,1.6442666
-2.1451163,1.382473,0.47224495
9.118435,0.42017078,8.591293
9.0784855,0.9399948,9.609413
-6.6361055,-4.3219543,3.6277008
5.8902073,-0.48641777,4.080486
-9.643823,1.9238577,9.246461
4.025591,5.9756575,1.6929932
-5.7054005,-6.3083863,3.2641358
-0.056800842,-2.034298,-0.3314675
9.710976,5.021122,8.736288
1.3561401,6.5824146,1.617234
-5.3747654,5.4169483,4.28148
4.5958614,-2.4253774,2.3465009
-1.60781,2.2803383,0.10802275
8.974693,-3.4229097,7.7352524
-7.478454,8.493078,4.3649464
-1.7002144,5.680629,1.3443551
-8.401781,-9.024027,6.545691
-5.672226,4.8573627,2.700788
-2.8538775,9.816685,-0.36556262
-6.597625,2.6741352,4.394564
-6.8126955,-7.931955,3.9735007
-2.480854,6.432461,1.8517787
-5.711839,0.5353813,4.0391016
-6.059406,-2.6830826,2.252305
0.5402832,4.364333,0.3939657
-7.5101733,7.7640686,4.748065
5.7603054,4.5380135,3.9901726
6.5896797,-7.884662,3.319038
9.201012,4.1734877,8.597802
3.0986395,-6.17079,1.6856723
-0.94422245,-9.340343,-0.3381775
-1.7471743,-4.9598064,1.2384543
-4.7537756,5.260373,2.9065795
6.801552,7.6880207,5.6899276
5.537614,2.9522152,1.4869869
7.2209435,6.146549,6.595762
-1.9414625,-9.541601,-0.9354663
-6.908716,-4.8694363,5.7225904
3.3353672,-5.705731,1.7701592
8.765776,-8.495975,7.8833585
-1.5861835,-6.2444615,0.78899413
8.076061,-7.1401587,6.2787895
7.0611343,-8.356514,3.8725765
3.515853,1.4590969,0.43351692
-2.7044845,-4.6610537,0.71947724
-3.3535137,0.41294956,1.0577883
-1.7508612,-1.6011429,0.6080122
-0.75045586,0.6871166,0.33629557
-2.0582008,-9.083098,-0.67267215
-9.740942,-8.201912,8.170937
-6.85869,-9.041563,3.0465202
-3.1712222,6.9593163,1.8639741
7.684124,0.3312168,7.4119587
4.131832,-8.51141,1.6691504
-9.10749,-3.848771,7.059298
-7.159288,-0.10307121,6.792981
-5.867385,-6.618111,5.2922735
9.483717,8.09049,9.730855
2.475709,7.17614,0.3564142
8.010046,2.403511,6.0682063
-8.075134,-1.7220173,7.343424
9.341616,5.816309,8.819944
8.137199,2.618351,6.387952
0.6936836,0.851244,1.2639391
-4.676508,1.2331867,3.0117648
3.9198513,-8.703908,0.35981143
-5.373317,2.831522,1.4614077
-4.14554,3.651122,0.30418617
3.7512531,6.1695538,1.4869952
-7.6807394,4.742346,6.885721
2.4335155,8.511314,0.9388441
-0.5333061,-5.3159084,0.897791
0.09312153,0.8204403,0.75909275
0.45820427,-7.3643064,0.7220023
2.4111786,8.585144,0.87470835
-5.9770927,-0.46681213,4.8097963
4.1158543,-8.64174,1.8324149
-9.380845,6.482332,10.6801405
4.206753,1.1793003,1.1819997
-8.125866,-2.8824272,4.6461115
9.623608,8.946354,7.4176173
2.4048529,-5.2668295,1.0053847
2.7700949,-4.9614286,0.09025793
2.6566162,-3.4329596,-0.552119
1.9428167,1.1454525,1.5833744
-3.8241205,-7.7709255,0.5535537
-9.730282,2.1624384,8.09669
5.9803486,-9.676217,1.639564
6.056179,-5.3899584,3.3532763
-1.8295403,-5.849471,0.2849626
0.5013218,-7.265966,1.0601416
-0.6427231,2.2910795,-1.613464
-2.258203,4.393179,0.6719652
6.822731,-2.445136,4.715291
-5.9787045,-3.0041814,1.807826
-9.344061,0.21183014,8.7911005
-1.6531601,-8.105417,0.76457405
-5.8302603,-9.491582,1.4657116
-6.604396,-6.4770947,4.409224
-2.8735423,-7.2495604,2.3105059
-0.38479424,1.4103498,-0.34187955
6.568451,8.071089,4.4815726
5.6273375,7.135357,4.4597607
8.139898,-6.1562157,7.771643
7.483881,5.5637636,5.637184
3.007554,8.770622,1.0584936
-0.065193176,-2.1156301,-0.38036317
-0.31929207,-3.2607675,-0.119733036
-7.5897846,-9.447199,5.287193
0.9533014,-0.72055817,0.20816559
-2.3383055,-3.8741722,0.16099322
-2.7542696,2.5234356,-0.67500836
8.406202,-9.181314,5.1180854
4.5884743,-0.95762825,3.630628
6.2743053,1.7587872,2.7505891
6.459326,-2.48765,3.731412
-5.7899165,-1.5369606,3.888138
2.8859043,9.491867,0.60692376
-1.254446,4.350156,0.5383276
3.4898558,-7.4418364,0.87504834
5.8791246,-4.5275965,2.2762983
-2.5102863,4.6132603,1.3648826
7.5040035,4.3565483,6.239382
0.41804218,-8.422837,-0.15072829
-1.9026299,-6.83522,1.6380618
6.551071,-4.1355047,2.8207405
7.7474747,-1.2175646,6.3565416
-2.8216267,0.5978384,0.62944174
5.751341,2.4651423,3.5271642
-2.2280493,-4.662553,-0.37465703
-0.30570793,-5.5837784,1.7653077
-7.1078577,5.6003656,4.9685574
-4.264041,-7.801733,2.831433
1.3165245,-1.7638321,-0.74929595
-2.3063793,-8.969025,0.59893876
-1.0022249,-7.6076946,1.3180622
2.4036503,3.7367258,0.1783278
-3.973054,-0.48966408,3.3916368
5.284294,8.391163,2.6320698
9.804609,9.907845,8.971787
7.9679565,-8.289781,6.005782
8.802502,-5.340934,8.226286
-2.7744079,2.2736912,0.09834629
0.32203865,-1.2585888,-0.076776475
-3.354312,-9.159201,-0.47873294
-4.8718214,-5.9539533,2.6512005
-2.239759,-5.363411,0.5818793
6.086342,1.0397301,4.255761
-9.351471,4.2486744,7.402319
-5.299741,6.134798,2.9079328
5.1356316,8.456493,1.5456328
5.215166,-5.2818465,2.593126
-2.55718,7.568907,0.45090052
-2.2699604,-5.7338724,1.8024839
-1.3914776,-8.590708,-1.0532367
7.240814,-4.307495,5.07325
7.2260036,4.586071,6.0839643
-4.6688547,1.6576405,1.0996563
1.6573124,-8.695903,-1.433773
-9.679984,2.6911182,7.6760416
-6.6016126,-0.3872776,5.8362155
-0.91510963,7.264612,0.28288108
-3.3442106,-5.650842,1.9730508
-4.7182236,-8.294066,2.7908254
8.217939,-0.6308994,8.451473
4.9773674,-4.0088224,0.93754077
0.7704201,-1.7005167,-1.036216
-2.9442334,-2.6776257,0.9721295
0.14852428,9.753361,0.04824996
8.205784,-1.3106384,7.96188
-1.867238,-9.674955,-1.3264067
0.76187134,-5.883224,1.9527578
3.0972157,-0.31609917,1.0797746
5.922346,5.6414137,5.2200365
6.124956,2.4189014,3.7799964
-4.68182,-9.866444,2.0901065
3.9305134,1.4594707,1.1361047
1.5910254,7.1394234,-0.026263177
1.4406061,-3.207171,0.20544416
-8.616991,4.6513653,6.675395
9.253944,8.311716,9.120235
4.4597435,8.4049015,1.2517139
1.1726227,1.657608,0.98205733
3.8424168,-9.594061,1.2318275
-2.483573,-8.549541,0.66327876
-7.1796455,7.4041977,5.3444633
-2.6147509,-3.220028,0.53103954
-8.950844,8.56975,6.389827
8.648514,6.422308,7.6257215
4.280134,-8.968668,0.29919493
2.6242018,4.5164337,-0.16117671
-6.7637467,-8.309449,3.7961292
-6.5136805,-7.249477,4.714423
5.7034216,7.039362,4.618642
-8.101982,9.004387,6.293013
1.9396057,4.840393,0.5401774
7.4816303,4.6443605,5.3407745
-8.719124,1.1676931,8.680954
7.059355,6.466774,6.9618306
-8.24369,-9.376778,6.7429647
-1.9421873,4.905863,0.67262125
6.9053555,1.1815071,6.1018476
7.4156113,-3.0040956,4.790738
9.081882,-5.831046,8.712428
8.274008,3.748129,5.6313047
-9.645252,-2.1795964,9.5551815
1.6758461,1.0858841,1.7161415
-8.936635,-2.0696392,7.1613326
5.6925716,-0.2937832,3.202848
2.9605656,-3.5760365,0.8871147
7.705639,-9.505998,5.7787366
2.346119,2.3919563,-0.80356956
6.8555756,-1.4465275,5.296231
-0.43882275,-2.9848623,-0.0023463964
-8.03144,6.5223866,6.568298
-6.5771923,-4.6962442,3.8061469
-0.14072227,-1.3558912,0.40488344
-8.98107,-9.130163,7.4209785
8.492249,-3.7320938,6.1067896
-6.0038495,7.1145325,5.2329235
-7.5876627,0.5349884,7.4117546
9.738695,5.526022,9.813161
-6.4116964,8.368452,3.8652496
-4.4638243,2.576724,2.0223765
0.16862011,7.345234,1.4352406
3.1888866,2.3926392,1.2594867
-3.5849915,5.9498444,1.6162584
5.352764,-8.632173,1.3688838
-6.40174,7.4017944,4.7927017
1.9415169,3.3396673,-0.40401095
-9.838627,1.5436125,9.209347
-8.97881,-9.808329,7.2369113
3.540267,5.645502,2.9642153
4.8071337,5.392312,3.6491108
-4.465493,-7.5259137,3.1300426
3.5098028,8.595718,-0.39162058
-2.6151419,9.270756,0.47179866
5.5863075,-0.941885,4.561854
1.0919619,-3.1787515,-0.5565181
-2.2094069,-0.6026602,2.2834888
1.8999405,-8.432959,0.122823596
-9.490685,-8.914987,8.346508
5.6016216,-1.3864985,2.3248847
9.2429695,-3.4420729,7.1995144
8.529285,8.869036,6.671132
-5.7610226,5.8755684,3.5865097
-4.02642,-2.780572,-0.29436225
-4.3814287,-9.854921,0.29088295
1.5203867,3.0868444,-1.7671599
-7.00264,-0.8444605,5.206465
-7.5093374,-5.3012094,7.0527906
-3.8895473,8.88205,0.6461896
8.753416,6.257347,7.682775
2.6343117,-3.8310442,0.5412998
-9.0554695,8.511494,6.594674
-4.665571,-8.730849,1.514123
-7.9222355,-8.291679,6.1333003
-1.2831745,4.662607,0.41064817
0.317276,6.0781307,1.9258388
-6.6777506,-2.0880127,4.946026
-7.7994394,-1.9066706,6.4961696
-1.9715958,-9.703259,-0.2951029
0.5834284,3.3388853,-0.016863942
7.350996,-0.28966713,5.514027
3.6290731,-7.5074253,0.7997197
-5.8234453,-7.686492,4.260933
-9.229894,5.6491146,8.370705
1.9499836,-8.374811,0.46593973
-1.4346752,2.173584,-0.3843153
5.8640966,9.121763,2.400593
-6.9182243,-2.9365673,4.8016696
-0.48529625,5.650154,0.4407449
-7.29419,4.42315,4.2857547
-5.014994,-2.253314,0.9303556
-5.9000483,-6.163307,3.5014815
-2.082572,-5.980238,1.2763121
-0.8377943,-9.772934,0.07501447
9.296244,1.4479113,9.544026
8.863108,2.307024,8.183605
7.7896004,-2.593032,4.2389803
2.3907833,5.357705,1.4133997
0.15814209,-0.6947384,0.6610756
9.520063,3.0605497,7.3071065
-6.902376,9.721428,4.711304
-9.237213,9.359367,8.532909
-5.4035306,7.993868,3.4887543
7.4905643,-4.139931,5.4636383
9.790695,0.21380615,11.429568
-4.109378,-3.0156555,0.52359134
-6.472037,2.8821716,3.4169695
-8.88382,5.8778896,7.8832264
4.63356,1.6604996,3.044639
-4.0274143,-3.2159042,1.0007035
7.474592,1.6891994,5.5284967
-3.5357943,-7.397743,2.545035
9.148775,-8.746352,8.5872
6.4470406,-1.7250271,4.9949174
6.5873947,-0.92113113,5.1579676
5.319002,-2.0947194,3.3182232
-8.035641,4.513129,7.2497606
1.3720951,3.1496992,-1.7363446
-5.96599,2.399828,1.8382154
-3.0730033,2.482193,-0.8205521
6.193825,-0.56644917,5.0388765
-5.08154,1.863431,2.3380356
6.30616,-6.8436184,5.5585723
0.51597214,-6.3793125,1.1713996
-4.741614,1.1741438,3.2908814
-4.856243,6.2673454,4.1887784
-9.72105,0.423707,11.190434
3.4301624,9.091442,0.002885878
0.384017,8.0774555,-0.1671694
8.903366,-9.981951,6.289738
3.6042976,-4.6065416,1.9738957
3.1056652,3.4775724,-0.9605425
-0.53121567,-0.479496,1.1674169
4.673442,3.3560553,1.2306471
-1.4836731,-5.49067,1.8797462
4.0092993,5.3452253,2.7305257
-4.5474186,-5.75416,3.790467
6.323435,0.685071,3.8444362
2.742134,-7.9816055,0.52032673
5.282608,-2.8792715,1.3472223
0.675333,6.3853436,0.11939341
4.7461786,5.1701946,2.1348608
9.0373955,-7.2139606,8.062783
1.538866,5.728368,1.6593368
6.952883,-1.469696,5.6482415
-9.155889,-7.6816883,9.492757
-0.7912903,9.065319,-1.6506164
-8.691087,3.397542,7.536313
0.7150078,1.0539227,1.2295296
1.8779354,3.1767035,-0.95895135
2.8237772,4.4276123,0.45269242
-4.2566023,-9.017411,1.525924
4.680979,5.7098274,4.0309515
-4.207693,7.3020325,2.9322894
-2.5439396,1.2309122,0.97031444
7.4996223,-2.8422842,4.0439243
-9.202932,1.4085732,8.244595
2.0294867,0.6838846,2.1703331
-8.603764,1.6916466,6.3677564
4.2973595,-6.211958,1.8442307
-8.350573,6.3178864,7.3681297
-9.3873205,0.6123495,10.140203
-2.785615,0.58521366,0.61132187
7.997797,-3.6970863,6.508829
5.052495,8.670002,1.6481152
6.426956,-7.167821,3.893451
-2.329689,-3.38315,0.5713947
8.833471,-6.7447653,8.588025
-4.559702,7.502287,2.0813107
-0.7000046,-4.0117226,-0.2684987
-9.1828165,0.16771412,8.418853
0.5038271,-0.69152355,0.4542573
2.292653,7.539694,-0.16520941
-9.597927,-8.467206,8.234435
8.406696,-5.14799,8.13702
1.8813992,-9.721378,-0.07138401
9.536758,-2.170267,7.5688796
-4.3048706,-8.619348,0.6007624
0.4663229,-0.20917416,0.90256035
-3.209374,3.849803,0.47983408
8.455046,0.98270893,8.60187
-5.5901585,0.96639633,4.464553
5.755451,-2.083334,3.366674
-7.0222306,-7.1764994,5.6871963
7.5146694,-1.5366478,6.5327363
-9.310839,8.13921,8.0125675
-4.9713397,1.8838596,2.1040103
-4.513266,1.7945375,0.8449999
-1.6980228,-2.9932652,-1.6329308
-0.1240139,6.7180786,0.16840935
3.2316017,6.6480026,2.4644666
8.967783,2.1428003,7.859249
5.8909817,7.0716743,3.445232
-4.821907,0.770154,3.5842123
9.396481,0.19228172,10.783243
-1.4725857,2.743452,0.07738334
-5.5762873,-9.617048,1.9093566
3.737937,6.384178,1.4372921
-1.74265,-5.209074,1.120449
9.543509,-4.353527,9.40637
1.1155405,-0.5994339,0.3301373
6.6185265,-7.518623,5.191898
2.5748396,-6.4370813,2.413221
-6.5351915,8.091766,3.5333915
2.1046638,-1.6348562,0.67372954
-5.786965,3.6682663,1.7933054
-2.677791,1.9969044,1.1088552
-3.2213774,9.80163,-0.050256014
-7.9235077,-4.6868362,5.7189837
3.8700504,-5.1196933,1.0724341
7.076147,9.575821,3.0417395
-9.854542,-6.661887,10.958324
5.443282,-9.843981,2.2250931
-7.8955784,-1.7568121,7.0138702
-9.786614,5.654299,11.3228655
3.448638,4.4641438,1.2512809
-0.22169495,-6.7073107,1.912803
-6.130481,-7.7439547,3.5249267
8.953684,3.2114677,6.557389
0.8159809,-6.5504255,1.8375592
-6.2722993,5.544321,4.889806
4.5873985,-2.265017,2.2871158
0.70778275,-4.0486765,-0.83846796
-1.6006002,-1.7970905,0.2938968
-7.118919,8.140467,3.7994213
-0.725461,-6.01427,0.07706642
5.7870045,-7.678981,3.0826907
-4.8853884,4.049652,0.9670838
4.605938,4.2136497,2.172854
-9.827419,-1.9198694,9.333594
-3.7836695,6.021187,3.1085691
-3.1459513,-2.4112582,1.2089777
-8.79727,-4.192741,6.5152807
3.574027,-7.6046968,0.6351763
-7.8293085,-5.000943,7.4076557
5.7875834,-5.558722,3.412713
2.0474606,2.6594143,-1.2101774
0.13275337,-1.8347569,-0.50031257
-5.331129,7.2163544,2.7396674
-3.4031591,-4.848236,0.58227205
2.427701,5.8228874,2.4852931
9.61397,8.112312,9.508605
-4.7898364,-2.2798433,0.6459912
-6.804011,-5.588579,5.717679
-4.4357967,4.978981,2.3255339
-7.1832585,-9.518929,3.4914541
-1.3164759,6.618572,0.46455747
-7.127761,7.6755695,6.2222013
7.250679,-0.583478,6.9779587
7.0978622,-6.1980686,6.0236044
-6.3629255,1.2718878,3.3715713
8.819403,7.2367744,9.194164
2.0731945,1.3387737,1.0176938
-6.362183,1.8705807,4.369792
3.3215055,4.3586483,1.6995492
-9.07578,5.655775,8.171698
-5.3182316,2.1818714,3.075332
-7.2180758,-5.4501305,6.8802624
-5.561559,0.27930164,3.0544944
-2.1645775,-4.264756,0.22788599
2.2771559,5.031971,-0.06199956
1.9082317,-5.142254,1.1590667
-9.774608,8.740732,9.3555975
-9.571704,4.2083282,8.147722
-1.5171003,-9.9895115,-0.08943838
8.534988,-4.188777,7.7143087
3.704486,-1.5032587,2.0949607
8.926285,-3.2422123,7.5912127
-4.7380886,-0.334198,4.189542
2.787591,-5.3505096,0.6603402
-8.7058525,7.0294285,9.311391
5.2043114,4.5565014,1.5646838
-0.24637699,-0.9474468,0.82114315
-0.7584877,-4.363776,-0.45154876
-5.399852,-7.643036,2.7078495
-8.737377,-5.763359,8.593116
-3.6817875,-5.5205274,3.0740547
-0.944911,9.396996,-1.4291339
-5.310525,-0.0106163025,3.8764596
4.1796827,-5.7048664,3.544695
-1.7352524,-0.7715702,1.991152
0.98462486,-0.39199734,0.6446382
-9.31274,2.4311972,8.519763
2.8162718,3.2563744,0.05094081
-4.8890424,6.27166,4.0744143
-7.5561466,-4.9806175,5.9097695
-4.0133295,-2.1611557,1.7366468
-9.094724,-8.582248,8.073487
-7.632884,-3.5957503,5.664304
7.4557667,-8.792058,4.3429203
8.185318,-0.86685944,6.621272
-6.945962,-6.0448303,4.8850565
2.1686926,-3.4234276,-1.3993483
-5.1508236,9.357029,2.533799
9.357571,9.053505,7.9285483
6.1049767,1.3014355,4.989029
3.9760818,5.0885487,2.930679
-8.15307,6.461149,6.9654336
-4.9186907,0.43978786,2.4945822
-2.1016035,1.9916353,0.8975873
-8.94059,-0.6723013,8.506747
-5.844195,-7.976315,3.7805192
2.6328297,7.965515,1.4336209
-8.140744,-7.4091444,6.4718275
2.6606865,-2.9904022,-1.2754145
-0.22852707,-8.323816,0.49806446
-0.8234978,-5.924405,0.017944276
-2.921029,9.955595,0.7125436
-5.3742943,-0.92272854,2.5222094
-9.349443,3.1307945,8.581035
-6.804882,2.4195461,4.566758
7.5522804,7.81229,6.381644
-0.7412243,2.093153,-1.4437963
9.7374935,0.35346508,10.124278
0.52719593,-4.5892725,-0.7560094
-1.1787043,1.834425,-0.9517852
5.996958,2.171917,3.4734082
-9.414683,-6.8871927,10.592258
-6.1981907,-7.232492,5.1726832
5.736429,-4.3238316,3.2352712
-2.6080074,8.603189,0.43050128
7.911606,3.9728832,5.601387
-0.91313934,5.598257,1.7790637
7.131525,6.6648026,5.6187015
0.48566723,-0.099749565,0.9701903
1.0385017,-6.6772175,0.4251423
-8.446339,9.581621,6.829286
-3.4558725,1.6473293,1.6743952
0.5013962,-3.5972157,-1.8458637
4.569064,4.024555,1.0078316
1.9403095,-7.0215034,0.24494159
-2.1711636,0.35246944,0.7171873
0.06751442,9.285992,-0.40326077
8.596281,3.2966766,6.336827
6.670635,-9.373011,3.754154
3.4121857,8.719435,-0.5927851
-7.206764,2.1335106,4.334085
-3.3624067,-2.6725807,0.66312146
6.384411,7.8659763,4.0182333
9.001762,4.4415016,8.593012
-4.7275066,5.842146,2.529645
4.249048,4.8915243,2.9181106
-2.3415875,-5.600773,1.8456193
6.343624,-7.22522,3.6515176
-1.5025883,7.1816654,1.8277421
-7.949071,-0.61782265,6.153596
-9.898474,8.120802,10.497298
-0.3746748,4.968611,-0.6905443
2.9480534,-9.640046,0.036711574
-5.894943,5.4654512,3.4397473
7.867735,4.9868736,7.4605813
4.7432976,-9.627472,0.2767228
6.030308,0.59086704,4.0577736
4.6072674,-7.9897985,2.7630863
-9.644896,4.8970747,9.593714
-1.8335333,5.3228846,1.2381408
5.194373,3.0439463,1.5996697
4.950246,6.2594223,3.033116
-9.098683,-5.548667,9.239069
-5.6683564,-0.3488407,5.071284
7.288847,-2.7094102,3.6220198
-8.279332,7.643093,6.631032
7.5789795,7.1382847,5.7607436
-1.929349,-3.5280704,-0.0539214
0.73363304,-8.485754,-0.47903058
4.8772964,-0.34860992,2.3270211
2.6920233,7.816187,1.575779
-6.410412,-2.1577954,4.5093775
3.2572823,3.6804667,-0.3436919
-8.585665,-7.269082,7.513937
-5.0464916,-6.648648,4.3249216
-1.7565632,-8.582552,0.23364305
-2.0003357,-8.6015835,-1.277106
7.2794743,-4.064784,5.663298
-5.458847,-4.2647195,1.5863936
8.391169,3.8617086,7.124546
4.6578608,8.24161,2.4274623
3.2540998,1.2286291,0.6388987
7.1216984,4.030861,4.022971
-6.829288,-6.390419,5.324419
-8.616322,-4.331723,6.6857386
0.37302494,-9.342274,-0.6460793
4.929681,9.363819,2.2530832
5.047861,1.0673027,2.250001
0.41585445,-2.7401457,-1.8116283
9.564064,-9.137153,8.733121
3.552845,1.8740921,1.3300374
4.3209267,-9.813036,1.9414196
-4.846879,6.7215385,2.3368542
3.0503807,-9.380498,0.26471967
-3.7432108,2.140583,-0.12572777
-8.078307,6.205103,7.6611676
-6.5053425,-8.079633,4.7570376
-6.0374546,7.3444614,3.7809849
-1.5078249,9.600376,-1.7005161
-4.1882887,6.987837,3.353542
9.187075,9.080412,8.484492
4.134514,-4.6789827,1.2003167
-8.313816,-1.7543526,7.6306567
0.42085552,8.972765,-1.4747496
8.623333,4.737238,7.450958
-0.40315437,-6.787703,1.2857722
1.6229448,9.849508,-0.92146206
2.7300663,-1.6902237,1.6213877
-3.2995749,-3.2529354,-0.87089217
-6.4743876,1.3789101,3.9055316
-3.747758,9.62188,1.4216304
-2.6090822,-5.039153,1.5507336
7.8689632,0.8781719,7.41743
-8.128748,-1.1760426,6.85767
1.3444271,-2.9954576,-0.034309506
-3.822658,4.61195,2.2999797
-1.06394,0.6017542,0.3401605
-0.8883877,-8.204184,0.580164
-3.879033,-0.24689865,3.2922513
2.3074827,6.317728,2.4362268
2.363371,-4.741625,1.5656804
-5.7425747,8.884455,1.7554951
6.1441956,-8.238705,3.0524745
9.020847,3.3866386,6.4059734
-4.1418767,6.2010765,2.1883056
2.0382557,3.5065498,0.24179453
-3.7028494,3.9498472,-0.2026794
6.8548126,1.4706593,4.1886134
-0.775383,-2.1065521,0.5476728
-8.916138,7.166506,7.7092123
2.3269958,-2.2169151,0.8414218
8.286837,8.403126,6.842342
0.039060593,9.566063,-0.62486166
-2.5609503,-8.658104,-0.24520019
-0.2743454,8.131685,-1.056556
5.6624584,2.4883785,3.4111128
8.576487,-6.8205605,7.2848873
-2.502606,-5.5587826,2.349831
5.3270493,-1.379446,2.1530485
5.571974,9.347015,3.0778372
8.934296,6.105507,8.057233
7.1641483,-2.6594458,4.044786
-8.259264,-5.969969,6.9548864
-8.261552,-6.471963,7.7462163
-8.298649,-5.052669,6.334057
6.283619,-0.22681236,3.933355
-5.078106,-8.681383,1.9450471
5.523756,-8.925334,2.994883
-1.4889574,-6.27966,1.2962556
-4.1205406,2.755824,1.7073044
7.5248604,3.5498161,5.74449
-1.9314156,2.9489498,-0.054151893
-5.396781,8.315123,1.688849
-1.5325842,2.4206676,0.021872818
-6.3600874,-3.883215,2.886146
-9.6288,3.9696865,8.094572
-1.7520723,-4.666046,1.2094852
-0.56300735,8.89456,0.12571186
-5.6997356,-3.838297,2.5953631
8.863054,-6.245614,9.784313
-2.2340822,-1.9179716,-0.751143
-2.5400758,-5.576949,2.4055965
7.9248943,-1.0043144,5.8225803
1.1127901,-1.6712551,-0.9350005
-2.3524132,1.1717224,0.5661894
2.2993736,-1.3233614,0.67509943
-9.035169,-6.966951,9.0540905
9.831253,-9.368211,9.505746
2.6378736,-7.229619,1.0609531
3.5169296,-9.3052635,-0.7221797
-7.375512,-9.972126,3.6242738
7.6454773,9.70447,3.9510994
-8.218847,5.855426,8.506833
-3.4748888,4.534071,1.0775218
-6.4120054,6.4389935,5.53077
-5.0503206,3.0394602,1.2056504
2.1340199,-3.3034277,-1.2250717
-9.917128,-1.2419367,9.910573
-9.789768,-4.1103935,9.583057
2.2844486,4.5106974,-0.44899055
3.2957993,2.5737143,1.0521166
0.14334106,-8.399445,-1.450235
-3.7991118,1.5540228,1.8303485
-2.7973032,-7.6984034,1.3781431
-1.3811007,7.5194206,1.3384613
-2.027564,1.0864077,0.06990066
-6.186448,-0.15432549,5.631485
7.52705,-5.9125385,6.0994062
2.0239563,1.5405989,0.46331862
-6.6903043,1.2724113,3.9792898
-2.032486,2.5672817,0.4484291
-7.2359896,-7.0035386,6.3880157
-5.84272,-4.2229834,2.5005567
7.5955486,-6.968302,6.0826883
3.0527554,-6.2512016,1.6997118
4.3808727,-5.4803667,3.5157018
-1.2974129,-8.065815,-0.90428543
-2.4952688,9.82482,0.28032583
1.2925968,-9.463478,-0.50443226
-7.104226,-2.618475,3.9359322
-9.950238,0.42395782,11.692679
7.030203,-4.0270185,4.34583
0.2037859,-2.7737927,-1.464603
6.065584,4.6803665,3.532544
7.524227,-2.2978535,5.996667
4.3738136,-1.1818037,3.1898377
-3.4179163,8.824097,1.2940936
-1.8337803,-3.5899162,-0.26944458
-0.5219002,-0.44243813,1.1598105
0.59818363,6.3617916,0.41648018
0.38896084,-2.3450089,-1.4748251
-7.8180957,-7.976837,5.538457
-5.497059,7.7005157,4.1713257
7.2874317,-8.618187,4.6461053
0.32008648,-9.856079,-0.8849725
-4.5338783,-5.1349583,1.50484
6.760889,1.3265152,5.2535014
-2.967926,8.102423,1.5194318
-4.0674744,-7.806587,2.0326266
6.988962,-4.9776115,5.375458
-7.889515,9.033333,4.465151
-4.7890377,7.8069706,2.6467152
7.5680237,3.7871056,4.5516934
-0.97780037,-8.466023,0.4324792
-4.1236663,5.4956646,3.0279443
8.297773,-0.6355076,8.536847
1.5216885,-7.6860976,1.1633174
-9.395615,7.8338184,9.822961
-7.394736,-6.839497,6.6232333
-2.5350022,1.6297188,1.4196231
-0.5487919,-5.448509,0.8524511
-7.5291214,8.477728,4.244304
-3.768301,0.31132793,1.4499513
3.3804693,-2.4210048,-0.55465406
-9.32571,5.6250668,8.675005
-9.37128,9.1,8.27441
2.5998888,-0.7785759,0.48889983
1.9085741,6.7843513,1.6141278
-9.657112,-3.5917225,8.297795
-9.304401,-5.401539,9.285675
8.308865,-5.408623,6.727462
9.979946,-9.599477,7.975288
-4.370532,8.846127,0.25194925
9.961267,2.4764328,8.688042
6.9066544,-7.0591154,6.4821467
8.888935,-8.670746,6.177857
-4.3030214,6.2744446,1.8949137
-2.447153,0.47656155,0.5681644
5.89573,-6.8350353,3.8106577
3.709197,-0.9979038,2.4489207
-7.9812136,-3.6355495,4.8139243
5.984659,1.3028669,4.844739
9.751713,-4.1338882,8.458831
-6.350596,-4.67883,3.0081236
-9.284508,-5.8609247,8.686219
-9.525677,-4.128665,9.52101
-6.3267303,0.16046429,4.1403112
-4.403714,4.8660145,1.5588951
-5.651287,2.1302223,3.1667016
-8.758356,6.377741,9.3030615
6.245573,-3.1239176,2.2868888
9.780466,-3.449236,7.8799314
8.372107,-6.0101213,7.920297
6.262001,-8.620834,3.7725687
4.4399214,-6.135598,2.1017022
-3.9423776,-2.081417,2.004286
-8.069666,9.416817,4.95368
-5.90626,-9.746528,3.390166
4.5278025,7.481409,3.0453713
2.1878424,5.133382,-0.085075825
1.2766275,4.977647,0.4964908
-6.069114,5.3124037,3.513075
-4.7047577,5.371298,2.6882524
-4.217366,8.647776,2.0075102
-1.2693777,3.703539,0.31484962
-1.8869772,-2.0803204,-0.8377574
1.0575047,3.8049612,-1.4482114
-3.3301268,-0.7452917,2.456726
-1.1330986,-4.841503,-0.45831484
-6.360055,3.6626759,4.142283
4.941577,9.997982,0.84411275
-8.310529,7.501251,7.7247715
1.8253098,-4.3114843,-1.0569508
-9.513657,-0.8859167,10.523105
-5.702834,3.8295088,2.328152
9.669073,5.547847,9.8574095
-1.871212,-8.706448,-0.95383185
-1.8370543,1.3609047,-0.052596748
5.158844,-1.1807432,3.2323442
-8.62685,9.5954,5.5670843
-2.3036313,2.8423462,-0.686345
-0.3218603,-4.488326,0.7802162
1.1254921,-3.1865048,-0.442047
-1.656105,8.157518,-0.8341504
-7.053956,-2.958889,4.8922577
-9.165213,1.8588114,9.086837
0.107785225,8.747427,0.03115791
8.350691,-8.838082,7.140357
-4.4890237,-0.8192768,2.1870444
1.264286,-9.0168495,0.16127437
6.356468,-3.0376472,2.6026783
-9.770573,3.6682663,9.64095
8.849291,0.005596161,8.880482
8.446005,4.958002,6.516991
-4.3746185,-6.80568,1.7829602
8.716486,4.455431,8.250777
6.831011,-4.3493032,5.3020124
8.307098,6.4831047,7.4470634
8.660404,-2.596818,7.1229877
2.2933273,8.183516,0.120348155
5.4948435,0.80378914,2.7567139
-5.3544893,3.421115,2.4124649
1.67941,-7.5707827,0.4139336
9.589542,1.4640512,10.297717
-3.4459171,7.3785095,1.3563763
2.3565884,-7.632059,1.5358593
-5.109376,7.398302,2.9492264
3.6962242,3.7274036,1.4688941
3.2559671,-4.256425,-0.34169576
7.549803,-6.5226994,7.523717
0.05513382,6.1423283,1.3226141
4.774563,-3.04322,0.36066884
6.062599,4.869089,2.8841736
1.6103382,1.2212353,1.5244906
-9.43358,9.338724,7.7703276
7.0900745,-6.8845177,6.844655
-6.403226,-1.3995819,4.717089
4.6322937,4.3779325,2.8077073
-7.481861,-4.913745,4.993132
2.9128132,-2.747295,-1.0638311
-1.8714132,-2.1901455,-1.0477968
-8.955326,9.80879,7.2159853
4.5662107,4.3943014,2.7099078
-2.3268118,-9.274112,-0.0467906
-4.161001,2.7929,1.6021342
-3.1070843,8.450052,-0.4970904
6.7993507,5.038356,5.2388334
5.8759537,9.0835705,2.5427637
2.7241955,-1.9798012,1.121386
4.1842976,0.99328804,1.4474926
5.136442,9.772032,1.6260504
4.1370764,9.217949,1.1553922
8.514858,-2.9377842,6.38863
6.021435,2.1064901,3.23278
-5.145956,0.40629196,2.698842
-1.5230837,8.824888,-1.3607528
4.664048,-4.391366,0.8616688
7.9561996,-1.2354517,7.0529695
-8.309541,3.6601076,6.8789024
-4.9597273,-1.5536861,3.4660487
-4.9592876,-4.706192,1.4779265
9.4450245,8.514765,7.3552547
9.815113,-3.7099543,9.750436
-4.469855,6.143776,2.2622173
-3.0903196,-2.2517347,0.9506905
0.17729378,-9.862833,-1.8866663
0.58557415,-6.912904,1.6297878
-2.8500605,2.5636158,-0.87910247
-7.2955074,7.161869,5.044764
-5.3220463,-1.4057217,3.9281037
-0.834404,6.512869,1.7938635
1.0824404,1.8368359,0.76837337
0.38373184,4.252343,0.5688782
-9.183014,9.901913,7.368598
8.854418,6.82205,8.04273
-5.8247957,7.746729,2.5908988
-2.4485388,-6.3541975,1.745922
9.276312,-7.37638,9.700753
0.06526089,7.9282246,0.42087585
-7.9936695,9.222881,6.4049115
5.7608805,5.081357,2.8386292
-3.7621937,3.9677134,0.03393048
9.694107,-2.3137116,9.145461
-2.9015255,3.5027552,0.57961917
-7.474886,-4.816942,4.6992154
-7.439164,-0.4228363,6.442089
0.053949356,9.357523,-0.5137875
-1.6107073,-6.299982,0.5979231
7.785452,-8.404243,5.02204
0.59874535,-0.77896214,0.29781896
-6.0110846,5.2159386,4.1582904
1.120204,-9.30036,-0.028831244
-7.3965225,6.365284,6.4245768
1.4929657,0.44574833,1.7426252
2.6416721,1.1964312,1.0445398
-9.428023,6.1920986,8.918172
-6.840439,5.056032,5.044037
-5.022676,-0.56720924,3.654655
-3.4965572,-9.514044,1.1877177
-1.816822,8.64888,-0.37819532
4.1936007,-3.2375612,-0.08395684
-7.8930798,-5.5546308,6.8375034
5.171997,3.3445034,0.6956517
-6.9319143,6.7211323,5.2021523
8.781317,1.4239511,7.7953057
-5.7073307,-5.6901274,4.958714
-7.650055,-9.081554,5.2623253
7.166979,4.3534613,4.5721726
8.133884,3.5004425,5.483134
-3.3880448,5.9439907,1.1303636
8.767714,9.964069,6.262513
1.1262178,-5.4472446,0.94517374
3.6317768,3.1062078,-0.6399205
-0.58675385,9.92042,-0.39919102
-2.7317858,-0.31220627,2.451102
-3.617127,-3.712863,1.2272843
-8.573886,-7.806287,6.581495
7.2984543,0.16023064,7.2344646
5.2977095,-5.0505376,2.1397045
9.085213,-6.807959,9.950098
-9.830536,-9.508131,7.965733
9.880184,4.1267195,9.276953
6.669485,-1.4424896,4.770793
2.726697,4.3114014,-0.371462
-4.2921295,5.353755,3.2753787
7.056467,-9.937945,3.2604194
6.412504,-3.6254158,4.177919
8.606331,8.9114895,7.498512
-8.256441,-1.7231541,7.6610703
1.5199528,6.7369766,0.4020173
3.6010637,-8.645469,0.86464614
-9.837107,9.1400795,7.78718
9.360394,4.2231503,9.2580185
6.2422714,-7.022345,4.782015
-8.030506,2.3483286,5.7386694
-8.58518,6.3723717,9.330352
0.40795898,5.3878365,1.4515518
8.020781,1.9414864,6.2063446
2.903842,-3.8850594,1.0664767
1.4061689,-3.1302953,0.14992541
-0.6477699,-7.258401,-0.39699352
-9.936,9.82929,9.224135
6.0189342,1.9078827,2.4086738
6.3782864,2.1669445,4.457351
-7.0313644,-5.776124,6.04292
-1.8421412,-7.808521,1.3543875
9.721874,-1.175374,10.745119
-3.8328323,5.1627913,1.097682
-6.8658247,7.543251,4.0207505
5.720564,-0.9804239,4.4537463
4.6193714,4.200124,2.1684177
8.614071,-1.7607994,6.716956
-4.3060694,-2.9688797,1.0852134
2.4314642,9.993534,-0.99187475
2.4073715,2.4353218,-0.58942497
8.136461,9.816975,4.723656
5.603859,-9.809413,3.2133615
2.349782,0.79306984,2.2112641
-1.4069328,-3.4241986,-1.7568545
-1.7838812,7.744652,-0.5213865
-5.3966055,5.0125732,2.267751
4.2062206,1.6682539,2.341666
8.522278,6.2270126,8.593646
-5.083344,-5.9345684,2.575382
-6.8335366,-2.6219559,2.9987152
7.445923,5.0752754,5.9900217
1.3436184,-5.814027,0.07336819
-4.7138844,2.4043922,2.4249866
6.4756947,3.253461,3.9969654
-8.147793,-8.313848,5.213829
-4.913354,-5.877347,2.765636
-3.2133985,-7.401092,0.49441695
-0.31843567,-9.146251,-0.72422004
2.1317244,-3.5481558,-1.4222211
4.782341,3.143381,1.9121671
-3.491768,3.7136183,-0.011645794
-0.96950626,5.667411,1.6196843
-5.2154374,1.2534819,2.7805552
-6.575266,-6.400676,4.368982
2.1818733,-9.428777,-1.5123982
7.3738575,8.7138195,5.668681
8.6295185,1.777978,7.5979834
-7.804587,7.6722984,6.459582
4.732107,-9.378542,0.8528074
-3.0852118,-5.4383826,0.738244
-0.49834728,-0.26370144,1.1213038
-0.41735172,8.274649,-0.084134966
8.637421,-8.201374,6.13172
8.379349,-5.3187847,7.0385137
-8.097126,-7.586398,5.8346524
2.1687021,5.0868177,-0.16327634
5.8480825,0.77240086,3.1552596
2.6829453,-3.7978354,0.6197823
-0.23168945,6.6686707,-0.06768477
-4.720671,-7.4342537,2.1242993
-7.055614,-0.9876528,6.1617336
-9.84272,-4.5724735,10.402274
-0.19380093,-2.233695,-0.19215044
-3.8583016,0.10319805,2.0955977
2.3600407,-0.22611237,1.0228589
-4.227581,9.906425,1.7631674
8.306231,-8.826824,6.945703
-7.0555663,-4.1880274,3.520996
8.873421,-0.76174355,8.13909
-3.9649334,-4.1847873,0.29504675
1.5456352,9.289089,0.2239058
-3.6670423,5.1460752,1.7436197
4.21482,7.564142,2.5112011
7.891739,7.344059,7.70296
9.350449,-0.5344105,10.563436
-6.9259715,6.5891075,4.75391
6.864876,-0.843359,5.851436
6.6141148,7.1835747,4.616601
-8.206019,1.4564905,7.4243855
4.0419865,3.982172,0.5884676
1.933322,4.120413,0.8094945
5.4886684,-3.795909,1.3036189
8.761595,8.549133,6.5617437
0.22875786,8.14974,0.6709986
-3.7016702,-2.416748,1.0823252
-4.5071163,-2.9601583,1.7478311
1.2914286,-8.872967,0.2098167
-1.4673853,5.2608433,-0.25430483
-7.1620893,-7.6649833,4.320672
0.27892494,-9.238172,-1.5101371
5.7259674,8.228809,2.9185543
0.3315258,2.2161293,0.07989395
6.286705,8.708946,2.223439
-3.777783,-8.365353,1.1232699
7.84256,-5.633155,6.751838
2.382454,-2.6683807,-0.3965413
-3.3606968,6.1820755,1.1869282
4.821575,-7.591796,3.47274
4.917716,-8.616367,2.7269974
-4.2876315,-2.9447865,0.91743565
-1.8189545,-5.188011,0.77677333
5.161112,9.689793,1.4460084
-8.812803,5.101346,7.3181505
3.8102236,-6.7498455,1.7920911
2.192318,-4.3102303,0.1138348
-6.8165255,-0.3680687,6.1708045
-1.2328472,-6.2582207,2.1420965
2.9268942,-7.5558805,1.2741725
6.956194,8.961205,3.4685123
7.3127384,-6.6503882,7.27902
-6.450783,5.775647,5.46265
-6.502022,-2.8787699,3.1306176
4.7289295,-7.5965714,3.4699838
9.865952,-4.530885,8.894412
8.539885,-4.5820055,6.1727476
3.938056,-6.791831,1.4251609
9.48172,-6.1256266,8.978637
-4.5909333,-0.45419788,3.8768704
-0.28305054,-5.2655005,1.5301194
-8.156948,8.132553,6.7340236
-6.136855,-9.553747,3.6469054
-6.7628145,-1.6291447,3.5154934
-9.071251,6.5830708,9.210551
2.821432,-6.6002026,1.9717925
2.5830164,-2.2843637,0.3860299
4.0259123,-8.154049,0.33786428
6.627329,-9.647304,2.5237916
-7.965181,4.737588,6.3329825
-2.8861618,2.5544834,-0.88593286
7.868807,0.97327805,7.735366
-8.8498745,7.907856,7.014821
7.028391,-0.22874641,4.914461
3.0794573,-8.344102,-0.055782765
-8.118332,-9.729533,5.2038608
2.1574154,1.4500904,0.5990021
0.32128716,-5.9255075,0.0019667745
1.9314041,9.312439,-1.3807689
-2.869134,-1.2511158,0.7042688
4.5266953,8.601683,2.314302
7.7771854,-1.6137142,6.021772
6.969803,-4.627987,4.0287166
-0.959774,-9.906345,-0.8771325
-9.198931,9.536055,7.70892
9.790026,-8.642975,8.668257
2.782919,7.0709343,2.2166767
8.875853,-3.882719,7.045432
3.6022491,-7.3811436,0.75961924
0.16438961,-3.4379616,-1.4892561
5.3810616,4.841467,3.8195946
5.5964804,7.6314087,2.3967354
-0.64711094,-8.363963,-1.2111131
1.5309849,-7.456499,1.5344918
-0.40596962,3.395153,-1.9330795
6.8519077,4.773468,5.717137
4.5525684,-6.4219103,3.883234
-1.6674194,4.1623707,-0.85560226
9.318979,-1.4005508,8.387259
9.582428,-8.725624,7.48117
8.123604,5.601283,8.374395
1.7917881,-8.376047,-0.8217331
0.61162186,-0.5662365,0.54189295
-5.2219176,-2.1619344,1.2124057
7.2899704,-4.5962105,4.330389
-7.185074,-1.6169586,4.3038964
-8.619147,-8.925792,7.5502434
3.0173216,8.85206,1.0699738
-9.354447,-7.4796143,9.86926
3.1881514,6.17264,2.7480922
-4.8161483,0.34589767,2.2648182
-0.12570286,-0.4461813,0.9597385
-3.8526654,-0.7280197,2.5612428
8.086292,-4.2671385,6.0559616
-7.4327707,-1.8120556,6.0703893
1.837038,7.196499,1.5568614
0.14176369,-4.749655,-0.5843247
-9.515358,4.5614834,9.450345
7.732456,-8.067968,6.198669
1.9777889,-4.944521,0.96828365
-8.024007,6.9151936,8.118208
-9.924881,3.6588335,9.964045
4.4219036,-9.08141,0.3821206
8.208937,-7.003813,6.6794496
-2.2788072,6.4720535,0.68266547
-2.954142,-0.6855631,2.545259
-8.527309,9.290617,6.912503
6.7528687,-9.86286,4.2430115
-3.767383,2.6524944,1.0746636
-4.5963755,-9.889794,2.2142591
3.8049803,4.1619225,0.7969829
8.745605,-3.3867083,7.6529527
4.6283073,-1.0608234,3.6108508
2.8842602,-1.2347136,1.5691212
8.850824,1.2857456,7.187867
0.42531204,-6.7299438,0.6442907
1.546957,-5.548319,0.23540634
-0.73066807,4.3581095,-0.25080138
-6.266016,-5.7850018,3.8120103
1.837059,2.7985907,-1.5137413
-5.193039,-1.1811314,2.9276764
5.787016,6.3155327,3.4352503
-6.8977547,-2.5165071,2.9501462
-8.173932,7.0487614,6.5263367
-1.9321117,-0.26588058,1.8295797
7.428665,-5.555992,6.6850553
-7.5978446,1.8880606,4.482315
-3.1869802,-6.1464796,2.680017
-0.7662115,2.410778,-1.6479753
-4.3732524,-4.8001995,2.8409805
4.724182,1.2072487,2.0394228
8.735186,-1.8839817,8.0031395
5.4125004,-2.5892138,1.085798
-2.1089277,-8.629442,-0.86101997
-7.85125,-3.3569217,6.1275315
-8.256519,8.349081,6.5216
-2.3945928,5.638732,0.567586
-3.150258,-4.181658,1.056597
-7.583843,1.1727448,5.632811
2.4730206,2.502184,-0.285955
-3.7892017,6.1430645,3.3857687
2.8999624,6.8241615,2.5058937
-5.3102436,-5.4891944,2.7535696
-0.9010544,-2.3742652,0.20410621
-3.0094776,8.208107,0.97636616
6.142475,1.0231342,4.295084
-9.126528,-5.537541,9.33366
-3.9433432,-5.025426,2.6863708
2.1355104,-4.955213,1.612139
-2.8173294,-9.4263735,0.7830475
-0.17114162,-6.710864,1.8250134
6.758526,9.929935,2.784756
1.4315214,-1.2043295,-0.42503923
1.232748,6.67008,2.0109038
2.921462,-9.251991,-1.0790093
-5.380144,4.715435,2.6628737
-3.9936876,3.853568,0.5251984
4.7901783,-9.356237,0.5551296
1.4496479,-2.421081,-0.18145609
6.5233517,2.6175165,2.410316
-1.2767181,-7.8573856,-0.41071764
9.39406,3.8448896,7.062165
5.9719887,5.8213625,4.255604
-2.8014255,-9.099107,0.18750906
-5.1105127,-3.8496914,2.5862346
2.0194054,7.0142,2.1519232
-8.342278,-0.8904476,8.499207
-4.5796432,-5.848135,4.001056
3.0634985,2.4992695,1.1183615
0.8722038,-8.288093,-1.155449
4.5255604,3.3392105,1.6290051
-4.182829,-5.7829084,1.817248
8.415499,3.6330013,5.4541445
-5.4990125,-5.3138027,2.7784457
-5.1240015,-2.9887438,2.020747
6.6903954,-4.6422043,4.7561746
-1.9293394,5.227704,1.4791383
2.8607502,-9.170203,-1.0410049
-1.7764549,6.0540924,2.260611
-7.0723176,5.194044,6.2871675
-0.4000187,-7.041824,1.0608292
4.5367727,6.752594,2.246118
6.739378,7.419199,4.701518
7.628237,-6.2992916,7.6196504
-0.35213947,0.9134178,0.3073112
7.2429867,2.5030117,3.7835512
2.8208542,-1.3768215,1.6644082
0.3700676,7.274927,0.9953331
0.18891907,-2.5391817,-1.2819158
-0.9541931,-3.4296632,-0.9983397
2.855875,2.8229103,0.8444202
-0.51662827,5.37245,0.28194118
6.431078,7.8992767,4.600767
-1.5231133,-9.957024,-0.11358428
-5.5530524,-2.4810352,3.229939
2.9061308,-4.4243407,0.27324012
-5.6033554,-3.657806,3.267206
6.210209,-2.7249622,3.8794494
8.167099,-5.6294546,6.5522003
1.6053343,-5.903963,1.2396946
-2.0060205,-5.4072723,0.053709865
-0.4515667,-6.7807508,0.97868574
4.6833572,3.966937,1.2474103
-7.6391706,5.482195,7.3934426
-2.6767445,-4.554527,0.19295447
-6.0926223,9.436342,1.9025117
-9.044985,3.6703596,6.3400536
-7.1550264,-7.5885606,4.6051397
-6.425178,4.75356,4.936005
7.614191,0.8898344,6.899683
6.112274,8.502064,4.123806
-6.788865,-0.8726511,4.9004464
-7.891554,-4.0323424,5.993331
8.955368,7.7765007,8.599679
2.3736486,-9.192296,-0.58069986
4.604994,4.2866564,2.4849765
1.5616598,-8.554301,-1.1127213
-3.7364697,-2.3934183,1.1266017
-5.4025745,-1.0040369,2.6986222
5.3802214,-9.407333,1.5537608
-9.878532,-5.550479,9.512734
-8.321203,-4.001588,7.2237363
3.0198097,-1.3701544,1.9505336
-2.6224318,2.048421,1.0183703
1.9128227,-6.9477773,0.49104875
5.333452,8.16696,2.1250796
-5.7466784,1.5185728,2.7119224
-5.6291094,1.2346535,2.88005
-6.1505985,2.2471008,2.206632
-8.749535,-6.312442,7.6868563
-0.6768999,-0.15557384,1.1388555
8.491665,-8.833494,6.758166
-0.6112089,9.690098,-0.5748985
5.4842815,-3.747593,1.1945672
-4.97319,-9.277898,2.316273
0.9921875,0.88286304,1.5015476
-7.5089645,-7.321453,5.146169
-0.66101074,-8.572256,-1.1928468
2.1944942,-7.0362434,0.9473742
-4.278655,-1.4797153,1.9696318
9.181131,3.5251799,8.314946
2.8233728,-9.995923,-0.09623182
5.001835,-1.4911232,1.6586702
9.952259,-2.2869434,9.943756
4.239048,-4.3550444,1.8257927
-0.78562546,4.1403,-0.3687654
4.7759876,7.00111,3.9344115
9.854385,1.2080288,9.451066
-9.627377,-3.8292894,7.755908
-1.885376,3.1482038,-0.3038363
4.856041,-4.4699383,1.8369261
-2.423748,-0.6200752,2.3989866
-8.135776,5.637698,6.4667706
-5.8051205,-1.9537964,2.0556533
-5.19753,9.635014,1.9095707
4.145853,9.899954,0.6279398
6.366585,2.8693285,2.5407026
-1.1380053,-0.95759296,1.591505
-8.182498,-2.393496,6.6330924
1.4208431,4.085354,-0.84534913
2.7957573,1.5089235,-0.03707653
-3.772067,-8.44027,1.2785597
3.448166,-8.52736,1.4695177
-4.0849376,0.06978607,2.3850112
3.3664436,2.5112896,1.1507058
7.1548767,6.231024,6.682434
4.98722,7.1043777,2.4019551
-0.94503784,3.1778193,-1.0480256
9.60494,7.4041157,10.569194
-0.879344,7.369173,0.34777966
-8.919493,-7.33827,8.945597
7.1881046,9.497595,3.4213436
9.298588,-4.807048,8.084172
4.5636168,-6.32874,3.65253
8.763849,1.308981,7.050568
5.4010563,-6.745943,4.7652397
4.0817184,0.7471485,2.4914854
5.790016,0.35192394,5.184131
-7.681849,3.0529156,5.898976
-0.119319916,-5.707432,1.4697843
-4.2719603,5.084114,1.9195147
2.7508736,7.431072,2.1669128
-8.843338,0.929451,7.4847803
0.59118176,4.686468,0.37161475
3.9122543,-5.712714,2.7230353
-3.715867,4.2566223,1.0494788
-4.0332994,-5.8459926,1.5328336
-6.4855504,-3.5515509,2.4253745
2.7532673,-1.8869123,1.332876
-8.394009,-0.06213665,8.542254
-2.052578,9.041363,-0.21873939
0.5562172,1.4747229,0.8581909
2.8531132,9.896696,-0.038742542
-8.584965,2.3587332,5.675799
2.0178995,-3.1221762,-0.60967124
-3.923212,-3.3064137,0.94708973
-1.1642323,-0.97745323,1.6024687
-7.2971,-6.5618706,5.598181
-7.854267,3.8797073,6.2389293
1.3641558,8.942387,-1.0591373
1.6981039,5.747761,0.81915045
8.594574,6.115263,9.123222
9.409483,9.7110405,7.628105
7.30645,1.291853,5.5996804
3.8748121,-0.608407,1.6157672
6.650696,-3.380878,3.925857
4.2704754,-8.370972,2.2579882
-9.315881,-6.6224384,8.713769
7.2776337,-0.541028,6.868006
1.2140923,-7.0517883,0.106321275
-2.4937906,-6.895877,0.44335318
-2.9739618,1.6512156,1.7845225
7.9765377,-5.7467914,6.2628064
6.9782314,-8.309413,3.4387472
-0.9289036,-6.946032,1.0427353
-3.7381659,3.8297462,-0.35904318
-5.3764067,1.3732996,2.1954777
5.7648716,-9.505089,3.310035
-6.0644317,-8.068948,2.492819
-6.6295195,3.9947815,2.7615833
-6.001109,9.366211,2.937489
2.903555,3.4639177,-0.6969219
7.6657066,5.033066,6.9640937
1.9987154,-0.46407127,0.49357328
3.7274513,4.228839,0.86966336
-8.076487,5.0681314,6.963114
-7.265729,-5.3698683,6.858145
-5.8568954,5.072728,4.7738566
-6.3989916,-2.7076697,2.1885185
-4.4638395,3.5561676,1.2427331
-6.0626087,-9.422468,3.2202566
-3.2719555,-5.419216,0.820713
-6.19038,-5.8704195,3.7704444
2.9786987,-4.0508213,0.7525061
0.2580719,9.1651745,-0.25917417
0.50889015,-4.9142385,-0.3714465
4.239794,2.6407442,-0.05953026
-9.003425,-0.92085266,9.617398
-3.9150105,1.5788708,1.62637
-0.3396721,-4.467803,0.76796776
-9.343839,-5.7858872,9.000193
5.3139114,-8.130362,3.2529433
-7.5088763,0.81334877,6.5003366
6.7598686,-9.184438,4.2772217
9.896378,-9.275627,9.440634
2.0608692,8.949635,-0.8590138
-4.8672476,4.191696,0.8716967
7.0577087,-1.6415071,5.741578
-6.555817,-4.653779,3.4518843
0.47346592,8.847876,-1.6819532
6.2697353,-0.43246746,4.421898
9.37491,-8.333888,7.9282584
0.7327471,7.138935,-0.15914738
-0.75897026,9.306448,-1.6387768
-0.8677597,1.8230381,-1.1742125
-9.695232,7.1912994,9.445169
1.7769823,-8.016275,-0.840031
-7.9373417,0.27694798,6.4524975
0.89893913,9.803549,-0.27381796
-2.3762083,-9.835686,-1.3340681
6.358864,-9.4697075,3.5468786
-4.0040207,0.8869972,2.6335354
7.1073666,2.6691332,4.281672
-2.382896,2.512164,0.052069604
-1.9340916,-2.8583598,-1.2712694
-9.103555,8.350325,7.2306986
8.690807,7.237711,8.200649
0.8649483,-9.87733,-1.5961497
-9.012611,-9.50424,6.3845634
0.5623827,8.481705,-1.554019
4.0956917,-4.069005,1.8952758
-2.1132088,1.9167061,0.89628386
8.160517,3.5320587,5.212761
4.8908567,2.3005333,0.7579647
-1.2817869,-5.15751,0.9166771
9.997583,-6.815033,11.688194
7.052538,-7.7343082,6.001611
-1.2266026,4.1322947,0.5395484
-0.86380196,-1.2741222,1.2584311
3.069006,-5.820142,2.6712322
-3.484601,-8.077333,1.1204451
6.1560345,5.4008284,5.391151
-9.620983,1.3591881,8.977877
-5.3574467,-9.582261,2.7602642
4.5838404,-0.5461416,2.3599703
-9.597713,-2.7247643,9.148696
-3.3133006,-0.2788658,2.8571625
-5.317212,2.4746704,1.4835432
5.417288,3.4836874,2.015226
0.50279236,-9.40045,0.025476754
-7.1024632,1.4569712,5.9556785
8.0583515,5.1689825,6.2084002
-4.560281,-2.3354244,0.44640177
-1.1032543,7.689127,-0.5227425
3.3742352,9.7957535,1.204365
-6.66795,2.7793636,3.8226676
-0.9223366,9.596735,-1.4426378
-3.368826,4.2514124,-0.29284173
-2.371911,-6.681222,1.3455691
-3.6274195,6.2511253,2.9474378
6.400934,-4.262952,2.8281083
-4.914056,-7.1766353,2.3905466
-6.7487288,-9.014999,2.724755
4.3197136,0.88098717,1.886095
3.2399797,8.999052,-0.6332658
0.104418755,-3.4438648,-1.305476
0.8240366,1.6013575,1.0059574
9.815023,3.2490816,9.095588
-3.3454204,6.1834984,1.1494019
-8.924169,8.445734,7.4333277
-9.849556,5.3040257,9.340396
2.592514,-3.5602355,-0.43511614
3.897544,-0.2826872,1.5873783
0.14131355,-9.586355,-1.9617159
-8.310616,-7.7526083,8.007487
-7.8113985,-5.4261627,5.756813
-6.8138194,5.960145,5.3637404
6.4378147,1.7259588,2.9967062
1.9596882,-0.03161335,1.3216255
-5.5696654,6.596792,4.8709197
-9.457082,-0.9180126,10.227582
5.745043,7.621668,3.3365352
0.10745525,9.403732,-0.15153664
9.940126,-8.119918,10.441777
-8.193319,7.941944,5.8402824
-8.110956,6.330393,6.6956635
1.7253246,-1.1351309,-0.20610294
6.702402,3.0051565,4.462958
6.6055737,-6.7197285,4.875226
9.942108,-3.1610022,8.873642
6.3663826,-5.6909776,5.877532
4.4667263,-6.9552317,3.119494
-6.148603,-1.6700611,2.9342794
9.854591,-9.966991,9.593506
-4.4256506,-1.8714314,2.5721767
6.4306526,6.3734207,4.987212
4.1139135,-6.169479,2.4405422
-5.92733,-3.2724562,3.0423186
-0.8933468,0.40616512,0.6435129
-0.8326683,-4.3434486,-0.7486849
7.550871,0.91895866,6.9179697
7.6520767,-9.218693,3.8868947
2.1440907,2.7003307,-0.91815174
-5.682931,9.356873,2.0013533
2.8480616,0.61234474,2.6144865
8.193157,9.744251,4.8008018
-5.299054,-8.809006,2.4216695
8.014313,-5.1955414,7.6034484
2.2597523,-3.0374837,-1.0326099
5.531596,8.548538,2.2573638
3.4301853,-9.160072,0.20662832
6.313242,-1.8176422,4.6285167
-8.507904,-8.955681,7.060927
4.1300344,1.9234552,2.3562808
-8.671889,-8.684903,6.6980095
-0.6823826,-8.212812,-0.9325566
7.8202133,-6.2237787,8.113535
-8.200666,-3.8407793,6.0406623
-7.606423,6.3497753,7.706312
-4.3828144,1.617363,1.1532373
0.37624454,-9.01464,-0.655393
-1.3825512,9.45578,-1.293695
-7.8494015,-0.20294571,8.140541
1.3029757,2.9206514,-1.4221457
-2.5120735,-5.1637673,1.4616375
-4.6704435,-4.7148633,2.1544294
0.10915184,-7.4894047,-0.37168038
3.395996,-7.863052,0.144209
1.6043196,-5.1095686,-0.29741234
-6.6290545,5.5190525,6.013452
6.7788105,-3.8057256,3.190283
1.8867264,-8.4860325,0.063423336
-4.094611,2.9304466,1.236176
8.655918,-2.6270747,7.3025723
2.0158195,-7.1668377,0.08831614
5.2001476,8.097973,1.5074904
7.070677,-9.331661,4.011496
-0.1782093,-9.725238,0.034828484
8.241377,5.779598,7.1814933
-0.044612885,5.5568495,0.50243634
8.000101,-3.8272643,6.3417273
1.2129507,7.0683784,1.6064372
4.6014175,-6.577451,3.987217
5.035838,-4.7026515,3.5190563
-5.542206,-1.4395123,4.1948223
8.738909,-3.3472881,7.486931
0.3032341,6.465681,1.9175668
3.675375,-9.294338,-0.027633727
-7.3782086,8.0968075,5.2530017
-3.7327075,5.727702,1.6690143
6.518713,-5.513401,5.9497957
-6.3110566,-5.2704372,5.4748178
1.3854265,1.5555916,1.0412093
8.781025,-0.7603493,8.051848
-9.498262,-8.867359,8.736479
-0.110453606,8.181023,-1.1055964
1.6249809,7.8684654,0.4675445
6.554123,8.002075,4.9675736
-3.3599353,4.748333,1.4085032
-9.773163,-6.961397,9.448128
-6.1892376,-5.261904,5.266212
3.0012712,-4.222002,0.32498577
-7.3641276,2.7738056,3.4899328
-8.560263,5.390539,7.1249685
-0.25230598,-0.47238922,1.0157541
2.6238155,-9.839039,-0.8581593
-6.270643,-6.3384438,5.819308
-3.8840652,-4.781522,1.303421
5.4700365,-6.7314076,4.6628547
-6.761291,5.148349,5.2430964
-8.225518,0.44622326,8.172518
-3.0223298,-7.1368837,1.9794414
8.03483,-6.066575,8.431271
-2.9318533,-7.305906,1.9213524
-6.7786036,-6.9277945,5.5566754
-7.0941696,3.7500181,3.2171984
-2.3502026,-5.2531853,0.8486209
7.102623,-8.562807,5.2973957
3.758625,0.7222042,2.577308
-3.3388748,-0.59961796,2.8488023
-8.675241,-8.291237,7.424818
-6.0681524,2.6942492,3.3787675
2.1117964,0.85364246,2.076437
8.4085865,1.3060837,6.332153
5.1500235,4.392663,1.7478781
-1.2782202,-5.0477624,0.66067016
5.304571,-8.738366,1.3437545
0.72015667,6.4639854,0.037204266
1.3742342,9.070145,-0.8506132
4.6623793,9.287601,0.55439854
-2.4615788,5.3369427,0.65025365
2.9133186,9.191841,0.8729218
0.8916235,2.8226414,-0.28508246
3.0508566,-8.724907,-0.8305341
-2.1390486,2.974496,-0.60784143
6.464262,-7.6469097,5.12479
-9.008614,-9.420186,7.075719
6.641985,3.8693914,4.2026486
-8.250941,-5.296303,7.080037
-6.7280793,-7.2242346,4.1196446
-6.1488905,9.443821,1.7823387
-0.9654989,3.1868944,-0.9703597
-0.99127674,4.2729893,0.56139255
-9.724133,-2.9846501,7.787405
5.3061438,3.739521,2.8266153
2.4601564,-0.15740395,1.2152419
9.770716,-2.335596,9.591754
-7.1364617,-1.9080238,5.6295433
-8.041292,7.4213276,6.8723226
2.4029331,-6.8375206,2.0886526
7.7037964,-3.0830584,5.918696
6.676161,7.302147,3.9829097
4.056528,-0.46590233,1.5894561
1.6818142,4.9094057,1.3985904
4.9846535,-4.2384872,1.2680261
-3.9798617,6.709345,1.4944906
-9.974192,-7.108465,11.603702
-8.325155,-5.3621044,8.147359
-6.3952947,-8.796476,2.9925003
2.2330332,-7.9873095,1.2144665
8.953278,6.2965183,8.842718
6.4535294,6.465889,4.3729157
-6.5270844,5.360113,5.2790656
2.7885303,4.9498377,1.9574231
8.845879,6.783064,8.395731
0.24587059,6.08255,1.9831535
-1.8631468,5.8849134,2.2683802
-5.417204,-4.9093366,4.124389
-0.7266998,7.4931297,1.1491399
7.5250835,6.640419,6.308075
-2.8235888,3.0981588,-0.828133
-1.5101738,-1.8013973,0.40832806
4.8519382,8.742117,0.57824486
-3.8334394,-0.6645489,2.8164716
-4.6198378,-9.321099,0.34385782
1.6888294,-3.757142,-0.59318876
7.2403164,-0.25545025,5.248366
1.0666857,4.7536325,-0.78150064
-0.4027424,2.6898346,-1.7669741
-7.943814,1.72995,5.2288494
5.9713306,8.508749,3.4734704
0.4563465,6.5378227,1.1460024
-4.4019375,-5.680228,2.632991
-8.7979965,-3.6265097,7.326468
-4.7445297,-0.95311546,1.8482559
-7.027719,-0.569891,5.0207605
2.047762,-7.6244936,0.5521383
7.3277206,-2.679336,3.7684743
-1.9767151,7.574604,-0.004185647
6.086727,-9.694906,2.112287
-2.1250954,1.4407301,0.5014841
-4.7593117,2.025217,2.0383978
-9.151568,-3.1942644,6.558353
-6.701173,-3.4016132,2.804293
7.50683,-5.0121713,6.0040894
6.735346,-9.088111,4.5914035
9.648588,-9.017685,9.208526
-1.0089474,5.316868,1.4649717
3.3803263,-0.29994965,1.2490976
-1.2273226,-0.43514442,1.5664756
9.89781,-1.6400328,10.228497
-7.9738474,-9.458341,5.379927
-2.7153053,-1.6315165,-0.2838052
-9.588215,-9.2219305,8.655378
0.9875431,4.92741,-0.6773282
-7.7852764,-3.5095978,5.942087
-7.0133724,-3.398281,2.9881244
2.3126402,3.5221138,0.56420183
9.949373,-6.8544474,11.534356
8.33494,-6.507412,8.661242
6.870615,-5.5493355,5.047871
-2.4750576,-2.2552395,-0.6648908
-0.30191898,-6.318325,1.9523066
-8.989815,-9.962633,8.222508
6.722191,4.471793,3.3035524
2.732214,5.4370155,2.1625288
8.488071,-4.126811,7.1059647
-9.721691,-7.689824,9.017251
-2.4387112,6.769081,2.1962538
-6.4403296,-6.0723615,6.1125665
-7.6528635,-7.753888,6.30022
-5.945159,-9.01914,2.4041018
3.1592798,2.4767733,1.2106515
6.6478252,2.267541,4.3698025
4.5159626,9.518793,0.20462364
-3.4252167,-3.9313545,1.2521319
4.411169,-6.2475967,2.289494
9.849422,9.769886,9.677528
0.48902702,6.8736973,0.63650566
-3.5985575,-8.851046,0.87655395
-7.896321,-9.366329,4.24561
7.068989,3.7227812,5.0872045
-2.285335,-4.981227,-0.1377055
-7.8455853,1.7428007,5.089838
5.7828894,-0.6564255,4.7450776
1.9935951,-3.1109023,-0.5208707
-4.0361643,8.536453,0.89554095
-9.843166,3.2791233,7.939722
1.2544451,3.0094347,-1.4259486
-2.9616284,-7.505746,0.9825248
-1.7340679,-3.510293,-0.8269416
-3.3359146,4.67428,0.96002233
8.224968,5.496752,8.413307
5.307989,1.0634127,2.7072935
7.9279785,-9.794355,4.575494
3.7755089,-5.379323,1.0501444
2.8538055,9.853907,0.05769354
9.869133,8.120056,8.477406
-0.03550148,5.2658644,0.33991402
5.748845,-5.83843,3.3698108
4.066266,-5.394987,2.2305927
-9.570482,3.6173515,8.3327055
6.7935734,-8.372366,3.79611
-0.98063564,-1.1676598,1.3992002
-6.7524123,3.8302383,3.1200783
6.739094,3.941887,4.835427
-8.099205,4.918808,5.921974
4.688779,0.59816265,3.3554375
-8.225804,6.7111816,8.650532
-2.868248,-9.778701,0.10932505
-9.381912,-5.160099,8.274734
7.1516476,-3.0828881,4.1728797
2.4723358,5.8468857,2.4673352
8.159952,-7.806445,5.9427266
3.0520487,7.374552,0.8990716
-4.9583673,-5.7927656,2.9072185
1.5036678,-3.0208826,0.21896559
6.767309,7.399908,4.831366
-7.7312994,9.78908,4.7626514
-6.6710367,2.99926,2.5441353
-2.5435934,-2.1365395,-0.6394767
-6.247426,7.0745125,4.3923945
-1.816659,-0.48410416,1.985507
9.469696,6.026352,10.430773
5.5605125,4.050108,1.9718876
-8.107502,-0.21804714,8.530135
-5.3959427,9.436771,1.3026958
8.025021,4.8209076,7.383752
-0.7669201,9.391008,-1.7355893
-4.210677,9.44384,-0.10678172
1.9550648,1.9331827,-0.5677923
-1.5876579,-4.6789885,1.1295664
3.369173,-3.3621287,1.1047385
0.18422127,-1.5910902,-0.30583227
5.68596,-3.2634869,2.529739
5.5047894,1.043376,3.0197663
3.51081,9.721504,0.69057393
3.097516,6.5869274,2.9135358
-2.5680065,2.738285,-0.94102466
-9.255213,5.1979494,9.865452
-0.96274185,-5.6459274,0.14671355
-7.594919,4.0201244,5.9029026
-7.9992723,8.75963,4.795331
-8.805498,3.2342606,6.9614797
-2.4989262,0.15390015,1.2374694
-7.3951197,8.075468,5.277887
1.6907616,-8.22319,-1.0478232
4.318405,5.645262,1.98348
5.940934,-1.9361095,4.046567
-9.6519,-9.217715,9.180837
8.414003,5.606436,7.8104978
2.9754524,-1.9997807,0.79620105
8.115067,-2.2465014,6.5402417
4.845392,-4.5714426,2.3659136
1.817894,-3.3019457,-0.37976682
-1.9193754,-1.5371723,0.59203714
8.36611,-9.81924,5.6253867
-6.5086164,4.8631268,4.1522684
7.800215,1.2911415,5.7580395
8.72221,3.7136269,7.594655
1.6331329,9.950481,-1.1145344
-4.2884874,-2.2315097,1.0809168
-8.078204,-6.0014877,6.5090165
-0.5496454,-6.49352,0.5935378
8.4973545,-1.3781404,8.16708
0.4622612,-1.94666,-1.1289508
-2.5170898,3.5607538,-0.7256325
-4.973179,0.71100235,3.6151664
0.7472515,3.3318958,-0.31946748
5.5302954,-5.0959053,3.3402603
1.9481468,-8.610092,0.56858766
1.7242374,0.37289715,1.8281448
-6.9200172,2.1151876,3.3931684
4.839451,-4.7834263,3.329012
1.0393915,-3.5686707,-0.26449138
-9.8286915,-1.7634888,8.470275
8.317736,-8.941728,6.8867207
6.359522,9.333603,3.375395
0.07838726,7.2045765,1.1405294
-1.9752293,-7.3009634,1.8753786
8.981808,-9.5291605,7.76605
9.927618,8.707079,8.103533
1.6296673,8.302704,0.6534021
9.282854,-8.980471,6.7205157
4.2275105,2.1198025,1.7122397
4.7723217,-6.352354,4.1665254
-0.59226036,-7.360839,-0.42991593
-0.73043823,-6.9563627,-0.097560406
6.3953133,0.31348228,5.948551
-4.380014,9.235296,0.5561814
-7.1429825,4.661599,4.099424
6.243784,-9.234669,2.0205317
-2.400113,5.3919134,0.8383616
7.060217,9.076229,4.9932423
-1.6615591,7.0570984,1.7362921
-6.092007,9.238869,2.9907966
-0.16919994,-5.8146334,1.7277138
-1.152915,-5.089071,0.0967274
2.295332,5.5567284,1.4614451
-7.715001,-7.8772936,5.0454154
-8.466744,-2.8280258,5.2895
0.5171261,7.178175,0.11227572
9.025902,3.0719872,7.669135
-6.321267,-2.6753902,2.1691177
-5.0304356,3.9997253,0.92133766
0.95439816,-4.6756005,1.0232189
7.4888325,-5.0674343,5.7084384
7.6636295,3.0004578,4.0398436
-2.088039,-4.8262987,-0.057696432
-0.5242462,6.9586964,1.292971
-7.873194,4.45827,6.4642954
9.766819,6.0729427,10.885123
6.075451,7.1791496,3.9582477
2.556797,1.2615576,0.8741993
-9.714365,-3.6920857,7.6187606
5.6527557,-8.400433,3.0295732
-5.6344404,-2.8964672,1.6300731
0.41617775,-8.411051,-0.16013637
4.7980776,6.078182,2.5046124
-0.39826965,0.77844715,0.42277765
-4.8774767,-4.2478237,2.8867788
6.7545414,-0.31105232,4.651699
6.777914,7.2160378,4.21258
0.97413826,-4.3808484,0.67207515
-6.249386,1.9279366,4.0509877
-5.1804376,1.2024937,3.0974417
-8.982955,-1.3544168,7.894897
-5.3521633,-2.3247042,2.0562177
-8.932366,3.7461224,6.266662
-0.88240623,-3.2277975,-0.62924844
-7.1018686,-8.212259,5.672474
5.6950417,2.2571354,2.8937802
-8.091793,-5.816574,7.4981546
-6.894208,-5.1258063,4.450864
-6.16194,0.2813263,3.7708483
-2.6274467,4.8109636,0.7146507
3.913412,-2.9017057,1.4960128
7.1970215,-6.00613,6.8276277
9.918293,4.6208153,10.707549
-2.3849607,-6.1779013,2.390357
2.347722,2.1588182,-0.9408641
0.7040634,2.8455687,0.00091832876
5.51523,-0.23700714,3.0483756
4.6992693,-2.5702944,1.8358548
5.879648,-1.3458786,2.6818109
6.820986,-5.6578484,4.6844006
8.324696,6.576664,6.913439
0.51087856,-0.89339733,0.2121329
7.000431,-4.1803923,5.2294917
-5.6190004,-5.479331,3.2640786
-2.100091,4.419318,0.008832544
-2.7937975,-6.1711717,0.7749762
-2.9941607,4.1298904,0.54585546
0.5726223,0.031136513,1.0501335
-9.408445,-9.234638,6.9874763
-5.667716,6.389349,5.2030854
-0.9374218,3.9395275,-0.086425126
2.0110884,4.221978,0.73746824
7.085188,-4.485058,4.4408855
-6.86602,-8.696369,3.9488041
2.4398794,4.713852,-0.27809286
4.6148777,-7.792078,3.1773562
-5.3357353,4.7429953,2.7038689
1.7005777,8.663063,0.3936662
-5.241382,-1.2421885,3.2955732
-0.26660728,-8.103684,0.5910968
-5.4950285,7.501644,3.736516
-2.7984667,-9.579268,0.78967667
-3.955945,-3.3115387,1.0882453
8.652206,-7.417381,6.9343452
2.4135246,4.2422657,-0.59754914
-9.701701,9.040663,8.737208
1.2654257,-6.3954163,0.18225014
5.4531994,-5.7403445,3.9424276
-4.3548155,8.109196,2.3303938
-5.980138,4.9093637,4.655902
-1.9635067,6.999588,0.21610862
-8.833018,-7.1680093,8.900355
-3.7206173,9.346518,0.6029495
1.2283936,-3.6312685,0.2368846
-7.4607015,-5.5279675,5.9032435
-9.498137,-3.3427181,8.369131
-5.9451427,0.64618206,4.977118
-7.304927,5.837575,7.2118535
0.29364967,-2.5574708,-1.5079441
3.6142235,-6.7539024,2.858863
6.3007812,1.6177711,3.2280097
9.992416,-9.627675,8.078614
5.226821,-7.965429,3.3333263
-4.5148015,2.1510992,1.7731501
-1.32833,8.900829,-0.012807369
-5.135319,-5.779319,2.5266993
6.0103188,5.668277,4.899289
3.3339844,-6.2266483,1.166925
4.6093283,-3.4340644,1.2875295
-6.718538,9.917955,4.24672
7.795643,2.715046,5.901773
-8.803722,-4.2209387,6.7652507
5.0204067,-4.502015,2.8851452
-8.72304,2.1991167,6.6940737
7.657202,6.215584,6.4080243
-5.928439,7.5189075,3.2845528
-7.7822647,0.7343235,7.337005
5.003332,-5.046893,2.7133713
8.866184,4.985382,8.347811
-0.7272911,-8.372816,-0.63547456
4.185157,-0.3209648,1.7262537
9.149324,-9.215368,6.9058967
-8.12665,-2.099124,5.1242375
4.0661764,-0.05915737,2.4133985
2.3017797,8.189827,0.20187292
-5.689881,2.2901258,2.1309106
5.9383717,-6.7498007,3.7321389
8.907597,4.5906534,7.76213
7.6896553,0.26276207,7.77931
-7.185587,-6.3606462,7.148756
8.842394,-8.458537,7.8187532
8.411476,2.0664406,5.6050005
3.8026066,-5.7460346,2.1643813
-1.3713636,-3.8278437,-1.4448223
7.69479,-5.1236463,5.3328032
-6.480879,-7.447075,3.6874406
-6.0756454,-6.4706078,5.672901
5.4994955,-1.4863672,2.1596293
6.670307,-0.24579525,4.421605
-1.0095768,6.7514763,0.4861902
9.196421,-8.206929,8.035675
5.265877,8.557575,3.008337
4.8912754,9.234135,2.3368473
8.1072445,-9.669633,5.45735
9.844814,6.4392986,11.212626
6.993845,8.165293,5.1146765
8.148571,-7.6096306,7.6158786
0.9425535,5.1889496,-0.4365494
7.83737,4.257535,6.631341
5.3737917,5.2378798,3.5161197
-4.9177837,-3.442854,0.52328604
5.588764,-5.208396,4.340081
0.69703865,-0.06350708,1.0023179
-3.451891,-3.0626726,-0.7169629
7.5018063,4.442034,6.3045344
2.615879,-7.447047,0.49010992
7.7923985,8.482454,5.3593464
2.1559792,-3.194827,-1.1023523
2.9861603,5.7347145,0.7568701
6.0045433,-3.2329726,2.0759282
-2.493341,-1.5252075,0.053128503
6.2144146,1.4851294,4.1417813
-5.168949,-8.819992,2.8484955
-1.4166183,4.6057043,-0.14480552
0.91739273,9.047859,0.0563398
6.912176,-7.4690437,4.175067
4.4071007,3.8245153,0.25496262
9.64839,-9.093829,8.585333
-5.3697023,-0.3933859,4.663888
-0.790884,-4.5522747,-0.53968984
-0.8337536,-8.648235,0.15618384
8.149689,4.3818398,5.4031506
9.440519,6.2536926,10.518807
2.5238886,1.3637543,0.54669255
-8.081416,3.3690271,4.6903434
-7.253767,-5.5312157,6.6503553
1.8354216,6.6080894,0.860664
-8.809219,-7.958912,8.495214
-3.4880614,-2.7477303,0.13442427
-7.4981203,-3.6005726,5.6827717
5.128498,-4.3142405,2.3764582
-1.3724537,8.233175,0.7723149
-7.829385,7.7402,7.033424
6.534363,5.1398163,5.5103903
-8.865959,-3.8533077,7.4873967
-0.9776001,-6.1605597,0.8303801
9.628307,-2.770275,7.339045
5.0128565,-3.9045167,1.1282476
-8.663898,1.1146374,8.177059
1.0789776,5.045985,-0.2998994
-1.4886417,9.378805,-1.7619798
4.453,7.0074615,2.5217788
9.23937,-8.215365,7.6978416
8.523205,8.589937,5.775647
-0.95443153,-9.2780695,-0.35895586
4.607272,1.1061497,1.6436081
-9.820408,1.18746,10.8045025
7.878294,-1.7787018,5.008023
5.3142433,-3.0814562,2.4450645
-7.033901,-4.3127956,3.6765056
-2.89225,5.734043,2.457874
-3.8877592,-6.374061,2.1626344
-5.8467746,1.9718208,3.8892913
4.120513,3.6086035,1.5486968
-2.9158044,7.6427917,1.349346
4.159071,0.1925869,3.4293396
-3.0384865,8.613356,-0.6270353
7.767908,-9.786258,4.5171995
-3.9339886,-5.5257406,2.5244794
-1.7323284,-8.690245,0.16600549
-3.1090426,-0.2880087,2.705905
0.46040154,-6.184299,0.72621113
-3.6850786,6.6742477,2.7945733
-7.023834,-4.753926,5.894421
-9.503267,0.8501539,8.71634
6.2201996,8.454058,4.036312
1.387538,-9.855418,-1.6111567
-6.428199,4.125063,2.5954356
5.1813374,-8.518175,1.9155576
1.046361,4.8458242,-0.69404036
-3.6110234,-2.6203432,0.39941698
-0.65525436,-8.580378,-1.2350364
1.099617,1.6478434,1.0149969
7.1646957,0.73019123,5.0101213
-9.191683,3.4788914,6.973069
-7.7615128,5.9964266,6.433119
-8.062612,-1.0323057,7.905388
-7.851907,-4.637432,5.1305184
0.06311989,9.7733,-0.36097914
5.553047,-3.0881395,3.0766008
2.6139145,8.555834,-0.32685354
4.2369175,6.668295,2.743221
1.2031317,-9.807255,-0.0890466
-0.19058228,-2.8958073,-0.44201714
-9.059262,0.6459818,9.423372
8.926008,-8.01374,7.1444573
9.664543,1.7094307,8.475863
-0.057002068,-4.133464,-0.3133576
1.8066273,-5.1317954,0.5806744
1.851429,7.4430656,1.6792268
9.89628,4.29935,8.4014845
-0.019081116,9.952095,-1.0528817
-1.6450481,-2.0456362,-0.408297
-5.4446545,-2.8441763,2.2289062
2.5857306,-6.3868284,2.3852108
4.6101084,1.1313133,1.6746837
-8.440544,7.8458786,7.379826
3.4207458,-1.0945044,2.1952822
2.4975586,-3.4642658,-1.0225904
4.435684,6.392189,2.8822806
4.688052,0.3487196,4.1355457
-2.6181355,1.4202986,1.3808565
1.3390427,9.423769,-0.7682619
-7.006632,9.577774,4.827288
6.01939,9.560879,3.4750986
-8.413649,-9.033555,6.724857
-8.773048,1.698206,6.8456163
-7.4159884,8.130772,5.7971916
-5.57948,8.865875,2.9815369
0.41731358,-8.678289,-0.25490552
6.5623856,7.375839,3.8088322
-1.3175383,-4.62037,-0.11272371
7.1808605,-5.0080085,6.433979
-1.6339455,-5.632552,1.2823663
8.479198,-5.315546,6.870635
6.901827,-1.5636969,5.7500453
6.315529,-0.17935753,4.0669727
4.082487,-4.381322,2.1624496
-6.735592,6.427044,6.1648407
9.799463,-5.742805,10.729373
-9.517308,8.908541,8.150573
-7.0100355,-9.024382,4.409462
-6.0430346,3.2955446,1.7886059
-2.638894,-6.12554,1.2429991
4.3432636,-5.560932,3.4672916
2.070755,2.3708496,-1.269237
-8.6063595,-1.8720522,6.7174997
9.655071,-6.7090845,9.301847
9.385492,-0.5907688,10.31246
4.931778,-7.2081447,3.8709311
-9.795822,-5.94738,11.530172
5.5864697,5.91041,5.0516853
2.853221,0.61945534,2.6090093
-1.2362719,-2.823987,-1.1396928
-8.377309,8.007147,7.7587795
8.472174,1.2302608,6.6712646
-2.98939,7.231985,1.1128938
-8.088665,4.140601,5.126442
7.7183475,0.8210201,6.6924715
3.9026155,-3.684907,-0.30343306
2.943863,-4.393928,0.19307706
6.463192,8.755829,3.4347343
3.4836779,2.13801,1.5950868
-2.1764555,8.5254135,0.14172757
-1.738905,5.9756126,2.0782075
8.267456,-0.5647383,8.678868
-0.3277769,-9.214934,-0.84646595
-8.352873,4.0328007,5.582927
-6.9103074,-2.2185001,4.5404253
-7.546915,2.0048866,4.729282
0.95584106,-3.6428523,-0.45175526
7.312334,7.85775,6.132651
5.982114,9.625725,3.4577928
2.6450005,-5.930728,1.6169465
3.3328133,-2.378428,-0.6092336
-4.7366247,-7.4441266,1.9958998
9.359835,4.84056,9.858304
3.8139362,-7.245693,1.4291017
-6.3028755,-7.7323875,3.0947833
-6.6619325,-7.31019,3.955533
-8.958802,-8.065323,7.817243
-2.8450298,7.7249374,0.9246359
7.3142643,-4.305578,4.8780265
0.58710957,6.181656,0.56071
-4.7394094,-2.7673316,1.8373821
2.7836218,-3.0176249,-1.072108
-6.941304,-2.7393045,4.0620494
2.9808416,-8.111629,1.4490442
6.827696,2.8701391,4.3777146
4.8623238,-4.022278,1.0772343
-3.0446014,2.993372,-0.36823243
-3.4024239,-8.5206585,-0.11752236
4.1684103,1.5641785,1.9789236
5.987549,8.122055,2.3222144
-2.4505224,-3.0738554,0.55158395
-0.022663116,2.1316338,-0.5801348
-1.1278362,-9.872396,-1.7646518
-1.1752567,-4.0844574,-1.4454888
-8.874115,8.2827015,8.406687
-8.250895,3.9665365,5.162545
8.573414,3.6638432,6.4793615
-4.8155584,4.339963,1.0676248
7.393896,-2.0418396,4.4396195
6.2042103,-4.2447424,2.465482
-1.5210648,9.410889,-1.7528448
-4.837079,-3.6669898,0.5780065
0.3320198,-0.7975178,0.4478007
-1.7335148,-7.5786886,1.1131449
-5.9329996,7.665333,2.7103677
9.72015,-3.2670174,8.122525
-0.7899189,-3.728273,-0.57508975
-1.5374317,-6.219814,1.0970365
-6.774887,2.3275757,3.964387
1.6264429,-7.743102,0.34784442
1.38591,8.613871,-1.0845538
9.861208,7.35157,9.969414
-3.0879202,-7.610619,0.19635005
5.6240273,-9.175582,1.2207773
0.48504353,2.6130524,0.11432314
5.308777,-5.945984,3.612583
0.1752758,-9.912883,-1.8662901
-1.7241774,6.2785454,2.2828107
3.9197884,-2.51477,1.1458011
-4.454236,2.069087,1.2990301
6.0599747,1.0695038,4.349579
-8.375754,-6.241354,8.919302
-7.16866,-4.9054537,4.759599
9.527267,3.476616,9.123256
-3.7682858,-8.829561,1.5514677
-7.9513144,-1.3733101,5.521428
-7.310214,-0.87984467,6.1293144
9.696978,-5.544423,10.49197
-1.3985624,9.883602,-1.6519793
-8.414773,-8.861623,5.4975495
-1.4414988,-8.5718,-0.65853953
-4.8747444,-7.229594,2.3283145
-6.707866,5.6708775,4.9840307
-4.8934746,-8.512411,1.0553092
7.574251,6.070423,7.625082
4.0337286,9.706694,1.6598818
5.842884,9.385527,1.4243902
0.82534885,9.31958,0.060542583
-4.180752,1.6243658,1.2079942
-4.081321,-8.744035,-0.015667498
-6.711533,2.4489412,4.4004292
-7.2247686,4.1172457,5.654206
-8.622021,-0.7556095,8.391406
1.7765865,-8.763633,-0.6118313
5.2472878,7.5443096,4.008245
8.16037,1.9269218,6.2940874
-0.25395393,6.736229,-0.0846622
-1.4571333,-1.1091957,1.6566728
-0.83121777,-8.938265,0.09643561
3.9399948,8.516094,1.7812784
-1.5839396,-9.787241,-0.4800198
-3.5137758,-7.14415,1.856573
-2.7553725,9.136635,-0.24164504
-9.768553,-2.8780794,8.735968
-7.7012205,5.4300795,7.417649
-4.280425,6.1255474,1.934474
0.96886635,-1.1743364,-0.42767668
-6.2808943,-2.0107985,3.582222
3.829852,4.4432917,0.2349402
-5.469141,-2.0292892,1.5538422
9.675066,4.132924,9.567286
-8.837576,-3.1684961,7.079785
5.5759926,-5.4861507,4.5426774
-5.1921425,-6.3164244,4.6771073
-3.5457363,-9.940215,-0.24773896
-9.337388,-3.044672,7.569044
-9.267935,-4.568452,7.4485674
-9.463781,3.1649837,8.950809
-0.19206905,0.08684063,0.98324215
9.210728,-6.6149197,10.37435
4.585147,-7.2475014,1.7019895
6.261488,-1.5017567,3.968063
2.239067,3.604824,0.5831773
-3.8637009,0.5883808,1.5614498
-3.8945389,1.1640148,2.8964052
-2.970561,-5.370203,1.2516899
-9.342873,-4.4953165,7.5973663
5.49675,-1.3770332,2.2542539
-2.972567,4.167142,0.54328936
-5.656624,-9.174952,3.228802
2.481079,4.2508144,-0.7306789
0.0002565384,5.6170855,0.78767866
5.438389,-9.880887,2.382961
-6.5487633,4.197033,3.086165
9.934231,1.5083809,10.593176
-3.9806166,3.9812899,1.0564103
3.7784119,-5.551367,1.3216982
9.103596,6.301573,10.017364
-0.5736618,-5.7746863,0.7360947
-8.787194,-4.350437,7.8720713
-9.675102,3.218687,8.635086
9.836763,-2.1538458,8.40529
-9.362668,6.9696484,8.880858
-3.7095928,-1.158062,0.86269295
6.820591,-7.7963886,4.4805636
-7.7780495,-8.333536,6.5031314
9.345316,0.5147915,8.608735
0.97115135,-7.7927113,-0.803812
3.1082878,8.939499,0.550283
1.5691557,8.693026,0.38149637
1.0995874,6.0201244,1.4166629
5.6122856,-7.6302614,4.2880726
-8.6647215,-2.2988138,7.719081
2.161685,7.378145,0.6864419
-4.5258055,2.0365295,1.392865
9.464176,0.78674126,10.581087
8.279552,-0.77591133,7.4283357
-3.9282084,-5.4886484,2.661108
5.5608263,-3.1813335,3.0093565
-1.7028608,5.829094,1.6692504
5.276705,-1.9478474,3.1697257
-2.8284311,-2.6792479,0.8671701
-5.8519173,4.9282656,4.174508
4.219022,-4.813381,0.8871668
4.951374,-1.4836111,1.6649995
9.004257,8.307154,7.1064644
3.1691694,1.4314184,0.15873532
-4.462384,4.555105,0.8390399
2.5548744,-4.9335456,0.833887
0.6019001,4.834217,0.38756
8.699514,-5.4176655,8.223567
4.1026573,9.789061,1.3772392
8.529268,-2.7686095,7.342232
0.7427807,-7.29926,1.3406575
-7.5808372,-2.162098,4.5586944
-6.4029016,7.366028,4.6085863
9.029352,7.8460884,9.148158
8.956062,0.7071104,8.831067
3.0123177,6.955576,2.5515087
-7.136457,-3.3364964,3.1426315
7.307213,-0.9876394,5.086368
4.148244,7.3549747,1.4124908
-7.8904524,-0.10857391,7.975719
2.9072294,2.1104317,0.18423492
9.638374,5.947733,10.935808
-6.6048727,0.77348137,6.0003905
0.7599697,-5.8262753,1.9149506
2.8570042,1.0834217,1.330791
-3.5992517,-0.6025524,2.945849
6.58226,-0.99143887,4.6397543
8.892902,9.675686,5.999923
9.734474,8.529369,9.825974
-8.950443,-9.058219,6.507617
0.55670166,-3.6380887,-1.7467312
8.162672,-1.100503,6.6885624
8.518497,5.7643185,7.207202
-2.5759554,-2.1927786,-0.5120169
6.624626,-1.5369949,5.1092796
7.4639435,-2.59166,4.2439404
-0.63253784,-6.2300467,0.3218369
6.85853,-8.590613,3.3350925
5.749199,-7.947406,2.221564
-1.487524,1.8977165,-0.41318148
-4.1774616,4.661991,1.1090509
-5.3036013,-0.64174557,3.354887
-8.057344,9.207525,6.4512105
-5.9769545,-1.7375326,2.5870266
2.6106853,7.4499435,1.639265
3.5683498,-1.6764936,1.4641621
-2.86728,-5.5601287,1.3395765
-0.8270035,0.9818344,-0.10175967
6.921337,-9.968988,4.0510044
1.4812012,3.7478075,-1.2707205
-6.9385853,2.1182718,3.4469502
8.472679,4.659897,8.103793
6.034012,5.2161865,4.1822557
1.1519489,8.587183,-0.9869577
4.765911,-6.560378,3.382408
-8.45293,-9.422003,5.252321
5.864896,0.85189056,3.1382806
2.4333181,-4.41547,1.2681109
-0.8844967,0.050296783,1.0324961
-3.208077,8.66444,-0.15555924
8.076269,1.062521,7.7563066
2.1544895,1.2016392,1.3499768
-5.586169,-8.319329,3.277547
4.4966793,0.052360535,3.2539213
1.7687111,-8.01867,-0.85007423
-3.506094,-2.5026035,1.0320868
7.0612736,6.8778553,4.822707
9.9567375,-0.8153715,9.634026
-0.44155502,4.207634,-1.4231634
-4.124799,3.3973408,-0.25842184
-5.3667965,6.7375603,4.778312
-5.2191806,3.209672,2.59067
5.130867,-8.870819,0.7828567
6.2721214,-0.7727728,5.640892
-6.0603,0.91403866,4.960392
5.5389233,-4.206848,3.5499387
0.39845467,-7.539959,0.18793347
-0.3484621,-6.4514256,1.777303
-3.1804266,4.6174717,0.06335737
-9.211502,-3.4456406,7.8490243
-8.577234,-0.9054041,8.970383
7.3329506,3.031577,4.1462812
-1.638051,6.6013355,2.2015753
-0.43653393,5.1654425,-0.31822237
-6.0305905,4.476981,2.4468486
-1.8260279,9.056711,0.13823932
-3.901043,1.8378029,0.48331773
0.90000725,-4.409691,0.5189171
-9.545425,4.524122,9.6400585
0.96979904,-0.96886253,-0.14703482
-8.851366,9.848633,7.634034
-7.1079087,-7.73316,4.1728277
-0.21349335,-5.830393,1.8511031
-1.0651503,6.4956703,0.49724
-2.8109493,-6.5526605,1.3368574
5.8153553,5.462,4.4037786
0.7221117,-6.6019783,2.000248
2.0725899,3.0606842,-0.50684476
4.0916653,8.600861,0.40218902
0.56464195,3.9980412,0.15012151
-8.857523,-5.9543266,9.4102125
-3.7189093,3.9992037,-0.012706816
6.2790318,-0.08712387,4.418658
5.7362185,-2.0646849,3.4779198
3.4593153,-9.844421,-0.19821936
8.826752,-6.5915394,7.7459364
-5.1992188,-3.3982048,0.81073874
-2.9799414,7.455778,1.5004655
-1.4899111,-6.8710985,0.3280419
-2.4576511,-9.356726,-1.2375306
8.625378,-7.318127,7.664572
-9.992294,3.2161026,8.327748
1.894743,-8.916959,0.41259098
9.815521,-9.996171,9.458868
-5.558822,0.27672195,3.0525362
7.9477158,-9.431781,5.739967
-8.615813,1.9794197,8.000794
1.6913023,-1.0924625,-0.21555978
-5.692774,9.101452,1.2928659
3.1639023,-3.7237654,0.87239975
2.1875715,-9.239334,-1.4826194
2.1985493,-5.8389845,1.1186936
-2.2684774,-0.5107794,2.3032427
-3.0975046,-4.006692,0.15589231
-9.684049,9.787018,7.937291
1.6588917,-7.811738,-0.065036
9.545975,-9.611691,8.732595
-7.524906,4.360547,4.332897
-3.846959,-2.4069715,0.9023309
2.6241293,6.217125,1.1163669
5.1149483,1.6744366,3.2707367
3.631916,3.4419537,0.2984147
6.47933,7.177202,5.4058394
1.2642593,-1.2303629,-0.50615215
-2.460301,-4.221493,-0.68608195
-8.335716,-3.6000338,5.0650477
-9.995218,-2.615696,9.973306
-7.6578665,-8.934233,4.339622
5.0235825,8.228262,1.6833124
8.986944,4.3558836,8.719859
9.518831,-3.4816637,7.130018
7.4892063,7.856392,6.3590903
0.51610565,4.007412,0.25742155
6.8859634,4.131151,4.0208235
3.8018074,5.8596983,2.074634
-6.770996,1.5844517,5.535483
-1.8767395,-0.78565407,2.0545049
-9.280988,7.5288734,8.243915
8.584373,3.1971588,7.107763
2.1735754,6.693632,2.3057284
9.182913,5.6048784,10.144572
-1.2109365,-6.6681757,2.049171
7.9406853,-2.4888096,4.719528
4.6806917,7.792959,1.311858
-1.2205553,-1.7834291,0.759887
-0.33071518,-4.3421173,0.63999784
7.127041,-4.3216143,5.276019
-1.3151417,-7.921294,-0.73188645
7.7756557,5.846013,7.9473815
2.193781,5.773409,1.4531819
-3.9175043,-5.486939,2.710026
-4.635191,-9.701811,2.0212517
-4.8640976,2.3433685,2.5879326
6.416168,0.59631824,4.311856
7.5591145,7.0441933,6.596702
-4.7012544,2.0816288,2.0749426
-9.127822,-1.4747763,9.207873
5.6677923,6.11401,4.102836
-2.2739353,6.5438614,0.7469537
-9.181879,5.0161886,7.854636
2.0994768,6.896744,2.2003407
-0.9950199,-9.07179,-0.45160836
7.2046432,4.161976,3.6774921
2.1229172,5.5590534,0.50724375
-6.16544,6.062113,5.0948305
-1.808445,-4.071885,0.61168575
-7.180909,2.3987188,5.418572
4.6758413,-8.173429,1.3766924
2.92527,8.010313,-0.29158652
5.9031086,0.721529,3.3363824
-7.4010715,6.9625015,5.3021355
-5.5663753,2.7541122,1.8039536
-6.0854807,-4.516693,4.217863
-8.292122,5.5390654,6.682029
-9.327452,6.4459076,10.107093
-8.065754,-5.3081536,6.146799
6.966072,0.8472576,5.1426897
-3.0169034,-5.329214,1.1272262
-1.8448648,-7.1364594,1.5620463
3.0141754,3.8566446,-0.65513295
2.6320553,-8.384914,0.26476377
4.4959307,3.810854,0.2476145
-7.0607805,-7.5907907,5.0569296
8.885653,-0.37881088,9.047098
-0.79888535,-3.5916305,-0.5676694
-4.7486963,4.7420406,2.7879148
6.454582,9.320051,2.7216334
-8.31442,-7.504011,6.829568
-5.961201,-2.728188,2.1106236
5.635725,-1.6223812,2.8467963
3.876484,-8.780722,0.20686638
-3.9603243,-8.873719,0.16400695
-0.7991638,-4.6341085,-0.54706085
-1.8262911,-2.181841,-0.98688734
4.0663443,8.682945,0.23440623
2.0062656,3.1250534,-0.61085075
3.6646442,8.707331,1.063048
8.259966,-8.115751,7.437431
-6.877644,-5.3205433,4.4075017
-7.69238,1.0866022,5.507386
-2.3723974,-7.940811,0.46531117
-4.5537186,4.554597,0.9672619
-7.111616,-0.03851986,6.3272915
9.280596,-9.832003,7.8349133
8.354061,-9.781671,6.0067887
8.074425,1.0053902,8.020756
-6.159055,3.3019314,1.8097129
-1.1824884,-0.35403728,1.4843314
-7.7807245,-2.9433012,4.2841406
-3.605616,6.447134,3.2371063
8.333227,0.58948517,6.7954125
1.2537117,-4.9768076,0.4622169
3.4690933,8.375216,0.0021802783
-9.940672,-2.5918522,9.619803
4.119873,-3.1955109,0.13519603
6.742626,-0.9735575,4.8312035
-3.8400116,-1.9844093,2.0454354
7.5990906,-0.6627197,7.5110116
4.5040503,-4.269438,1.2289264
-7.30163,5.9924746,6.5149283
-7.4962163,0.45610046,6.7909927
0.14039135,5.6732607,1.5365591
-9.645302,1.1297693,10.725195
-6.9884195,6.6598206,5.263786
3.9114008,-6.714692,1.5333571
-3.2902184,5.2006674,2.5376766
-0.3543434,3.8699808,-1.7138593
-4.085822,4.453251,2.021803
6.4723167,-5.372511,5.0157185
8.211588,0.99234676,8.246615
7.215824,-3.7957563,3.639452
-8.892708,-3.5964298,7.546015
-2.9564562,-1.5782719,-0.13234058
4.843275,-1.5272083,1.4920541
5.9145336,4.5071783,4.293354
-2.2412324,9.907175,-0.17205077
5.475665,-2.6114645,1.1486967
-0.2956562,9.519037,-1.308241
1.1107626,5.319152,0.32743883
6.737913,-8.925526,4.0962114
6.840885,7.8189373,4.63352
-7.0596895,-7.9214916,4.331044
-6.0711193,-4.104089,2.89973
3.5425177,-3.7531161,-0.23003656
6.010149,-0.19802094,3.6642275
-2.3284187,-9.848224,-1.1768706
8.867981,-9.389419,5.864818
-1.1520061,-8.178524,-0.18309535
-5.071163,-4.8724937,2.3201103
-1.0207376,0.046509743,1.0556527
-8.511375,6.6479893,8.143686
3.0983658,-9.13196,0.022368968
-9.193744,1.1116009,9.60958
9.279091,7.672983,9.661697
-7.587737,3.069234,5.7228494
6.50955,2.1874037,4.653972
-7.5008736,-8.886977,4.133524
-1.4573851,6.3558025,1.0485421
-5.538094,-2.2356234,2.2659054
5.1098776,4.1139364,2.8722878
5.799883,-6.632737,3.6072657
-9.351091,-1.693079,8.49846
-8.5849495,5.8897247,8.000587
1.3164463,-6.416123,0.33493274
-0.21512413,-7.709887,1.1443737
0.057982445,-1.1821947,0.31073797
3.040083,5.1429253,1.4145479
-1.9763651,-6.7965136,2.0234742
8.438683,1.2854719,6.4135203
0.7112999,-4.2036304,-0.5874699
-4.606847,1.4652405,1.7774961
3.4698772,1.5233507,0.41139892
-7.75867,6.7318935,5.9974236
-4.782506,-5.053222,1.799075
2.9155464,-9.19644,-1.1180563
-4.1954184,1.1773119,3.117925
-9.546923,5.586032,9.803464
5.0049305,-4.4095764,2.285122
2.5737524,3.235797,0.55653125
2.9105654,-9.1149,-1.0901271
3.4758463,4.933997,0.43625116
-9.867729,5.176654,9.456333
-4.3565474,-9.331198,1.0901031
-4.8576736,-2.3513498,0.7456139
9.568653,4.3231525,8.274314
-4.2130003,4.5133686,1.4127111
-6.5695524,2.971282,2.7090416
-3.50976,-7.2186327,2.0268354
0.9608469,8.326611,0.6263652
4.0299597,-8.741446,1.4696909
7.36434,-0.20364952,5.405208
7.2192326,-5.3241577,5.1138153
1.026989,-8.203981,-1.0785623
9.110058,-4.3877277,7.217128
5.3169346,8.928513,1.6061928
5.3354683,-8.696145,1.4368405
-8.575039,6.826391,7.294921
0.81697464,8.881872,0.037155986
-2.1238852,-5.6238117,0.6587703
-9.503421,3.0394764,8.61047
-4.938527,-3.8540735,1.8650193
7.608753,-9.408503,4.168729
3.6671915,-8.766722,-0.115692794
9.241859,-1.7317352,8.673118
6.8184776,-7.2050295,6.161376
-0.076498985,-1.3124886,0.35626546
8.987602,5.768532,9.948123
2.1092424,4.8571386,-0.14208215
-1.4688988,-9.886409,0.2472499
-4.2762423,3.8925438,1.9036639
6.445492,-0.06925583,4.7203293
4.483119,3.430728,1.3731182
6.943184,6.39485,6.2207804
-1.7371941,-8.335639,0.7801324
-9.255046,-5.1819396,8.276645
1.8134031,4.2854652,0.9113523
1.0943403,1.6592312,1.0015837
-6.5091476,-2.8287592,2.862443
2.4244356,-5.042762,1.2461615
-1.2102747,1.4795837,-0.7383552
8.531591,-2.7020016,7.2468333
0.47060013,2.9249325,0.026704252
-4.938879,-4.4174004,2.321788
8.01149,9.720148,6.080291
0.29714584,1.2548752,0.6838216
-1.6795015,-2.6684403,-1.5815613
4.776266,-8.2515135,0.90412426
9.6461525,9.735468,8.021127
4.5597277,-7.4955378,2.0590954
0.2819748,-8.713136,-1.3817863
8.190178,3.9184046,6.6208205
-4.385539,-5.157337,1.767348
8.837727,7.2969513,9.335529
-5.697577,2.0005417,3.7496185
0.18323135,-5.8554125,0.034662426
9.10108,-8.856897,8.319075
3.9822483,-6.6172113,1.5919297
-2.095704,9.642136,-1.5146133
6.160982,0.27370644,5.751883
5.8986206,-5.8416567,4.2838364
-9.01396,8.495668,6.601466
-1.1145458,3.4989557,-0.12501913
-7.8699064,7.4665623,5.7702537
-2.1554685,6.8566895,0.5038359
-1.2054234,6.373949,0.15571797
-4.0004435,5.184993,1.106931
-3.6548767,4.5103817,1.8362663
5.4083548,4.056896,2.3654745
-0.29698372,4.918951,-0.7800456
-9.949769,-2.981987,7.9277825
1.7189322,-2.426567,0.3974436
-9.834389,-4.315369,8.285227
-6.860243,-5.4649363,5.1829762
6.1125755,8.498175,4.12982
7.6444454,5.9828453,7.7823944
-3.5480127,7.6470127,0.55460316
-6.072173,3.971861,3.861886
4.525301,7.018383,3.1271362
-9.552688,6.069887,9.111918
6.1693954,-0.9280863,4.9345384
6.888172,-9.298061,2.8154118
4.2196865,3.8775158,0.43104804
3.052082,-3.1072474,-0.009127736
2.0678463,-6.39639,0.8077804
-7.66613,7.467087,5.61389
-4.0056477,8.779581,1.3787258
6.450405,5.9918737,5.9325805
8.422459,-3.2414856,5.272158
0.2671032,-4.441738,-1.1872501
2.5691242,8.456892,0.354272
-9.485043,5.959277,9.96927
7.0593834,-1.7385492,5.105621
-5.8245206,-7.639247,4.0960827
-5.3605356,-4.4466887,1.6484395
9.867365,-3.9488373,8.091238
-2.8665838,-6.0226297,0.7880808
-5.052124,-8.5156355,1.118637
1.3755455,-2.268196,-0.47459817
7.8806915,7.9252033,5.772378
9.086443,-1.6695509,7.6456017
0.8371048,4.1419077,-0.78985727
6.8079147,0.16487503,6.5223765
7.131706,-8.644194,5.3017445
-1.6713295,7.9883213,-0.5612476
-7.901746,8.554415,6.5979314
0.2690401,-2.146243,-1.08284
-3.3969927,3.560029,0.6957701
3.5043964,4.05303,1.613275
-7.326893,-6.3658357,6.8285575
-6.707611,1.9031868,3.9747553
-7.5310707,-5.7063,5.6642356
-7.4810505,4.9477215,6.4624195
7.606518,-7.891791,6.0804553
-9.96446,0.38668728,11.50821
-0.36810017,-3.3046494,-0.035315216
-6.1717043,-8.565854,3.6708698
-4.2060175,0.946764,3.098356
-2.8818426,-2.6069746,0.91242856
4.691348,-0.69249725,3.077477
6.7242126,0.56344223,4.76404
-2.2499523,8.049156,0.9860896
0.32608604,-7.0651903,-0.022992611
-0.10999775,4.3291426,-0.831125
9.106621,-5.778935,8.4649515
4.4693937,4.5555544,2.8395689
-2.0763326,3.5867786,-1.3898714
6.771517,8.224243,3.4669049
-8.074554,-4.3070006,5.9076366
3.9633675,1.0015631,1.3732548
7.757141,-2.2652235,6.3347893
-5.190324,-8.068943,1.618372
3.7418518,-7.9407954,2.3047612
4.5851974,9.442907,0.47012645
-8.389702,0.32448864,7.5794673
2.8766165,5.892411,0.8055964
7.562399,-9.051791,5.40227
0.9183264,7.968031,0.82991624
-1.9327316,5.648836,2.175971
-3.9189935,5.1365986,0.9892236
-6.637037,6.5278473,5.98578
2.4284973,-6.609521,1.8735245
-9.453045,0.5613527,10.611192
-8.55988,-8.703644,5.7952185
-3.618287,-0.83137417,2.116108
-9.469669,8.083874,7.8254476
9.33777,5.113426,8.525393
-3.2221832,5.7370806,2.2484698
-5.3166447,-5.621814,2.6167922
2.5137672,-8.864658,0.07309532
4.303646,-2.7200975,1.6975234
7.5306835,7.527973,6.1330223
-4.037217,7.783272,1.6937317
-1.747385,9.797823,0.36162752
-7.551384,4.3579273,4.3583217
-8.73198,-0.5649109,7.493575
-4.3511047,-9.526854,0.32421
1.1251345,-0.54240704,0.4099638
-4.957432,5.905998,4.2310767
-2.7605047,3.574089,0.28142345
3.6654415,-3.1087103,1.2654507
2.063323,-5.034139,1.5624533
6.1702194,5.6496058,4.3158474
4.6177998,0.507493,3.7223983
5.2731886,0.6676731,3.1957633
-5.169712,-2.867701,2.4823706
5.3636637,4.117277,2.2238774
-8.962935,-2.6263928,6.1634636
3.0795012,6.09194,1.8407998
-6.3068295,1.9969978,3.535844
2.7613335,-2.9897795,-1.1463621
-9.149076,-0.9731064,9.431695
-1.656251,-4.5197606,1.0158817
6.1508446,7.446703,5.1482096
-5.00082,-2.78726,2.5432897
6.190487,8.297012,4.2934046
-1.5548143,-9.784069,-0.21888393
9.381556,6.450369,9.053388
9.421541,4.051958,8.721828
-5.9001694,8.14657,4.001653
-2.3422012,-3.6027122,0.48713654
-2.0438457,-7.0295343,2.125543
-3.7810745,3.587244,-0.31266826
3.2872028,-7.8448715,0.48056674
-9.105007,8.070734,9.016693
-5.996996,1.1001577,3.740552
-1.5676413,6.981123,2.010584
-8.897323,7.0027695,9.170352
-9.578248,-2.2349858,9.109144
4.1010704,-4.037943,1.809963
-8.349518,-2.8095603,5.0314116
6.643999,-5.3194084,5.6912537
-5.806482,3.0952644,3.1413937
-0.7975378,2.0850096,-1.4240072
6.0297146,-6.4314485,3.742493
-9.861455,1.93851,9.101536
-9.736046,9.278494,7.793354
0.41641808,8.024744,-0.35131744
-4.0601206,5.320759,1.8414412
4.6743,1.1986732,1.9195333
3.4904137,4.753433,0.48637712
1.2307987,5.2452364,0.831263
3.7536821,-4.1700077,0.8377841
8.555311,-2.8554716,7.006722
1.5871277,-0.41649818,0.5524739
6.616356,5.1385164,5.3215284
-5.638136,-8.73879,1.5663065
8.239399,1.758851,7.5395694
-1.778121,7.1243744,0.88129455
