x,y,z
2.2936153,1.6241636,0.6966019
2.4900236,-2.4931731,-0.19060451
-0.70281744,-1.8028314,-0.8763286
2.7558336,-1.7561764,0.19194242
-0.6573107,1.5847945,-0.62498784
0.60537195,-0.09996915,1.5640752
-1.4605651,-2.7532635,-1.9194736
1.761848,2.9421682,0.0016243458
2.6446285,0.7819154,1.1863242
-2.2008843,2.759235,-1.7357632
2.6075888,0.3744886,1.4396787
0.5614779,0.43005896,1.441379
2.2164268,2.1624007,0.24102706
0.40629172,-2.0410287,-0.057887852
1.4465642,2.8331661,0.039480746
-0.42357302,-1.9295411,-0.76211953
2.3126574,0.2719152,1.7004707
0.4434266,-1.9511211,0.057815135
-1.4005197,-1.9877247,-1.3904917
0.7646949,2.3090982,0.01928395
-1.3822099,-0.7923455,-0.280093
-0.35181856,-0.563025,0.5010389
-1.218475,2.3439407,-1.6369634
1.9901128,2.9390903,-0.066198885
-2.3681107,-2.7058282,-1.6051784
-1.383031,-0.052365303,0.01620543
-0.8471241,0.85666394,-0.094417214
-1.8038174,2.8803873,-1.9390526
0.28314924,-1.196012,0.6454527
-2.9630375,-0.97633934,0.38245106
2.7093272,-1.7583561,0.2324669
-2.5484047,0.7665343,0.16131169
2.316082,0.7398906,1.4734366
0.49925756,-0.04730749,1.477655
-0.97411346,-0.30426836,0.12686235
1.8538499,-2.0885496,0.46527797
0.46755219,-1.2322047,0.7828616
2.42389,-1.1409627,1.0743753
0.32795906,0.78801966,1.0273622
-0.94611955,1.3248057,-0.56763494
0.806051,1.400559,0.890975
-0.8135383,-2.2899642,-1.3854811
1.2625728,-0.23125005,1.9262547
2.6784663,-0.5725286,1.287281
1.7341785,2.9924974,-0.002223134
-1.3115176,2.1648521,-1.5263017
1.7317939,-2.239375,0.3671965
0.5367787,-1.6484038,0.4338408
1.5235052,-2.2662468,0.35815066
-1.8285152,-0.7508106,-0.23583782
-2.9697254,-2.6248703,-1.0404656
-1.1590816,1.4099541,-0.7562863
-2.3010685,-1.3230354,-0.49975896
2.4616165,-1.5056645,0.6938603
0.864094,0.14178371,1.7504728
1.2426405,-0.9585538,1.5213425
0.9487834,2.2663398,0.1719045
-0.05218792,2.7194424,-0.9643743
2.347825,-2.6785984,-0.18171912
-2.1315408,1.3450708,-0.6230459
0.18889117,0.06259823,1.1858113
-2.0476205,1.5746031,-0.8922637
0.925056,-1.1246846,1.2301155
-1.0331469,-0.22714233,0.11539912
0.9192488,-0.05611801,1.7935721
-0.6250243,1.0286312,-0.069125175
2.4881754,1.4957895,0.6828398
-1.7781057,1.170013,-0.5884485
-1.789194,0.3681836,-0.043263257
-1.789302,-2.3932452,-1.7090368
2.6983285,-1.7233511,0.2769267
0.9997535,-1.7090764,0.70349795
2.8867521,-2.9896698,-0.7363908
-2.4758286,2.8737001,-1.5819911
-2.9756284,-1.3582295,0.04576619
-2.3470912,-1.9940811,-1.124272
-2.0180674,-1.3585725,-0.6909964
1.2151203,1.6289129,0.8793274
1.0742273,-1.8806301,0.57432187
2.492773,-2.50671,-0.20089507
-1.5492761,-2.242281,-1.6219175
-2.0451355,0.65929747,-0.099171996
1.5917344,-0.12273741,1.9922581
-1.2126135,-2.7067547,-1.8434737
1.8207712,-2.0521064,0.50597787
-0.7119019,-2.5998702,-1.5100968
1.7161379,1.0291624,1.5049932
-2.330904,1.3576393,-0.5132153
-1.5139493,0.51102376,-0.12614036
0.91462946,-0.96114635,1.364917
0.6342225,-1.6073463,0.5560096
-0.76487637,1.1860237,-0.3170994
1.7882085,-0.6889086,1.7483993
2.0394278,-0.4815669,1.7784575
-2.17552,-0.9834571,-0.26851112
-1.6016046,0.52139044,-0.13239801
2.746986,0.70372367,1.1468832
-1.0122975,2.4648266,-1.6276536
-1.0635492,2.6642947,-1.7623246
-2.9027839,-0.77317333,0.47915262
-1.7180107,0.44586515,-0.08694565
0.7494111,-2.0052037,0.26033485
-0.3959794,-2.252122,-1.0155352
-2.177658,2.4877105,-1.6151701
0.0703702,0.35339594,1.008515
-2.0492444,-1.4916562,-0.80865294
-2.5451899,1.5082269,-0.4991413
-1.6519879,1.2102733,-0.64394206
-2.625636,1.0738945,-0.016662776
-1.9102142,1.2693772,-0.646073
2.9988265,0.16022205,1.1294736
0.5666249,-2.1823487,-0.037351727
0.924479,-2.6669579,-0.09115255
-2.7980528,2.9288583,-1.3142796
-1.9703214,2.0943446,-1.4212021
-0.9985676,-2.3405151,-1.5366294
0.46911335,2.350944,-0.2512888
-2.6397638,-2.8058243,-1.4251871
-1.2926191,1.9955926,-1.3736928
-1.7960057,2.089038,-1.4701008
0.008313656,1.8847637,-0.30052093
-1.1163096,1.26966,-0.6018809
-0.20788717,-1.8170618,-0.45017684
-2.0328891,-1.2865598,-0.61469674
-2.0591855,0.6431143,-0.08285779
-1.7502054,1.1831846,-0.6059709
-1.0268923,2.6298065,-1.7275661
-2.3678427,0.13344717,0.29228663
2.5154095,1.2353802,0.9152186
-0.5953922,-2.2656422,-1.2011006
2.58119,-0.60892105,1.3517928
0.93474627,1.7840638,0.5927939
-2.540391,0.24519348,0.40445656
2.0761056,2.3716125,0.15710026
-0.82543445,-2.4072723,-1.4771289
-1.1499782,-2.0017743,-1.3305146
-2.4902115,0.9431269,-0.019025326
-2.982482,-0.12545109,0.83370113
0.8583319,-2.5633416,-0.08066666
-0.6553316,1.2800465,-0.32275152
1.1679692,0.12364769,1.9123218
-2.4619904,0.72548175,0.11969614
2.2272873,0.659266,1.5825808
-2.2021613,-2.0686207,-1.2847377
-0.51802015,-2.0123668,-0.9225208
0.6266091,-2.4003117,-0.1512028
1.5487556,2.17905,0.4283219
2.4219313,-1.646808,0.5831915
2.7328777,2.7006936,-0.5069379
-2.3787665,-0.95804644,-0.115847886
0.7550018,0.66402864,1.4728057
-1.2903779,2.8652592,-1.923002
-0.32875443,-1.6099248,-0.36198288
-2.2454703,-2.845439,-1.7373767
2.732576,0.4326315,1.305573
-2.2018514,-2.164293,-1.3666687
1.6033535,1.6530614,0.9172977
1.0543189,1.1926689,1.238745
0.9748678,2.1736202,0.26065683
-1.6219386,-0.3116393,-0.046860278
2.7268543,-1.959987,0.023510695
0.6592512,-2.7646313,-0.3172623
0.38592005,-1.9376936,0.017690748
-2.6437645,2.672145,-1.3693366
1.2593656,-0.6422086,1.752671
-0.4500618,-0.054950714,0.5634694
-1.3743728,-0.6365495,-0.17661923
2.5768394,-1.5317541,0.5742397
0.66884637,2.4559116,-0.1539067
-1.6598293,-0.7772565,-0.28319883
-1.5184168,-1.4560157,-0.8840997
-0.14326715,2.7718477,-1.0751971
1.6750841,1.7955961,0.7716558
-0.76660156,1.598846,-0.7217374
-1.7117246,2.1498523,-1.5373201
-1.0273286,-1.9051291,-1.1840596
-2.2412245,0.9769683,-0.22401786
1.0698977,-0.83495235,1.5483644
2.3221207,0.10723472,1.7250414
-2.824321,1.4131241,-0.15495576
0.6967521,-0.99583006,1.1855366
1.5497751,2.9436235,0.01931101
0.5439882,0.014712334,1.5174444
-1.0683739,1.7285981,-1.0335664
1.5658264,0.27607632,1.96212
1.5765395,-2.8914793,0.03109914
1.1217818,-1.7942634,0.67926353
-0.5271642,-2.4998367,-1.3041304
-0.7944038,0.35250044,0.22506642
0.32094288,-2.012533,-0.112048596
-0.5299623,-2.3857818,-1.2332164
-0.89400315,0.6431694,0.02061385
1.9176207,-2.6260228,0.070445
2.5781984,-1.6324764,0.47241792
-0.29699206,-1.9407288,-0.6541977
-0.67169046,1.4643564,-0.5160711
0.04377699,2.750576,-0.8807591
-0.17912483,1.0496421,0.319713
0.72123384,-1.6789967,0.5523224
0.84070086,2.2707205,0.100951076
-2.7247703,2.7845888,-1.341805
-1.1071132,-0.8128331,-0.20696759
2.5263882,2.213694,-0.022391677
1.1686649,0.7584214,1.6461515
-0.14921284,-2.0867653,-0.64203763
-1.8087173,-0.7835479,-0.26341617
-1.8354152,-2.3926,-1.6975675
-2.6873007,0.90518093,0.17871708
-0.97788715,1.6589665,-0.9173746
1.0131125,-2.9507194,-0.13335574
1.9128647,-1.2261214,1.2799536
1.3850918,0.06501293,1.9806938
-2.651832,2.4022217,-1.2093072
-1.8040874,-1.6346555,-1.0367266
-0.47344995,-0.1761899,0.5285592
2.9020486,-0.08483863,1.2336631
0.43397236,-1.5086335,0.48260105
-0.7769122,-1.3446636,-0.47687054
1.2411456,-0.802685,1.6409335
-1.1426446,-0.89641523,-0.2853207
-1.941767,-0.96563196,-0.36307865
2.189662,0.2868209,1.7736852
-1.3641053,-0.25079632,-0.010000229
-0.6014004,-1.4600258,-0.45525354
-2.9844127,1.8167429,-0.40000808
2.007812,2.1461835,0.36185914
2.272904,-0.47029257,1.6549184
1.0933447,-0.56631374,1.7320533
-2.0918226,-2.9238958,-1.8437064
-2.9608197,-2.1932225,-0.762798
-2.4365368,-0.13663602,0.34260345
2.2371006,-0.5719466,1.6269603
1.4403172,0.87770605,1.6304171
2.5245132,-1.4923679,0.65700376
1.5716095,-0.621362,1.813086
0.7592764,0.44858313,1.5894592
-0.029377937,2.9448013,-1.0100727
-2.281518,2.3603191,-1.4679086
-2.5703166,-1.9734002,-0.93252134
-2.806046,-0.24986506,0.6396604
1.228086,-0.49115753,1.8236349
-1.472904,-0.095897675,0.00019294024
-0.60375786,1.2497945,-0.25222257
-1.7265158,-1.2068363,-0.6319226
-0.5466707,-0.63947725,0.28256178
-2.1115046,-2.9718046,-1.8429649
-1.960247,-1.0657171,-0.44124097
0.99513245,-2.9423156,-0.14137888
-0.89158916,1.0620317,-0.29097232
1.8520298,-2.3092866,0.28754163
-0.9624262,-1.4824204,-0.7323197
-2.2007017,-2.1755128,-1.3766121
-0.5293169,2.2812757,-1.1571411
-1.4542422,-0.88067245,-0.35658252
-0.91782475,2.60706,-1.6547887
-2.8559868,-1.4907238,-0.20175186
1.6784725,2.2711587,0.34971374
-2.0886135,-0.58987355,-0.037890732
1.507853,-2.2536302,0.36702567
1.3613529,2.5087647,0.17178857
2.1432981,-2.0409415,0.3875326
-2.301156,-1.764155,-0.9370905
2.1575904,1.6440101,0.7595717
-1.4182549,-0.28006053,-0.027349353
1.1132078,-0.04556656,1.8960825
2.8173442,2.9746861,-0.66750693
-0.4230957,-2.3807566,-1.1348449
-0.023200512,-1.0835799,0.4449696
-0.6906917,1.2204533,-0.29385048
-2.5049536,-0.57766867,0.24324173
1.4397087,0.050747395,1.9901329
-2.9781537,-1.0142312,0.3655606
1.8623996,-0.46473694,1.8517237
2.2446752,2.3946342,0.04764831
2.837119,-0.5576472,1.1482935
-0.70763874,1.2065268,-0.2937744
-2.4649258,2.2635398,-1.2648485
0.6744909,2.322466,-0.058359623
1.6572819,1.4224639,1.1440516
-2.9859262,2.06212,-0.62683195
-0.6809511,-0.77816725,0.08266902
-1.7983664,0.23920822,-0.002691567
-0.2623911,-1.2868599,0.020746112
-1.4766405,-2.9094923,-1.968756
-1.2263027,2.52426,-1.756672
-0.9523766,-2.8680735,-1.7776219
-2.850912,-1.8906802,-0.6010606
2.4615226,-1.0692186,1.109657
2.5149937,-2.7441907,-0.33567637
-0.47060728,-2.3280895,-1.1403846
-0.3416462,-1.5692239,-0.33346614
-1.2243598,0.35500002,-0.0029421449
-2.7091885,-2.6229844,-1.2875648
-2.919433,-2.1564524,-0.77308285
1.1149755,-1.7536665,0.71604735
-1.6471385,-2.2559328,-1.6298661
-1.928631,0.70415926,-0.1745013
-0.23406959,0.10150051,0.7629152
-0.99903345,0.65832853,-0.04993242
-0.97056246,2.7064295,-1.7320049
0.096393585,-1.3135353,0.350677
-0.6363373,-1.1247661,-0.16286606
-1.0329373,0.9570384,-0.28286386
-1.4364177,2.6311307,-1.8635037
-2.441482,0.95750356,-0.068739
2.5155215,-0.25716949,1.5530794
-1.2005614,0.97450113,-0.3706615
0.79493856,-2.9549923,-0.26882005
-1.0408977,-2.0520978,-1.3257915
0.24378395,-1.2614701,0.54579335
2.7969012,-2.7157295,-0.5727762
1.3821678,-2.2656963,0.3419537
-2.5997992,-2.3072267,-1.187321
1.1907082,0.8612261,1.5801398
2.8477287,0.90887403,0.904287
0.7892499,-0.07225609,1.7072158
2.0112743,-0.6933975,1.6736269
2.9576626,0.080887794,1.1796252
-0.459687,1.812748,-0.68326545
0.6226635,-2.258934,-0.051898897
-2.0851054,2.1313567,-1.4022937
-0.6182313,1.3047853,-0.31670982
2.2217512,-1.0472131,1.295492
1.5379376,2.1048508,0.49043286
-1.898367,-0.0024847984,0.053170145
-2.405655,-1.3748174,-0.4765557
-2.050091,2.703546,-1.7929024
-2.960633,0.8866811,0.45201397
-2.314917,2.2640004,-1.3746889
-0.74189234,-0.81409264,0.01084429
2.0246315,-2.5707228,0.05734104
0.5021467,2.4058132,-0.25999948
-2.2818165,0.17355204,0.2272811
-2.4066718,1.424725,-0.5249761
1.4924259,-0.7775953,1.7095332
-2.231524,1.4189281,-0.63826084
-0.36938238,-2.3704324,-1.078142
1.4391184,0.10582256,1.985749
-1.3884362,2.2778993,-1.6330523
-0.32711983,-0.8055732,0.371381
-0.26113343,2.576684,-1.1028132
-0.7097502,1.1032472,-0.20094445
-1.5210965,1.4788795,-0.9069777
-2.674315,2.9643507,-1.4347912
-2.425071,-0.72993135,0.088454545
-1.606385,-0.69841814,-0.2335065
2.8975134,1.8864985,-0.06882098
-1.4490441,-1.5182036,-0.94002885
-2.014584,-2.211956,-1.5012571
0.7271826,1.9561477,0.28888282
0.82683086,-2.6175485,-0.1300137
1.6437292,-1.4208072,1.1467689
2.2803612,0.7269225,1.5058687
1.6706223,0.44177628,1.8990152
-2.974503,-1.8187083,-0.4116935
0.26606584,-0.7589693,0.9884834
1.8172593,1.925724,0.6222589
-0.27727652,-1.9439149,-0.63825846
-1.7678375,1.7207985,-1.1300904
2.8600197,-0.3212633,1.2267044
-1.1220835,-1.0738488,-0.4242618
-1.7080336,-2.857809,-1.9506006
-2.7046652,-0.7868762,0.2829033
0.13400507,2.4668322,-0.64725226
1.3293991,-1.6434846,0.89838064
0.6640885,-2.3809314,-0.108038664
0.5932493,-0.23406124,1.5317905
-2.2751622,2.1266675,-1.2897058
-2.8016617,-0.8137851,0.35333005
0.052828074,2.9408932,-0.92712384
2.7355022,2.889625,-0.57340306
1.7307639,2.7485433,0.06348705
-1.7467028,-1.7159332,-1.1291962
-0.38942575,-2.1355386,-0.91485536
-2.2115507,-2.8115568,-1.7476757
-1.4472703,-0.58334756,-0.15775692
0.5432949,-1.9537207,0.14332461
1.6336155,1.3976116,1.1703478
2.485108,0.27056217,1.5739568
-2.7543182,2.3793368,-1.1009462
2.0058455,-2.7830086,-0.029545367
-2.1158762,-2.520971,-1.668603
1.1234016,-0.558269,1.7497506
2.5387359,0.7906866,1.2703555
0.042127132,2.525828,-0.7742173
2.7294269,-0.25081873,1.3693042
-2.5561545,2.5637507,-1.390208
-1.1458776,-0.8121464,-0.22313005
1.7497587,-0.42349672,1.8956864
-0.65360355,-1.1551516,-0.20427135
-0.6141007,-1.275012,-0.2847336
-1.250375,-1.1364849,-0.5283169
2.0679183,-2.5932636,0.025561988
1.4715095,-0.36826587,1.9280281
0.9613502,-1.0115647,1.3505001
-1.685891,-1.9423041,-1.3564047
-2.4352489,-2.2252514,-1.2577837
0.32448196,-2.8930016,-0.65044224
0.8888364,-0.67225385,1.5587589
-1.3851357,-2.4424405,-1.7482026
-0.83939314,2.6972847,-1.6471462
2.026103,-0.80530167,1.5910199
0.2389791,0.80639744,0.9288141
0.135355,-2.1508148,-0.41309732
-0.73830175,0.30611277,0.28047937
-2.7167692,-2.8195214,-1.3607419
-2.8207722,1.3505769,-0.096901506
-1.4340452,1.416791,-0.8372668
-1.5249642,-2.9153051,-1.9734559
0.9346609,1.3081818,1.064004
-0.87333226,0.38193893,0.1614703
-1.1736664,-1.8736836,-1.2204521
2.8602896,-1.3735074,0.47361934
1.0449686,2.9487662,-0.11655778
2.1387072,-1.560447,0.8533757
-1.4523382,2.6248198,-1.8624102
-1.2254004,0.6037202,-0.1177122
1.1026216,1.3744998,1.0874318
-1.9988254,-1.510019,-0.8490456
-1.9611121,0.975189,-0.36377734
-0.14489889,0.6459625,0.6541284
-1.097282,2.3926382,-1.6223724
-2.2489738,-2.9666526,-1.7634544
1.7794771,-1.0907164,1.4401551
2.4124885,0.074703455,1.6634128
0.48667002,-2.1532397,-0.08238098
-0.5223398,0.51126766,0.37321565
-2.778819,1.934308,-0.7104273
-1.0927162,1.8078928,-1.1227611
0.76375675,-1.5469337,0.7155
1.4145927,1.212676,1.3383393
-0.37925243,-2.1828926,-0.9448105
-1.1860585,1.8648992,-1.2167782
1.6716781,-2.4519935,0.22341466
-2.3891993,-2.719775,-1.5957344
1.8960538,1.0411472,1.4527991
-1.1638645,-0.2832036,0.04182571
0.04591608,0.73949957,0.7847058
-0.5928476,2.7914696,-1.4980555
0.36371684,2.8738813,-0.60862845
-0.90659523,1.6915526,-0.90787256
2.1813807,-2.7213702,-0.09368515
-0.077991486,-0.46189165,0.81729865
2.3417983,0.3279419,1.66392
2.8844414,-2.9212053,-0.72148633
-1.4615729,2.5088534,-1.8004518
-2.1885273,1.9686446,-1.2026303
2.4069061,-1.385828,0.85427
2.3508415,-0.6260896,1.5212069
-2.2906418,-1.740145,-0.920448
-0.23190975,1.1538715,0.17511402
-2.9583788,0.5173955,0.68691975
-2.4557972,-1.0400727,-0.12713122
0.5794277,1.6038828,0.51446474
0.7981038,-0.648499,1.513025
0.6359432,0.32217026,1.5424871
-0.816494,2.077116,-1.2137115
2.767733,-1.4095141,0.52579504
0.42893386,-2.7668896,-0.51471484
-1.7702544,1.6191778,-1.0285368
-0.16984129,-1.9605886,-0.5490222
0.7204356,1.1341171,1.0826447
1.0505781,-0.90192413,1.4878123
-2.1212425,2.0138407,-1.2809831
1.1243687,-0.11410332,1.8954924
-1.532645,-1.365946,-0.79585177
-2.4928212,-2.116353,-1.123102
-1.6386223,2.0159235,-1.4282733
2.893228,-1.8771265,-0.055742577
2.5645733,0.8504183,1.2051971
2.6864533,2.2942662,-0.22240195
1.7610335,-2.409834,0.23795903
2.2663488,-2.517898,-0.044026434
-0.40154934,0.30605173,0.5626857
-1.6506836,-1.1776464,-0.61371076
1.4989696,-2.2022562,0.40709782
-1.5545483,1.9837523,-1.4011865
-2.0245976,-2.7908084,-1.8378906
-0.9580021,-1.3678329,-0.6164713
0.62957764,-2.4919345,-0.20748723
1.5443897,0.7929063,1.7014292
-1.165227,0.25874472,0.04783398
-1.7656989,1.2513609,-0.66703594
0.4046793,1.2560272,0.7033209
-1.7682996,-0.011867046,0.019370079
-1.9531842,-0.9009054,-0.30687577
1.563756,2.6527257,0.11710966
-0.50395393,0.12475777,0.5093362
2.741355,0.71424675,1.1452241
2.9183478,-2.4702897,-0.56161684
0.89731646,-2.9402795,-0.1981489
1.0324731,-1.4653273,0.9638432
0.6908512,-1.5720127,0.6359771
0.046982765,0.86918306,0.6924162
-0.21819735,-1.3334148,0.018688336
0.041232347,0.31330276,0.9925415
1.1202745,2.7800684,-0.035138726
2.7893124,-0.8849664,0.97835445
-0.77747726,0.7664561,0.018889427
-1.2681473,0.0367918,0.044772923
-0.72649455,1.9742355,-1.0568371
-1.4493728,1.3120985,-0.73681533
0.5101161,-0.13937664,1.4785814
2.239345,1.6408777,0.71469796
2.345932,-0.15263367,1.7027001
1.3773766,-0.5100002,1.854097
-2.2077947,-1.1693727,-0.41315553
-1.6101143,-2.4473472,-1.7677639
-0.6591344,2.5059786,-1.41714
-0.5529723,-1.9010979,-0.8495472
0.2467432,-2.859928,-0.716347
-2.7539144,-1.3455981,-0.15474045
0.9337342,0.6060047,1.625777
-2.2886162,-0.27225113,0.20992655
-1.898234,1.3657112,-0.7432191
-2.4941475,1.7187953,-0.7506098
2.6139588,1.7643323,0.31116033
-2.8408194,-2.5170813,-1.1075077
2.2631001,1.2230864,1.1105232
-0.10085058,1.4850006,-0.014989212
-0.3488965,-1.6642807,-0.4352092
1.8764353,0.014531612,1.9535494
-0.2772827,0.44964623,0.62685776
1.8814621,0.37618637,1.8822026
2.169045,1.6098361,0.7872934
-2.6046302,2.5470266,-1.3399199
1.1543522,2.881421,-0.051812768
0.5663371,0.6716845,1.3193191
0.64503527,1.7543888,0.41866377
0.43797445,1.282659,0.70827276
0.8205929,-1.6229882,0.67938197
-1.4432005,2.006431,-1.4138567
-0.3838234,-0.21315265,0.6029004
2.85036,1.2242947,0.6267427
2.0155487,-1.9910942,0.4946848
-0.11270523,2.4001594,-0.8499681
-2.8215928,0.6695523,0.46953318
0.13148332,0.67983127,0.90878356
-2.0429206,-2.6687975,-1.7809031
2.4395747,-0.26072645,1.6119628
-1.8212621,-1.0490509,-0.47040302
-0.21660471,2.8323488,-1.1674789
-0.665828,-2.74656,-1.5406945
0.53386164,-0.7403288,1.2471082
2.823083,-1.4879712,0.39588207
0.28505754,-2.1747599,-0.2866966
1.7374921,1.1538572,1.3911021
2.3286648,-2.0712826,0.24645054
2.4219337,1.4180989,0.8112329
-1.0360544,0.36009216,0.07546419
-0.67096996,-1.5882547,-0.6392034
1.4458132,-0.341403,1.9344857
-0.81860304,0.26016235,0.23615617
1.4047918,-1.3369946,1.2179303
-0.65540314,-1.9275273,-0.9586918
-2.0347571,-1.6906149,-1.0138192
1.2211299,0.72382784,1.6887633
0.45995426,-2.6434245,-0.43455222
1.3375449,1.8890319,0.6600288
2.9804583,1.9702339,-0.22846226
2.0481987,2.7585788,-0.039351046
2.8439436,2.538196,-0.53013957
0.16056848,-1.6860205,0.04491003
-2.5806377,-1.301774,-0.26620603
-2.1045818,2.1957822,-1.4459729
-1.8635212,-0.38810134,-0.03183186
-2.643745,-2.2088227,-1.0731468
-1.5037426,-1.43706,-0.8644147
-2.7617033,2.1058536,-0.880708
-2.7678459,-1.7059904,-0.49988875
-1.7926637,1.0551815,-0.48241842
-2.9575016,-2.5048964,-0.9871173
-1.8414373,1.9809933,-1.3623897
1.1439261,0.82511854,1.5887359
2.5021582,2.0693388,0.11859581
-0.89238834,0.10231733,0.21619737
-0.8726363,1.5228448,-0.7180931
1.60186,2.4584427,0.2239294
-1.4801127,-0.37844658,-0.066651344
-1.4184977,-2.2672634,-1.6299365
1.8483887,-2.1168,0.44244188
-2.613905,1.7589388,-0.6905714
0.36682415,-1.9130559,0.023036212
2.650146,-2.6260881,-0.39814228
0.5144596,-2.5401464,-0.3324536
0.8158314,-1.3285961,0.96813476
-1.7471734,0.55655193,-0.13540423
-0.041389704,-2.7183323,-0.95313257
0.16495323,-1.3901124,0.3439086
0.73630285,2.872213,-0.29238307
1.165638,-0.51024914,1.7916628
2.6067834,-1.0123683,1.0395305
-2.2898984,1.4188719,-0.6010568
0.089925766,-2.4687014,-0.69221836
-1.4989089,-2.3424926,-1.6947691
-2.3731918,0.4289384,0.21442151
-0.24023294,0.94836235,0.34508556
-2.6407106,-2.95636,-1.4630929
2.0936975,2.6358252,-0.008428931
0.34744453,-1.1681607,0.7323407
-1.6168742,0.4583025,-0.10213381
1.5677371,2.1325555,0.4673195
-2.839284,1.1483116,0.11230293
-1.1603976,0.9315076,-0.32033706
-0.5844562,-2.7371244,-1.4710578
-2.5492508,-2.7989535,-1.5001767
-1.907665,1.115696,-0.5042418
-0.48965597,0.11148739,0.5234694
2.2762938,1.8421197,0.4932825
2.8969626,1.501297,0.31164077
1.9087873,-2.406767,0.2014752
-1.791372,0.55216694,-0.12438178
-1.9626635,-2.3535028,-1.6293983
2.6180797,-1.658348,0.41248587
1.0611525,0.8244357,1.5518897
0.07970309,-0.16769099,1.0655915
0.40599632,-1.9159223,0.056619078
-2.4110904,1.0172625,-0.14154714
-1.0016563,2.0818634,-1.331473
2.8878546,-2.9483392,-0.7303605
-0.7398968,2.8139396,-1.621012
-0.15049219,1.6560841,-0.23510915
-2.4909933,-0.2528615,0.36253703
-1.6782213,-2.9091473,-1.9673414
-0.061258793,-1.2699745,0.23508479
-1.8634783,0.9155555,-0.3481233
-0.37202883,-1.278148,-0.0750173
1.2208776,-0.9861212,1.4913292
-2.934532,-1.2389066,0.12024589
0.8910363,2.5793562,-0.068341434
-1.9836245,2.5389013,-1.7398028
-1.4641532,-2.3399143,-1.6898208
1.1517291,-0.9255333,1.5148776
2.3853607,2.7172937,-0.22514224
-0.8199258,-0.17279625,0.25401264
-1.2317072,-1.4606309,-0.83311534
-2.7127075,0.36277437,0.5190587
-1.546973,2.373695,-1.7190888
-2.6269107,-0.3817687,0.43574908
-0.68661165,-2.8308399,-1.586024
0.6121664,-1.0027982,1.1125875
-2.810627,1.493062,-0.2473004
2.6193404,-0.44326544,1.4021894
1.8821726,2.1196356,0.43021548
-2.9368377,1.0317531,0.30998787
-1.432899,0.026309967,0.00914669
0.97846556,1.1459427,1.241829
-0.6163788,-0.4049449,0.34104002
-0.32692957,-2.5717614,-1.1631287
-1.354547,-2.571015,-1.8182981
2.4096584,-2.3597646,-0.041316986
-1.6769947,-0.47782445,-0.10636878
2.4878302,-2.1691675,0.044879973
0.1935668,0.43965006,1.097261
0.6030655,0.34398723,1.5085874
2.3403955,2.2826471,0.06495345
-0.4942968,0.1686852,0.5113936
-1.70803,0.51131487,-0.11849636
-0.4852028,1.0667629,0.016573519
2.4331603,-0.8481517,1.3120148
-2.2259622,-1.4948537,-0.71707726
0.68094134,-2.8220377,-0.31985062
-2.9483743,-2.9218416,-1.1679701
1.5729065,0.19726562,1.9806039
1.1084032,-1.4186625,1.0465351
0.12717676,0.83050966,0.8013338
1.2875795,0.74558973,1.6948495
0.0033740997,2.339787,-0.69203615
1.6600585,-0.3662374,1.9297001
-2.3748615,-0.012686253,0.30613476
-0.44055748,2.0705414,-0.9056456
1.3308439,0.50873756,1.8447094
2.9874506,1.3730574,0.34998524
1.5281744,-1.6199841,0.9499238
-2.1815233,-2.1683536,-1.381856
2.3072906,2.2871647,0.08417785
-0.6689949,2.1385193,-1.1579114
-0.64054346,-1.1359148,-0.17632833
-2.726729,0.49835014,0.47530714
-0.47224283,-2.6680312,-1.3448346
2.1219802,0.20995378,1.8299457
0.41833448,-2.7853024,-0.53095806
-1.7473619,1.695632,-1.1089644
0.92343616,-2.973453,-0.18821919
-0.96193314,-0.72367644,-0.070922256
2.7389822,2.7989922,-0.5500629
-2.6038637,-1.0163505,0.014285445
-0.9476266,-1.738938,-0.9793831
-2.8967206,2.7063136,-1.1491846
-1.1814905,-1.5174658,-0.87186754
0.9457431,0.6616583,1.5999064
2.887844,1.676631,0.14539707
0.503839,0.806036,1.1751552
2.9410753,-2.072653,-0.28187782
0.5869565,2.7227488,-0.35973024
1.7326078,1.4385686,1.1187798
2.4049864,-1.8865135,0.3612796
2.50777,-1.7121974,0.45129883
-1.6791712,-0.6919203,-0.2241109
2.7581701,1.0008612,0.9136741
1.8172965,1.1343441,1.3924992
-1.402737,0.3862853,-0.0595963
-1.4316101,1.9674358,-1.3766501
-2.5162387,2.9844193,-1.573058
0.75341177,0.61719847,1.4996343
-2.4316478,1.1750755,-0.26631862
1.2672739,1.7060833,0.819415
0.94739294,0.5947058,1.6402097
-2.6064067,0.18496513,0.47294164
0.8175025,2.69734,-0.17349243
-0.24399161,2.0711184,-0.72128606
1.3704534,1.9593797,0.60112065
1.7213688,-1.1673274,1.3812964
-2.9824352,-1.4343098,-0.022423208
2.7512965,-1.6267186,0.3245691
2.515926,-2.5122442,-0.22277331
1.1936512,-0.3048005,1.8836267
-2.7418833,1.6903028,-0.5083729
-1.0716623,0.4395256,0.0269562
-0.8694267,-1.0612096,-0.2761426
-0.7709937,-0.41502333,0.21825862
1.6917696,-2.2989707,0.32718354
1.0907116,-1.927022,0.5382165
2.3765373,0.27619267,1.6546775
-1.1235695,-1.7430546,-1.0730575
1.0096192,0.36974382,1.7790492
1.0673857,2.4741259,0.090550065
-2.4977725,0.7682433,0.11887717
-2.9100595,2.2965608,-0.8931775
-1.5566672,-1.9006659,-1.3238198
2.0536432,0.07802296,1.8826344
-2.824379,-2.9470074,-1.2930484
-2.6113014,0.020786285,0.49399942
1.6806016,-2.2100081,0.3974144
1.618587,2.8156185,0.051518977
2.4671783,-2.5646563,-0.21369767
-2.2648163,1.0255132,-0.25002074
-2.1956992,-1.7945445,-1.0329058
1.53896,0.83041835,1.6740602
2.6088905,-0.01564765,1.5077405
1.7950163,-0.38371468,1.9022481
0.4699564,-1.1643219,0.84822094
0.98872423,1.9289522,0.48477757
2.8473802,-0.54152346,1.1469107
-1.9356129,0.25570488,0.03329605
-1.3620354,-0.9040804,-0.35987997
2.098401,-2.1861827,0.28674138
-2.0527189,-1.2502803,-0.5710491
-1.6542377,2.6897817,-1.8961787
2.1899734,2.8555965,-0.14502478
0.9465661,-1.3938003,0.98748666
0.96921015,0.2989776,1.780077
-1.2715212,0.48695374,-0.07178801
-0.041401386,2.6465244,-0.92132586
2.7456985,0.4186542,1.2992703
-1.8006603,0.13965654,0.016566455
0.02358675,-0.87265396,0.66638035
1.4267988,0.63268185,1.7960949
-2.0710688,-2.9870682,-1.8655367
2.9135303,-2.9931493,-0.7629121
-1.4988316,-0.3477459,-0.05726838
-0.72040796,-2.080772,-1.1478473
-0.81171083,-2.0835114,-1.2160107
-1.9549767,-0.509213,-0.05397749
-2.9437938,1.6644449,-0.2900234
1.691555,1.4847546,1.0786531
0.79702234,-1.0423071,1.2195077
-2.8098025,-0.21200228,0.6518755
-1.9308804,2.7850103,-1.8729625
2.965104,0.64896226,0.97228515
1.1467052,2.0401134,0.4591357
1.2037339,-1.2426149,1.2557077
-1.7948942,-2.6846404,-1.8723963
-1.3151883,-1.390921,-0.7886028
-0.45286226,0.2636423,0.5279061
-0.5486398,-0.7265973,0.2259121
-2.0557451,-1.6380522,-0.951904
0.24715471,2.8849049,-0.72259
0.2981639,-2.7690978,-0.6376567
-0.37986302,0.07616973,0.62630725
0.41589546,1.1955547,0.77050656
-1.1890519,-0.8093548,-0.23805058
0.7807555,1.3011346,0.97022176
1.1314211,0.010649204,1.9049609
-1.580217,-1.7832946,-1.2108582
-2.9747372,-1.6312612,-0.2265104
1.570303,-1.3495599,1.2194359
0.71561,-2.9291503,-0.32144094
-1.5257639,1.8697805,-1.2935358
2.8911057,2.7499356,-0.676402
-1.3567439,-1.5410821,-0.94746834
2.0272403,0.14828205,1.8866519
1.5219855,1.0024629,1.5370371
-2.5152245,0.84942436,0.07420927
1.934824,-1.6651479,0.8402588
-2.7584188,-1.8230231,-0.6234269
-1.662044,2.9203482,-1.9714649
-0.5001447,1.7469664,-0.6548127
-2.0221395,2.8044415,-1.843563
2.9307299,2.1059675,-0.30068463
-0.6017389,-0.22321224,0.4091146
1.1915693,2.1120095,0.4137749
-2.6787357,-0.09622264,0.54886794
1.7269993,-0.0186131,1.9876518
-0.9323511,-1.2998536,-0.53538334
-2.282014,2.3395677,-1.4528203
0.43866873,-0.6378007,1.2281419
1.4533854,0.4355669,1.8997462
2.5961914,-2.3921947,-0.21333796
-1.8323779,1.029109,-0.4503997
-1.4763129,-1.4263905,-0.8516353
0.57678866,-0.67743087,1.3245206
0.81378365,-0.26826572,1.6911228
1.1534166,1.1121593,1.3568807
1.6466255,0.122460365,1.9896374
-0.68026114,0.5227299,0.23746347
1.666709,-1.9485358,0.62658364
2.211875,-2.2667766,0.16031313
-0.7836647,1.0804062,-0.23490989
2.1343718,-1.2353393,1.1745512
1.4657383,-2.5864944,0.14463776
2.6461582,-1.2381027,0.80200404
-1.7048217,-2.943138,-1.9714044
-1.481427,0.59941244,-0.17034203
-0.86741686,0.22280025,0.21262187
0.15217876,2.7703385,-0.780281
1.8005972,-1.6542989,0.89030623
-1.712588,-1.5515249,-0.9706942
1.5019617,0.71633244,1.7518508
-1.0751442,-0.7882869,-0.1745975
1.8123279,2.3379216,0.27690423
-0.14243174,0.45637608,0.75570476
-2.6282609,-0.06518555,0.50679386
-1.6507376,-1.150953,-0.58918905
-2.171256,1.8126268,-1.0645562
1.4878874,-1.4042938,1.1622994
-2.0116446,1.2063484,-0.5479565
-0.2499547,1.9272227,-0.59628755
0.64726734,-2.3532243,-0.10199463
-1.645184,-2.658104,-1.8826131
0.8654101,-1.6918312,0.6406216
-2.9292703,1.4394984,-0.079809725
-2.1465254,-1.6547796,-0.92268014
-2.7183702,0.2835827,0.5493585
-0.9074321,0.45296097,0.111230195
-1.0928922,0.62982774,-0.07983184
0.4295802,-1.5297943,0.4574797
-0.5547433,0.10489702,0.4677782
1.4102459,2.0788226,0.5006857
2.7503862,1.5550966,0.39700302
1.0763731,0.5731077,1.7204623
-1.1819025,-2.385826,-1.6530751
-2.809157,1.4114203,-0.16764426
1.086606,-1.1945744,1.2524614
-1.4863737,2.099557,-1.5009022
1.526629,1.245966,1.3181728
2.005455,-0.55066776,1.7591891
1.1571617,1.1597128,1.3152688
2.8149323,-1.2475097,0.6385664
2.849389,0.51781726,1.1569648
0.6352196,-0.14969063,1.5821716
-2.1859102,0.047605276,0.18215936
2.680324,1.0563316,0.93715334
-1.4234873,2.9216213,-1.9650733
-1.4170607,-1.3241765,-0.7440785
2.510336,2.929562,-0.38744587
2.324431,-0.5505276,1.5814552
0.9064541,2.8533273,-0.17141598
0.18805146,0.6751003,0.9675893
-2.5234976,0.24464464,0.39073974
-0.31141233,-1.003306,0.23111409
2.877379,-1.580869,0.2510779
0.7639766,-2.950242,-0.28994995
0.25685406,-1.6375462,0.18733878
-0.62295294,-0.26860046,0.38070732
-1.0463469,2.523839,-1.6807814
1.7880683,1.6234407,0.9238691
0.18500566,0.52306557,1.050244
1.9517226,-2.90344,-0.043454766
-0.53099585,2.1135306,-1.0228716
1.3107276,2.0654244,0.49166793
1.2383099,-1.3486065,1.1655998
0.47839236,1.215066,0.8086277
1.885119,-2.499572,0.15011865
1.8799376,-1.5167695,1.0065957
2.7807698,-0.9053345,0.97046673
2.3063278,-2.7201886,-0.17104131
-0.76708984,-0.1832707,0.28920984
-2.5398607,0.61434245,0.2510816
0.5484524,0.87322855,1.1637228
-0.026184797,2.8074913,-0.9708872
-0.7824762,1.7325768,-0.8661133
-0.50236416,-2.7448716,-1.403832
0.1410985,-0.9416599,0.7290775
2.1888895,1.680727,0.70527554
0.9352236,-2.8794208,-0.16109753
-1.065283,-0.18553495,0.107911766
-1.2336749,1.1351857,-0.52174664
-0.74289393,-2.0115957,-1.1030848
-1.159509,2.5734134,-1.759489
2.6976686,-1.977823,0.033605814
1.5889359,-2.2007136,0.41075754
2.7089272,-2.277277,-0.22986862
0.009580851,-0.5254946,0.8746567
0.60501266,1.0018177,1.1075444
1.0402942,0.8641498,1.5118401
-2.8396592,-1.482306,-0.20899186
0.26788974,2.6238894,-0.60426104
-0.20067,-1.6076857,-0.23620692
-1.6819621,2.353961,-1.6993532
-2.327842,1.0077076,-0.19306755
2.6558232,-0.96800566,1.0338324
2.439198,2.2187643,0.042479873
1.3904061,0.9947276,1.5285051
2.862749,-2.5508342,-0.55527437
-1.2174236,1.5247097,-0.8921405
-0.518168,2.8372202,-1.4493246
1.1358557,-2.2440867,0.2833333
-0.49567986,-0.6324713,0.3309393
-0.5887046,-2.4208481,-1.3065987
-2.4796844,2.011323,-1.0410391
0.8059838,1.5916681,0.7006419
-1.8129816,2.1881075,-1.5496609
0.10909867,0.8425956,0.7744102
2.9249268,-0.49469137,1.0950899
-0.92344594,-0.29272318,0.15977716
-0.94557524,-2.235241,-1.4274557
1.8099384,1.9038515,0.6446097
-1.1029598,-1.2035644,-0.5335127
-0.25763226,0.32924318,0.69149566
2.8012152,0.10202789,1.3286426
-1.2299212,0.9069071,-0.3262778
-2.1462307,-2.4099288,-1.5830197
-1.6789312,-0.4751773,-0.10494745
-0.83173704,1.3840265,-0.5534167
-1.4234962,-2.2174826,-1.591716
-1.5567952,-1.2887603,-0.72159016
1.2118335,-1.6519275,0.85521954
0.5098133,-2.538336,-0.3354781
-0.9601846,2.9290485,-1.7967949
-2.3307343,2.5919552,-1.5775927
-0.9445796,1.8799105,-1.1144655
-1.2661175,-2.4866729,-1.74704
-0.97625685,-0.02737999,0.1712187
-2.706369,0.55090785,0.43043637
0.6462872,1.3307476,0.8399765
-2.2041707,0.60423946,0.016899526
-2.3363976,-1.8388363,-0.9858077
-2.4510994,0.09512043,0.35856193
1.252151,-2.4259372,0.19499737
-1.8060801,1.5044584,-0.906159
-1.2382525,1.8896718,-1.258714
2.351522,-1.0734376,1.1875091
1.5928926,-2.6259747,0.12976772
1.7201738,0.027892828,1.9884748
-2.8485196,1.5336895,-0.25179732
-2.1512995,-2.0469499,-1.2945508
-1.1325331,1.2665482,-0.6059141
2.478293,2.089364,0.1200836
0.30690122,-2.4869006,-0.49112937
-2.2436914,1.659092,-0.8702015
0.018785477,1.3567438,0.23120603
-2.3300123,-1.5438645,-0.6984473
-0.65729785,2.5178585,-1.422683
-0.8249252,-1.4427134,-0.60676396
2.5969849,2.2801704,-0.13327634
0.9292102,-2.2995448,0.13521099
-0.52311325,2.3662963,-1.213793
0.50678635,-0.674531,1.26637
-0.8659966,-2.650049,-1.6433467
1.1787009,1.5979748,0.8969353
1.1866913,-0.24572325,1.8970958
0.8056383,0.84733486,1.383256
-1.1693308,1.3820086,-0.732821
2.559452,0.32031584,1.4989493
-0.43310976,0.95818377,0.15531147
-1.16795,-2.5285912,-1.7378738
1.878942,-2.647884,0.07231623
2.44517,-1.4087709,0.80279493
2.9854794,-1.5685011,0.15777516
0.8887749,-2.827755,-0.17485577
-1.0226816,0.46840382,0.038781643
1.5236759,-0.23802328,1.970696
2.5738635,-0.6606941,1.3272853
-2.9425025,-0.13940668,0.7925211
-0.3716607,1.4416347,-0.23436043
-2.0458965,-1.1132197,-0.4474716
0.5590792,0.18952632,1.5124993
1.2407546,-0.26797414,1.9103382
-0.61976385,1.4486814,-0.45903128
-0.25097132,-0.3191514,0.7011571
1.3503323,1.0776534,1.4491928
-0.50420904,-1.174618,-0.09721956
-2.5193386,2.3239279,-1.2667949
2.4004078,0.50493836,1.5503666
-1.5099435,0.50468016,-0.12281984
-0.32957554,1.4524579,-0.20557904
0.282979,-2.990521,-0.7093929
-0.1802907,1.3256297,0.0634024
-2.822058,2.4100752,-1.0582864
1.3764,1.7966886,0.75718844
-1.3626945,1.9480829,-1.3468242
-1.5559788,-2.40978,-1.7438545
0.71674633,2.5966291,-0.1982112
-1.5655861,0.6707418,-0.21662563
-1.3864789,-2.92411,-1.9595053
-1.0108498,2.714655,-1.7575216
-1.1270328,2.3393483,-1.5982372
-1.2529124,-0.47861433,-0.06226504
-0.8090577,2.9417973,-1.7037444
0.7796273,0.1888876,1.6852281
-2.4276538,2.4061651,-1.3963598
-1.8158408,-2.6519513,-1.8526281
0.043774366,-2.7969294,-0.8974289
0.41720438,0.8358507,1.075753
1.6568775,-0.022441387,1.9960456
-2.1073318,-2.546659,-1.6876705
0.9575908,-1.6822075,0.7066267
1.7051692,1.6816034,0.880405
1.6657805,1.9124947,0.6604047
-2.7942646,-2.2753808,-0.98810405
-1.1448126,-1.341234,-0.68308127
-2.5786967,0.017446518,0.46621025
-1.8984343,-0.0038294792,0.05318755
1.6709485,-2.209576,0.3987729
-0.44795704,2.2186222,-1.0365793
1.2741342,-2.0947738,0.45598966
-1.761019,2.1342392,-1.5160623
0.4558797,-1.8555586,0.159323
-1.8145738,-2.980689,-1.957516
1.4996758,0.7474613,1.730889
-1.312137,-1.4351217,-0.83147496
-0.7522774,2.0224462,-1.1197538
-2.6028938,-0.9946294,0.03179419
0.0099105835,0.28645325,0.96916246
2.8484406,2.2330923,-0.32595783
1.4561343,-1.9483938,0.62474525
-1.6006229,-1.23511,-0.670138
0.040346146,2.0426311,-0.41418618
-0.3289454,2.5306492,-1.1421523
-2.4152226,0.52289057,0.20221901
2.3522735,2.3062387,0.03895867
0.048362017,1.814817,-0.19326292
0.6317911,1.6963062,0.4654104
-1.2114869,-0.11826801,0.056874573
-1.4037573,2.8964653,-1.9561878
0.49466872,-0.9536972,1.0534118
1.1091328,0.20420313,1.8745356
0.672894,-0.90555453,1.2405012
-1.4458351,-0.22480631,-0.017365217
2.9126935,1.8028469,-0.0030681044
-0.4416132,2.2744508,-1.0744069
-1.8372452,0.44720268,-0.0630517
-1.4031379,1.9721794,-1.3766701
2.9532623,2.1029162,-0.32014227
0.00014448166,1.4581733,0.1125296
-0.40723276,-0.8175783,0.2879199
-1.2484853,1.750392,-1.1271377
-0.7864361,2.518237,-1.5197644
-2.5266857,2.4817424,-1.3669665
-2.3840504,0.7773318,0.025649548
1.7558684,2.2139559,0.38319623
2.566348,-2.0725102,0.0631111
2.8629012,0.5682199,1.1179581
-2.1658268,-2.6357408,-1.7028935
1.6225901,1.5400238,1.0294267
-1.8568997,0.1377244,0.031180143
1.7896805,-0.5771177,1.8141792
2.1646628,1.9124336,0.49375305
2.3216128,-0.45922327,1.6275291
2.1601539,1.2249031,1.170335
1.87672,1.6140194,0.91035956
0.058391094,-1.4882233,0.14083713
1.3784475,-2.598781,0.1252982
-1.0733128,0.2679386,0.08553249
1.3063045,-1.8345333,0.7045353
-0.96420574,-1.7012912,-0.9517212
-0.05037403,1.4128003,0.10698677
-2.6111364,0.7128897,0.25054824
-0.7844238,-0.66670465,0.079446256
-1.5776188,-1.090647,-0.5380651
-1.0119624,-2.218573,-1.4512889
-1.9157596,-1.2819707,-0.6562612
-2.6983328,0.19229317,0.55268204
0.1953497,-1.7526212,0.013284951
1.9469376,-2.7236116,0.016178668
2.7322483,-2.906509,-0.5744869
1.7506623,-2.8291101,0.032294393
-1.5550121,-1.3799661,-0.81020135
-2.967029,0.8082948,0.51705414
1.1379414,-1.3718855,1.1053736
1.6809416,1.9818754,0.5943414
-2.5755363,1.6418357,-0.6072874
1.075758,-2.3472362,0.17920649
2.5364318,0.738611,1.3082988
0.1817298,-1.292029,0.4559019
-1.8073765,2.4880824,-1.7660997
2.459629,2.2732563,-0.015778601
1.2810478,1.3760066,1.151876
1.9866037,-1.5023639,0.9831695
-2.0288565,0.43379545,0.010465026
1.7458367,-1.891413,0.6695677
-2.049221,0.44917107,0.013086081
2.968483,2.9657378,-0.81233096
-1.2710992,-0.5784452,-0.118112266
1.8077011,-1.725233,0.81824565
0.6007247,-1.4623829,0.6734416
0.79503155,-1.8619809,0.42679852
-0.4600649,1.5197344,-0.3929665
1.2322063,-1.7694515,0.74587286
-1.2503157,2.0999084,-1.4538511
-2.8277378,1.7514205,-0.4883711
-1.1526092,1.8048124,-1.1457126
2.3506155,-0.14386868,1.7007093
-0.789809,-0.6262636,0.100004315
0.94295526,1.0867534,1.274659
-1.1091793,-0.44811773,0.005930841
2.2504478,1.2056313,1.1348953
1.7954707,0.66966105,1.7588987
1.059041,1.0433326,1.3752296
-1.533485,-1.282407,-0.7148956
-2.4513896,1.8599987,-0.9218817
0.11294818,-0.575408,0.9516785
-1.7599733,1.7046652,-1.1156287
2.4665813,-0.18493581,1.6078541
-2.8829274,-2.9483676,-1.2371805
1.3406048,-0.25559282,1.9411364
2.9907422,-0.95653296,0.7266357
1.5024853,-1.4874161,1.0809513
1.0229363,-0.11736703,1.8467615
-2.8864398,-1.1462059,0.1595543
2.8856797,0.23505211,1.225631
-0.5131426,-0.8857064,0.14182514
-2.8032253,-1.861378,-0.61845696
2.9614887,1.1013432,0.6315305
-1.220792,-2.4569206,-1.7139977
-0.21224284,-2.3225026,-0.8935392
2.7458386,-0.4718492,1.2762333
-2.0796022,-0.2612121,0.09275091
-2.12247,-2.8062382,-1.7959423
0.4878521,1.5245523,0.51495713
-0.40156174,0.24758196,0.5786515
0.69102526,1.2651081,0.9382771
-2.516116,-0.029604912,0.41407794
0.08971977,-0.65480447,0.8827664
-1.3342792,-1.0557468,-0.479582
-1.4748266,-0.26794577,-0.031081617
-2.7469106,-2.3576224,-1.0926305
1.5906553,1.3175125,1.2503872
0.57790947,0.85269856,1.2042274
-2.5363297,2.145482,-1.1125493
2.3806558,-2.8025086,-0.2534595
0.9048624,-0.31250453,1.7379067
0.55668974,-1.1764888,0.91254765
-1.7614092,0.09323716,0.013768256
0.45241356,0.4580841,1.334039
2.8906207,-0.4466772,1.150233
2.0576534,-0.24351525,1.8543041
-2.3366108,-0.49530983,0.15900344
2.7384634,0.72970486,1.1376698
0.23252916,-1.6399148,0.16137594
1.4428954,-0.34764934,1.932008
2.330029,1.4828062,0.813241
2.5575275,2.0199742,0.11719459
-2.3386045,0.33552408,0.22480309
2.6269917,-0.32954502,1.4383771
-2.0375247,0.5026169,-0.016720235
0.22489834,1.3811631,0.41150594
-2.0962908,0.5518565,-0.01352334
-0.6576998,-1.7457472,-0.78535783
-0.13632822,-2.3640504,-0.8485462
-0.35890603,1.3955412,-0.1768908
-0.47392774,-1.289703,-0.17897841
0.2366116,1.1235013,0.66693825
2.9592562,-2.577692,-0.6638489
1.7430344,1.640707,0.91534996
1.6784096,1.2612977,1.2987964
1.2007422,-0.592015,1.7621257
2.3225431,-2.2917447,0.0703997
-0.13844705,-0.3387046,0.80518067
0.23853683,1.6988792,0.10854815
0.6173911,2.267087,-0.062466323
-2.6163917,-0.111148834,0.49244237
-2.4166708,-0.24826097,0.30626428
0.36780405,2.4609547,-0.41760415
-1.1737508,0.5227597,-0.055762827
-0.05504942,2.8648014,-1.0169588
-0.6883764,2.713983,-1.5452437
0.46698833,-1.9479961,0.08188054
1.9518466,-2.1150963,0.41045517
-0.99492574,-0.9957471,-0.29484242
2.4025822,-0.45872355,1.5701753
2.3686852,2.7161798,-0.21264893
-2.3024945,-2.256514,-1.3772695
-2.3166785,1.3380189,-0.50380856
-2.4272246,2.3019862,-1.322896
-1.6440607,0.18859148,-0.015048087
-1.1678288,-2.5153794,-1.730154
-0.22580838,-2.2649326,-0.8636161
-0.7295766,0.44613576,0.23556715
-1.5157456,0.86800385,-0.3521341
-0.95308065,0.6969085,-0.04837346
-1.0852336,1.8667855,-1.1760986
2.9431148,1.9274611,-0.15197356
-1.1118865,-2.6141062,-1.7606109
-2.1480026,1.4136705,-0.6815103
1.2470927,1.8633251,0.6596894
-0.17328453,-1.5151466,-0.11679761
2.296692,-1.8716125,0.45160538
1.8744979,-2.6939797,0.05275327
2.7561865,-2.9599328,-0.6076096
-2.1970787,1.5674753,-0.80689114
1.9285903,0.8528776,1.5944902
2.5177164,-1.6296222,0.5253936
-1.4814945,-2.6818206,-1.892169
2.7575397,-2.788875,-0.5637562
2.248929,2.7219968,-0.13450813
0.032853603,0.9873786,0.58372724
1.4464574,0.4904673,1.8743927
-1.0488646,-0.24802423,0.102541625
-2.6165514,1.2246623,-0.16198507
0.75834036,0.32512712,1.6353277
0.8943758,1.2950783,1.0520564
-1.9606769,0.76543593,-0.20387411
1.454999,-1.5455343,1.0185623
-2.5626678,-1.4021899,-0.3793155
2.581872,0.7901664,1.2346766
2.905171,0.7601843,0.9589344
0.8167753,2.1181622,0.20850235
-1.8822863,-2.2191105,-1.5557215
1.4600134,1.4572153,1.1072068
0.51124716,-2.751998,-0.43579775
0.8157563,0.25703788,1.6953914
0.98596,-2.4358726,0.072657764
2.2840667,-1.4755529,0.85132563
-1.2895077,-1.7147484,-1.104154
-0.6748352,2.6764941,-1.5185461
0.8181176,2.6701145,-0.16103756
0.32688332,-1.3305134,0.5590704
2.4191332,-0.125803,1.6533289
-1.5757155,-2.514214,-1.809557
-0.10925007,-2.4579368,-0.8843016
0.5605595,-1.5189106,0.58352256
-0.796767,0.2918663,0.24260867
2.0451498,-2.700463,-0.014681697
0.32814455,-0.62445116,1.1335713
-2.7726898,0.4136119,0.5550828
-0.32500744,0.03377962,0.6801137
-1.3606707,-0.09493351,0.017492473
0.29151344,0.53988886,1.145168
-0.34864783,2.9674277,-1.3264989
-2.9758024,-2.5622702,-1.0018655
-0.54667616,-2.164296,-1.0791162
-0.28733778,1.5679269,-0.28053072
-0.88463545,0.91891193,-0.16699862
2.7563415,2.5490441,-0.45372817
-0.6545973,2.387689,-1.3378623
1.9272518,-2.228116,0.3261423
0.7431531,-0.681422,1.4532908
-2.5323994,-2.7013216,-1.4768422
0.7049582,1.2091002,1.001863
2.486207,1.790546,0.3914798
-1.962302,-2.3797202,-1.6478803
-1.9391248,-1.6331216,-0.9952154
2.9365473,1.6023841,0.17202908
2.41053,0.7308779,1.4122498
-1.673682,-1.8753365,-1.2945665
1.8052349,-0.014884472,1.9725342
-0.38379622,-1.9940683,-0.78518903
-2.957788,1.1632819,0.21355705
0.22540045,0.55566406,1.073047
0.96928215,0.8147528,1.510528
-0.89988256,-0.14157844,0.20674062
1.0436506,0.1631155,1.8509727
-2.5653026,-2.2251983,-1.1536018
2.0790477,2.800448,-0.068775475
2.557603,-0.12274408,1.5438333
1.6543999,0.08371544,1.9930052
0.5084739,0.27114296,1.4503101
0.98804665,-2.8218675,-0.11436921
-2.1706433,0.7751446,-0.111102104
-0.7496202,2.5825758,-1.5291378
-0.2864027,1.7453661,-0.45618778
-1.6694584,0.4176135,-0.0810774
-2.2158601,0.8709297,-0.15494573
2.0178528,0.53301716,1.7630014
2.0359359,0.007716179,1.8937292
-2.7245646,1.3136873,-0.1507594
0.9546356,0.9882195,1.3662808
1.2204065,0.9743364,1.5009562
2.849905,-1.8090051,0.05160658
1.735661,-0.3654971,1.9203868
2.75801,1.8704543,0.07905179
-0.98216915,1.9751687,-1.2251455
2.101159,-1.6889927,0.7447022
2.4402041,0.97917366,1.2029877
-2.8329842,-2.0017397,-0.7214613
-2.4081202,0.781847,0.04016018
0.60721636,1.0412159,1.0757549
1.6381135,-1.8065847,0.7641254
-1.4904392,2.226822,-1.6067454
0.33040333,2.1420465,-0.21625954
-0.004355192,2.1545577,-0.5555215
0.7593231,0.82270765,1.3686697
-1.6120487,1.2347279,-0.66937125
1.6921167,-0.05528307,1.991122
1.995028,-1.5891141,0.8930385
-2.081575,0.9136419,-0.2614978
0.029062271,-1.294821,0.30154365
0.008323669,0.7738242,0.72356683
0.9633472,-1.5396262,0.85227174
2.7947536,-1.270454,0.635774
0.8797903,-2.3633337,0.05846834
-0.6816659,-0.8089342,0.060182452
2.6943989,1.8097644,0.19573684
-1.1415986,0.9327028,-0.3136347
-0.8711152,-0.24275208,0.20563257
0.20482588,1.9041443,-0.12381184
-2.2845263,2.14117,-1.2958719
0.32645202,-1.2848822,0.60271907
-2.0354266,-2.2203646,-1.49883
0.3084619,2.310296,-0.37032488
0.28742266,-2.7210655,-0.62939227
0.41526222,-2.3155074,-0.2743295
-2.5298867,-2.460914,-1.3514106
-2.8493528,-1.9343244,-0.64367175
1.380352,-2.030046,0.5386446
2.5727878,0.09093237,1.5344939
-2.662117,-1.3142148,-0.20753857
1.1111827,2.3087955,0.22341496
-2.2083645,-2.674232,-1.6963062
0.18807411,-2.2643533,-0.45230913
2.7910728,-2.7661767,-0.58696914
2.2758574,-2.6436477,-0.11699396
-2.1934195,0.727875,-0.065761685
1.8557158,-2.0767817,0.4750147
1.5669518,-0.6554451,1.7927693
-0.0046014786,-1.5305253,0.035658654
2.9061804,-0.8083062,0.9239682
-1.1915256,-1.2559594,-0.6192734
-0.69814754,1.9098263,-0.9753722
-1.5162424,-1.328422,-0.758504
0.43169045,-1.4965729,0.49256212
0.79436016,1.7055197,0.5790992
0.23904061,2.7270126,-0.67851496
-1.6879113,2.4418716,-1.7581718
-1.3504994,-0.44706917,-0.07411456
1.0204573,0.5356729,1.7122726
-2.6304793,-1.5564423,-0.474795
-0.46720362,-0.2936597,0.50679964
-0.06645489,0.33860302,0.87681365
-1.2154917,-1.7531505,-1.1188858
1.091754,-0.43818378,1.7929605
0.19336128,1.4341192,0.32841057
2.106194,0.74944425,1.5921334
-0.26643467,2.7919016,-1.2027721
-1.8934153,-1.0297691,-0.4333915
2.1196556,-1.2572744,1.161531
0.41894627,-2.8325236,-0.5458191
-0.8591945,1.4315953,-0.61856484
-1.9773084,-1.4513093,-0.7993027
0.70316696,-2.7960439,-0.29425305
-2.8612576,0.35356903,0.66146517
0.7901335,-1.1507106,1.1182859
1.4833341,-1.8135134,0.75583667
-2.6316013,1.7705655,-0.6866128
-1.9640172,-1.8067245,-1.1574254
-2.1567774,1.497994,-0.7604318
2.5215197,2.5526724,-0.25044632
2.550362,1.8769946,0.25594717
0.18780255,-1.2115967,0.5382256
2.8164177,2.2681355,-0.32270575
-1.0029119,-2.0483913,-1.3026854
-2.9124665,2.42632,-0.9820411
1.047885,-0.49806452,1.7448777
1.0628057,-1.34913,1.093579
2.9411469,0.19995642,1.1791815
-0.00086832047,2.7141933,-0.91091514
2.2991886,-0.8547535,1.4026501
1.8388915,2.1907606,0.3832711
2.1713066,0.7023659,1.5883633
-2.9769964,-2.162402,-0.72154844
2.470374,-2.215983,0.020593166
-2.5573587,2.55515,-1.3844751
2.6895332,2.7475863,-0.48655945
-0.12432194,1.7944226,-0.34576902
-2.6586514,2.8995705,-1.4352415
0.8342781,-1.9824142,0.3407192
-0.6106403,-1.5850246,-0.58761996
-2.69458,-1.1273028,-0.003175944
-1.0876147,-1.6654866,-0.98007005
0.30931568,-0.7318487,1.0483472
2.3365397,1.0844574,1.1882598
-0.9222889,0.4298644,0.11203611
1.7819037,1.8044939,0.74622333
0.3756857,-0.9146533,0.9769758
0.10112357,2.56142,-0.7354167
0.5740349,0.56875205,1.3855984
-1.9688061,1.8943925,-1.2398123
-2.4935946,2.3179212,-1.2831237
-0.9426348,-0.16073012,0.1780014
-2.795562,2.8272543,-1.2901676
-1.3990517,1.5860515,-1.0005426
0.13801765,-1.8361183,-0.12464014
-1.9758278,0.2165072,0.05756378
-1.244388,-1.4593713,-0.83600557
-0.53905916,0.56773925,0.32979
-0.34561014,-1.8116319,-0.577285
-1.6560438,-1.1146538,-0.55588037
0.14415312,-1.2349738,0.47320026
-0.42108154,-2.9069803,-1.3813523
0.8579869,2.7546558,-0.16954172
0.13550234,-1.0270296,0.65245116
-1.4981092,-0.91913223,-0.3908491
-1.0328518,-0.06231165,0.13929558
-0.03457737,0.05279684,0.9640361
-1.8719559,-2.5196865,-1.7677627
0.23485494,0.8345952,0.9041796
-0.21181726,-1.8702478,-0.50523305
1.1639357,-2.3826149,0.19282782
0.7099972,-1.800863,0.42378914
2.2451506,-2.3393903,0.08598524
-0.098896265,2.3502054,-0.8015944
-2.2167156,1.1470709,-0.3873875
1.3410268,2.62884,0.102321565
-2.0275135,-2.4142041,-1.6444185
-0.4123571,-2.3815947,-1.1256073
-0.9714081,1.190105,-0.4541185
-1.1383334,-1.4044093,-0.7423159
-1.1099517,-0.91943693,-0.28940916
2.7567616,-1.7625732,0.18479906
1.7173705,-2.5242252,0.173872
0.8314123,-1.7673143,0.5436283
2.8168697,-1.8865235,0.008538425
-2.718666,1.5370269,-0.37666792
0.48410273,-0.079182625,1.4622811
1.9205294,1.8747444,0.64017457
1.9928699,2.6081667,0.051171362
-2.3875613,1.9811983,-1.0835608
1.0676689,-2.441738,0.11114317
-1.7090578,1.7584391,-1.1770006
-0.117221355,1.7085853,-0.25430644
-0.6260109,-1.3587137,-0.37542048
-2.5048935,-0.63186765,0.21238118
-2.8617432,1.0083847,0.25701696
-1.9736938,-0.30640268,0.033496022
1.3613114,-1.8348545,0.71713793
1.3723063,-0.53162885,1.8423479
-2.609291,-0.8278122,0.16897076
-1.1266268,1.8353429,-1.1644394
0.049003124,1.3068619,0.30986428
-2.5937476,1.8754048,-0.8207686
1.6903634,-0.12694263,1.9848139
2.7171974,-2.7310739,-0.5051442
0.5305853,2.9290195,-0.471453
-2.2290444,0.092778206,0.20463401
0.6995592,1.2794161,0.9311551
1.0890408,-1.701392,0.755958
2.3755293,-0.14857769,1.6822863
-1.5962098,0.8007841,-0.30353314
-2.6877294,-1.2201505,-0.09493655
1.3180518,-1.6613327,0.87781703
0.18676901,0.84317255,0.85078216
-0.9774792,2.4087348,-1.5723562
-1.257067,2.3406973,-1.6472534
-1.5468475,1.0213227,-0.47747487
2.428491,0.25543976,1.6217351
-0.5176172,1.348412,-0.2742551
2.163621,-0.93712664,1.4214718
2.677949,2.313573,-0.22912559
0.38002825,1.5829005,0.3588428
0.63905287,-2.9912872,-0.39228988
-0.20431423,2.7354488,-1.1215467
2.0604463,0.14119077,1.8725467
-2.7032638,-2.268297,-1.066731
1.193049,-1.1479697,1.3398376
-0.48878646,2.913868,-1.4437374
1.3698487,-2.5046678,0.17594951
-0.013361931,0.75057936,0.71793234
-1.1107982,-1.008997,-0.36334354
-0.32384992,-2.4641137,-1.0973742
1.6199784,1.1591244,1.3989329
-2.0835896,1.747798,-1.0474564
-1.8962975,2.9491835,-1.929037
-0.6719892,-2.447362,-1.39109
-1.0881736,1.4672117,-0.7823813
1.1785173,2.1349916,0.38930416
2.0189095,-0.07377434,1.8985461
-0.32129574,2.314489,-0.9928064
2.8367214,2.738709,-0.61976385
-1.2534599,-2.4295397,-1.707092
-1.6834781,1.5073867,-0.93029094
-1.3430822,0.7149286,-0.21904498
-2.066917,0.33943653,0.0635066
-2.1028013,2.2115688,-1.4596066
-2.6730466,0.16107559,0.53546584
-2.6588378,-1.1172745,-0.026086926
0.7829957,2.5619864,-0.13127244
1.8295622,1.738348,0.7999377
2.8165417,1.455297,0.43459982
2.5553923,-0.80768466,1.2443733
-0.17278099,-2.5023472,-0.9744687
0.58213997,-0.4182291,1.4636223
-1.7949593,-0.5619502,-0.12876296
1.1595631,-0.603246,1.740127
-2.8765233,-1.5310221,-0.22221248
1.4150186,2.154128,0.43708336
0.5502467,-0.49910188,1.4009104
0.92191267,-2.9387612,-0.18274122
1.0984449,-1.923494,0.54507023
-1.3773143,-2.9679055,-1.966295
2.574319,1.6601725,0.44807768
1.4317575,-0.3441887,1.9316992
1.970684,-1.5291038,0.96278524
0.39623547,-2.3007638,-0.2808972
1.8839598,1.4620104,1.0599353
2.019003,-2.5928686,0.048035026
1.359705,-2.7286339,0.06186539
2.285306,-0.27032018,1.7191
-0.54413366,1.7912765,-0.7363752
1.9726086,-2.3688984,0.20432127
0.6911974,-1.9422022,0.2745344
1.805088,0.96720076,1.5402853
2.9219956,-2.9142957,-0.7564427
0.6793113,1.9933124,0.2182008
-1.1135008,1.6036987,-0.93014634
-0.29848838,1.4640484,-0.18753043
0.8445854,2.5536132,-0.084367275
0.5058279,2.6062474,-0.37556073
-0.81951046,-1.3856131,-0.5466851
2.3505554,1.6946898,0.58750623
1.802422,1.638216,0.90592587
-1.8634611,1.358242,-0.74652106
-0.24444437,-0.81885815,0.44103837
-0.28798127,-1.6508435,-0.36397892
-1.8801924,-1.947641,-1.3205061
0.43756485,0.6438017,1.2235546
-0.92097855,-0.08219242,0.20043004
-1.5487844,0.15186024,-0.01126641
-0.9646411,2.6868997,-1.7202404
-1.0696456,-2.4375472,-1.63926
2.8699198,0.69401026,1.0370305
1.1507158,0.5399599,1.7707855
2.9523396,-0.13297176,1.1792976
0.82258654,1.9860125,0.32952026
0.67929363,1.947649,0.2602478
1.2332807,-2.019794,0.5095175
0.5148976,0.5334468,1.3535051
-2.3543143,-1.8053641,-0.94085765
-1.7740606,-1.6588161,-1.067319
-0.7268357,-2.5064063,-1.4694695
0.045099735,1.1185007,0.48211592
1.1301432,-0.30685568,1.8577614
1.1551447,-1.9054924,0.58637124
2.37994,-0.59566784,1.5178924
0.61071825,-0.22122002,1.5490866
-1.0238796,1.1334839,-0.4306257
-2.256079,2.5529385,-1.6059289
-2.197232,-1.9919304,-1.218918
-1.7920125,-0.18747354,0.0068469048
0.90481067,2.9037828,-0.18554807
1.6208162,1.9782267,0.60249794
2.6247377,1.3828077,0.6810316
-0.94893503,-0.90285254,-0.19342262
-0.2366488,0.52297115,0.63189286
-0.89089036,0.20392561,0.20164734
-0.010962009,0.044059277,0.98806775
0.9630041,1.9577999,0.4434955
-0.06591439,-1.0219417,0.45584378
0.13888454,-0.73943377,0.8772887
0.38006163,2.0909562,-0.12604117
1.1172547,0.76132727,1.622822
-0.91020393,-2.8482978,-1.7469254
-1.7888929,-0.5883112,-0.14443201
0.7077737,2.0238853,0.21239895
-0.35521674,1.8179107,-0.59240055
-1.3590839,2.002061,-1.3956925
1.2598891,-1.7580671,0.7658783
0.027207375,-2.2415867,-0.59440124
-0.43639398,0.9581723,0.15234211
-1.4522513,2.3022547,-1.6609373
-0.39469767,2.452465,-1.1563301
-2.5509753,1.1526308,-0.15078914
0.6824708,1.7709389,0.4319033
0.045020103,-2.0708904,-0.43450323
1.8205094,0.72108746,1.7200716
0.19371128,-0.3091607,1.1450913
0.23985672,-0.033505917,1.2370021
0.81723905,1.4167938,0.88265395
2.2828126,-2.2474017,0.13089621
-1.417673,0.28939056,-0.029881537
1.7910156,-1.0510697,1.4724925
0.73368454,1.5056267,0.7347343
-2.0013504,-2.6786256,-1.803466
1.0445604,-1.6549423,0.7806572
-1.7992004,-2.1428676,-1.5154037
-0.9443426,2.2465696,-1.4356126
-1.4300065,1.8670268,-1.2820225
-2.0409427,2.4876819,-1.685213
2.3627143,2.9616508,-0.28137255
-2.6814628,0.9139242,0.16657835
1.5000448,0.38253093,1.925221
-2.7000356,0.8380842,0.24154043
-0.36511803,0.4812417,0.5293613
0.17892647,0.35822678,1.1144934
2.1327314,-2.2642722,0.20701152
-1.0856806,2.3080912,-1.5569087
0.8634825,-2.031569,0.31546974
0.46471786,2.0927782,-0.05042848
1.7651548,1.3763108,1.1744336
0.17835474,0.77775097,0.8899041
1.1233339,1.1238585,1.3337542
-1.8122724,0.65841055,-0.18002033
-2.084733,-1.4720303,-0.77221036
2.673233,-1.595193,0.4270289
-2.186001,-1.5247185,-0.77059376
-0.51071906,-1.8059989,-0.7218447
-0.36264038,1.3669062,-0.1522637
2.9336405,0.22321415,1.1816477
-0.6483407,-0.030881166,0.3956586
-2.2839131,0.80315065,-0.06188345
-0.7604966,2.771017,-1.6214004
1.5474634,-0.23243713,1.9728357
1.1888704,-1.4404328,1.0579431
2.4818764,-2.1759145,0.04403341
-0.61415076,2.4786835,-1.3644699
1.4131365,-2.6508608,0.10560924
-2.82312,1.4639745,-0.20649746
1.160819,2.625525,0.04736352
1.3783913,1.6024437,0.9499051
1.9352608,-0.023148537,1.9340469
-1.7203267,-0.3895874,-0.0637753
-0.80093527,1.9008403,-1.042092
0.7257893,-1.5952041,0.6393207
-2.131844,1.0605392,-0.3582965
-2.386443,-0.92722964,-0.08534527
-2.8861284,1.5806127,-0.26251078
0.16746855,-0.66418123,0.9541086
1.8629637,-2.002092,0.5395738
0.7705798,-1.1455722,1.1090764
0.1828947,1.7642603,-0.0103826225
1.0452776,1.0948119,1.3232775
-1.8852124,-2.1181436,-1.471401
0.31627798,-1.9507681,-0.05986297
-0.7452707,-0.6156769,0.1382119
-1.485431,-0.2866254,-0.03715515
2.587119,-0.8434758,1.1913664
-2.3209581,2.0170178,-1.1631386
0.4396448,0.20825171,1.404012
-2.6361375,-0.8014991,0.21142474
-0.101780176,-0.17213345,0.88361704
-1.3330861,1.3737149,-0.77607167
0.9874425,-2.1038918,0.32641816
-1.684614,-2.947896,-1.9748292
1.9201188,-2.4100091,0.19548732
-2.4344008,1.3189993,-0.40055686
1.8019071,0.32572365,1.9208319
-2.2535384,-2.6832771,-1.6726446
1.6067562,2.4519844,0.22785819
-1.2631992,1.6068659,-0.9891256
-0.006988764,-2.7991748,-0.9489343
-0.5475104,1.8433237,-0.7897296
1.9470901,-0.11644602,1.9232608
0.98318267,0.2520647,1.8006655
-2.643613,2.4631796,-1.256221
0.2758217,2.3200917,-0.40878537
-2.0695872,0.65535307,-0.08532882
2.2426844,-1.4336454,0.9193692
0.49289918,2.2561493,-0.15976435
-0.77154255,2.4939632,-1.4947581
-1.5305082,-0.44286585,-0.09566128
1.0383868,-2.3906994,0.13050675
-1.7966913,2.8105922,-1.9203117
1.4227867,-1.2968634,1.2595863
1.6370258,-1.792242,0.77816737
1.8414102,-2.832469,0.0110064745
0.7837136,1.2115865,1.0574492
-2.6261065,1.1522865,-0.08655858
2.1579514,-1.2913148,1.1083775
-0.93067026,-2.9072223,-1.7746813
-0.8869076,2.100206,-1.2801454
-0.32231665,0.18260813,0.66660863
2.1934047,2.663299,-0.07542145
2.3067799,-0.2804823,1.7020929
0.4632361,2.707251,-0.4603018
1.4314556,-0.7613802,1.7141922
-2.795991,-1.392501,-0.16141069
0.007086754,1.7536163,-0.1747166
-2.6540508,0.74863434,0.2641635
1.0210485,2.693729,-0.048717976
-2.1373482,0.22546935,0.13093263
-1.069214,-2.296155,-1.5402267
2.0970936,-2.1256309,0.33787036
2.8670874,-0.6736529,1.0526187
-1.8011413,-0.4496162,-0.07297373
-1.6650327,-1.645616,-1.070313
0.37153816,2.5447521,-0.4640664
1.1793156,-1.6375018,0.857689
-0.48861694,0.28463984,0.49035776
-0.93687105,1.7144513,-0.9488701
-1.970531,0.6169939,-0.10554284
1.2806273,0.15339017,1.9464543
2.9392853,1.1694288,0.5916077
-1.4522374,-1.5559895,-0.97817385
1.4149914,-2.970971,0.0024075508
1.4651837,0.88457346,1.6280477
2.4113913,-2.2191381,0.06315422
-0.34156132,-2.574731,-1.178549
0.09449339,-2.1955247,-0.4905241
2.2040968,2.4282799,0.049880326
1.8963418,-2.013171,0.5193896
2.9631214,2.3363795,-0.5154323
-0.8597102,1.9937692,-1.1681266
1.1870599,0.5193622,1.7954082
2.0948286,-1.761215,0.6765386
-2.036448,-2.719885,-1.8059206
0.59597635,-2.3215804,-0.12089521
-0.6712582,1.9365115,-0.979589
1.928473,-1.9797274,0.53908396
-1.3473816,-0.39037156,-0.05037886
0.21041584,0.48657894,1.0928043
1.7949324,-0.36361814,1.9096026
-2.7483509,0.6715846,0.39965189
-2.5330863,-2.3701453,-1.2885449
-1.5365521,2.4633784,-1.7781081
1.9242516,-2.1641593,0.37903
2.0115833,-1.7533586,0.7228663
-2.0489101,-2.4991398,-1.6884928
0.572062,1.9526968,0.16868222
-1.5896426,-1.4854317,-0.9145614
-1.3924581,-1.0224774,-0.4628865
2.5872526,1.5747886,0.52239
1.4490271,-0.31129575,1.9445328
-0.8204489,2.4754372,-1.5176553
0.4416046,0.9171231,1.0354972
0.5812707,-0.25469446,1.5168266
0.702723,-2.0138776,0.21757275
-1.0268362,-2.860975,-1.8165505
-1.7666566,0.83039236,-0.30629444
1.9861917,0.22992277,1.8886409
0.40311766,2.7321205,-0.52504313
1.2556491,-2.7579093,0.02345866
-1.1361891,0.6026473,-0.083197534
1.4531088,1.116981,1.4314806
2.1832972,1.6548023,0.73430556
1.8245206,1.456737,1.0817964
0.8156872,-0.21279001,1.7056422
2.9516487,-2.8565655,-0.7708502
-0.006561041,-0.5957246,0.8211812
0.6386912,2.963426,-0.3880251
2.8503895,-2.2505417,-0.34149003
2.915691,-2.0028255,-0.1947291
-1.2666603,2.7298322,-1.8705237
2.7024097,-0.19504356,1.4062393
1.1071801,-1.0039101,1.4314492
-0.33581305,0.34189582,0.6125838
2.6194382,1.2593155,0.80521727
-1.5540876,0.26581192,-0.034980893
1.9492455,2.4146957,0.18199861
2.9728327,-0.04247427,1.1670582
-2.0691066,-1.2620598,-0.5745362
-1.7702787,-1.401814,-0.81199
-2.9727423,-0.23116016,0.8053521
-0.5398872,-0.58602,0.3191092
-2.7246108,2.0284934,-0.84688616
-1.0047659,1.3988156,-0.6729022
0.9107857,2.3109875,0.11555666
2.1206331,2.3506737,0.14941758
1.6711054,2.5618834,0.15835124
1.6652427,-2.8499742,0.037763417
1.2445917,-0.6797104,1.7250202
-1.8606999,-0.28684044,0.0008711219
-2.3819847,2.148344,-1.2346082
0.12436104,-0.024947643,1.1237296
2.8487482,1.1372166,0.70879877
0.16891718,-0.27882195,1.1294954
-0.25802946,-2.9434042,-1.2356006
-2.0362122,0.2395196,0.07781708
-1.4875149,-0.06421089,0.0014050603
-2.312591,-1.851525,-1.014313
2.4020052,2.9220738,-0.30201912
-0.48878908,-2.4065032,-1.2113278
-2.650226,-2.5422728,-1.2975507
0.32182407,-2.1542673,-0.2346265
0.21770453,-2.724218,-0.6981673
-0.370646,-0.6046276,0.46049622
1.0738916,-1.6029707,0.8468935
1.6133375,2.4601192,0.22244984
-2.8212304,1.6061058,-0.3502125
-2.298275,1.4254522,-0.6020205
-0.14411974,2.5773568,-0.98861885
-2.781413,-2.4773507,-1.1398267
-2.7250793,-1.8024656,-0.63417685
2.6487312,2.5290346,-0.34503123
-0.2281785,2.1848679,-0.80240357
-1.4831711,0.4743309,-0.10656482
-1.0290506,1.6775227,-0.9633336
-2.3421674,0.7681365,0.0022511482
2.3410969,-0.22708297,1.6920288
-0.6505165,-1.0042838,-0.06890482
-1.6867139,1.0521593,-0.4975922
-2.2752385,-2.4360762,-1.5232496
1.7534704,2.95652,0.00043851137
-0.4146943,-2.6464055,-1.28279
-0.31517172,-2.2713697,-0.95463586
-0.7818997,2.1976027,-1.2911899
-1.4481686,-1.7386072,-1.159515
0.5336709,-1.4659055,0.61339575
2.3081112,-0.711576,1.4976101
-1.7387406,-2.618926,-1.8524216
0.14373827,-0.14258909,1.1330953
-2.28154,-0.4289403,0.15153003
-1.4066913,-0.6012354,-0.16192752
2.6333098,-0.01414156,1.4865779
0.03145504,-2.01508,-0.39836133
2.8899574,-0.52013755,1.1167388
-0.52561235,-0.35733247,0.43509042
-1.6351326,-2.9672213,-1.9827669
-1.7924649,-2.2265346,-1.5852766
2.6589441,2.3097105,-0.20935884
-2.3069608,-2.8737025,-1.7053809
1.5743828,-0.59512997,1.8280692
0.7457466,-1.7648578,0.48567474
0.8853216,2.9795728,-0.21278489
1.6927199,2.2079039,0.39770365
-0.7848687,1.476995,-0.61306846
1.8562908,-1.5333134,0.99699664
-2.3901677,-2.6466858,-1.5626936
-1.055524,-0.46994972,0.021432519
2.196124,1.8347635,0.5498589
0.8903394,0.35119557,1.7162473
-0.39951754,-1.6406332,-0.45875406
-0.70059204,-2.6914248,-1.5450444
-1.8318436,2.5339718,-1.7871289
1.824275,0.6016178,1.792467
-0.09540033,2.0488548,-0.5553119
-0.101501465,-2.6193528,-0.9680313
0.7094803,0.3957591,1.5741438
2.2138448,2.801691,-0.14251596
-1.53055,-2.915994,-1.9738505
-1.0331923,-2.83509,-1.8123326
2.0328932,-2.7585921,-0.032427907
1.6943173,-1.4748781,1.0881522
-1.4758093,-0.3045702,-0.041516185
-2.96778,1.469737,-0.07205135
0.55653405,-1.0409735,1.0336269
1.577682,2.374559,0.28000385
0.71657133,2.4539118,-0.11591703
2.127943,2.018055,0.41627184
-2.380422,-2.4257383,-1.4443023
1.5128584,1.1742887,1.3845212
-1.8650379,1.7041407,-1.0899719
1.6884203,2.1976104,0.4065228
2.231143,-2.71138,-0.11909747
0.9501481,-0.62728715,1.6231244
2.4272237,-1.5221232,0.7037947
-1.9774547,-1.128823,-0.49072376
-2.6831274,0.8737893,0.19935325
-2.8845155,-0.16746664,0.7317554
1.8834944,1.3027992,1.2163076
1.05093,-2.2293735,0.2558934
-2.1968002,-0.9333658,-0.21524286
1.4528427,1.2850804,1.2748959
2.737237,-1.1069512,0.84081674
-2.958251,0.36956835,0.75016713
2.1762633,-2.0040154,0.40244165
0.46011877,2.5894485,-0.40734726
0.27906275,-0.0062174797,1.2754354
2.6993794,1.1026964,0.8791322
2.7167706,0.16164398,1.3991227
1.2640533,0.2930956,1.9106762
2.3704047,2.846241,-0.25971228
1.2480736,-1.2621496,1.252145
0.48882484,2.623464,-0.39915884
-2.637033,-1.2432243,-0.16167688
0.56034803,-0.09373999,1.5270907
-2.1343389,-1.8995697,-1.1682504
0.92359877,0.7670226,1.5177567
0.52930164,-2.9469032,-0.47617716
0.06739712,0.83592725,0.7378361
-2.05118,-1.5084933,-0.82455504
-1.8185917,2.6412382,-1.846868
2.217413,2.9232936,-0.1781404
1.4610572,1.8991613,0.6714889
1.5817194,-2.815323,0.05269575
-0.89393044,1.3497443,-0.5602834
-0.5165887,-2.2522626,-1.1238493
-0.76883316,0.18600655,0.28745353
2.0630798,-1.823296,0.63143075
-1.2950635,1.894649,-1.2804472
1.8895946,-0.34787798,1.889711
2.0684814,0.9670665,1.4464068
-2.743668,0.9465642,0.19696847
0.018319845,1.9642262,-0.3650397
-0.5713606,1.8930206,-0.8574542
-1.658467,-0.10663557,-0.0018395782
1.2951527,-2.1349506,0.4275489
-0.36448503,1.1013899,0.09588882
2.6265244,-1.1243184,0.92438567
-1.8777119,-0.40751028,-0.03515953
1.3938942,0.1903472,1.9663322
-2.561378,2.6812234,-1.444092
-1.503665,2.2475061,-1.6239789
0.20463896,-0.4260888,1.1138029
2.3702793,-1.4321319,0.835298
1.5801578,2.74649,0.07699913
-2.4632564,1.6225977,-0.6792767
0.33229637,-2.595961,-0.5285851
-1.7684695,-0.094184875,0.015041649
0.12998915,-2.2143216,-0.47039595
-2.49922,-0.7678292,0.12032318
-0.8801203,-2.5812416,-1.6178842
2.0575995,-2.502379,0.081267715
-2.7526083,-2.0991607,-0.8833703
-2.860268,-0.6381655,0.52556163
0.546433,1.0703564,0.99945456
0.41125298,-2.6925352,-0.5010985
-0.54865646,-1.1377645,-0.10191661
2.6196365,0.5964632,1.3259043
-1.8062668,0.80742645,-0.2810446
-1.8212407,-0.052223682,0.02983427
-2.2424283,-2.3304656,-1.4714888
-0.5583677,-0.17308855,0.45525497
-0.76561475,0.9683969,-0.12635916
1.8562407,-2.6732693,0.06721026
-0.16844702,-1.9237096,-0.51328456
0.95806074,0.54016066,1.6757039
-1.24667,0.0060577393,0.05205232
2.433577,2.2354784,0.033518612
2.5290565,0.908762,1.189667
-2.686707,1.6096501,-0.4782036
-0.77099895,-2.2730656,-1.3428037
-2.5454922,-0.6787269,0.2169528
1.2744808,-0.4173453,1.8705871
-2.6210496,-0.72778463,0.24929863
-1.4184355,-0.5029931,-0.112271905
2.9975176,1.4537611,0.26034537
-2.8647575,-1.8234093,-0.5232475
2.2134137,-0.9784889,1.3588067
0.25343728,-1.141031,0.66739035
2.3989038,0.4532585,1.575296
-1.522468,0.47055864,-0.10751724
1.9704857,-0.40018034,1.8421726
0.36196136,1.5535746,0.3713301
0.23073721,-2.3368988,-0.46463662
2.0475965,2.1687775,0.32549292
-2.8515816,0.8038893,0.40794858
-2.4163537,2.1013427,-1.1693189
2.8972902,-2.8650942,-0.7201377
-1.8014896,2.1859431,-1.5505865
-2.1624231,1.6714821,-0.9305502
-0.14668393,1.9237304,-0.49181098
-0.96030736,1.5851793,-0.8337503
-0.41043568,-1.4072249,-0.23616587
-2.0099566,-0.7393856,-0.16622633
1.0824566,0.08383989,1.8796005
-2.5814447,0.7246251,0.21743643
0.24297881,-2.869664,-0.7226597
1.7506185,-0.5827675,1.8188183
0.57640815,-2.8394487,-0.40968478
0.39860964,-2.0494661,-0.072461516
0.43879223,-1.1253043,0.8557483
-0.8788514,-0.9354272,-0.17653185
-0.5714946,0.6731365,0.24098039
-1.26508,2.1233692,-1.4785106
-2.0265856,-0.9814701,-0.34211284
-1.5883684,-0.5126846,-0.12841481
2.9656816,1.0398598,0.6813464
-0.5020695,0.7431643,0.25509056
1.0508881,2.9477663,-0.1134097
2.0746622,0.5262914,1.7403985
-0.23435354,0.29442453,0.72475505
-1.6139224,-2.3054438,-1.6693958
-2.032617,1.0768528,-0.42114097
-1.10521,0.96193385,-0.32162374
1.0708094,1.0513921,1.3739519
-2.5264757,-0.105157614,0.41742194
-0.36629033,-0.38521814,0.56856215
1.14116,0.6018748,1.7333928
2.4475656,-0.1878457,1.6220467
0.9027915,-0.60008097,1.6103489
0.59329987,-2.7060518,-0.34754205
2.053772,1.5354924,0.92091346
1.3862638,-1.6990972,0.85507303
1.0149412,0.8887353,1.4798439
-0.93013954,1.2528143,-0.48905292
-2.4056964,1.4147635,-0.51585126
-0.64800644,-0.3283782,0.34296846
-0.54409146,-0.080553055,0.47911638
0.22031164,2.02172,-0.21726327
-0.3299408,-1.7072808,-0.46004808
1.2128658,-2.1058874,0.42670447
1.9936504,1.9465489,0.5449487
-1.2162609,2.8746157,-1.9023807
-2.846582,2.268642,-0.9333185
-1.5391788,1.8548675,-1.2797661
-1.4354292,-1.593588,-1.0136416
1.7005205,1.8082266,0.7563918
-1.9351308,-1.5498075,-0.9133739
-0.28217125,1.3437433,-0.05333455
-0.6358173,2.7226753,-1.5073652
-1.8207968,-0.8966675,-0.34469533
1.3598547,-2.2145512,0.3776312
-1.2496666,-2.1310716,-1.4802988
-0.15519667,-1.0019488,0.38408703
-2.1092541,0.2222507,0.116903245
-0.3025794,2.74654,-1.2209597
0.42625737,0.54768515,1.2671981
-0.12207842,-1.5348272,-0.08581408
-1.1209431,-0.2970686,0.055687785
0.89125085,-0.84874463,1.4387841
-0.7772927,0.74168086,0.035981953
-1.6631967,1.2093468,-0.64210355
-2.212298,-1.7477084,-0.9771888
-0.6354885,0.9720168,-0.029935956
-2.8340354,1.4538465,-0.18604797
2.4900599,-0.18465424,1.5894058
-1.4331833,-2.0684144,-1.4678802
-1.2432547,1.9135251,-1.2828945
0.27731705,-2.8576612,-0.68618536
0.7776997,1.4731455,0.799138
-0.2828772,0.47348404,0.61086535
2.0580688,-0.8253014,1.5619488
-1.7488489,-1.1426257,-0.5689832
1.0751424,0.66313505,1.6677241
-0.0067658424,-1.7305459,-0.16583675
-2.4404132,-0.12839198,0.34664977
-1.1618847,2.2368407,-1.5354347
0.7634616,-0.18623304,1.6741351
0.57312536,-1.9998411,0.12625831
2.181406,2.3385277,0.12479383
2.006979,1.8688316,0.6127283
-1.6362684,2.4749246,-1.7837439
-1.2810885,-0.92497206,-0.35647047
-0.63612413,-2.9377723,-1.5733826
-2.1492615,-1.007737,-0.30352712
-0.8099694,2.036314,-1.1731516
-2.4549387,0.86353064,0.015804708
1.1410265,2.4307199,0.15126902
2.1226778,1.3970442,1.0244188
0.23752928,-2.9764442,-0.75109196
-2.147642,-2.9682498,-1.823201
-2.271924,-0.35454512,0.1736893
-1.1678975,-2.036141,-1.368659
0.87256,-1.9480455,0.39761272
0.07317591,0.3125925,1.0246501
0.54546595,-0.5709524,1.360203
2.827444,2.348968,-0.39297166
1.3933258,-1.6527218,0.90245956
0.6450677,1.3768606,0.7939749
-0.60696554,-1.49974,-0.4993811
1.4191465,-1.5392364,1.0200778
1.0975218,2.6406717,0.012939811
-2.700307,0.36444092,0.50722075
-1.7721269,2.9943724,-1.968984
0.10069728,-2.4942718,-0.69717515
1.1383271,-1.0849053,1.3749301
1.4595089,-2.5464628,0.16573822
-1.7858359,2.3903956,-1.7078404
-2.976343,1.4570336,-0.05098121
-0.1562748,0.13973665,0.83461326
-0.34295177,2.83399,-1.2893306
0.8705399,-2.0806296,0.27664527
-0.82501936,-2.194714,-1.3187802
2.2935686,2.7718453,-0.18244386
0.20017242,-0.7846019,0.90650785
2.1907406,1.9485292,0.44509667
-2.088943,1.4399357,-0.7382511
1.200108,0.81401753,1.6186613
0.35746837,-1.8840394,0.04175824
-1.5004449,-0.9916229,-0.450194
1.4872437,2.6071296,0.13596928
-2.9520583,1.182189,0.19049837
2.4254012,-0.80151796,1.3521335
0.2417643,0.96946,0.8051609
0.28965783,-0.74525595,1.0205387
1.3873367,-0.23243523,1.9563267
0.24903703,0.5230012,1.1127949
1.2859545,2.0909748,0.4626711
1.9086423,2.869813,-0.01982385
-2.3413754,2.7315993,-1.6346309
1.9846811,-0.6341157,1.7211614
-0.44921637,0.2417202,0.5366679
-0.6976471,-2.8859975,-1.6099293
0.60384464,-0.2957101,1.5244069
2.346455,0.17403102,1.6988547
-1.6308457,-1.9185795,-1.339012
-2.0217934,2.6859603,-1.7979959
1.8618217,-1.2656418,1.2583907
-1.4090037,-2.781179,-1.9226911
0.96585035,-1.3785474,1.0135996
-0.44197845,-0.52194643,0.43912172
0.82575893,-2.4965467,-0.06400961
2.2893453,1.9090853,0.42088822
-1.520397,0.43081856,-0.09010601
-1.4557908,-1.763752,-1.1851547
1.4718623,0.26409245,1.9604399
0.16425753,-2.5928578,-0.6896652
-0.33017445,0.9464321,0.2603735
-2.6351645,-0.099876165,0.5099597
2.5417747,-0.23655224,1.536644
-0.11361265,0.24425483,0.8569494
-0.55256224,-1.3711109,-0.32650885
-1.2314698,2.004705,-1.3633995
-0.5920148,-2.1817427,-1.1316769
1.4581027,-0.04519415,1.9926357
-0.06894994,2.4765997,-0.8558165
2.5656261,0.63213634,1.3514127
-0.17320418,-2.1599972,-0.7280363
-0.4303732,2.9793735,-1.4040813
1.6933546,-1.7785585,0.7862284
-0.077626705,-1.2753557,0.21361265
-0.5987787,1.8422513,-0.8317675
1.0026798,-1.8037888,0.61202574
2.365893,0.119987726,1.693026
0.74864864,1.1068487,1.1281313
2.0889544,1.661767,0.7778876
1.9441147,-1.8549385,0.65078807
0.84839344,2.8622036,-0.21100497
1.0430655,2.2322297,0.24970347
0.9680524,-1.1932923,1.1923846
0.3111801,0.017970085,1.3060209
2.552209,-1.0514259,1.0521824
2.7694216,-1.5461773,0.3882553
1.067966,2.6014466,0.018588543
-0.14981556,2.230198,-0.76189977
2.6897821,0.7785702,1.1485134
-2.3349617,2.6987982,-1.625518
2.2043514,-2.9140456,-0.16829473
1.5894766,0.22130775,1.9754367
1.9264083,-1.4849961,1.0231286
-0.2305069,1.6258359,-0.28348282
-2.2382936,0.23752356,0.18655032
2.1400166,-2.357471,0.13431269
-1.3117669,0.09396267,0.028949738
0.78933764,1.2293329,1.0447533
1.6996355,-0.92296505,1.5951703
-2.803577,-0.2838788,0.62836057
0.19909191,-2.1338391,-0.33598247
-1.0656792,2.5855718,-1.7244798
2.1292658,-2.9041142,-0.123867154
-1.9101044,-1.7755702,-1.1463308
1.8215094,-2.3668807,0.25411326
1.8707099,-1.3339638,1.1899868
1.6551447,-1.6321245,0.935155
2.8800368,0.94644785,0.8431526
0.45435333,2.5934129,-0.41459316
-2.7191434,0.13045025,0.5815078
2.141595,0.6867821,1.6147602
0.27464032,2.2660618,-0.36938855
0.059535027,-2.9953942,-0.92983216
-2.8577678,0.1995871,0.700119
-0.6742687,1.351049,-0.40634316
-1.4561033,0.5477493,-0.13973117
2.938233,-1.249148,0.5180918
2.1360865,-1.004145,1.381243
2.2379646,-1.569795,0.78657824
2.05451,2.968505,-0.09978378
-1.8596216,-1.3254966,-0.715732
-1.2884088,-0.51460576,-0.08990604
-1.1740508,0.05703163,0.07605064
-1.2026467,-2.25219,-1.5628711
2.3352966,-1.9644753,0.3381398
1.0193005,-2.0244448,0.41349375
2.4040623,0.6072588,1.4936774
-0.14033675,-1.8197082,-0.38622612
-2.6742816,-2.3636112,-1.162819
-0.8703697,-1.707539,-0.90088415
2.1083841,-1.0346231,1.3697963
1.8264165,-0.81477165,1.6535413
0.9287145,-1.8735498,0.50270116
-0.87998295,0.85740066,-0.116322815
-2.8001132,-0.37705326,0.5948721
-1.6119801,-2.1680975,-1.561565
1.5641413,1.3978505,1.1720629
-1.2100732,0.6920042,-0.1656732
1.4350157,0.47885323,1.8783199
0.81912327,2.9547458,-0.25204742
-1.152262,-0.51386404,-0.042833984
1.8272347,1.8921795,0.65142024
-0.96399784,-1.5189507,-0.7696554
-0.099668026,-1.4670571,0.004050158
-1.142739,0.7287388,-0.163759
-2.8457146,-1.5658815,-0.28666508
0.48371458,1.2938118,0.7385272
0.86690784,-2.8273122,-0.18868768
-1.5104442,-1.099823,-0.5444255
1.8403406,2.991613,-0.02488178
-2.6911664,-0.15190697,0.55313504
-2.8919299,1.6299291,-0.3061755
-1.8529469,2.7049146,-1.8666205
-1.0368147,-0.85732913,-0.20632815
-0.33317423,-0.69929767,0.4382501
-0.5797434,-0.43057966,0.3609147
1.3691654,-1.4944979,1.0559657
-2.632876,-0.090411186,0.5088588
0.44174266,1.4296465,0.56819713
0.05195284,2.589292,-0.7993903
0.7923908,2.0753822,0.228589
2.9822402,2.9544773,-0.82386607
1.8463454,-1.5150901,1.0179534
-1.6611139,-2.0680854,-1.4729688
-2.4583576,-2.9580255,-1.6145041
-0.72630286,1.766429,-0.8584972
-1.5048809,1.3300633,-0.75941384
1.0479155,-0.71802735,1.6194892
0.027500868,2.4803343,-0.7617227
2.4129705,-2.1592612,0.11075747
1.1784186,-0.48537493,1.8085026
-0.55161095,-0.078472614,0.47286266
0.10310984,1.2063961,0.4593162
0.71845794,2.501912,-0.14406192
-0.37226152,-1.7057279,-0.49824554
2.420804,2.9924593,-0.32892287
-2.3457007,2.857452,-1.6743908
1.4622178,0.79813147,1.692157
-1.9123317,-1.9744323,-1.3350062
-2.6282444,0.98914385,0.05830878
-0.61589,0.6251607,0.23318386
1.461915,-1.0877616,1.4585471
2.1196856,2.8881187,-0.11494261
0.7528274,-2.4097273,-0.060224414
-0.25928688,-1.0656652,0.2275308
-0.16817808,-1.1252997,0.26351967
-1.216144,-0.83266115,-0.26485765
-0.26921225,2.2234907,-0.8733013
-0.20728183,-0.14929342,0.7830757
2.552888,0.41742802,1.469419
1.7557325,-2.6755767,0.0895825
-2.400672,-2.029162,-1.1174505
0.012410164,1.884439,-0.29611582
-1.8452096,-0.91694355,-0.3543353
-0.47622252,1.0731792,0.018907696
-2.3843043,-2.312175,-1.3622589
0.7798834,-1.7034992,0.5708828
-2.1632342,1.4435372,-0.702666
2.9616632,2.1126318,-0.3367493
2.2656078,0.18646622,1.75084
-2.0650768,-2.7166066,-1.7913547
-2.8243918,-1.8874208,-0.62326884
0.11705303,-1.0915082,0.57793355
-0.83745503,1.396327,-0.5693565
0.8807001,-2.4396787,0.007577002
-2.0307422,-1.9266948,-1.2445092
1.2280235,-2.9813797,-0.045367002
-2.591248,-2.1162493,-1.0417864
-1.5833101,2.171607,-1.565233
-1.5771053,-1.1192286,-0.5636034
1.451674,-0.70760036,1.7528372
-0.07854366,0.09243965,0.91726756
-2.8830857,-0.593451,0.5733783
-1.7133601,-1.0279634,-0.47329122
-1.3883307,-0.06075573,0.014755666
-2.7834888,-1.5040408,-0.28379315
0.3841405,1.9030457,0.04859224
1.0690136,-0.12070584,1.8694503
-0.5504329,1.341938,-0.2961905
-1.1938344,0.3616383,0.005531192
-0.018193722,2.2604017,-0.6544255
-2.3828452,1.4593201,-0.5767675
-1.8267045,-1.508204,-0.9048823
-0.06841898,-0.7050805,0.69319373
2.665132,0.6923039,1.2284143
-0.9225249,-1.0823264,-0.32785344
1.4869785,-2.0794883,0.50945413
-1.1806512,2.5149918,-1.7348793
-0.7985935,2.0148559,-1.1459843
-2.8558335,-1.4987715,-0.20992334
2.485455,0.69255114,1.3796806
2.9211826,2.1753225,-0.34974256
-0.06300974,-1.8177745,-0.30744302
1.9061093,-0.49429798,1.8246093
2.453825,-2.4739828,-0.15048975
1.4901528,-2.745041,0.07435173
1.5450578,2.3843255,0.27295274
-2.8559718,1.0499859,0.21583012
-2.8190122,-1.9497907,-0.6870014
-2.302621,-0.22263551,0.23136252
0.9383569,-1.395415,0.9810716
-2.59493,-0.5468037,0.3343516
-2.2900338,-0.64862466,0.044607043
-1.4541085,0.95028114,-0.4117453
-2.7650561,0.51910067,0.50056386
0.0040421486,-2.0340495,-0.44281864
0.43280458,1.5029736,0.4871892
-1.7556013,0.22105646,-0.0073057413
1.9642963,-1.5668693,0.9274998
-1.1389346,-1.7427485,-1.0792942
-0.8445811,-0.06620264,0.2501164
2.2856255,1.0441651,1.2578292
2.575655,-2.7705953,-0.3957587
-0.3441615,-0.6976328,0.42895758
-2.1536343,-2.167768,-1.3970445
-1.5050071,-2.8052168,-1.9417937
0.3820176,1.607708,0.33589014
1.7585773,-1.0306288,1.4967005
1.4935341,-2.8593857,0.03657353
-1.3247473,-0.8639345,-0.3204317
-2.8360999,-1.6569321,-0.3867925
-2.625441,1.6217232,-0.5444416
-0.9544687,-0.47106242,0.07507986
0.037632465,-1.8182906,-0.20735176
-1.3475268,-1.2262763,-0.63743377
-2.3721156,-0.66364217,0.091994226
0.31616306,2.2960238,-0.3523836
-2.3812222,0.27279496,0.27383178
-2.3037724,-2.3741179,-1.4628527
-2.438838,-0.7767596,0.06686658
-0.81292033,2.7646732,-1.6561005
2.6497746,-2.56345,-0.36524984
1.1727581,-1.1248949,1.3530946
-0.35570717,2.6131983,-1.211871
0.6174338,-1.2099538,0.9320073
1.1946273,2.2851138,0.2749769
0.017478704,-1.9646609,-0.36628214
-2.419723,2.2708788,-1.3050699
-1.8483378,1.9823751,-1.3617887
-2.0380583,-0.56083536,-0.045993924
-0.07617688,-2.7828064,-1.012427
-2.746205,-1.0147176,0.14269394
-0.5454633,0.7513485,0.21195477
-1.097016,-1.0047501,-0.35355073
2.9441104,-2.3942947,-0.5373269
2.4384723,-2.6515622,-0.23571742
1.7425613,1.428515,1.1270864
0.16824675,2.162529,-0.3903458
-0.97131824,-1.1363025,-0.40467885
0.76521134,0.11464834,1.6861246
-2.072789,-1.8364552,-1.1391706
-1.279512,1.7321644,-1.1185445
-0.60265636,-1.9713775,-0.95678645
-0.704864,-1.7014364,-0.7781991
-2.8419065,-1.2214937,0.047022283
1.1925931,-0.55092144,1.7813721
2.470446,0.3707378,1.5539446
-1.6547202,-2.8280976,-1.947742
0.8086989,-1.0971322,1.1795394
-0.3479228,-1.30201,-0.07538432
-0.10941744,-0.6094003,0.7107922
0.17487001,-0.17078543,1.1594317
2.5997477,0.14056778,1.5058541
0.40197158,1.5318398,0.43018016
-1.8980312,-1.7079213,-1.0836303
-1.0791407,0.06545448,0.116306186
1.4655819,2.7262568,0.07948917
0.9361634,0.38482475,1.7321537
0.058306932,-2.2285616,-0.553076
-0.39593077,2.053378,-0.8497348
-1.1672305,-2.662273,-1.8069754
-1.0647815,1.2193012,-0.5303812
-1.5824579,2.4837189,-1.791226
0.49158525,0.37598896,1.402169
0.8425262,1.6091547,0.7079779
2.297235,2.3805122,0.023453295
-0.6777401,1.3698473,-0.42743483
0.21476626,-0.9012413,0.8337562
1.9388685,0.6523061,1.7277088
1.3049717,2.4264455,0.20987946
0.38546324,0.70340014,1.1386358
0.9218359,-2.384257,0.070043504
0.15571928,2.6104965,-0.70716166
-2.5733752,2.9073129,-1.5108123
0.11565328,1.7409039,-0.053892694
-0.6557369,1.6309085,-0.6698195
2.7072353,1.6855335,0.30634186
2.707883,-1.8214542,0.17219868
0.5951719,-0.9004574,1.1819028
2.6814094,1.2966204,0.7148661
-1.5450568,0.7640686,-0.2776417
2.607521,1.2748365,0.8007002
2.5829554,-0.05677986,1.5284196
-0.114663124,-2.891087,-1.0831993
-2.4075284,1.4219904,-0.5216353
-0.9680891,-1.8869687,-1.1347349
-0.80228186,-2.4791157,-1.5074152
0.04955387,2.9667974,-0.9352285
-2.7199538,1.3224812,-0.16348518
0.5559764,1.4909458,0.6075386
-1.247675,-1.3143936,-0.6946464
-0.7681236,1.1055303,-0.24612635
-1.5494767,0.25496435,-0.03210044
-0.6334019,2.0463376,-1.0497099
-2.7861753,0.35092974,0.59107184
-1.5905038,2.6813412,-1.8957467
0.27637482,-0.7026553,1.0359987
1.965828,2.7684312,-0.008195043
2.7262435,2.9710855,-0.5819894
-2.2693667,0.35484052,0.17193955
1.2597637,-2.1995738,0.36386162
-1.6910874,0.0011749268,0.007225573
-2.319471,2.3879662,-1.4618038
-0.13210583,-2.0496745,-0.59250575
-1.72094,-1.0721512,-0.51051354
-2.583739,1.0848145,-0.062289745
-2.8036094,0.60957336,0.4883072
-2.0080452,2.8201256,-1.8546929
2.465207,0.49413013,1.50636
1.6731243,-0.022941828,1.9945059
-1.1875412,0.3942814,-0.0041794777
-2.0079622,-0.6170745,-0.09038043
-2.3077254,-2.7618275,-1.6692874
-1.7715644,-1.0522363,-0.48428375
-1.2344949,-2.7195203,-1.8562236
1.8017678,2.1950526,0.38895047
0.9817693,0.18151522,1.815053
-1.1561165,0.34932303,0.024359286
2.0652943,-0.20820618,1.8586104
-1.8636997,-1.5392843,-0.92590284
-2.444064,-2.1164582,-1.1613095
0.65475035,-0.4591875,1.5053742
-1.6542027,0.9076867,-0.3809532
0.8534353,-1.641709,0.68268996
2.5417075,-1.8560389,0.2831574
-1.4187162,1.94911,-1.357812
-2.0934358,-1.0416123,-0.3616755
1.1292005,1.6901369,0.7850133
-2.7094412,2.8719926,-1.382703
2.6765332,2.8197193,-0.50016856
-1.4167686,-2.3194804,-1.6688365
1.4503794,0.2225213,1.9681027
-2.3855152,-2.3523183,-1.3904335
-2.0306046,0.12382126,0.09620637
0.3304639,0.41719866,1.2387094
1.0662146,-1.2984738,1.1443458
2.3261852,0.8904214,1.3570895
2.5090075,-0.9404745,1.1806364
-0.1725347,1.6902332,-0.29083312
-0.38570166,0.02859974,0.62338173
0.4959054,2.0823684,-0.013720483
-0.69687295,2.0276985,-1.082993
0.10212231,0.6699085,0.88582337
-2.841145,0.5600629,0.5512739
-2.4627223,-1.3578082,-0.4165328
2.055787,-1.9810842,0.4858059
-1.75307,2.0226192,-1.4200404
2.3624563,1.9797583,0.30500805
0.32923126,0.47046018,1.2146754
0.7307546,2.5170684,-0.14380962
2.726633,1.5664415,0.40750772
-1.6685708,1.9596992,-1.3743973
-0.47357368,-0.5754199,0.3828943
0.53150845,0.42883515,1.416285
1.0249252,-2.6972816,-0.04823166
-2.919643,-2.7411208,-1.1410091
1.0662556,1.426424,1.0192678
-1.7691779,-1.8083818,-1.2157434
0.39405012,2.2848577,-0.27097714
2.0296488,-2.4207094,0.14533836
-0.29884577,-2.4834728,-1.0855609
-0.09490442,-2.4625862,-0.8729591
-0.22414613,1.9253359,-0.56943256
2.5034475,-1.9885068,0.19003779
1.7049885,-2.5727286,0.14849627
0.5045078,1.2672634,0.7822701
-1.8054457,-0.60511684,-0.15016031
-1.6291108,-2.857369,-1.9581798
2.3896646,2.1276689,0.15451437
2.1582623,2.174324,0.2647974
1.73703,2.4064116,0.24450564
-2.3391519,1.8832026,-1.0264038
2.336378,-2.3258035,0.03568542
-0.2867756,-1.3206578,-0.03532283
2.210271,-1.1789607,1.1842949
2.6056485,-2.9175324,-0.46435034
0.3288331,2.09649,-0.17887416
-1.2483552,-1.2140425,-0.5992304
2.8219523,1.0296812,0.8293172
-1.5633602,-1.5255039,-0.95469534
1.9602442,2.6883464,0.026088536
-2.8766704,2.1138587,-0.7785945
-0.94353867,2.0705175,-1.288821
-2.6155639,1.4683523,-0.39983806
-1.3457286,2.5111938,-1.7825714
1.2738571,0.9808483,1.5125544
-2.1495843,0.5126531,0.034319997
-2.594412,-0.67644644,0.25952077
2.1451058,2.4377985,0.0771752
1.6014614,-2.8947294,0.029846132
-0.032805443,2.1426105,-0.5739581
-2.1148825,-0.2838514,0.10438323
-0.79480934,-0.1986022,0.26661325
-0.9713416,-1.9722497,-1.2163999
1.8527713,-1.311637,1.2167758
-0.9812598,0.5658994,0.01290828
-0.8640468,-1.2224661,-0.41914788
-2.1265776,1.0680151,-0.36762404
-1.412963,0.42262793,-0.07555592
1.6243463,-2.553769,0.16641694
1.9328566,1.6396346,0.86638516
0.43586183,-1.3208821,0.6695127
-1.1255944,-1.0839096,-0.43464705
2.881472,-1.1041117,0.707125
0.5921397,1.18535,0.9341105
-1.1579894,-2.9581904,-1.8992273
-1.0397916,-2.162026,-1.4196811
-0.41985273,1.2073145,-0.052095234
1.4222927,-0.9089861,1.6035395
1.0973029,-0.56924725,1.7322876
2.174882,-2.6954575,-0.079099596
-0.13517094,0.30423832,0.8193157
2.4812784,1.4118872,0.77160627
-1.2185619,-1.0828722,-0.46981087
-1.3816595,0.22929025,-0.008338928
-1.1078922,0.085080385,0.101623416
-2.8146238,-0.6352563,0.48374572
-1.96932,2.4197483,-1.6722231
-2.7146244,0.7725587,0.30201396
-0.17729282,0.57021666,0.66541857
0.028282166,-0.09331584,1.0239276
-0.77862644,-0.06287289,0.2957219
-2.0501509,1.6109571,-0.92744285
2.7218657,0.17253757,1.3926635
-0.99402046,0.6788628,-0.059937894
1.4296584,2.4346714,0.22969145
2.0892305,2.1211696,0.34559077
-1.9720706,-1.1009696,-0.4678322
-0.37506938,-2.4565494,-1.1407287
1.733902,0.79017353,1.6904497
2.9080772,-2.0489845,-0.22877242
-0.3784833,-2.9836183,-1.3570595
2.1738696,2.0600772,0.35360518
-2.3545985,-2.4864514,-1.5011961
-1.9492182,2.9611006,-1.9130044
2.4670053,-2.7637863,-0.30490094
-0.28403878,-2.4427178,-1.0458014
2.9637675,1.7247977,0.023496032
0.21815157,0.2314825,1.1897527
-1.2441273,-1.307573,-0.68692225
2.8491464,1.1387138,0.7070583
2.6234508,-1.9491867,0.12584162
0.27841806,-1.6535336,0.1921921
-1.818616,-2.8891487,-1.9377544
-0.12989092,-1.5366937,-0.09542995
-1.4427506,-2.5767498,-1.8364861
2.1860437,2.5706558,-0.024764419
0.13897061,-1.3041708,0.40200138
0.6315644,0.50900126,1.4636397
1.8193951,-1.3483962,1.1898295
0.99372435,-0.68729925,1.611026
-1.8727992,2.1915417,-1.5363843
2.4921727,0.6105528,1.4240558
1.8430338,1.4484563,1.0852067
-1.8520088,0.9802351,-0.40389234
2.2683086,-2.4450595,-0.0006285906
0.85111046,1.8016667,0.52318794
-0.5905466,2.4306664,-1.314573
-2.1454902,0.8965645,-0.2150613
-0.49776864,2.3897815,-1.2079192
-2.94133,-1.4294239,-0.05802484
1.7122831,-1.9628066,0.60796046
2.1727605,-2.4096029,0.08037895
-0.8636942,-0.47435522,0.12933981
2.781149,-0.29668665,1.3089999
-1.110874,-1.7051736,-1.0300603
0.5137453,-1.0259646,1.0097167
-2.090682,-0.9661217,-0.2993815
-0.12683535,2.8932886,-1.0958261
1.2126894,-0.21423149,1.913702
1.2922034,2.4320908,0.20275688
-0.10059738,0.2889855,0.85810566
-1.512787,1.0690064,-0.51732236
2.0969563,1.7287831,0.7074116
1.9861975,-2.7612698,-0.013590336
0.4814415,-1.3522457,0.6798723
-1.3796278,-2.2799742,-1.632993
0.63607645,2.9143982,-0.38025838
0.0080218315,1.100914,0.46080312
2.740809,-1.2573899,0.69844097
0.44457817,-2.2623482,-0.20765617
0.23138809,1.661315,0.13893376
0.2050786,0.6963639,0.97082365
1.5960274,-1.4759105,1.0944252
-0.037067413,-2.177237,-0.6070054
2.571433,-1.5656376,0.5449251
1.5629697,0.7305441,1.7447808
-2.266881,-2.525846,-1.5837011
-3.4332275e-05,-0.31656933,0.9502747
-2.5464206,1.7806239,-0.76894253
-2.3034258,1.6023908,-0.77500755
0.58287954,0.3237791,1.4984702
0.6741562,0.3187375,1.5738702
-0.26253676,0.7009585,0.50469315
2.8513875,1.1716585,0.67477286
-1.6116353,2.3678231,-1.7144477
-1.2572572,0.81489015,-0.26529968
-0.4804368,1.6492128,-0.5405027
0.01818943,2.0912204,-0.47905967
-0.254107,-2.32716,-0.93766224
2.7011666,-1.6012276,0.39589825
-1.2670391,1.64712,-1.030469
-1.569225,0.6010523,-0.17525774
0.25785017,-1.7316964,0.09479569
2.2532463,0.8865032,1.4081552
0.71206665,-2.7272882,-0.26199692
1.6161976,-1.1162374,1.4380356
0.5807557,1.5127878,0.60663193
2.5568657,-0.07904768,1.5488491
1.8018708,-2.0273547,0.5325593
2.1467066,1.4828959,0.9264842
-0.40407014,0.2084732,0.5851841
-2.4836864,-0.42933297,0.29778218
-1.4230928,-2.8851304,-1.9564052
1.0220051,-1.0821508,1.322586
2.10464,0.33134294,1.806464
-1.1721132,-1.6302874,-0.981029
2.482257,0.5048797,1.4878247
0.43117857,-2.1311474,-0.11354178
0.011916161,2.314927,-0.6654167
0.11695337,2.310072,-0.55706584
-0.53001785,1.7670159,-0.7005117
2.8085656,-0.35639572,1.2640657
0.13030481,-2.989596,-0.85853434
1.8375268,-1.1714308,1.3534716
-2.5320415,-0.24304008,0.3981114
-1.545663,-2.7649703,-1.9295963
0.33730984,2.3618894,-0.38017243
2.3954992,0.8539462,1.3357885
1.4282618,2.2760286,0.34164834
0.57137847,-2.6840591,-0.3563527
-2.9639747,-1.5403297,-0.14622357
0.05639863,0.67612267,0.8363736
-1.980305,-0.045719147,0.081638515
-2.561616,-1.7447498,-0.7210819
0.41023016,2.193551,-0.18445456
-1.898116,1.2371702,-0.61943614
2.7229176,-0.14305496,1.3963354
-1.6306254,2.8589911,-1.958544
0.9668045,-2.9257636,-0.15372407
1.7608886,-2.7249727,0.06752485
-2.3317115,0.59830856,0.10208428
1.5353403,2.7225704,0.08588427
-0.40168834,1.6959629,-0.5158129
1.5544882,-1.6508918,0.9198572
2.903204,2.1522946,-0.31313938
-1.2784964,1.5587382,-0.9455259
-1.2993118,0.17053747,0.02211988
2.383648,1.8980098,0.36602467
0.33360147,0.593698,1.1563256
-0.29919815,0.0039401054,0.70523816
2.2760048,-0.83065605,1.435868
-1.4494321,-1.5938448,-1.0156908
-0.14812851,-1.8910725,-0.4624161
2.0606275,-0.39436626,1.8056526
1.1724329,-2.0516467,0.45916378
-1.9404445,1.2715073,-0.63761353
0.77974963,0.8471441,1.3652275
-2.2873101,-2.9249983,-1.7307348
-1.6292202,-2.206702,-1.5922003
1.9290352,2.1439066,0.39426786
-0.7995367,-1.5727361,-0.71897304
-1.5280713,-0.030941486,0.00043398142
0.21264696,-1.9215288,-0.13253781
0.7331109,-0.6561184,1.4615507
-1.8648505,1.4795752,-0.865982
-2.0230901,0.76252055,-0.17634976
-2.9054074,1.4724922,-0.13584961
0.77515054,-0.1746788,1.6846061
-1.9356884,-2.3935971,-1.6672161
0.22862506,-0.03775692,1.2259259
-0.67097473,1.7785664,-0.8280281
-1.9615799,0.7017231,-0.16087985
-0.9572964,0.6204386,-0.0040144324
-2.3060699,0.5907018,0.08890271
-1.5879986,2.461463,-1.7773433
-0.09351349,1.5134087,-0.036021084
-2.5647454,-0.49066448,0.3366359
-2.6311002,-1.6276109,-0.545391
2.2471814,2.4411807,0.015263915
0.28229427,-1.5607134,0.2886426
-1.3267615,-2.0054808,-1.3914952
-0.09974599,0.9371245,0.49252704
2.2246952,-1.9157213,0.45559216
-2.5027966,-2.5886168,-1.4471946
-1.5905507,-2.429306,-1.7566743
-2.1694214,0.73976564,-0.0874846
-0.21810293,-1.8852121,-0.5256388
-0.10323858,2.6538858,-0.9864651
-2.3379173,-0.120393276,0.27284962
2.0822515,-1.274129,1.1643679
-2.3037593,-1.8395652,-1.0087398
2.8009071,-0.8968539,0.9582046
-2.065107,2.6172304,-1.7459393
-0.41113663,-1.9149814,-0.7370811
0.56096077,-2.777646,-0.40249932
-1.3334323,0.8926041,-0.34457487
2.758926,1.0172787,0.8990785
-2.0683029,-2.5417864,-1.7042203
-0.16628504,-1.3466184,0.05678515
-2.202783,2.6003504,-1.6639247
0.8327718,-1.4180421,0.89196
2.5577612,1.2586951,0.85828376
2.7827582,-1.4400766,0.4815309
0.3561411,-2.6484299,-0.53217983
-1.5019358,-2.8939948,-1.967134
2.915535,2.2883873,-0.43343437
0.22389126,0.91971254,0.8280742
2.0297308,0.8531685,1.5541244
-1.5582522,1.0325522,-0.48729217
-1.39228,1.1561608,-0.58125186
-2.4903998,1.9805369,-1.004507
2.760378,2.3016338,-0.29544514
0.49765277,2.3133907,-0.19883719
-2.1545682,0.96400833,-0.26415783
0.2576666,0.53576875,1.1147013
-1.2867154,0.64402723,-0.1602354
0.14986944,-2.4298117,-0.6078908
0.995769,1.3376045,1.0702615
-1.4887043,0.73982835,-0.25804806
0.52349806,1.3040233,0.76353276
-1.8941449,-0.7402735,-0.20989263
0.57808733,2.4917846,-0.24977684
-2.896609,0.3603835,0.6932212
0.47805452,-0.71109915,1.2176976
2.9805574,-0.08479786,1.1567469
2.763338,-1.1974268,0.73405385
1.0943432,-0.4407916,1.7930415
2.2074885,2.5462575,-0.023893833
2.9167738,0.99511385,0.76733714
0.8501079,-0.33529258,1.6956656
1.0005546,0.11329293,1.8353597
0.3901024,0.6852846,1.1545221
2.6559892,-1.7313223,0.30690473
2.5771217,-1.6455148,0.4603199
-1.4107811,2.6452942,-1.866576
-0.123328686,0.016347885,0.87685007
-1.5115296,0.8928685,-0.37106383
1.0764909,-1.3805652,1.0693843
-2.9069753,-2.2051742,-0.82514745
1.0616045,0.5951257,1.7012167
-0.8233452,1.6203408,-0.78294814
1.0879564,-2.8255825,-0.064803004
0.9363189,-2.9670658,-0.17942727
-1.4928564,-1.0005248,-0.45710355
1.5564318,1.940053,0.63897455
1.2739501,-2.6805847,0.06065917
-2.5501223,2.39675,-1.2927768
2.9932556,2.7130556,-0.761781
2.5822597,-0.67326736,1.3124094
1.8665466,0.19162655,1.9382795
-0.30449963,-0.123901844,0.6925181
1.0628633,2.922779,-0.102404
-1.6230465,0.33337927,-0.053693354
-1.0193975,0.7330427,-0.108650684
1.4158759,-1.0264814,1.505856
1.335504,-0.036641598,1.971775
1.1879559,-1.5909237,0.9074813
-2.8612132,0.15082693,0.7119269
2.4860373,-0.4162855,1.5241969
-1.2530605,0.55914474,-0.10223609
2.5962486,0.5832453,1.353392
2.4718533,-2.4545932,-0.15237075
1.1119523,2.0042686,0.47654057
2.9888697,1.6501765,0.072833136
1.722661,2.1132588,0.47224414
1.7594571,2.209361,0.38621265
-1.0187166,0.77406836,-0.13636297
2.7824564,1.6399779,0.2823393
0.78628445,1.4787116,0.79968786
1.7725072,1.7887039,0.76353806
-0.6783235,-1.8065912,-0.8611044
2.1726627,1.4214034,0.9731182
2.6613064,-0.24036741,1.4332837
-2.298754,1.1603947,-0.34755716
2.4594126,1.102768,1.0816143
-1.9826689,-2.236144,-1.5337055
-2.0654202,-1.3647358,-0.675542
-2.5070567,-2.1357071,-1.1281443
0.8668792,-0.797591,1.4607456
-2.252482,0.9682524,-0.20977151
-1.1293015,0.6997626,-0.13911885
-1.5080574,2.3819866,-1.72314
0.80179596,-2.1659665,0.15795648
-2.9452834,0.93880534,0.3957016
-1.3753241,2.4536352,-1.7535007
0.02194643,-2.3111186,-0.6525812
0.26940632,-2.2581804,-0.36835828
-1.3548732,0.72199774,-0.22629207
1.074791,-1.2176092,1.2253807
-1.9792621,0.76720667,-0.1978789
-2.5406692,-1.4499818,-0.44488358
-0.42649484,0.3864889,0.5125561
-1.621945,-2.542829,-1.8247254
1.8909998,2.3902416,0.21840411
-2.0505562,-1.9156312,-1.225147
-0.2518568,-2.7529585,-1.1746302
1.2460608,-1.55373,0.96480066
-2.6272168,0.06371403,0.5059794
2.3223596,2.819212,-0.21786141
-1.3631254,0.62724257,-0.16886485
-0.816349,-0.62724686,0.080996215
-1.8351413,-2.1592317,-1.520324
-1.1179132,1.3693476,-0.6991003
-1.1567688,0.2187643,0.060658395
-2.6696305,-0.8687804,0.19112349
1.0251226,-0.8412843,1.5212839
-0.009610653,0.4398675,0.8951976
2.9346924,1.7663803,0.01108785
2.0240288,-1.80414,0.6678046
2.6098022,-0.7246022,1.2558405
0.88267994,1.4148088,0.9277994
1.5763774,-2.054861,0.5346037
2.8091545,-0.0741353,1.323602
2.4631186,2.4296703,-0.12950164
-2.3051968,2.0948172,-1.2425982
-0.6726866,-2.4069343,-1.3651493
-2.8933947,-1.4080406,-0.08361943
0.11349249,0.4826727,0.99900657
-1.0595691,1.8949637,-1.1906644
2.6037498,-1.2051487,0.86983883
0.47431564,-2.7241693,-0.4574068
0.033017635,-0.11150479,1.0268015
-2.1700573,1.8817258,-1.1316963
-2.3541927,-1.5426668,-0.680395
0.47227144,-2.7627387,-0.47417885
-1.4906462,0.2066021,-0.018056095
-1.3777574,2.4937267,-1.7787993
2.1043034,-2.4319425,0.10243899
-1.563956,0.64557123,-0.20122045
-1.3353145,1.9001226,-1.2958076
2.303423,0.09030628,1.7393453
1.1720963,-1.6078173,0.8845539
-1.7046225,-1.0854843,-0.5245743
0.908545,-1.9732207,0.39695972
1.5124121,0.21805382,1.9746165
-2.6646018,-1.3054236,-0.19683903
0.56042194,0.10125375,1.5264219
0.68541,-0.6603184,1.4227874
-0.116841316,-2.0544155,-0.5815619
2.8764029,2.904994,-0.71004844
-1.9829278,0.7067549,-0.15579599
1.6263494,1.4838557,1.0852884
-1.5936495,1.7763686,-1.2038662
-2.5683188,1.2086372,-0.18809131
2.0445557,-0.70986605,1.6483086
-1.4391668,-0.9207144,-0.38609767
0.14100337,-1.6541383,0.05729104
1.5777073,-2.6688018,0.10967523
-2.5039773,-2.2906673,-1.2545686
-2.567967,-1.1424984,-0.12735787
1.0213833,2.8258686,-0.09774065
2.6157775,-2.8628106,-0.45947313
-0.31744766,-1.8895644,-0.62553966
2.1126652,-2.33371,0.16571587
1.0542021,-2.1020098,0.36292648
0.8559084,2.4533052,-0.017168283
-1.9127158,-2.3729663,-1.660979
2.8551555,-2.1466465,-0.26201165
1.3741217,-1.754886,0.7976701
0.46387053,0.80426407,1.1410545
2.1219125,-0.9377775,1.443522
-2.577682,-1.9975673,-0.948429
0.6464517,2.479959,-0.18663168
-1.4121859,0.4600358,-0.091411114
-0.30464268,-2.1900735,-0.88039905
0.9828992,-1.1200994,1.2677017
1.3286905,1.8471079,0.6980263
0.68821955,1.0891452,1.0984061
-2.321859,-1.9113017,-1.0649277
-1.8774977,-1.5242296,-0.90678483
0.052381754,-1.176732,0.43630224
-0.5195739,1.1459045,-0.08428812
-2.511043,-2.4058578,-1.3309265
2.9554987,2.8044357,-0.7586773
0.37734962,0.29310942,1.325808
-2.1316504,1.1918988,-0.4769047
1.3157578,0.88462543,1.6012329
1.3034973,2.3352623,0.27233618
-1.471697,-0.9809003,-0.438819
1.5043325,-1.1335734,1.4212173
-1.8610303,-1.9568235,-1.3346878
1.0394435,2.4543438,0.08912808
2.8497152,-0.24247074,1.2584984
1.9803929,-0.046827793,1.9161854
1.4810667,2.6435928,0.11743724
-0.61035395,-0.75636005,0.1541813
0.5632043,-1.0066019,1.0686336
1.0468974,-1.252558,1.1787691
0.7327404,1.7234674,0.51683056
-0.6077764,0.36362982,0.36356848
0.4185815,-1.602749,0.3745176
-1.2150933,1.9713297,-1.3273114
-1.6958013,1.1695938,-0.6016714
-2.768509,-0.68730974,0.40846688
-2.4459264,0.68902826,0.1309672
-1.8831457,-2.718981,-1.8636352
2.8676705,-2.1317987,-0.26152584
0.60034513,-1.1005833,1.0180035
-2.7138615,1.4448214,-0.28916544
-1.5335069,-0.65477157,-0.20611775
0.7007382,2.1889472,0.0652529
-0.8979187,-2.7983375,-1.7236955
-0.84918094,2.182675,-1.3251457
-1.1265446,-2.9006388,-1.8740433
-0.7327194,-1.0305673,-0.15456122
0.34508157,2.7513795,-0.5865545
0.1776545,-1.0026283,0.71481025
1.9274459,-1.3081863,1.1966739
1.9198303,1.6207104,0.8898102
2.4689746,-1.6072809,0.58655953
-0.095433235,0.62179565,0.71754533
-1.3395592,-1.0762821,-0.4987795
0.010237217,1.1756234,0.3952048
-1.9866428,-1.8394983,-1.1802549
1.227365,-1.5699946,0.9424066
-0.36195135,-1.9928799,-0.7637619
-0.9608295,-0.5321083,0.042072296
-2.5434356,2.9788733,-1.5499108
1.4457493,1.7248611,0.8387357
1.6745262,-2.380538,0.27051586
2.736681,1.5317883,0.43293568
-1.0628103,2.7479115,-1.797229
0.9039316,2.968914,-0.19936329
0.11308384,0.29881382,1.0685294
-1.9109105,0.80078745,-0.246575
-1.8754463,2.1773539,-1.5239944
1.5362549,2.886839,0.03167808
-1.7229702,0.10250664,0.0063069463
2.1845503,-0.5305643,1.6800134
1.0480781,2.4350858,0.105831146
1.0245256,-0.8059902,1.546865
1.9757266,2.3910065,0.1878407
1.4682479,2.5386195,0.17109329
1.2938476,0.83600616,1.6323256
1.5565252,-2.415471,0.25214303
-1.2731005,2.3421993,-1.6531566
-1.5908443,1.4329128,-0.8623521
-0.5496044,0.7204776,0.22914076
1.6655049,0.6496017,1.7918433
2.099482,1.4116812,1.0219153
2.2092357,1.7711787,0.6039827
-0.94631004,-1.9673249,-1.1974821
-0.3806541,-2.3752284,-1.0919647
-2.06046,1.5538712,-0.8655667
1.8497887,-1.2487013,1.277888
-1.9893808,-2.6350958,-1.7881145
-1.2344656,2.506278,-1.748857
2.4772964,-2.3253272,-0.06844169
0.7290387,-1.0245953,1.1855978
-1.2558947,-1.8844403,-1.2593536
-2.0201154,2.6021795,-1.7587533
-2.0630221,-0.38893104,0.0440318
2.4210768,-1.5682415,0.66232723
-2.742013,2.5048404,-1.1930622
2.5923882,2.7920876,-0.4175334
2.3998957,1.5903988,0.65593886
0.18588686,2.3499088,-0.51783
-0.24046469,-2.701403,-1.1428248
2.3331661,-2.7112513,-0.18562198
1.3229303,1.639411,0.90087736
2.8365335,-0.6735828,1.0819414
2.423437,1.2756162,0.9489091
-1.9672787,2.7879534,-1.8605437
1.8513584,-0.68541956,1.7350535
1.5129895,-1.5938816,0.9752464
-2.1300368,2.8109345,-1.7934872
1.4408154,-1.4381651,1.1238072
-1.5582361,-1.719021,-1.1476036
-1.7873762,2.4075432,-1.719106
0.055968046,-0.12333727,1.0483423
-0.36864424,-1.4631819,-0.2529442
-0.8066447,1.0699835,-0.24183089
-1.9674225,-1.5159981,-0.86759883
1.6411138,0.10934305,1.9915566
2.99121,-2.363461,-0.56240976
-0.66474533,-0.72418714,0.1321795
-2.021322,2.3273845,-1.5866628
-0.15469265,0.43215823,0.75398755
-2.6064305,-0.40638614,0.40857488
-2.4361675,2.2749958,-1.2957815
-0.99936676,1.6247916,-0.89509773
1.8849144,1.6835427,0.83856153
-2.2983422,1.4235473,-0.6000912
-0.47875,-1.026529,0.057121396
-1.5578105,-2.6708956,-1.8911681
-2.7623677,-1.7765182,-0.57447445
-0.6753323,-1.7832034,-0.83597016
-0.17475319,0.8354323,0.4969921
-0.50442266,2.4058223,-1.224616
2.193406,2.7731953,-0.12054634
1.2016869,2.4022923,0.1937089
1.8677845,0.42567825,1.866981
1.1750674,2.0660634,0.44744918
0.31475258,0.15056181,1.2982682
1.6282778,1.3933659,1.1748494
-1.9138488,-1.9860145,-1.3451219
1.5286007,2.889698,0.030667901
1.4289412,1.3868866,1.1728302
-1.2732203,0.0044116974,0.043940246
-0.10296178,-1.1910428,0.26791164
-2.2694297,0.5254283,0.09938735
-2.625144,-0.3455987,0.4470777
-0.0033140182,-1.9417924,-0.3658579
0.5371661,-1.8586954,0.22776493
-0.64711714,-1.1966665,-0.23742616
0.9268503,0.68866825,1.571826
-2.3160067,-1.9343698,-1.0905616
-1.6490471,1.6533041,-1.0793542
2.0705867,-1.6522604,0.796309
-2.919516,1.8036633,-0.4510237
0.4710641,0.10348749,1.4484847
2.3096175,0.0051603317,1.7392496
2.249062,0.40514588,1.6977069
1.0233555,-0.02262497,1.8536034
-2.7327023,1.4827671,-0.30967587
0.38621092,-0.23991632,1.348039
-1.054975,-1.0591654,-0.38028786
-0.84332895,0.31274772,0.20463085
2.2985773,-1.7565966,0.56191933
-1.0195273,1.2008095,-0.49025735
-2.1485124,0.30176997,0.11709982
-2.408214,1.5133429,-0.6119616
1.8941512,-0.52608395,1.8129549
0.14475775,-0.016947746,1.1441091
2.9629946,-1.4285105,0.31945628
0.61351013,-1.3467665,0.7979016
-2.7957563,0.07420778,0.6582643
0.742223,1.5357132,0.7110038
2.7451324,-1.1350415,0.80825037
1.8606887,2.357658,0.25013387
0.9002688,-1.0128579,1.3129323
-2.253912,-0.6167314,0.040163398
-1.7989036,2.4039311,-1.7141395
2.037043,-0.54452753,1.7486339
-2.0059738,1.6315956,-0.967557
0.6844003,-0.29539108,1.5888968
-0.38436913,1.7831845,-0.5857694
1.0052419,0.390177,1.7691333
0.19629622,-1.4136393,0.3515489
-2.285011,-1.9762008,-1.1499983
-1.1958239,1.7808709,-1.1390506
2.6165733,0.7372279,1.2415645
0.35314703,-0.4659357,1.2392539
1.5211649,-0.5731616,1.8389592
-1.5135083,-1.2452896,-0.6785705
2.3749218,-2.0779262,0.20807105
-0.64219165,0.6655333,0.18763566
-1.0111914,-2.5508373,-1.677985
0.6085634,-0.039805412,1.5708972
-1.07494,2.1438255,-1.4217415
-1.2055485,1.3687253,-0.7333367
-0.42928576,1.6207943,-0.46619862
-0.17127132,0.554513,0.6797218
-1.7062612,-1.6780436,-1.0978805
1.0254407,1.5293069,0.8964204
-2.907547,2.3410726,-0.9282483
1.8415899,1.2279038,1.2997715
2.782391,2.0896049,-0.14431891
0.4853487,-2.4223344,-0.28577784
-0.70097494,-2.6105075,-1.507221
-2.7477026,-0.6947808,0.38441053
1.4088073,0.7893963,1.6911825
2.4581409,1.9275126,0.28227416
2.5647764,-0.8807678,1.1819172
0.2675104,-1.32802,0.5047297
0.9973848,1.9348822,0.4839599
2.8746285,-0.09193969,1.2595809
0.447778,0.20346642,1.4123356
-1.4483088,-2.862348,-1.9537717
-2.848285,-0.27865934,0.67230487
1.3116326,1.4554038,1.0817412
1.1686301,2.8970723,-0.050038338
2.6660533,0.2795248,1.4190047
-1.527316,1.9055777,-1.3276175
1.2885695,0.4170034,1.8747444
-0.9925628,-2.3675685,-1.5525329
-0.745605,-0.1010952,0.31647778
1.7504597,-1.0251861,1.5028437
-2.7500339,-0.4074006,0.5365242
2.2114115,-1.1669061,1.1947267
1.3952956,2.242673,0.3621834
-1.782958,-2.4489992,-1.7471706
1.5308867,-1.8032391,0.7688484
-0.75459695,-0.9315243,-0.088383675
0.26999116,2.5134354,-0.54238886
-0.8029754,-0.61389685,0.09798348
-2.9373398,1.2241898,0.13687253
-0.31070375,1.4708309,-0.20592976
1.4637585,2.5677571,0.1544519
-0.3490405,-0.6892941,0.4296988
-1.4772384,0.5604181,-0.14859372
0.09505677,-1.4642283,0.20128015
0.54746175,-0.22803307,1.4946346
-0.8370471,-2.5709438,-1.5842196
-2.3264523,-2.4478254,-1.4966645
-1.6084296,0.8159766,-0.3141346
-0.48909903,-2.299234,-1.1355352
1.0804286,1.5679646,0.88499147
2.6678205,2.2173262,-0.14617398
0.05567646,1.0526524,0.5509163
1.0741262,1.1484175,1.2891055
1.7261133,-2.7256536,0.0732252
-1.3081552,-1.38731,-0.78324914
-0.99545074,-2.1660926,-1.3997583
1.9899178,-2.844658,-0.04279101
2.1479645,1.2753706,1.1291584
0.71087646,0.6869221,1.4256997
-2.3183475,2.8544374,-1.6924094
1.7027593,-0.82653475,1.6687343
-2.479485,-1.9862956,-1.0184273
1.4994669,-2.5824702,0.14973623
0.3555429,0.18474197,1.331083
0.9690442,-1.6441269,0.7510802
-2.9242437,0.5322232,0.6460393
-1.0547258,1.9844413,-1.2717144
1.2740898,2.5650625,0.11794543
2.3090587,-0.4892807,1.6223103
-0.85887146,-1.9507874,-1.1280179
2.675249,-1.62902,0.39143252
-0.6694765,1.9051957,-0.9487775
-1.8094393,0.7763586,-0.25818992
-1.2991304,0.1899538,0.018687785
0.18668103,-2.9147537,-0.78878355
-0.5331998,1.6158924,-0.5533723
1.4520116,1.8978481,0.67170084
-1.6602656,0.30960488,-0.04354626
-0.8534117,-0.5405798,0.10388273
-2.9730392,-1.4236121,-0.021103159
2.44873,0.024502754,1.6384423
-0.5644889,0.14903784,0.45393038
-2.3649364,0.84627676,-0.038122654
-0.14476252,-0.12714815,0.84767014
-0.005475998,2.8442287,-0.9615882
0.8331847,1.9338074,0.38498625
-0.329283,0.6773057,0.4558994
1.8871894,-2.6633978,0.062536836
-1.0350713,-1.4324337,-0.7219772
-0.8979316,1.1738853,-0.39546815
-0.7124095,-1.9387819,-1.0133958
0.53558993,0.83638144,1.1805015
2.4036608,0.7367258,1.4134316
-0.13804054,-1.8861111,-0.44771835
2.3082867,0.5950947,1.5682539
2.3566394,-0.38800526,1.6324577
-1.5619497,2.234489,-1.6159906
-0.25776052,-0.6618533,0.5339389
-1.416177,2.618084,-1.8541408
1.247922,2.6064963,0.088107765
-1.0547072,-0.9946325,-0.32494462
0.9151497,0.5033884,1.6686069
0.17923379,-0.82007456,0.8604424
-1.9693962,2.402317,-1.660562
-2.0168824,1.4383526,-0.77008575
-2.9301746,0.008223534,0.7901196
-1.6781445,1.8142662,-1.2353153
0.838063,-2.4088392,1.3411045e-05
0.1827774,-0.76719236,0.9016237
2.2563062,0.61238575,1.5923753
-2.6379433,-2.842226,-1.4381485
-0.08766532,2.6221232,-0.9556358
-2.6899495,0.24647617,0.5333337
0.017560959,2.6503196,-0.86417294
1.09301,-0.8731451,1.5304344
-2.6911302,0.17862463,0.54870707
2.6494575,-0.8274112,1.1492926
-0.93177295,-1.2299813,-0.46842325
2.6581087,-1.1116691,0.90803254
-0.5035534,2.0748463,-0.9655167
1.7019444,2.695498,0.08927351
2.7272296,0.8632817,1.0525539
-1.0922205,1.6751871,-0.991853
-0.72925997,1.3049784,-0.4036194
1.5735884,0.0037600994,1.999989
-2.5683928,-2.2330284,-1.157202
1.775784,0.75258684,1.7089866
-1.8843398,-1.0308559,-0.43716174
2.7862902,1.1486511,0.75759226
-1.966096,-1.9520434,-1.2949595
-1.2345343,-0.20390749,0.035288155
2.2385564,-1.179216,1.1668602
-1.3061603,-2.7752762,-1.8988409
2.571454,-2.7734823,-0.3932603
2.0640583,2.7678623,-0.050178945
2.7420344,-0.003263712,1.3890061
-2.907846,-2.5861316,-1.0812813
0.033623457,0.4919243,0.91504276
-0.9867406,-0.18827677,0.14809513
0.71461105,2.4714522,-0.12841076
-2.2651534,2.8273587,-1.7194988
1.2301617,-0.7710936,1.6596918
-0.14212132,-1.8001585,-0.3689998
-1.418066,-1.7192234,-1.136242
-2.6988108,-0.7976713,0.2699206
1.5692043,-1.6467966,0.9240716
-1.0857157,2.7040339,-1.7904261
2.2136288,-1.1467044,1.2118943
0.5340433,1.5456343,0.53417724
0.912421,1.3576574,1.0025162
-0.45499325,0.70142555,0.3244668
-0.4155717,1.4624968,-0.29562503
-1.0191289,2.5403948,-1.6763104
-2.5977025,1.2764449,-0.22734946
1.8860888,1.320075,1.1988084
-1.8892229,-2.517169,-1.7610295
1.7485127,-0.26586533,1.9491155
-1.0118476,0.06926918,0.1497888
1.8794069,2.3494873,0.2504083
2.5710664,1.2819085,0.82496136
-1.8348184,2.3330994,-1.6559372
2.4771767,2.3204556,-0.06478995
0.073117256,-1.3993696,0.24364047
-2.291793,0.42560005,0.15964305
1.2246351,2.8605952,-0.020097196
1.6987176,1.0605669,1.4802067
2.644535,1.696228,0.3517382
-2.8557608,1.2194204,0.062234342
2.708887,-0.9417348,1.0077147
2.2743216,0.71638083,1.5167537
2.9512844,-2.0728712,-0.2920838
1.6350183,2.767682,0.06703234
-1.4583392,0.17165041,-0.008379161
2.275835,2.324779,0.07703906
2.7417507,-2.108891,-0.12322813
-1.1471096,-2.755974,-1.8381454
-0.49038124,0.35920525,0.46521425
2.3475966,-0.38435936,1.640199
2.4149475,-1.2134961,1.0141122
1.98176,1.5718541,0.91567844
2.2983966,-1.951557,0.37514576
-1.5416951,2.6288605,-1.8709841
-0.5175452,-2.9286382,-1.4721591
-1.1985265,0.61524224,-0.11487049
1.5592141,-1.7540953,0.81765866
0.7476373,0.6508231,1.4754934
-2.3173592,2.9627352,-1.718075
-0.37683487,-0.36008406,0.5678879
-2.4463654,0.69755316,0.12585622
-2.8233504,-1.1806165,0.0674572
2.7348838,-1.5394363,0.42694366
-1.509063,-2.562605,-1.8351121
1.3389893,1.7316003,0.813141
-0.6680355,-0.033317566,0.38000005
-0.6074977,1.0388861,-0.06363404
-0.0019376278,-2.307281,-0.6736254
2.3397827,-2.4976873,-0.08114153
-0.41500807,-2.727861,-1.3188243
2.482397,-1.728854,0.45508087
1.7553234,-0.39007425,1.9079039
2.0580263,-0.45265722,1.7829213
-2.720821,1.3191099,-0.1594274
-1.402786,-1.4415125,-0.8569954
-2.4441729,2.9231582,-1.61848
-0.637166,-1.3671209,-0.39264974
-0.621366,-2.821199,-1.5312579
0.6096115,2.2693882,-0.07059109
2.687912,-1.928013,0.08860889
1.3467155,0.28590846,1.9344046
-2.087573,-0.28963518,0.08893192
-1.8814301,-0.6257858,-0.14163697
2.2653165,0.0019435883,1.768359
0.29863214,-2.9500875,-0.6875057
0.8475144,2.6977053,-0.15345144
-1.5691059,-1.9475352,-1.3678886
-0.3658476,1.829113,-0.61319435
0.8541148,-1.7739583,0.5522224
-1.968676,-0.73873544,-0.18256402
1.9579844,-0.070949554,1.9234586
1.4950323,-1.1824347,1.3758038
-1.7495166,-1.299688,-0.7162725
-1.2302427,-2.525194,-1.7585356
-0.70530295,-2.0605066,-1.1186347
0.4668784,-0.14075875,1.4402108
-1.1004599,-0.87697124,-0.25193328
2.8698635,-0.42130756,1.1809525
-2.889628,0.76530004,0.4718674
-1.6955985,-0.3846016,-0.0652743
-1.8209356,-2.8399158,-1.9237175
0.811141,-1.1033417,1.1756889
0.42572093,0.91824245,1.020195
-0.8548684,1.0797019,-0.28289327
2.5603743,1.4517255,0.6678324
-2.5897593,0.16613054,0.46198273
1.0573502,2.051036,0.40906534
-1.6507548,-2.0529332,-1.4604785
-0.68312573,-2.517598,-1.4427713
-2.8890014,-0.7998769,0.44688112
-2.239521,0.020231724,0.21518236
-2.5453477,2.178214,-1.1322885
1.3088217,-1.7300688,0.80728054
-1.1265196,-2.1010685,-1.40869
1.5693021,-0.08116102,1.9967072
-1.6258467,0.7628994,-0.2756496
-0.74329376,-2.7362316,-1.5956767
0.36314106,-1.2093194,0.7088684
2.513774,-2.356644,-0.120043695
-0.8085408,0.7010758,0.0408684
1.7391653,0.27985573,1.9469547
0.82761574,-2.6677315,-0.15349281
1.8246078,-1.997661,0.5539435
1.8951249,0.13872457,1.938258
1.2174478,-0.7949717,1.6385243
-0.90464187,-2.320399,-1.467552
-0.84199953,-0.90908,-0.13150442
1.1679039,-2.755147,-0.006323755
1.6351275,-0.3425579,1.9398301
-0.16012049,-0.34968233,0.78004444
1.5038261,0.15725517,1.9854193
-1.8048574,0.2548077,-0.0050207376
1.6909742,-0.522563,1.8593302
-0.3681445,2.3941216,-1.0932952
-2.0645156,-1.074102,-0.4040545
-1.4576522,1.3557377,-0.7802013
-2.2910948,1.1326494,-0.32734677
0.60515213,-0.36771536,1.5020382
-1.7791822,-2.1985183,-1.5656686
-0.8590903,-2.5278215,-1.5747306
-0.18796492,0.8304205,0.48770535
-1.8304821,0.9172063,-0.35843027
0.07703304,1.8195195,-0.16920978
-0.38073778,-1.3279356,-0.1311251
0.9502263,2.4221487,0.061374903
2.167223,2.9996228,-0.16259122
-1.8110075,-0.47715783,-0.08298397
1.6402388,-1.1690737,1.3885943
-0.063560486,-0.94232726,0.5243893
-1.7146647,-2.6081867,-1.850749
-1.3605416,1.7294645,-1.1359811
0.7636137,0.3269496,1.6385627
0.62464046,1.3821273,0.7723574
-0.0969007,1.9275093,-0.44594514
-1.4935366,-1.274025,-0.7045827
1.512887,0.027935505,1.9979336
0.4451127,2.4251828,-0.32360855
-2.916393,-2.3127136,-0.89900345
-0.53018,2.637618,-1.3813587
-0.8139374,1.5600133,-0.7162136
-1.2801286,-0.9421849,-0.37003058
-1.6640933,-2.4495325,-1.765584
-2.433787,1.6023774,-0.68174386
2.954712,1.4313202,0.3248192
-2.740244,-1.3585896,-0.18004267
2.788732,1.4282537,0.48764405
-2.3583117,0.8903742,-0.076486886
-0.72785234,2.9530783,-1.6475514
-1.229,1.534565,-0.9059307
-1.6057498,0.4631729,-0.1047498
1.0666065,-2.9694605,-0.10965562
1.7387843,2.4415574,0.22110367
-1.9707052,2.5757904,-1.7652552
-1.3972489,-0.831563,-0.31125683
1.531281,-0.23460484,1.9718256
-0.36262822,-0.11687851,0.6384447
0.7306471,-0.18318892,1.6506195
1.5685582,1.6308336,0.93999624
-1.108895,0.40549946,0.023698747
-1.6649219,-2.6090913,-1.8571134
1.104291,0.96522117,1.4623805
-1.0985852,-1.8427652,-1.1591933
-1.9969246,0.8565426,-0.2555192
-1.5132469,1.30585,-0.73648703
-1.3948953,-1.4325063,-0.8467196
2.987155,2.032269,-0.29144272
0.5769701,0.076611996,1.5425538
1.2920179,-1.5088724,1.0232767
0.40297437,2.5706906,-0.44925767
-2.0224385,1.916985,-1.2390467
2.1649141,2.19376,0.24519807
-0.46634626,-2.0656037,-0.9244879
-0.77679276,-2.2863688,-1.3570454
2.4448705,-2.6376977,-0.23400134
-1.5282319,1.9396038,-1.3595976
0.6091752,1.7496576,0.39428207
-2.5520506,-1.828743,-0.81107616
1.5372686,1.1760807,1.3839836
1.1916337,0.6029928,1.752617
-2.466889,-1.2770054,-0.33508322
1.6744113,0.10296321,1.9893408
0.33014774,-1.809891,0.08735967
-1.5490948,-0.8783469,-0.36134017
2.5579004,1.1862159,0.9262788
1.2884202,0.4236431,1.8719934
1.0542488,-2.2325387,0.25503713
-1.1142769,0.7549629,-0.16929531
-1.6449612,-0.59864974,-0.17115378
-1.6142242,-2.2038426,-1.5906607
1.1271105,-2.7737179,-0.029918194
0.8081589,0.12937403,1.7146593
-1.7954932,-2.2079165,-1.5697448
2.729856,-1.8338463,0.1401746
1.7478523,0.7228956,1.7342597
-1.145423,0.18498564,0.07205415
1.5521379,-1.3582098,1.2108148
-1.271695,0.46507978,-0.061815917
0.94148326,1.5113115,0.8678818
2.4969988,-1.1584357,1.001647
-2.653596,-1.0699146,0.011341751
-1.4916211,0.5297389,-0.13392824
-0.16954708,0.73382854,0.5738799
0.44737673,1.0368915,0.94150054
-2.4671216,2.0430102,-1.0793433
-1.9737049,-0.20053148,0.06003642
-0.28733587,0.99660826,0.2597549
-0.43253374,-1.7263094,-0.5740596
0.64708376,-0.3825581,1.530575
0.38120365,2.2223053,-0.23434898
0.61542606,-2.9062304,-0.39512348
0.19888043,-1.9734206,-0.19426218
0.34481144,-2.5932794,-0.51538575
-0.17315626,2.4961314,-0.97111464
1.0773678,-0.33869886,1.8239019
2.0474892,2.7476177,-0.034873247
-1.4971508,-1.6169482,-1.0434248
-1.5541538,-0.815784,-0.31456387
1.3167453,1.9309292,0.61550367
-2.1694012,-2.9879358,-1.8143406
1.949574,-2.9237185,-0.047241867
1.3859358,-2.009001,0.5586474
0.43389606,0.05104351,1.4191066
-1.3024224,-2.759941,-1.8922541
0.08995676,0.55546236,0.93949217
-2.371961,2.5371485,-1.5186887
-2.6990452,-0.6080761,0.3925057
2.8251104,-0.5282135,1.1749343
-2.6907787,-2.640172,-1.3125988
-2.489262,-0.6341562,0.19853187
-1.1653419,0.2481265,0.05045098
0.16847205,0.6141193,0.98495746
0.6871023,-0.9879103,1.1847354
-1.4783474,-1.8332995,-1.2552284
-0.2911167,-1.5717176,-0.28794342
-0.66992927,2.0685582,-1.0983908
2.5101767,-1.6320409,0.52908206
2.6038618,0.23323345,1.4851125
1.2330275,-0.52730656,1.807662
-0.018492222,-1.2062992,0.33798835
2.2498007,-0.12958527,1.769814
-2.422153,2.26763,-1.3007561
1.2534518,2.2714958,0.3053149
-1.7437735,-0.6266408,-0.17507476
2.3395848,-0.60340905,1.5421594
-2.6519632,-1.6804826,-0.5797654
1.1146584,-1.3953753,1.0722831
-2.4665504,-0.5124645,0.24660844
1.7509446,2.2260885,0.3744262
0.54854894,0.42738485,1.4315025
2.5741162,-2.5676432,-0.30225742
-2.2626522,-0.7711551,-0.052957356
1.9308271,-2.5916727,0.083319604
-2.0020902,2.7723823,-1.8410382
-1.6193554,0.27774954,-0.03714633
1.1410704,-0.76143885,1.632924
-0.50496984,1.2029572,-0.12418103
-2.3685994,-2.8123677,-1.6445742
-2.5527391,-0.9904046,-0.007056415
-0.77887535,0.2814238,0.25818157
0.8306341,2.1647482,0.17871869
2.6350641,2.4470177,-0.2831812
2.2063704,-0.100283146,1.7997069
0.049165964,-2.998857,-0.9406844
-1.8401817,0.5541973,-0.11361152
-2.674662,-1.6918262,-0.5708822
2.6802044,2.7058272,-0.4613556
-1.6726341,-0.80778503,-0.30371797
-0.52761745,-0.81644535,0.18133962
-2.420745,-0.4455619,0.24234688
-2.073633,2.7806153,-1.8117712
0.5821061,1.3155656,0.8022531
-0.741663,-2.0688515,-1.1532329
0.34354162,0.52571917,1.2017871
-0.022943258,0.95389843,0.55556643
0.15284538,-0.77921176,0.8637186
-0.5944338,0.9959173,-0.01630652
-0.11601019,-2.6928654,-1.0167501
1.3040037,-1.5464798,0.9889356
2.191556,1.9165115,0.47456715
2.5356884,2.7870455,-0.36829823
-2.4476032,0.95295286,-0.06033027
-2.5359285,-1.6996225,-0.69777834
-0.44836187,1.0933194,0.026049823
-0.22885966,-1.7279195,-0.3833445
1.6558127,-2.4037957,0.256436
2.8240767,-1.9795064,-0.08521825
0.77039266,-0.2843356,1.6562653
-2.1307764,0.6370554,-0.04341489
-0.33956957,0.22337008,0.6420752
1.9401841,2.8833222,-0.03428459
1.1068621,-0.21286154,1.8717294
-2.121641,2.7597637,-1.7800674
0.1751039,-2.2295527,-0.43792352
-2.896696,-1.5444256,-0.21608831
-1.2088777,0.41131735,-0.018624306
2.0982103,1.7880363,0.64857614
-1.3013513,0.8904624,-0.33486617
1.8316855,2.9419394,-0.013974369
-2.447023,-1.5991716,-0.66842645
2.6523132,2.8075657,-0.47473976
1.4310164,0.95783687,1.5655375
1.9440298,0.7921114,1.633497
0.81927896,-0.076913595,1.7276974
0.21254015,-2.1593184,-0.3441888
-1.4774562,1.604877,-1.029721
-1.6553786,0.6506882,-0.20075792
-2.0601583,2.068008,-1.3596096
2.4793358,2.2077327,0.02016288
-1.0412389,-2.5479555,-1.6919423
0.07308698,2.7790585,-0.8619791
-2.8203206,-0.6908176,0.45495152
0.80516386,-2.0098522,0.2958592
-1.0226591,2.6183977,-1.7197239
-2.399485,-0.47445202,0.21370041
0.37128878,0.49431753,1.2431095
-2.763643,0.45029354,0.5313038
-0.29557657,-1.613711,-0.334193
-2.4499283,1.9024277,-0.96340585
1.8966107,1.1375651,1.3671961
-2.3824925,2.4164572,-1.4366784
0.4899764,-0.8337858,1.1426823
1.4854379,-2.201269,0.40683264
-2.3970408,0.587605,0.15462852
1.9420924,-0.8060682,1.6241987
2.4432406,0.0015487671,1.6429552
-1.8389908,-2.4399633,-1.7280425
0.2512107,2.6905384,-0.65141124
0.9097295,-1.5777826,0.78235143
2.4846148,-0.27103996,1.5742195
2.3438082,0.07612252,1.7129148
-2.5164356,-1.3032871,-0.3208946
-2.4452012,1.7824163,-0.85149765
-2.6526546,-2.4444551,-1.2363718
-1.3342227,-0.40354347,-0.0524714
-0.605572,-1.9427962,-0.9327117
-1.0764091,1.7789783,-1.0869411
1.976768,-2.184002,0.34322715
-2.0675173,2.3751707,-1.5995468
-2.3943791,-2.5947208,-1.5337527
-2.3451498,-2.9983273,-1.7046283
-1.7707715,0.07316351,0.01725328
2.938394,-2.953389,-0.78053874
0.37884426,2.7945447,-0.57053393
-0.52526,2.8023062,-1.4444304
-0.8816409,-1.3699733,-0.57230747
-2.2977724,2.242434,-1.3694563
-1.0178436,-1.153773,-0.44593674
1.580473,0.7338915,1.7425268
2.027556,-2.102725,0.39028984
2.1638398,-0.20309734,1.8086901
0.2135818,-0.9159894,0.8209678
-1.6355982,0.67303205,-0.21596587
-1.7711005,0.9644189,-0.4101116
2.9155607,-2.800177,-0.7181695
-2.7077994,0.20271015,0.55920887
0.7102337,2.3230758,-0.03129387
-0.28324938,2.4168391,-1.0281398
2.7854075,1.3582859,0.55961585
1.757278,0.06946659,1.9802508
-0.757915,2.0582647,-1.1557994
-2.4892788,1.5919929,-0.62822175
0.39408016,-1.973343,-0.0078037083
-2.0983205,-0.17113113,0.1213367
-0.31640053,-2.7791924,-1.2461964
0.7511411,0.21123004,1.6602471
1.4649839,0.22781992,1.9685681
-0.8113718,-1.9750768,-1.1185896
-2.0251007,0.7164607,-0.14443171
-2.5550075,2.0746207,-1.0362985
-2.8415928,-2.5526633,-1.1270559
0.37629843,-2.6723793,-0.52444386
-1.8259177,-1.466005,-0.863033
0.10879898,0.38873625,1.0339732
-1.4212614,-2.9117055,-1.9625325
-2.0301871,-0.59704757,-0.06932372
2.0228782,2.30345,0.23069483
1.6977534,-2.4760437,0.20537382
2.1064205,-0.8013475,1.5556897
2.877768,-0.63417864,1.0663333
-2.1706166,1.8131332,-1.065409
-1.5969447,-1.1155651,-0.55998814
-2.2585337,2.277421,-1.4219546
2.014431,-1.5035952,0.97034806
1.7676206,1.113028,1.4226398
2.4319177,-0.55448246,1.5017602
-2.0991461,2.6114993,-1.7264
-1.6088716,-1.470947,-0.89959174
2.9246316,-1.1271601,0.64448947
-2.3822308,2.7057614,-1.5949783
-1.998019,-2.3765736,-1.6314892
1.1044521,0.84818363,1.5545647
-2.6224613,1.4911819,-0.41659573
-0.8482053,-0.26054764,0.21615434
1.2747197,2.6375775,0.080838084
2.457703,-2.790262,-0.30710298
-0.34040952,-0.435678,0.572711
-2.6548219,-1.5786406,-0.47561836
1.6982684,1.1820107,1.3709514
2.9908142,2.9332876,-0.82817507
-2.2271347,-2.9366226,-1.771299
-0.1325376,-1.3372836,0.0992464
-2.1701303,-2.2216187,-1.4315524
-1.5318578,-1.682692,-1.1109043
1.0095792,0.9069495,1.4627593
1.4015603,0.044224977,1.984736
1.2405367,-2.3497066,0.24345386
-2.8256528,-1.839651,-0.57633734
-0.7272799,-1.9648254,-1.0487521
1.2785797,0.22760797,1.9318166
-0.2784648,-2.4706483,-1.0581148
-0.9274571,-2.3457255,-1.4997625
-1.5496591,-2.4035876,-1.7395889
2.844533,2.4197903,-0.45790607
-2.4013743,2.1911716,-1.2557898
-2.3631535,-1.4194905,-0.55143976
2.1861434,0.70418215,1.5787144
-1.822213,-0.41898632,-0.055059135
1.8128428,-1.2057002,1.3278886
-1.653726,1.3988438,-0.82545686
-0.40583277,-2.017899,-0.8271389
-1.4494979,-0.009899616,0.0072986484
2.4786463,2.2419786,-0.0064705014
2.079793,-2.6051116,0.013721287
0.14415336,2.4734325,-0.6413083
0.07193279,1.9816813,-0.32755008
-1.1321819,1.3267012,-0.66366255
-1.6035626,-0.3920002,-0.07531649
-1.1347482,-1.1669376,-0.51345825
0.98235583,-1.6470537,0.7556238
-0.5396023,-2.1751065,-1.0819894
2.036334,-2.924375,-0.08292055
0.43193793,-0.43033648,1.327457
0.033116817,0.59644747,0.86044705
-1.8642869,-2.9039404,-1.9291333
1.210237,2.9530969,-0.046587586
-2.7750216,-2.1435456,-0.90036106
0.7009239,0.23682594,1.6170115
1.0764194,-1.0167743,1.4063764
0.5429101,2.7302732,-0.39996427
2.11132,-1.3059483,1.119202
0.7200198,0.7836721,1.3677258
-0.8285389,0.95618343,-0.16030222
-2.0992649,1.3756881,-0.66970754
-2.7843137,-2.1031694,-0.85730577
1.5140471,-1.6614529,0.9078578
1.6330128,0.033429623,1.9975064
-2.288332,-2.9590302,-1.7368101
0.80318,-1.1707295,1.1090479
-1.1031622,-2.5172071,-1.7039597
2.5267634,1.3260689,0.8191109
-1.0340513,0.31086493,0.09269172
2.4832392,-2.8034277,-0.33154976
2.1219435,2.933854,-0.12657547
1.6592793,1.2298307,1.3304851
2.0502138,-1.7193757,0.73923045
0.9356408,-0.3020475,1.7597089
1.0169458,2.0344658,0.40327245
-2.550459,-1.7829176,-0.7678368
-0.6848936,0.7502866,0.09890288
-0.3400736,0.97560096,0.22711408
1.4556208,-1.9286238,0.6431345
-1.1625091,-1.5765964,-0.9236022
1.37461,-0.5320053,1.8426087
2.0369253,-2.3467464,0.19292015
1.2935343,2.5816903,0.114501536
1.5440803,0.85661364,1.6546432
-0.39986014,-0.9549532,0.18835744
1.4370794,-0.035270214,1.9904513
-1.0287788,0.032786846,0.14279288
2.598765,0.99356794,1.0622628
-0.07699251,2.130941,-0.60822517
-0.1749959,-2.5211067,-0.9877001
-2.6412382,-1.0671387,0.0028956532
2.7746468,1.0816913,0.8286024
-0.4197371,-1.6755728,-0.5121052
2.234427,-0.1477952,1.7768592
-1.9626156,-0.8776984,-0.2852925
-2.5098763,1.7189527,-0.7381457
-0.4801898,-1.6085765,-0.49971876
-2.3988004,2.7033877,-1.5818621
0.57647276,1.4263611,0.6890037
0.040408373,-2.1509376,-0.50774467
-1.1001381,-0.59643984,-0.06392938
1.8783984,-0.2814169,1.9137253
1.943584,-2.9365296,-0.047732472
-2.6488514,-2.5711265,-1.3146921
-2.4033618,2.4822302,-1.4633634
1.7550697,2.155511,0.43110824
-1.8220793,-2.0430317,-1.4234723
0.57889295,-0.029527903,1.5466616
-0.798975,0.8060796,-0.02430898
0.5364671,1.8305469,0.2542631
-1.6554962,2.6573334,-1.8814352
0.009586573,1.8820562,-0.29667184
-1.0620317,2.487998,-1.6672502
-1.3514471,-1.9450307,-1.3415992
-1.4749235,-0.6837783,-0.22021627
0.6700952,1.4354753,0.755969
1.9412203,-2.3092628,0.25901937
-0.07393074,-2.9052167,-1.0460565
-0.02929926,1.6909223,-0.1491323
2.4752054,2.1874328,0.039855838
2.4183145,1.1989393,1.0251918
-0.43550873,1.905467,-0.75032985
-2.4565477,1.4036341,-0.46632296
0.70400524,0.4061687,1.5659171
0.89573574,-0.67541957,1.5611138
-2.3738866,0.41365004,0.22117323
-2.6912231,-1.0463598,0.065427154
0.31467772,2.4356928,-0.4515181
2.9294767,2.5339723,-0.61048007
-2.6833487,-0.91903067,0.16421714
-1.4699306,1.3239689,-0.7505886
-1.0345949,-0.814517,-0.17343563
-2.649941,2.4003992,-1.2097459
-1.8471787,-2.6987596,-1.8655902
2.3547797,0.4268582,1.6183774
2.2945056,-0.23076487,1.7228465
-2.2070742,2.0483456,-1.2639171
0.06431222,0.3179226,1.0141548
-2.4433458,0.5691898,0.19946206
1.246027,-2.9375625,-0.0315336
-2.049038,-1.650449,-0.967374
-1.5288477,2.8003178,-1.941449
-1.3905323,-0.2688656,-0.019723475
0.4422059,1.2824011,0.71234834
2.0046916,-2.4527106,0.13537788
-1.2555957,1.5446129,-0.92455375
0.5533438,-1.3051933,0.7880261
2.3886638,-0.30783558,1.6367705
-0.18177891,2.8268366,-1.1316514
0.30977106,2.1251588,-0.22156075
0.22276402,-2.6304667,-0.6512681
-0.03832388,-1.3457798,0.18480799
1.8011103,1.7701511,0.7755578
1.6232777,-0.55127573,1.8504802
-1.6066968,2.368855,-1.7153578
2.8645859,1.2325821,0.60528076
1.7262149,-0.33276272,1.9330903
-0.46941018,-1.8704159,-0.7475171
2.6119075,0.17217565,1.490476
0.16134644,2.366281,-0.5535556
1.8957443,2.30545,0.2773372
-2.5472796,-1.2946787,-0.28731734
2.692872,-0.82911205,1.1093439
2.8280716,0.96753716,0.87573934
-2.2416363,-2.5499103,-1.6133033
-2.6851401,0.40082216,0.47997394
-0.87313414,0.76637363,-0.045915782
-1.8444382,2.9442677,-1.9433876
0.80154467,-0.37145185,1.6502328
1.3353982,2.9187522,-0.0028520823
-0.3822484,2.9178114,-1.3480728
2.1051455,-1.5437068,0.88768655
0.11368084,0.4663968,1.0066304
-0.8817351,1.7195101,-0.9200095
-2.5607123,-0.34838963,0.39116365
0.9534638,-1.6432071,0.743078
-2.826617,0.6396897,0.4924877
-0.010258913,1.3220515,0.23592885
0.4384997,-2.43076,-0.33323723
-1.6801447,-2.4174767,-1.7431128
0.9012604,-2.2637439,0.14530206
0.5831723,-2.2989097,-0.11478788
2.0076675,2.6267605,0.035704494
1.8763428,-1.3343668,1.1879157
-2.4278283,-0.35628366,0.28251565
-2.225946,-0.79836226,-0.095076144
-1.1010704,-1.5420324,-0.8629324
-2.1581988,2.5382419,-1.655822
0.9406135,-1.0711938,1.2869965
-1.9655693,1.8217759,-1.1714369
-2.2904243,-1.3863398,-0.5686386
0.87378573,2.9425602,-0.21349376
1.8105545,0.75820684,1.6974657
-0.8721671,-0.5295038,0.09733325
-2.9893694,0.021125793,0.8481408
0.4239943,1.2429113,0.73344576
1.5373917,-1.6112105,0.959039
2.3435144,-0.88973594,1.345633
0.28464603,-2.2261496,-0.32862157
2.082687,-2.0120194,0.4447743
-2.6824136,1.4430075,-0.315771
2.8700342,-0.2511716,1.236855
-1.9372076,-1.4974658,-0.8603543
-2.0477223,0.13946128,0.10188079
2.1530204,1.7117662,0.69473827
-0.666636,2.7552013,-1.5446208
1.8514047,-1.7562064,0.77653754
-2.1012726,1.224442,-0.52309537
2.269722,0.2867031,1.7247152
2.8451858,-1.5225395,0.34032378
0.90838695,0.6649139,1.5754826
2.420082,0.33707476,1.6042457
-2.1423788,1.7729454,-1.0418211
-0.66243887,2.454802,-1.3883266
0.91313624,1.4090567,0.9524601
1.6952701,0.5676048,1.8354542
-1.6018757,-2.2539268,-1.6307411
1.9090037,-2.511743,0.13523483
-0.98736143,1.4055243,-0.6700546
-1.6012652,-1.840491,-1.2659731
0.5868387,0.041478157,1.5528713
-2.389523,2.3094754,-1.3564634
-2.7533956,1.5058308,-0.31360042
0.99751234,-0.38111496,1.7683748
1.0218363,0.47278905,1.7433693
1.1536465,0.103200436,1.908927
-0.3934157,0.25894785,0.58331454
-2.1940062,2.6160884,-1.6770803
-2.4100108,-1.835383,-0.9295579
2.870696,2.6114955,-0.5951625
-2.6007905,0.14399576,0.47482663
0.9041791,2.8452406,-0.17049038
2.4365416,-1.2790747,0.9356743
2.2919264,1.8442144,0.48103598
-1.8915128,-1.6493239,-1.0274568
-0.9673157,-2.4580014,-1.5986748
-2.3985982,2.180674,-1.2492635
1.8818069,1.0370045,1.4608262
-2.8153176,2.9491448,-1.3020558
-2.7617607,1.2158995,-0.023270756
-2.0028038,-1.2656243,-0.60766983
2.4470959,-1.7842019,0.42820945
1.944562,2.4555283,0.15721387
2.0101366,-0.5947273,1.7333338
2.3018618,-1.7824098,0.5344258
-1.3991429,-2.2157764,-1.5864863
-1.6730618,-2.0082197,-1.4183823
-1.8430052,-1.2601719,-0.65752614
0.98987484,-2.4119978,0.09051275
1.1669579,2.8873854,-0.048303545
0.62251806,0.3466215,1.5236086
-2.307958,0.98975277,-0.19148296
0.26649785,-1.4758884,0.35812008
-1.5919225,0.0845561,-0.0033496022
-0.589941,2.0449028,-1.0128556
-0.46442747,-1.016726,0.078241915
0.14912295,2.4221072,-0.60357404
-2.6304574,-0.9326899,0.10650781
2.5607963,-1.1216058,0.9829265
-1.2765645,-2.2081482,-1.5520945
0.93735623,-2.973248,-0.17986745
2.0659318,1.3079844,1.1397014
1.208909,-1.9353858,0.57866454
2.1009588,-1.6447642,0.7888245
1.6940494,-1.2272004,1.329289
2.1967244,-2.2944465,0.14829528
0.6331749,-2.3060293,-0.079052806
1.9160967,-1.9586241,0.5627954
-1.3040224,2.9248047,-1.9412198
-1.6165338,0.17428446,-0.014103353
1.4325161,-1.1305486,1.4166181
0.7871547,-0.25010562,1.677234
-0.11249924,2.5078459,-0.9180765
-2.5305266,-1.7450255,-0.74709
0.9802916,1.2116256,1.1821578
1.9432597,-0.55893564,1.7792537
-0.34636354,-2.5488875,-1.1689122
0.68922234,1.9842067,0.2342025
1.3355417,1.3858976,1.156302
-2.962737,2.204894,-0.77035445
-0.4935856,1.3734722,-0.27774048
-1.112895,0.4888239,-0.0140964985
-1.5333552,0.9223516,-0.39535165
1.8336248,-2.2396731,0.34555376
2.9744625,2.891005,-0.8024137
0.4786799,-1.9324694,0.10676831
1.8671513,2.116517,0.43737304
-2.225646,-1.8995093,-1.1159647
0.52852106,-2.1680346,-0.058104217
-0.38799572,1.2363553,-0.050092638
-1.85028,1.9661117,-1.3462973
0.61512804,-0.81710863,1.2613955
0.95497656,0.8402343,1.4835886
-0.14489985,-2.614893,-1.0088642
1.273931,-0.3368764,1.9000499
1.4403267,2.6469083,0.111382306
2.7211256,2.803175,-0.53509426
0.17390537,-0.9552746,0.7504147
0.10688448,1.1084495,0.5527309
-0.042939186,2.7668219,-0.9735176
0.41400957,1.1125798,0.8446326
-1.9452549,0.5499408,-0.07815033
-0.36926746,-2.41741,-1.1099735
-2.5368972,0.86245394,0.08206421
-2.1042874,0.8009305,-0.16499805
-2.5553634,-1.6899058,-0.6720518
2.2247982,1.4979954,0.86639225
-1.7241,-1.956944,-1.3648945
-0.24210477,2.8720326,-1.2036347
0.3207264,-0.15096712,1.3038821
2.6496496,2.0424948,0.017939478
1.3615198,-0.787735,1.6836339
-2.1363995,-1.5239139,-0.7974002
2.934227,2.1824546,-0.3683431
-2.84156,1.8214216,-0.5435613
0.39005327,2.9456978,-0.6006362
2.7411156,0.8818865,1.0255537
2.601756,-1.2594466,0.82033956
-0.6953225,-1.7617096,-0.8303887
-2.0020847,-2.8626413,-1.8697727
1.3173022,0.19011426,1.9500247
2.3125868,2.8719516,-0.22660649
-1.5992993,-0.99443436,-0.45461655
-0.4747243,-0.57901955,0.3799063
-1.8244565,2.113091,-1.4841032
1.1456618,2.6686354,0.020758212
0.6385503,0.8149786,1.2819159
1.4870806,0.23827028,1.9682455
-1.0292941,2.933692,-1.8354018
-2.895931,2.5124798,-1.051748
-1.2633877,-1.9089496,-1.2848665
-2.3462484,-2.093039,-1.2129298
-0.7227287,-0.68824244,0.11092991
1.0902619,1.1888814,1.2594461
-2.495797,-1.8359241,-0.86386675
-0.14003468,-1.284222,0.14309046
-2.9351406,0.24903846,0.7641613
-2.1259482,-0.7579627,-0.12358236
-2.1004162,2.012599,-1.290569
-1.021456,1.9002695,-1.1764138
-1.5200336,2.0660233,-1.4739432
0.46177268,1.5956764,0.42065832
1.8339128,-1.735627,0.8014988
2.262083,-2.3089547,0.09749955
0.9452324,-2.015872,0.3801068
-0.019851208,-0.3839898,0.9073275
-0.53461075,2.3580532,-1.217926
2.0370083,-0.666142,1.6794891
-1.7181913,2.760561,-1.9174385
2.1684275,2.2390356,0.20706588
-2.8884363,-2.847314,-1.2074726
-2.2391114,1.3853683,-0.6004997
0.7957928,-1.2654247,1.0150661
-1.2356093,-2.861829,-1.9054695
0.55971265,1.0514793,1.02723
2.6139011,-1.0307808,1.0176895
1.3701944,-2.6653643,0.091216564
2.936307,-2.111231,-0.31066197
-1.270708,2.2072716,-1.549675
-1.4325907,-0.71868396,-0.23779196
-0.38091445,2.351378,-1.0754623
-0.6041994,-1.0410469,-0.06278628
-1.3196093,2.9306355,-1.946449
-0.1862588,-0.7509165,0.54588014
2.71026,2.8395157,-0.53663886
-1.6444731,1.1637087,-0.6013504
1.6847486,-2.254178,0.36209553
1.3936372,1.3109322,1.2412976
1.7373538,1.2596898,1.2922735
0.8093438,-2.5185022,-0.08824438
-1.1082451,-2.5937068,-1.7485447
1.2381406,0.174021,1.9300749
-1.412987,1.6249743,-1.0417254
-1.8414516,2.5561476,-1.7970622
2.8043852,-0.8317647,1.0044256
2.4866629,-2.809371,-0.33621657
-2.16811,1.3703837,-0.62777585
2.4367604,0.20918846,1.6261058
0.62207985,0.07650852,1.5798013
0.76898,1.8940167,0.37778077
2.8915997,0.358243,1.1839114
-0.15752363,2.6005516,-1.014046
-0.9541447,2.30307,-1.4843817
1.883327,0.7681539,1.6707531
-0.7749417,2.234675,-1.3158507
-0.7201848,0.9604676,-0.08638674
-1.2097657,-2.8470392,-1.8924651
2.9528666,2.6927347,-0.7133355
1.4314818,0.09138775,1.9861385
-0.48633313,-0.37063217,0.46471122
-0.05985117,2.472321,-0.8440892
0.20996332,2.6166887,-0.65694803
-1.7783893,-2.3738415,-1.6980042
0.85177374,1.1817861,1.1317227
-2.3283854,-1.6491777,-0.804796
-0.13987541,-0.77086735,0.5778869
-0.56290483,0.6445427,0.2657295
-1.2249495,-1.1133474,-0.49912798
2.7746654,-1.2664404,0.6584277
0.8401809,1.4936075,0.82187605
1.4451952,-0.7214098,1.7429979
-1.9747678,1.1329999,-0.4955624
0.47812033,2.8765154,-0.50496113
0.8039255,0.72778344,1.4667362
1.5573568,0.69767904,1.766245
-0.8852327,2.631977,-1.6469945
-0.58912826,-1.1279082,-0.12708578
-2.4356742,0.00433445,0.3512575
1.8233309,-2.776792,0.03408736
2.0026703,-1.2772468,1.1975347
1.4072652,-0.23501968,1.9591683
1.5246477,2.7206435,0.086233854
1.7968493,1.6948171,0.8508556
2.827814,-0.55714893,1.157421
0.9824667,-0.81617117,1.5168844
1.0829506,0.7345326,1.6254888
0.94360447,-1.3027267,1.0745492
-1.6941622,-0.4384842,-0.08700377
0.7526932,0.794358,1.3843498
0.90387535,-0.92977333,1.3837457
-2.3878584,2.1959114,-1.269557
-0.8878677,1.1879015,-0.40212062
-1.8509835,-0.31154156,-0.009141564
-1.9168772,-0.5237899,-0.07477951
2.0848246,0.29827237,1.8266165
2.3600588,1.5686102,0.7065551
-0.41355944,0.84094095,0.26489064
0.9195204,-0.8179085,1.4790599
-0.70261335,1.0459018,-0.14509255
0.636055,-0.12742424,1.585919
-0.50222063,-2.1894014,-1.0612724
-1.5606433,-2.3647678,-1.7130914
-1.2622072,0.022453308,0.04698491
2.9799366,2.5959644,-0.6938485
0.5056937,-1.1661787,0.8780817
-1.6405671,1.8826084,-1.3043509
0.3405497,-0.8910105,0.96263176
-2.9929638,1.7935581,-0.36900628
0.026463509,-0.6723161,0.8088417
2.30296,-1.2438104,1.06492
0.3460269,0.879668,0.9765699
0.71478033,1.5871782,0.6390704
-2.8259072,-2.286487,-0.966607
-0.5642662,-0.21886969,0.44134754
1.7702513,0.62265515,1.7925076
-2.1996083,0.5396011,0.049186885
-1.4034262,2.9245996,-1.9625756
2.0274167,-2.6298165,0.02567172
0.861536,2.560131,-0.07681692
1.40242,1.5512962,1.005357
-2.7975512,-2.8289232,-1.2888104
1.909348,-1.155938,1.3462969
-0.6543379,1.0422034,-0.10431522
0.63049746,-2.2581933,-0.044980824
2.4249039,2.805293,-0.2870906
-2.76468,-1.1286188,0.05985686
0.858336,1.1499166,1.1653193
-2.712069,0.57903886,0.42055124
2.221016,-1.1678835,1.1880505
0.88089466,-2.823257,-0.17844903
0.33380842,0.21936822,1.3036788
-1.2018346,-2.4513166,-1.7037725
1.1311059,-0.65524507,1.697782
-1.5571632,0.6307826,-0.19234091
0.57347274,-1.0505165,1.0396755
2.51935,1.7131376,0.44099778
-2.2518063,-2.6953082,-1.6789943
-0.855973,-2.3683224,-1.4708394
0.70070386,1.5977421,0.61781335
0.52073526,-1.5623295,0.5059848
0.041255474,2.463798,-0.73771375
2.5809598,-0.6067934,1.353203
-0.77959085,-0.53715706,0.15617836
0.77385616,2.86067,-0.26190162
1.58989,-0.33266735,1.9449923
-0.5816753,-2.4053879,-1.2904468
1.9602981,-1.2497345,1.2406726
1.9592991,0.9335396,1.5204701
1.3358989,2.043109,0.5175913
-0.73190355,2.5295591,-1.4867682
2.6058288,-1.1013293,0.9629091
-1.733467,0.4415269,-0.08269805
0.927197,2.1854744,0.2232455
0.60237074,-1.2273173,0.9033624
2.1174822,0.20057416,1.8342044
-2.4589949,-1.4538882,-0.51416886
0.52300787,0.42747498,1.4095037
-1.7276713,2.9185572,-1.962951
1.590095,2.5349817,0.17822897
1.0301805,-1.9729958,0.46594867
-2.3336549,1.472405,-0.62463105
-0.18781972,2.8225374,-1.1362497
0.8392031,-0.5311024,1.6063602
1.2779708,1.0648036,1.4421082
2.6689124,-2.6939936,-0.44621456
1.3472753,1.6668124,0.87925434
0.5721302,-0.56200695,1.3876116
1.6003027,2.7554235,0.07320595
-2.8387349,2.1013174,-0.804232
2.000184,-1.7244959,0.7561257
-0.35272264,-1.326652,-0.103728056
1.6978908,-2.3590012,0.28284574
0.8590889,-2.7715037,-0.1750474
-0.15820599,-2.7218132,-1.0707257
2.111731,1.4522772,0.9754696
-1.7488718,1.9894013,-1.3906727
0.8460045,-1.9033481,0.4221814
1.3151269,2.0996628,0.46293926
-1.0676465,-0.9411683,-0.287224
1.0868006,0.8951011,1.5105827
-2.9674537,2.5127783,-0.98198557
-1.515206,2.3275747,-1.685038
1.4586153,-2.3911657,0.26231647
1.5462589,1.1807594,1.3799216
-2.7536926,-1.5068135,-0.31430614
1.0382042,-2.5760107,0.01721692
0.28208542,-0.132931,1.269537
2.9284344,-0.6718831,0.9941986
-2.9261546,0.62977123,0.59438694
-0.7150054,0.33842373,0.28765768
-1.6990142,1.7366815,-1.1569167
-1.8254353,1.547492,-0.9444521
-0.4899807,-2.689637,-1.3702036
-2.7572274,-2.6216726,-1.2428297
2.350357,-1.8957474,0.39195997
-1.0614023,1.5449018,-0.8471486
1.0511761,2.7705112,-0.06392795
-1.7652894,-1.7561016,-1.1653924
0.016176224,0.56213856,0.8622927
-2.1252995,0.16744995,0.13585085
2.4146466,1.1195812,1.1006501
2.5301304,1.1587915,0.9745126
2.3618708,0.46744323,1.5958049
-1.0502225,1.9957833,-1.2798429
1.8671613,-0.9972596,1.4990106
-2.5065079,2.8639083,-1.5549386
1.3765216,-0.08474064,1.9775996
-0.37030077,-2.7189438,-1.2739015
-2.4860215,1.4619665,-0.500997
-2.4076533,2.1120377,-1.1850002
-2.8073654,2.0114164,-0.7545397
0.56217337,0.3298149,1.4791286
-1.085063,1.014987,-0.35670185
-1.3816906,0.9310632,-0.38519132
2.8560138,-1.2809547,0.56751335
-0.9140277,-0.12001419,0.20083761
1.0118918,0.07081652,1.84533
-0.52812815,-1.6611282,-0.59412646
1.8092375,-1.1191474,1.4081571
0.895247,-1.195221,1.1471715
1.8997784,-0.4924302,1.8275583
0.7833557,-1.9739939,0.31329957
-0.65750504,1.7399912,-0.77953273
2.6514897,-0.07566309,1.4678556
-0.21387362,2.3075686,-0.88414764
-1.7959303,-1.925963,-1.322511
0.9335766,0.83310056,1.4763376
-0.36403847,-0.98394775,0.19768867
-2.2248938,1.5895209,-0.8123209
0.39244413,-1.1996108,0.7451683
-0.6970475,-1.4878364,-0.55909187
-1.1946949,0.2384572,0.04159987
-1.4317982,-1.7202365,-1.1392399
-1.2766807,2.0702553,-1.4360095
-1.2148876,-0.113016844,0.05629015
0.29477644,1.6815786,0.17997009
2.8982043,-0.8803458,0.87787706
-1.7584054,-0.7384982,-0.24297261
-1.3995595,-2.8374476,-1.9394782
-2.0110407,0.8383577,-0.23596269
-0.113836765,1.0232196,0.40702873
0.21034169,1.9696093,-0.17953064
-2.0591803,0.3975985,0.03890127
1.3703089,-0.286932,1.9390863
-2.6906023,-0.40308142,0.48399958
2.7766876,1.2234974,0.69721985
0.56456494,2.8694534,-0.42814982
-0.30235624,0.1928339,0.6836947
-1.0741972,-2.5309248,-1.6984732
1.3469996,-2.677941,0.0806365
2.1907015,1.1485705,1.2237253
-1.9622651,2.6705394,-1.8154404
-0.75197315,-1.5856605,-0.69794476
2.2084675,1.5121994,0.8620478
-0.5622206,2.5108576,-1.3406606
-2.2090209,2.6258693,-1.6730909
-0.9640975,1.9059668,-1.1504648
0.10362911,-1.9465145,-0.26349694
-0.56006,2.1045113,-1.0399722
-2.0558877,0.10541725,0.10981637
-1.8794764,-1.800902,-1.1808158
0.8111663,-2.9780903,-0.26157242
2.0584202,-1.1780641,1.2661628
2.7291632,2.4958038,-0.397789
-0.33908796,2.9975047,-1.3222644
1.1542597,2.203731,0.32298213
-2.3826632,-2.1204119,-1.2105045
1.5986013,1.730237,0.8408475
2.8666544,1.6584821,0.18391408
1.5622354,2.7073956,0.09275526
-1.1861418,-1.7654339,-1.1203392
2.4459572,2.4848766,-0.15112805
-2.8412328,-0.39206815,0.6282568
-0.35999012,1.1984792,0.011509806
-0.7433274,-2.5643077,-1.5146888
-2.9923992,-0.4648738,0.7452376
-1.7114275,-1.8984339,-1.311935
-2.1857576,-0.85320497,-0.15922385
0.8063128,-0.3110199,1.6737618
-0.24954128,-1.0748241,0.2289275
1.377821,1.3310885,1.2188568
-0.67486334,2.780013,-1.5601299
2.47464,0.69667983,1.3855715
0.3398044,-1.3231448,0.57843053
2.4868255,-0.66922474,1.3932774
2.4361448,-0.9283266,1.2475494
-2.5441554,0.22251844,0.41281927
-2.0147128,-0.26695824,0.061501265
1.8069801,1.7543564,0.78970706
2.8343158,0.22961998,1.2762172
-2.5605445,-2.6904266,-1.4488397
0.043907642,-1.0732116,0.5211981
-1.1533831,-1.4532591,-0.7968739
2.8243885,1.0538855,0.80610836
2.4921713,2.6891685,-0.29466438
2.1834078,2.43814,0.055535913
1.6144309,0.71007013,1.7573643
-0.28140306,-1.9368149,-0.6356044
2.7682137,-0.10275149,1.3594893
-1.4038503,0.4684887,-0.09384513
0.14827251,0.060323954,1.1459109
-0.7893512,1.6544437,-0.7934464
-2.1885173,1.4485722,-0.69328046
-1.4216598,-0.9217162,-0.3844459
0.7273798,-1.1117438,1.1080137
-0.26766348,0.34901762,0.67523026
-1.987352,0.28745747,0.044479847
-0.3813939,0.06112671,0.6259178
0.5181179,-2.8925664,-0.47390693
-2.0989542,-2.8147626,-1.8108017
1.8118076,2.69936,0.06729871
-2.5505638,2.9272223,-1.5343261
0.028702259,-2.6296413,-0.8430919
-2.454069,-2.1016738,-1.1409156
-2.7052636,-0.4361093,0.4837867
-0.3726647,-1.6980997,-0.49105835
2.7227254,-2.941369,-0.5732962
2.83603,0.9284396,0.8999139
1.0782261,-1.9191252,0.5397928
2.3252969,0.96221304,1.3003194
-1.6399462,-1.9378982,-1.356522
1.6889787,-0.15663314,1.9807827
1.8304958,-0.95264244,1.5459988
-2.8670998,-0.5679369,0.57195365
-2.298994,-1.2991204,-0.47802883
1.2960663,-2.514179,0.15294999
0.2772181,2.4298334,-0.48353294
-2.0306401,-0.24985266,0.07282698
-2.3673682,-1.6156161,-0.7439665
2.1681876,2.8020449,-0.116099596
0.32772398,0.38294935,1.2494557
-0.0066394806,-0.70686054,0.7537651
-2.900145,0.8716178,0.4044807
2.6321793,-0.18345213,1.470885
-1.9831796,0.7523155,-0.18605965
1.3367624,2.5190973,0.16031283
-0.36073017,1.1080561,0.09344435
0.09775734,2.1146421,-0.41982907
1.473031,1.5863247,0.97969705
-0.79916763,-1.2081839,-0.36205795
-0.84163785,-0.24669027,0.22399062
2.3915515,-0.56539726,1.5260447
-2.2988405,2.982338,-1.7338231
1.3350258,-1.1365592,1.393053
-0.7742121,2.1445699,-1.2419581
-1.0023948,-0.86853933,-0.1968202
2.0082512,2.5089707,0.09935278
0.506475,1.2794647,0.77232575
-2.793045,1.6537933,-0.42443487
2.680869,-2.1453013,-0.09882304
-1.4886088,-0.08883405,-0.00056767464
2.5934563,2.7965446,-0.41996163
-0.9415326,-2.3824906,-1.5339154
2.925117,-0.65580463,1.0073464
0.885005,-2.9580116,-0.2092781
-0.14492369,-2.7723947,-1.077034
1.1451993,2.2120132,0.31262136
-0.09329128,-1.771368,-0.2923856
-1.4879512,0.28584766,-0.037147284
1.6410275,-2.5577784,0.16316855
1.9458594,-2.2716117,0.28564346
-0.37583613,2.7080765,-1.2745448
2.8218594,0.58683634,1.1470101
0.19051766,-0.8229425,0.8694341
-1.5865635,-0.79587317,-0.30021453
-1.6348479,2.89438,-1.9675477
2.0184875,2.1377816,0.36435747
-1.2152624,2.1235905,-1.462528
1.8948221,2.6982527,0.044637322
-2.9141808,0.11365342,0.76809156
0.1033411,0.44747186,1.0047011
-2.0728369,0.17551756,0.108033836
1.0641699,-1.1989442,1.237728
2.4363675,-2.6040425,-0.21076041
1.1805358,2.677269,0.030685365
-1.03148,2.4896135,-1.6529444
-2.814332,0.28138018,0.63922286
-1.4214005,-1.0657625,-0.5050242
-1.7694504,2.6066084,-1.8406098
2.8647523,-1.3338068,0.5080951
-1.6129893,-0.11393452,-0.0055934787
1.1599603,-1.0285907,1.4328139
2.4082975,-1.750239,0.4908402
1.0815535,-2.287307,0.22593153
-2.6325169,2.9277773,-1.4645989
-0.3407874,2.6337776,-1.2080384
-0.8903942,1.474647,-0.6813186
1.9329367,-1.102364,1.3866287
-0.28141212,-0.9798553,0.27943024
-0.15823364,1.7578764,-0.34356487
2.6687136,2.2748227,-0.19184071
0.713886,2.9990726,-0.33508533
1.3906636,1.4018068,1.1520063
-0.96572757,-1.142154,-0.40682662
1.9619217,-1.313319,1.1791224
0.43134308,2.857861,-0.54192626
-0.6026201,-2.1155667,-1.0850248
0.5781398,-2.525114,-0.26945245
-2.3614345,-0.31182957,0.24838203
0.11031008,-0.49059248,0.99214035
1.3758392,1.4937587,1.0580175
-2.8091576,-2.0389366,-0.77757317
-1.5935401,-0.683064,-0.22409892
1.8795643,-2.3205233,0.2712698
0.06803417,2.0467825,-0.39023352
-0.10218668,0.68159866,0.67455757
0.30614614,-1.4983882,0.37373114
-1.3464589,-0.8068664,-0.28317708
2.4807682,1.8907313,0.29926312
-0.29745817,2.3789482,-1.0161027
-1.0923296,-2.7595935,-1.8156232
1.5791693,-1.7445606,0.8270738
-2.4970436,0.5151036,0.2694037
-0.55336046,0.75973225,0.1994713
0.30236506,-1.9018643,-0.02727437
-0.9310274,1.145546,-0.3896849
1.6327634,0.14222622,1.9879836
-2.5619974,-1.6652477,-0.6419963
-0.8648808,-2.2945385,-1.4232113
-1.2608936,-0.02921009,0.047210157
2.7759995,0.9355116,0.95091
1.1972556,1.3677421,1.132703
-2.2378886,1.1295614,-0.3585676
1.162694,2.1096845,0.40469354
-0.06362128,2.675871,-0.9570761
2.7462783,-1.8070589,0.15102763
1.6555934,-1.0645005,1.481348
-1.752083,-2.5193157,-1.796166
2.6741695,2.3340898,-0.24071762
-0.53656626,-2.8553503,-1.4704994
-0.68312836,-1.451688,-0.5123956
0.89708304,-2.7168932,-0.12965226
2.9805326,-0.4680295,1.0528235
0.9051869,-1.1800711,1.1673996
-2.8945906,1.7590213,-0.43161356
-0.9576752,-2.4273639,-1.5734546
2.79356,1.806036,0.10797298
-1.0573586,-1.1229154,-0.43800467
-1.4432845,0.5747957,-0.152578
-2.3912606,-1.928892,-1.032373
-1.6560398,0.82587194,-0.31845272
-1.6402355,2.3502812,-1.7005032
0.716481,1.0214524,1.1788628
1.1985765,0.90967226,1.5455267
2.8631253,-0.78138757,0.9848193
1.9688053,-2.8267555,-0.029012322
0.044327974,0.8646419,0.69322604
1.6178875,2.141883,0.45834488
1.7147617,1.6875529,0.87316334
-2.587575,2.5787525,-1.3718512
1.5137854,-1.5841852,0.9849868
-2.0522022,1.7135763,-1.0286403
2.3166504,2.0556417,0.26843706
-1.30483,2.2230926,-1.5718517
0.62246346,-1.5396724,0.61415726
-0.03192115,2.2299137,-0.6443351
1.39183,-2.6033087,0.12543851
0.46662068,-1.6075319,0.41314352
-2.176185,1.5688767,-0.82036144
1.215272,2.3717575,0.21943867
1.7696891,1.9798632,0.58253264
-1.562293,-0.7858968,-0.2932098
-1.94612,-2.2525992,-1.5605829
-2.0428028,1.8476315,-1.1639705
-1.459666,-1.496497,-0.9196004
-0.37822795,2.0855865,-0.8616265
0.22431135,-0.028205395,1.2220373
-0.02115941,1.2090669,0.33273447
-0.7934675,0.540571,0.14462537
1.8616748,-0.39867926,1.8795669
0.15854216,-1.2756261,0.44878158
-1.7419578,-0.6378217,-0.18199289
-0.7939501,-0.79270077,-0.011203706
-1.7638046,-2.464978,-1.7611287
-1.05836,1.0189142,-0.34726167
-2.829914,1.1847315,0.06988907
0.5241909,-2.9960628,-0.48891646
-2.3245103,-1.4362822,-0.5950433
1.1602964,-2.3836355,0.19067955
2.0551195,-0.026945114,1.8846273
-2.231783,-1.6769925,-0.89538366
-1.5831943,2.3894439,-1.7301457
-2.3704097,-2.2878318,-1.354137
0.800612,-1.0081437,1.2512141
0.5804851,2.6493626,-0.33285147
-1.5484428,0.1181345,-0.006719947
1.8122425,2.4049592,0.23025882
1.2448406,-1.4232141,1.0943923
-2.7106154,2.5943298,-1.2717109
-0.16318488,-2.0313048,-0.6068653
-1.2914679,-1.1926636,-0.592055
-0.52017045,-2.642267,-1.3749337
1.6704144,2.8413858,0.039766848
-0.32268095,1.143856,0.09697741
-2.083541,-0.97643185,-0.311419
2.1103039,0.33866787,1.8011599
-2.742137,-0.07666254,0.60814595
-1.0302991,-2.1826909,-1.4318721
1.1559405,-1.9833019,0.5142685
2.651667,1.2339501,0.80107236
2.9116278,2.1769543,-0.3417708
-0.7047608,0.06339502,0.35013956
1.00109,2.9001455,-0.12893355
-2.634694,-0.18876219,0.49676913
-0.58374095,1.8031931,-0.78145975
-0.93316936,1.1539168,-0.3986015
0.8516214,2.9810848,-0.23479676
-1.9656075,1.2618289,-0.61899406
0.64814186,-1.9139653,0.2672331
1.5499048,1.9677706,0.61315215
2.3380418,-1.4320049,0.8581717
-0.5072627,-2.3953257,-1.2200148
2.740819,-2.416505,-0.35831052
-2.8344178,2.9783125,-1.2890663
-0.85012245,0.7065139,0.009268463
1.1373444,1.2483635,1.2243962
0.7692795,-1.2928283,0.97002006
1.4128127,-2.4063013,0.24591118
-1.9907255,0.83869815,-0.24468613
1.8471975,-2.4593704,0.18587035
-2.8155737,0.63196087,0.48659647
-2.0570347,-0.39779902,0.03781897
-0.20402455,0.29762864,0.75342256
-2.9145207,1.9026341,-0.5509067
-2.8515866,-2.7079577,-1.1934025
-2.6631975,1.300046,-0.19290054
2.4119663,-1.3604658,0.8753744
0.65806484,-0.5655961,1.4558562
-0.9572139,-1.5472026,-0.7939989
-0.1232965,-1.0018476,0.4157623
-2.6148558,1.1403828,-0.08546856
-2.8333519,1.4892101,-0.2218871
-2.0921373,-2.40796,-1.609899
-2.9023154,0.50311756,0.63908315
1.9737377,-0.0041105747,1.919903
-1.049793,1.9878654,-1.2724028
-0.8098326,-0.011602879,0.275761
-2.583437,2.7827654,-1.465932
0.49686313,2.3876095,-0.25229764
-0.45010257,-2.6857042,-1.3329282
-2.0423632,2.4068546,-1.632864
1.923482,0.22300887,1.9136848
2.528729,-0.29771304,1.5312221
-2.138338,-1.8278532,-1.0974602
1.6997409,-1.8663661,0.7004131
-0.48713064,0.8831568,0.16662267
-0.028323174,-1.1802936,0.352334
1.2769456,1.0843086,1.4246597
-0.5469532,-0.39647102,0.40234214
2.5489302,-0.7029948,1.3214808
1.8457975,1.8016067,0.73365843
-1.9473957,-2.14917,-1.4765835
-1.8256874,-1.0400981,-0.46155506
-2.9724002,2.0741353,-0.6507395
0.96049786,1.6103082,0.7799755
-2.2565603,2.9231215,-1.7501655
-2.5145369,2.2557597,-1.2194078
-1.9229014,-2.012786,-1.3663875
-2.9660153,1.7159214,-0.31929278
-2.4427292,0.24940586,0.32571125
2.6758947,2.115048,-0.06873146
1.6757565,-0.7220702,1.7449358
2.6580782,1.5935822,0.4421098
-1.4552432,-0.699389,-0.22809547
-1.2304544,1.3468895,-0.7206
-1.0526036,-1.483213,-0.78124434
0.058591604,1.4925289,0.13674562
-2.1532965,1.7622509,-1.025377
0.43980598,2.2803988,-0.22576836
-1.9226965,-1.6035204,-0.9714377
0.47406054,-1.6336005,0.39373994
2.7479925,1.0189924,0.90774
0.5066972,-1.9813288,0.086194426
2.1883326,-1.803934,0.5842761
-2.1366272,0.37783527,0.08532196
-0.42337132,2.829667,-1.3625808
-1.8524355,-2.125904,-1.4876361
-0.33284068,-0.52151084,0.54033834
-1.1933906,-2.2079725,-1.5245519
-1.7033651,-0.3191781,-0.041731954
-2.897822,2.6532755,-1.1244872
-1.1123786,-2.300944,-1.5637336
0.40175533,2.0203862,-0.043561697
-0.52776146,1.6411824,-0.57392865
-2.7940354,0.39320087,0.5830853
2.2535353,1.974174,0.38332036
2.2244606,1.4820495,0.88249135
-1.8087037,0.9513037,-0.39121115
0.30496573,0.42456532,1.2114784
1.9920268,-1.9509484,0.5415249
-2.8489447,-2.8492045,-1.2460469
-2.6508002,2.0103703,-0.89687884
1.6645961,-1.0960107,1.4527519
-0.05941844,-2.7139988,-0.9693496
0.95531416,-0.98045063,1.3731434
-1.2475648,-2.1122725,-1.4636154
0.5439315,2.4456158,-0.24992365
1.9897223,2.2159185,0.3122303
-0.7339425,-2.6703365,-1.560801
-0.9690163,1.2184844,-0.4792606
-2.8565674,-1.2242203,0.058497757
-0.46292496,2.8673825,-1.4092065
1.9009967,0.2828989,1.9062276
-2.8352065,-0.18414831,0.6814775
-0.23174,1.1805696,0.1507267
2.1868043,-2.5730896,-0.026516318
-0.8562441,-1.1899188,-0.3836514
-1.108405,2.4778924,-1.6827064
-0.90489507,2.570016,-1.6274095
-1.2154713,-0.52809143,-0.07376307
0.35905886,2.2574654,-0.2825714
-2.888412,-2.46201,-1.0283195
1.1464114,-2.3641913,0.1985535
-0.75766754,-0.60880375,0.13310379
-0.38195562,-2.8083515,-1.317723
-0.20240736,2.579465,-1.0471511
1.6759033,-0.4403491,1.8990842
-1.8634937,-1.5986545,-0.98532367
-2.7299514,0.91871786,0.20672569
-2.1700478,-0.5067506,0.04856813
-2.2007713,1.7645946,-1.0006297
-1.4606055,1.7212415,-1.1438134
2.3694468,-2.2121859,0.09936482
-2.3208454,0.6650884,0.055206776
-1.7634838,-0.6026194,-0.15763944
-2.445611,1.4751225,-0.5456111
-1.5070889,-2.087265,-1.4917839
-0.084219456,0.04856491,0.91470104
-1.829297,0.90607643,-0.34993565
0.031710148,-2.3832278,-0.6942567
1.0138168,0.9234772,1.4519057
-0.51041555,-1.1511644,-0.081115544
1.2943797,1.1132002,1.4038324
0.6884029,-1.2725984,0.9291028
2.8980236,-0.65156794,1.0363019
-0.15316105,-2.871947,-1.1164284
2.600278,-0.40765214,1.4333174
2.2454782,2.2591043,0.14567447
1.4341459,1.05688,1.4822693
1.6978006,-2.2569761,0.35835958
-2.0091054,-2.498795,-1.7058926
-2.009237,2.2724924,-1.5509287
1.2811298,-1.2905756,1.2349069
1.089304,-2.3861146,0.15836096
2.7073069,-1.2288462,0.75608754
-0.3906021,1.5749941,-0.384943
-0.55148697,0.3641162,0.41048455
2.0566106,-1.5336109,0.92147183
0.0968864,1.487205,0.18022887
2.8164673,2.993021,-0.6695559
-1.5302199,0.67489576,-0.21840477
-0.98430586,-2.2498002,-1.4609063
0.12962389,-0.8200574,0.81144047
1.6000333,-2.9866385,0.011554003
-2.6300032,2.5601177,-1.3252172
-0.83974814,-1.9632922,-1.1269708
2.1787176,-0.086464405,1.8171014
0.6246643,-1.7614535,0.39532077
2.120936,-0.10569334,1.8468711
-1.0162046,-2.1210022,-1.3729782
-1.8911458,-2.3699112,-1.6658645
-2.0481243,-2.1627567,-1.4462144
-1.6866914,1.2772636,-0.70395607
-2.2545233,-2.9999866,-1.7652144
1.4867082,2.4997644,0.19546407
0.80635643,1.2936034,0.9954269
-1.9194732,1.608563,-0.9775832
2.7497902,2.8064785,-0.5625179
0.85409737,0.22227669,1.7293763
1.1164718,-0.76413345,1.6205399
-1.2640593,-2.76623,-1.8836987
2.0770135,-1.7825782,0.66438264
-2.1161664,-2.050126,-1.3161199
2.186781,-2.7483568,-0.10746902
-1.630242,-1.2434492,-0.6767014
1.2742081,-0.061735153,1.9544342
-1.0852919,-0.091902256,0.111340284
1.9490075,0.46703577,1.8222334
-2.5160136,-2.0623455,-1.057559
-0.58493614,1.7810373,-0.7608417
-0.8097489,-2.787578,-1.6621026
-1.7939161,1.0248642,-0.45599693
-1.4735824,-1.1930197,-0.6264237
-0.84181523,2.5656981,-1.584559
0.3110671,-1.5755457,0.30132538
2.129418,2.7985835,-0.09376037
-0.4929819,-2.1837597,-1.0485487
2.9406018,-1.9842825,-0.20216385
-1.4276104,-0.30782318,-0.03677106
-1.5444446,-2.0878515,-1.4939752
-0.15648794,0.30477905,0.7980632
-0.54310036,-2.1442914,-1.059364
0.952898,-0.31623125,1.765512
2.7719584,-0.38425493,1.2883525
1.0271702,-1.0621483,1.3428355
-2.5103083,0.4870777,0.2935223
-1.0249761,-1.7044766,-0.9879843
-0.5959933,1.7506008,-0.74016833
-2.7317896,-0.8554766,0.2574301
0.9275646,-1.7100577,0.6613499
2.6187172,-0.87728643,1.1386137
1.4899611,1.0975347,1.4525265
-0.059404135,-1.7124681,-0.20056759
-0.22839403,-2.800075,-1.1686611
-1.404881,-0.67853737,-0.20777607
-0.33328056,-2.0339603,-0.77392584
2.6311107,2.933114,-0.4897491
-1.5423671,-1.0530728,-0.5046927
0.4799571,0.757895,1.1880257
-2.2011645,-1.41366,-0.6513201
-0.820385,0.07380867,0.26586896
0.17372036,-0.66034317,0.9626297
-2.265298,-0.43746376,0.13745624
0.81509686,2.4854345,-0.06454986
-2.5761714,1.2613854,-0.23127401
-1.225512,-1.5210106,-0.89121413
2.0876942,1.5518341,0.88831747
2.8141623,-1.9313765,-0.031206101
-0.23455238,2.3084283,-0.90494496
-2.1442256,-2.649558,-1.721419
-2.4632192,-2.923479,-1.6038349
-0.7372563,2.9440331,-1.6528077
-1.5309241,1.6388984,-1.0672547
2.3847332,0.10548496,1.6810833
-2.1386068,-2.3198857,-1.5240527
1.8058004,1.8498278,0.6970887
0.5703871,-1.2171364,0.8862915
-0.91245604,0.83965826,-0.12329143
2.4454417,0.523731,1.5072283
1.6694679,1.9278221,0.6456468
-0.10492611,-0.7078333,0.6550387
-2.033334,2.9986172,-1.8847194
-0.8829768,-2.176475,-1.3419523
0.9672818,-1.3591475,1.0334183
2.59941,2.954475,-0.46653765
-1.012374,-2.6475716,-1.7285254
-1.2467494,-0.9144006,-0.3376891
-2.9311523,0.9373503,0.38303524
1.8439317,1.1999707,1.3253149
2.9280777,-0.9576187,0.78736544
2.0654364,-2.353973,0.17460549
-1.6716346,2.5353093,-1.8166916
2.1491342,-2.3024797,0.1692493
-0.90950537,2.855606,-1.7485838
1.5684571,0.22455978,1.9748895
1.7541461,-1.7146397,0.83989066
-2.4458842,0.42091274,0.271787
0.74240494,-0.10085964,1.67098
1.1976686,-2.4970226,0.13183355
-1.8035034,2.6028657,-1.8314083
2.7736473,-1.7520397,0.17944638
2.3420262,-0.53628254,1.576668
2.5072951,-1.6070073,0.5564088
-0.027063131,0.6601045,0.7628683
-1.6051158,-2.0111542,-1.4256744
-1.6394373,2.5715594,-1.8395282
1.0603423,-0.7961211,1.5720067
-0.5960059,2.7995658,-1.5034183
2.3844538,0.013011217,1.6867602
2.512514,-0.48295426,1.4740268
0.2315073,-2.6916466,-0.6710257
-2.4560544,1.8833475,-0.9405769
1.1907911,-0.019261122,1.9284773
2.6846852,-2.385487,-0.28633854
-0.7535083,1.4491534,-0.5628584
-1.5700529,0.45592403,-0.102145135
-0.7017803,-1.6406271,-0.7153524
0.42981076,-1.8031383,0.18644163
-2.225892,-0.60508275,0.029465437
1.6021104,1.4052157,1.1643348
1.2823396,0.9681916,1.5254743
-1.1469952,-1.8535606,-1.1905437
-1.1113347,-2.1037602,-1.4043798
-1.4234744,2.5127368,-1.7978687
2.345089,0.584867,1.5487013
1.7792807,1.4636097,1.0853273
0.8526888,-2.827239,-0.19794422
-0.13455343,1.4161243,0.01990822
0.74944067,2.6040525,-0.17774141
2.8944006,-0.09384513,1.240282
0.9498532,2.4332743,0.05387318
-1.4961909,0.6356156,-0.19251192
1.1604905,0.117076635,1.9101532
-1.1905221,1.0474029,-0.42874068
-0.10652733,-1.0503091,0.390977
-1.9322319,-0.31813335,0.014430761
-0.08777237,-0.58742905,0.7447086
0.15650702,0.77409744,0.87092113
-1.8194325,0.2979548,-0.013310075
1.9287004,-1.400254,1.10635
2.7707663,1.5366268,0.39654863
-2.5093095,-1.6829295,-0.7028864
0.8692937,1.8923302,0.44785112
-2.0724113,0.30135632,0.07812762
-0.59627295,-0.19199681,0.42006266
1.4370489,-0.195611,1.9719982
-0.052662373,0.6567898,0.7393183
0.90909624,0.12575531,1.7810519
-0.9719975,2.6177173,-1.6919003
2.8629723,2.4029083,-0.46432552
-1.4084659,2.982736,-1.9742621
0.56149626,1.823039,0.28287697
0.3079424,0.06363845,1.3010743
2.043532,-1.1625237,1.2873505
0.30635333,-1.1137229,0.7429076
1.8087578,1.8199253,0.7252606
0.7729597,-0.23747563,1.6701919
1.9128542,-2.6906881,0.04201311
0.037916422,0.0942359,1.0334704
1.0010471,-0.70739985,1.6020905
2.95926,-2.1709142,-0.3834157
-0.9773874,-2.2753053,-1.4766991
-1.2207853,-0.27397442,0.023334265
2.1777287,1.0736284,1.2983397
1.1471972,1.6187048,0.86372536
-2.8317256,-2.1488824,-0.851354
1.0669885,-2.5370808,0.052971005
-2.9422626,-2.2900386,-0.85682744
-1.6287682,-0.12024546,-0.0055409074
1.1740317,-0.24512482,1.8924232
1.5803251,1.4012566,1.1686833
-0.67738485,-2.4420571,-1.3918986
2.5393987,2.7297583,-0.3499362
2.9813519,-0.89776945,0.7829116
2.339324,-2.8415585,-0.23639154
-2.755372,-1.8916855,-0.6921006
-1.0912131,0.7278137,-0.1405567
0.18252254,-0.6215162,0.9945073
2.4383163,2.1721497,0.08096123
-0.5032425,-0.014132023,0.5176316
0.6266978,1.8256764,0.33434388
1.5790257,2.4872646,0.20650905
-1.569598,-1.140138,-0.5825302
-1.8167864,0.24651909,-0.00012898445
2.9668021,-0.22940111,1.1477046
-0.066940784,-1.3718505,0.13074526
2.1227636,-2.7313356,-0.06552374
-2.9252758,-1.4566226,-0.10070794
-1.1450965,1.5323906,-0.8723537
2.1050596,-0.576715,1.6989024
-0.29044247,-2.6438775,-1.1650519
1.0104752,0.794271,1.5478895
-2.5131602,1.0951061,-0.12992525
2.91998,0.55114794,1.071727
-1.4973317,2.4344249,-1.7575077
-0.15169334,-2.2989426,-0.81659937
-1.9649892,-1.1835684,-0.5456838
-1.3310205,-0.17379785,0.013543844
-2.5718615,-1.9795085,-0.9368336
-2.6258636,1.011169,0.03770119
-0.6128874,-0.75322294,0.15425646
-1.3232682,2.7955828,-1.9102545
2.2160954,-0.9923115,1.345676
-0.014514685,-2.1203706,-0.5368384
2.3327894,2.3025365,0.055296183
-0.5024686,2.9495325,-1.4632035
0.6364651,2.2103224,-0.0024588704
2.881208,-2.321416,-0.42463964
-2.3214006,-1.4836535,-0.64424425
-1.2996157,1.4125738,-0.80589217
2.564705,2.755373,-0.38092166
-0.6878009,2.0452452,-1.0916878
-0.8079419,-2.565324,-1.5613683
0.24076152,-1.0100169,0.77028865
-1.6105263,-0.1733818,-0.014203846
0.21575356,1.4723878,0.31233335
-1.2468871,-2.0772095,-1.4330422
0.95171857,1.1857285,1.1900359
-0.6368265,-0.702188,0.16878378
-1.0066917,0.92672753,-0.24461365
-1.1301191,-0.47872877,-0.016881764
0.77942514,2.9030175,-0.2688051
1.5055199,-0.31558752,1.9484844
-2.7427201,-1.1575205,0.013231844
-2.0922894,-0.48723292,0.016555429
-2.8791528,-1.4810371,-0.16979894
1.4003887,-2.480914,0.19593972
2.2499285,1.9376502,0.4194377
-2.8824043,-1.8195155,-0.5024588
0.7798815,-1.3061256,0.9647866
0.6084118,-1.5466014,0.59575754
-1.6098976,-0.030624866,0.00029546022
0.6481557,1.685442,0.48932248
2.3132305,-0.8090062,1.427043
2.9426084,0.017497301,1.1975207
1.297276,-1.0649428,1.4473802
-0.59485435,2.34839,-1.2619549
-1.7069421,-0.44197178,-0.08683646
-1.142576,2.1428766,-1.4510884
0.024605751,-0.8159015,0.7098153
-0.22030878,-0.84971905,0.44166327
2.1890454,-1.6583995,0.7274034
-2.7111282,-2.0061307,-0.83900654
0.26776886,1.6298599,0.20555119
-0.95414615,-2.826983,-1.7667375
0.25017452,0.59757113,1.0742776
2.884925,2.498228,-0.54622304
0.08776331,-2.2279837,-0.52324176
-0.52031374,1.2332015,-0.16593376
-1.0168093,0.733202,-0.10739857
-2.993814,0.2847669,0.8124858
-2.718031,2.8490467,-1.3685228
1.3071566,-2.0621996,0.49358428
-1.832001,1.762774,-1.1568801
1.7032404,-1.4887104,1.0732359
-0.85053706,1.7851286,-0.9643297
1.0823231,0.23648453,1.8552179
2.1899862,0.21826959,1.7906225
0.4388616,-2.5544853,-0.40763736
1.030077,0.34199142,1.7994273
2.5352268,-2.2035837,-0.021509826
-0.94270515,-2.4928193,-1.6059761
2.2062602,1.6795273,0.69627964
-2.5230775,0.026722908,0.4198169
2.747088,-0.7708533,1.1016674
-0.98404264,-0.47711468,0.055581212
-0.11291361,2.381013,-0.83711034
1.6829634,-0.053904057,1.9922633
0.22024965,-1.9203333,-0.12398952
2.6232414,2.8986244,-0.47517952
-1.3185521,-1.6671553,-1.0645647
-1.653511,2.171133,-1.5615015
2.678111,2.5030193,-0.35588184
-1.8107747,0.5482497,-0.11790502
2.0645542,-2.7165747,-0.030473232
2.8893514,-0.8861196,0.8819976
2.0307946,-2.5017543,0.093860984
-1.1342225,-2.6297798,-1.7780638
-0.04434681,-2.2169495,-0.6464518
-2.7036014,-1.5928273,-0.44615045
-1.6335443,-2.7685711,-1.9292624
-0.6209357,-1.6473927,-0.6583179
-1.9820931,-2.370099,-1.6334733
1.7307396,-2.3286147,0.29989785
1.5719762,-1.9653933,0.61556315
-0.85848904,-2.8872347,-1.7246809
-0.47180796,0.05385661,0.5440526
2.8978825,0.25781107,1.2082553
-0.18478298,-0.57655907,0.65461016
2.548092,2.9583588,-0.42399305
2.7789383,1.4533648,0.47191894
-1.0523304,1.8869967,-1.179538
-2.865248,1.566215,-0.26825958
2.7983012,-1.5841459,0.32323912
-1.6129582,0.7627995,-0.27620673
2.8688226,0.9557433,0.84640193
-1.9151899,-2.207862,-1.5361195
0.54411864,2.6182227,-0.34847558
0.88700724,-1.7819728,0.5655742
-0.70865893,-0.36990023,0.2815473
2.3394427,-2.9298296,-0.25880957
-2.7200212,-2.343366,-1.1071725
-1.2466131,2.4058871,-1.6892687
-0.47223902,-2.1997366,-1.0431695
2.2976508,2.6999178,-0.15676862
1.3894486,1.5522823,1.0021144
1.9297614,2.773903,0.003100574
1.2913203,-1.4055398,1.1257055
2.698286,-2.3515973,-0.2749198
-0.7471261,2.4959726,-1.47826
-0.9261353,-1.2271811,-0.46241033
-0.41195655,-0.35515928,0.5371882
1.1801624,2.7952957,-0.015968144
-0.87975216,-1.3594605,-0.56081474
1.1018434,-1.0304718,1.4064562
0.82250786,1.7176332,0.58654463
0.7053938,2.7106242,-0.26022792
2.4442234,0.13494444,1.6331122
0.47782373,0.030095577,1.4593949
1.9907498,2.1315184,0.38131005
-0.83640504,-1.2196448,-0.39825952
-2.6958911,2.400322,-1.1687021
1.8334799,1.7711792,0.7666521
1.2441969,0.40269542,1.8671467
2.5202236,-1.5794442,0.5735011
1.1462789,2.6454291,0.031822205
0.05995512,-0.7945111,0.7605529
-2.1654115,-1.5079551,-0.7655642
-2.8442612,-0.6384573,0.51004624
0.6020746,0.46780014,1.458916
2.447412,-2.9717665,-0.34585828
-0.23321772,0.6987977,0.53450686
-0.9787073,-0.44202948,0.07410872
1.5008411,0.90778875,1.6130441
-1.4524341,-0.090147495,0.0029360652
1.0585904,-1.580428,0.86203396
-2.4344401,-0.71549034,0.10509992
-2.718811,-0.865077,0.23828277
-1.750195,2.5451608,-1.8112962
-0.51365876,-2.6536696,-1.3746755
1.0115967,0.8622093,1.4984415
1.5179167,2.7187119,0.08669174
-1.8988488,0.9295058,-0.3484416
-0.6161351,-1.5921471,-0.59923446
0.98779726,0.88237023,1.4701378
-0.66159487,1.2044063,-0.25612855
0.04508257,1.291709,0.32054576
1.9422178,0.24852777,1.901088
-0.8654504,-2.6277685,-1.6322585
1.5466862,0.67172956,1.7824558
2.4376216,-0.6301675,1.4551786
1.0000925,1.5963745,0.81594557
-0.5330665,2.687152,-1.4066834
-1.8995436,-1.0736547,-0.46953237
-1.982842,0.051003933,0.08239609
-0.582901,2.459487,-1.3266952
0.93754935,-0.51375055,1.6770177
1.6407528,0.45381618,1.8963346
-0.14472103,-1.1637136,0.25171578
2.4175367,0.75167894,1.3929719
-1.1882172,-1.238064,-0.6010782
0.598238,-2.6316004,-0.3095609
-1.5359123,-2.6299338,-1.8713251
0.80612993,1.3176203,0.97209334
2.560408,-0.45053458,1.4492288
1.051198,0.52361107,1.7340379
0.20100832,2.012124,-0.2274829
-1.1040866,0.628212,-0.083974004
-2.4613605,2.6578627,-1.5142398
-2.0529292,0.9181123,-0.27868706
-2.5733747,-2.7321205,-1.455462
2.1322355,1.8995886,0.5235895
-1.2515273,-2.6881094,-1.8483917
-0.44887733,1.4428425,-0.3063494
-2.6883194,-0.23336029,0.5349843
-0.83651924,-2.861453,-1.7033322
2.5516953,-0.5662136,1.4002138
0.5515504,2.6191149,-0.34257704
-0.5356903,-1.3685782,-0.309592
1.5636263,-1.2981673,1.2692386
2.312859,1.6223297,0.68556553
2.3345008,0.61089087,1.5414163
-2.2196896,1.2113686,-0.44501442
0.21539068,-1.8909945,-0.101025626
-2.4635103,-1.0206395,-0.10447991
-2.068421,-1.9513607,-1.2501634
2.3036523,0.68312454,1.5188711
-2.3901577,0.61085916,0.13646752
-1.471251,-1.502454,-0.9267604
1.4387112,-1.6366521,0.92548126
2.91892,1.3950481,0.3956819
-2.9142485,0.24367905,0.74506605
-1.9358407,0.61364365,-0.11655265
-1.1764004,-0.6991782,-0.15785754
2.3239737,-2.657843,-0.15573788
1.7483134,1.9268894,0.63567007
1.8702717,2.808711,0.010386765
1.9222827,2.5444617,0.11190981
-0.75078917,-2.2093399,-1.2782426
2.2120094,-1.416152,0.9553994
-0.084300995,-2.1741548,-0.6516123
0.28186083,2.7123575,-0.6311408
-0.7955768,2.408512,-1.457384
1.2726326,-1.3510623,1.1738476
1.3396873,0.5381651,1.8320637
-0.31800127,2.1502566,-0.8602411
2.641018,2.2941136,-0.18194517
-0.7769587,-1.3923079,-0.52357185
0.7593291,-1.1346903,1.1108482
2.7247791,-2.2963378,-0.25869182
1.690248,-2.6994967,0.08901721
-1.0924244,-0.8080895,-0.1968646
-1.3589433,-0.93615174,-0.38475162
0.57898617,1.7965798,0.3233056
-0.02273655,2.2692442,-0.66576433
0.21113682,-0.654819,1.0027298
1.9324927,1.334261,1.1696339
1.0486488,0.018823624,1.866573
-1.6825315,1.5074911,-0.93050116
-2.4493961,-2.6482236,-1.518972
2.8362532,-0.52822065,1.1643221
-0.33027005,-0.99866915,0.21712321
-1.1818911,2.4235425,-1.6784147
-2.203383,1.4218941,-0.6581483
2.8808365,1.1671033,0.65062845
1.5138168,1.4970589,1.0720477
-1.9018067,-2.0016208,-1.3633345
-2.591,-2.26261,-1.1611272
2.606165,-1.7727846,0.3095914
1.291625,-0.509742,1.8341545
-0.44066978,-1.5415435,-0.39729667
-2.493258,1.286108,-0.32300153
1.8183184,2.5939884,0.11574823
-2.0364628,2.9706655,-1.87895
1.4742088,2.028327,0.55360496
-2.8493385,1.2394257,0.03722793
-2.6748285,0.03459978,0.5494026
-2.877975,-1.6019225,-0.2916961
2.7196274,0.518059,1.278336
2.7262163,1.7249556,0.24998493
-2.559851,0.34274864,0.39235443
2.3191032,-0.32962942,1.6790042
-1.823479,-0.25136995,0.0003273487
-2.7880583,-2.6724963,-1.2381929
1.4437819,0.107776165,1.9861423
1.7005868,0.47488618,1.8809338
1.7004833,2.560215,0.15589553
0.5264919,1.0879912,0.96676886
2.8791232,2.834879,-0.6938647
-2.5843687,-0.06226921,0.46922976
1.3841724,2.3055253,0.3122502
-0.9506545,-1.7950033,-1.0361292
0.14816475,0.86478925,0.79642373
2.0690641,2.8608122,-0.08242774
-2.1483142,0.75444126,-0.10916597
1.3146963,-1.675449,0.8629235
-0.5992191,1.249124,-0.24784431
1.9404612,-2.8634377,-0.0291152
-0.07877898,1.3030214,0.18588877
1.4884114,-1.6533723,0.9141261
2.8784761,2.1122265,-0.25527108
-1.0711502,0.2729993,0.085214436
-2.9551399,0.9684882,0.38117164
2.8298292,-1.3623873,0.5136412
-1.6516775,-0.27726746,-0.03492391
0.6855879,-1.563445,0.64047945
1.8658147,2.5536022,0.124739766
-0.46588326,1.1830635,-0.0711216
2.3446026,-1.5855106,0.70054203
1.9441624,-1.125197,1.3621036
-0.60398483,1.4301109,-0.42770505
0.7865634,-1.8309517,0.45069957
0.22735071,0.5940652,1.0540693
2.934867,-1.4788445,0.29707873
2.0769873,-0.36895227,1.8073034
-1.9981252,2.0628276,-1.3824933
0.2890556,-0.44763136,1.186522
1.6180782,1.6653404,0.9044791
2.2935119,-1.9792818,0.35279253
1.0242963,2.350112,0.15155596
1.2747507,-2.8296342,0.004763305
-0.5539007,-2.8575132,-1.4859288
0.065069675,-2.9563918,-0.9178755
-2.0763137,-2.5945826,-1.7290075
2.4697227,-0.2633865,1.5879644
2.3623176,-2.8646898,-0.25914288
-1.6519371,0.6764064,-0.21688253
-2.5684323,-1.5717734,-0.54326713
2.339363,0.48223114,1.6048701
-2.6589332,-0.20517778,0.5148883
1.9239655,1.1143141,1.3790746
-2.9221194,-0.39747548,0.7043256
-1.5337594,-2.4008808,-1.7373025
-1.2701837,0.37174487,-0.023460269
2.8194156,0.70063925,1.0810626
-0.50764513,-0.077038765,0.51091325
2.5877604,-0.63643694,1.330169
0.87162685,-0.30444074,1.7193918
2.9063487,0.19647741,1.2138406
1.9870429,0.15287828,1.9029498
2.209423,-0.84531164,1.4664133
2.6155477,2.043027,0.04724309
-0.8863535,-2.5133529,-1.5838346
-0.82483625,2.083146,-1.2246633
0.9666259,-1.8657643,0.5322645
2.6428266,2.1366463,-0.057791144
-1.104024,-2.0721183,-1.3736107
-2.3598433,-1.8616709,-0.99131215
-2.3467836,0.4026289,0.20630419
-1.3860004,2.7823377,-1.9191327
0.47869563,-0.3512416,1.3995681
-0.34716153,-0.4860742,0.5439436
-0.8000388,1.1614776,-0.3193987
-1.4024938,1.0204916,-0.46292353
0.780313,-0.92907,1.3020811
-2.4711514,0.20128512,0.35847867
2.951468,2.9969187,-0.8005717
-0.4646051,-0.041456938,0.55107105
0.5597639,-2.699379,-0.37282044
0.98826814,-2.6959727,-0.06726915
-1.1672738,1.6598167,-1.0085864
2.3675766,-2.0799298,0.21159193
-0.022234917,-2.7387319,-0.9421763
0.24610233,0.186584,1.2262692
-2.8558831,-0.73678637,0.45879334
0.3713379,2.9663677,-0.62182486
1.0293779,-2.3340917,0.1656723
0.41804266,2.0985556,-0.0976263
-0.2973132,0.87636805,0.34699386
2.2652802,0.548141,1.6218789
2.3718133,1.0587058,1.1859775
2.0653853,1.6953764,0.75590575
-0.5206852,2.1495752,-1.0444767
0.5182338,-2.2827902,-0.1579979
-2.094655,2.8421516,-1.821397
-2.2459266,1.0287786,-0.2647599
-0.5243225,0.45859408,0.39604914
0.3353243,-1.3528816,0.5452696
-1.7473633,2.9058905,-1.9568031
-2.5040812,-1.5631796,-0.58758086
1.3647528,0.55214596,1.830249
1.0968385,1.2504191,1.2046934
-1.9821088,-2.389997,-1.6471971
1.9963102,2.70788,0.003414929
-2.2423892,-0.02251625,0.21691501
2.2693796,0.3606701,1.7014146
1.5937319,-2.7758474,0.065879464
-1.0139011,0.9720974,-0.28533208
2.8561716,-2.3698645,-0.43514502
-1.6844226,-0.6671114,-0.20793933
-1.3703735,0.35122585,-0.041030824
2.391119,-1.7532799,0.5005128
-0.7730448,2.6872864,-1.5968835
-1.2116654,-2.4454472,-1.7035223
0.46419764,0.6408067,1.2493192
-0.5069268,1.1122375,-0.042836457
1.8899736,-2.1077533,0.43797034
2.4492855,-0.21433544,1.6154327
1.334454,-2.815453,0.024914682
0.6488042,-2.9830604,-0.3832261
0.7536502,2.14781,0.13878149
0.0781064,-0.41575313,0.9928394
0.35231066,-0.96298456,0.91613996
0.05696726,-2.4160838,-0.69122547
2.0456839,2.7892885,-0.049236
1.6776562,-1.2608757,1.299279
-0.30163002,2.3958988,-1.0316943
1.1328788,-2.8695674,-0.057591975
0.16591692,0.9565439,0.7415045
1.0601487,-1.0946656,1.3307718
2.4630032,2.0923915,0.12943178
-2.041126,0.087510586,0.10475445
0.42632723,-1.1213497,0.8479968
-0.6241231,-1.240188,-0.25976747
-2.932848,-1.1150733,0.23287964
-2.9151711,2.583928,-1.0729852
-0.39281654,-0.012804508,0.6171261
2.1471615,-2.8374143,-0.11564422
-1.9781567,-0.037145376,0.0811404
0.9772115,-0.13338089,1.8200588
1.7290511,2.5433455,0.16117978
-2.1866412,-2.5312765,-1.6357524
1.2883954,0.014784336,1.9602798
0.56620145,2.3368874,-0.15689343
-2.7312362,0.34680533,0.54152715
-0.05768013,-0.07824659,0.9392922
-2.8164248,-2.6807303,-1.2151371
2.6229076,-2.279469,-0.1550881
1.406045,-0.91056347,1.5997599
1.1494927,-2.4945698,0.11467463
2.3031769,1.1230526,1.1765175
2.2942934,0.90319824,1.3685968
2.978253,-2.5241199,-0.6527298
1.2377462,2.9725409,-0.04069513
-2.1659353,0.3448286,0.1130628
2.7865086,1.9727621,-0.043558985
0.83335495,-1.1216387,1.1743983
-1.1825995,2.4828234,-1.7163393
-1.1164949,2.5197258,-1.7113601
2.8072085,-2.661984,-0.5589881
0.66642594,-1.2115806,0.9697207
2.1805344,-2.1671681,0.25815374
0.23396873,-0.019661427,1.2316467
2.7712011,-2.0318537,-0.08291486
-2.1951952,-1.2764043,-0.52115655
0.7149997,1.1039295,1.1057078
0.7158551,1.3754292,0.8503896
-0.03459978,2.2992997,-0.7003465
2.668723,2.728424,-0.4604104
0.6024356,0.96380377,1.1370509
0.16251254,-0.6316931,0.968827
2.047597,0.64285564,1.6888549
-0.23683834,2.8418312,-1.1900374
-0.1938324,2.85296,-1.1512549
-2.473378,-2.9810421,-1.606725
-0.019655228,2.7079997,-0.9271161
-1.4003255,-0.923851,-0.3827532
1.7369461,-1.0271273,1.5035083
2.6098132,-2.6755342,-0.38627857
-2.798791,1.5646162,-0.32994705
-1.7376448,0.89274,-0.3588326
2.888309,2.0757809,-0.23320973
-1.2804669,-1.5428771,-0.930234
2.6680093,1.9995089,0.040378004
2.9536934,-2.8081813,-0.75813586
-0.75236225,2.200564,-1.2723222
-2.4284754,2.118238,-1.1746991
1.5000567,-2.6770415,0.10347623
1.3637185,-2.373918,0.25910836
2.6070604,0.58048797,1.3456337
0.43329096,1.4256706,0.5644767
1.6312504,2.9346313,0.019513309
-2.572318,1.5249748,-0.49321574
0.41344738,-2.0630474,-0.070842266
0.7060733,0.97770596,1.2077771
1.8802724,-2.7627218,0.02341038
-1.6058986,-1.5195909,-0.9482009
-0.35851288,0.46597838,0.5425004
-1.7881976,0.86410284,-0.3271386
-2.019036,-2.6455932,-1.7807049
1.2488718,-0.71313286,1.7049444
0.45747042,-2.4320693,-0.31699243
1.1920376,-2.656929,0.04429263
-0.06831336,-0.018189669,0.93157434
-0.07369757,-0.16939926,0.9120554
-0.11519003,0.64871836,0.68192333
1.6204872,1.9340081,0.64348733
-2.0758245,-2.906112,-1.8475631
0.64669347,-1.7014185,0.47229975
1.6450014,-0.95836544,1.5721064
1.7399716,-2.2695947,0.34242582
-1.4396378,2.729486,-1.90769
2.3231473,2.8277626,-0.22107387
-1.9993855,-2.9221206,-1.8855655
1.5643148,-2.6030438,0.14152515
2.4540062,-1.6159683,0.58951724
0.09625912,-0.89623785,0.7206631
0.9190788,0.23102903,1.7684746
-2.8419628,-2.9329498,-1.2734795
-1.1866786,-0.40227127,-0.0069553256
-1.1786757,-2.4175022,-1.673203
-2.793103,2.7982697,-1.2831199
-0.63529015,-1.7882552,-0.8091601
2.094358,0.5101061,1.7387366
-0.2864356,2.975546,-1.2687807
2.9645324,-2.3800912,-0.54766417
-2.7005248,0.1311028,0.56451297
1.196445,2.6857276,0.03286445
2.5941315,0.033868074,1.5199478
2.9158764,-2.212267,-0.37456983
-1.163744,-1.3727732,-0.7215603
-2.70874,-2.5841196,-1.2680568
-1.10263,-1.5425445,-0.86414915
2.223925,-1.9523699,0.42180505
0.26285028,1.3837008,0.44583982
2.8674002,1.6998816,0.14204265
-2.1905346,-0.7106843,-0.056114912
-1.8785462,2.3431406,-1.6508338
1.5289001,-1.8328289,0.7400782
1.0286379,1.0790539,1.3287596
-1.9490436,-2.6573563,-1.8143439
2.7909493,1.7490215,0.16621888
-1.156988,-2.9751382,-1.9017745
-2.4932978,1.7544432,-0.78644437
0.8337221,-0.19682837,1.7211299
-1.6807022,-2.656443,-1.8785716
-1.4276354,2.7167625,-1.9008788
-1.6759121,0.42796898,-0.08466989
0.8159666,-2.2339883,0.112752855
1.4054813,0.7937846,1.6875184
2.0176969,-1.9343855,0.54615986
-1.6976012,-2.180297,-1.564429
-0.7011328,0.05685854,0.35330033
2.8002672,-0.452703,1.2340045
-1.5410782,-2.0659137,-1.4746933
-1.0843914,2.1656814,-1.4444326
-0.5768559,0.725193,0.2029801
-2.656444,-1.4860239,-0.38166887
-2.217378,1.5379953,-0.7653528
2.6726704,1.7965288,0.22810483
0.5537815,2.4338493,-0.23392355
0.5605254,-0.36461163,1.4658936
1.1892896,-0.9070282,1.544194
1.8244438,0.33162165,1.9135191
2.0151396,-0.26168394,1.8688489
2.1487098,1.5598679,0.84853256
1.2108364,-1.4083071,1.097686
2.261602,1.5074987,0.83398825
1.9601288,2.784926,-0.011903167
-0.50163126,1.2088342,-0.12674654
0.2702279,2.0665383,-0.20873338
-1.5714455,-1.9723985,-1.3908933
-2.2573948,1.0927143,-0.31332967
2.8454456,-2.5028334,-0.51099896
-2.2339926,-0.09844923,0.20712924
-1.8755068,-0.45079994,-0.053835034
-2.8978536,2.9630322,-1.2254332
-2.298016,-0.9073901,-0.13122141
0.681947,2.4622355,-0.14767098
1.439949,1.8054438,0.75895154
-2.5005956,-0.026663303,0.40164965
0.2387309,2.051381,-0.22582808
-2.21476,2.952691,-1.7819334
0.56799746,-1.6512372,0.45759082
1.7919059,-2.7330415,0.05795735
-1.1510353,0.6912565,-0.14274079
-1.3170694,1.5548348,-0.95202285
1.9540482,0.41097307,1.8441861
-1.9334071,2.755713,-1.8614416
-0.61312294,-0.4720838,0.31519824
-2.4977636,0.5624635,0.24568164
2.1022043,-2.3138847,0.185529
0.9568262,2.142017,0.27670795
-1.1918002,-1.7627707,-1.119834
2.1348982,-0.3992343,1.766428
2.8405223,-1.9878792,-0.108552516
1.2245474,2.0583029,0.47222793
-2.1185467,-1.7733418,-1.0548615
-0.65416074,-2.5310018,-1.4278028
2.4131966,-1.5030674,0.7333508
2.1801581,0.005574703,1.8199979
-0.9862828,-1.9935393,-1.2442441
1.9851894,0.1635437,1.9020174
-1.9624887,-0.47580004,-0.035337746
0.8047447,2.337782,0.026685655
2.6445174,1.3812408,0.66527915
0.5445006,1.1480217,0.92828333
-2.3838406,-1.563136,-0.67963004
0.8997798,1.6898975,0.6643702
1.6719503,1.8893538,0.6816914
2.0864305,-0.16335773,1.8566669
-1.9734027,0.016937733,0.07981366
-0.5385194,-0.4477048,0.38857758
-0.15613699,-0.055713177,0.8429451
-0.5245061,-2.1990333,-1.0885048
-0.6657896,1.4878192,-0.5347984
-1.0809739,2.7612743,-1.8109629
1.033165,1.505249,0.92442447
1.4256048,1.4161987,1.1434608
-0.5826893,2.719418,-1.4624715
2.357462,2.0923944,0.20794371
-0.016121864,0.70058227,0.7483458
0.73132753,1.9928055,0.25826412
0.7508073,2.088667,0.18719816
-1.0214639,0.6136818,-0.03534001
-0.13169432,-0.7242727,0.6176675
-0.33504772,-1.7756238,-0.5322125
1.134532,-0.8239932,1.5856326
-1.6117398,0.8972504,-0.37540054
-1.3771309,-2.3404098,-1.677163
-2.8957644,-2.7282572,-1.159146
-1.3050585,-0.46074128,-0.06917584
0.9562359,0.50399685,1.6926863
2.4248466,1.9233418,0.311647
-2.957592,2.4270477,-0.9383557
-1.0792497,-2.4306483,-1.6393499
1.8874359,0.04376149,1.9493299
-1.6223259,-2.1798463,-1.5707612
2.025548,0.28347158,1.8584604
0.12107134,-2.4495564,-0.6491725
-2.8206174,-2.7053728,-1.2218474
0.50726366,0.14046764,1.475938
-1.7981944,1.9963093,-1.3870443
0.5830655,-2.8725271,-0.41343415
-2.6880312,-2.699014,-1.34182
2.8189855,0.34394598,1.2584717
-1.2799963,2.8990016,-1.9287336
1.9186726,-0.857368,1.5945287
-1.8875302,2.7627902,-1.8793659
-2.5143065,2.806234,-1.531242
1.1802988,-1.3087335,1.1837933
1.8035984,0.8251469,1.6514728
-0.026983261,1.8538785,-0.30629644
-2.537117,-2.6297336,-1.4401661
-0.8229065,1.202373,-0.37298065
-2.0789266,1.2425466,-0.551269
0.849802,-0.00804019,1.7511175
0.48576975,-2.9631567,-0.5172333
2.0847664,-0.46758032,1.7634611
2.9946632,-2.2806094,-0.5052906
-1.3868179,7.4863434e-05,0.01687634
2.370244,0.07941866,1.6939508
2.0842967,-1.6386441,0.8032346
0.46114922,2.6191955,-0.42164797
-2.9413226,-1.9616057,-0.5798709
-2.0807297,1.94839,-1.2414618
1.3071942,1.9143105,0.6286597
2.2292376,2.7645822,-0.13882238
1.6032887,0.87936544,1.6371123
0.2827568,1.9933133,-0.13105336
-1.8244439,-1.0426941,-0.46410853
-2.6361203,1.0755463,-0.008969098
-1.7143979,2.720755,-1.9024541
0.022354126,-2.922683,-0.95378256
0.3954327,-2.122352,-0.13880521
2.297626,0.8889563,1.3775074
-2.163731,-0.6845503,-0.054600775
1.569047,-0.50897527,1.8732427
2.541325,-1.713496,0.42264742
-2.7115502,0.0026459694,0.5830871
-1.5984746,-0.9410927,-0.41071177
-0.83724165,2.8578515,-1.702814
0.5755925,1.8371077,0.2811573
2.6872406,0.7852843,1.1460675
0.61224174,1.2307725,0.908213
2.029851,-1.2629435,1.199485
2.4273882,-0.80697656,1.3467016
2.3551517,1.7763004,0.5037831
-2.736087,2.5776882,-1.2396581
-1.9599981,-0.61652565,-0.109319925
-0.19615102,-2.6302047,-1.0669616
-0.010946989,-0.07564545,0.9861935
0.2529049,1.7846932,0.037947893
2.5202694,0.14074278,1.5722237
2.7171974,-2.892439,-0.5573517
-0.87774277,0.37751484,0.16028482
-1.3868912,-1.6234252,-1.0357417
0.24298906,1.2323523,0.5726248
0.37958765,2.4742136,-0.414909
1.8501587,1.8245668,0.710176
1.0658197,-2.4405062,0.11104393
0.9348345,0.6870625,1.5776134
0.98487616,-0.16773605,1.8191688
2.2335873,0.59615993,1.6157758
1.7866836,-1.4828875,1.0645823
-0.295084,-2.4358113,-1.0519252
-2.0933304,-1.3998942,-0.6964859
2.0228872,0.12454367,1.8917902
-0.2445867,1.6555305,-0.32678813
-2.1492367,-2.6472807,-1.7176117
-0.49996424,1.5016365,-0.41028947
2.2073984,2.868926,-0.15893584
-1.3789845,-2.4957004,-1.7802234
-0.28926992,-2.0944862,-0.7853315
1.0120564,0.577333,1.685845
2.1572318,-1.7862039,0.61917293
-0.44899368,0.5264559,0.43053415
-2.1548674,-2.7101119,-1.7425721
-1.2540933,-0.22720313,0.024032831
-0.96838045,2.7248888,-1.7383971
0.32727003,2.2551637,-0.31072378
-2.0369818,0.5110254,-0.021045864
2.6433725,1.3284206,0.7178723
0.7909117,2.7033644,-0.19451022
-2.1611109,-2.4278576,-1.5866876
1.6383023,2.222413,0.39124966
0.15139532,1.0230293,0.67159986
2.9352283,-2.517745,-0.6067341
-0.06028533,1.5415525,-0.031009207
-0.039562702,0.41444278,0.87578845
-2.8953671,-2.6489532,-1.1248326
-2.4779706,-1.5541198,-0.59929854
0.010491371,0.28821087,0.96924514
2.54591,0.34315825,1.5027709
-1.8552053,0.7943387,-0.259071
0.5873771,2.3311892,-0.13502651
-2.0674417,2.496273,-1.6780934
-2.3251696,1.1401272,-0.311222
-1.1030989,0.26506138,0.072467744
-2.008439,0.01128006,0.09418321
-2.482174,2.7450519,-1.5350602
-0.92083216,0.17014456,0.1894548
-0.40989923,-1.982724,-0.79889333
1.4936066,-1.4537988,1.1137532
1.3792834,-2.9255598,0.004961908
-0.039378166,-2.0797026,-0.5265904
-0.68519926,2.916895,-1.6076888
-0.6373422,-2.3352494,-1.2872039
-2.4641523,-0.6716533,0.15599328
2.0854273,-2.828117,-0.08079314
2.6910276,1.6947083,0.31187904
-2.7581377,-1.2349277,-0.044537306
-2.8644452,2.9955778,-1.2629719
-2.8109171,2.0336785,-0.7712109
-0.48385382,-1.2608203,-0.16015822
-0.00724411,-1.2407162,0.31687477
-1.9588773,-0.49905396,-0.047601223
1.657731,-0.78395224,1.704352
0.19756746,-2.5986676,-0.65991646
-1.518514,0.29480743,-0.041775465
-2.902206,-2.0376496,-0.6871854
2.3361359,-1.9141974,0.3844556
2.9754848,0.9237447,0.7681817
0.27855015,1.6107926,0.23497634
-1.4367918,-2.8470936,-1.9479825
1.9072962,0.6493087,1.7404182
1.7680306,2.507328,0.17510462
-0.43048954,1.1435204,-0.0029225051
2.8132882,-2.2255726,-0.28654328
-2.216823,-2.8691976,-1.7616113
-0.34379148,-0.3114903,0.61481875
2.5423832,2.105751,0.054187715
-1.8562503,-0.22222328,0.015875936
-0.92538714,-2.8268714,-1.7497364
-1.2754687,2.9352112,-1.9354856
-1.2281034,-2.2302923,-1.5545719
2.6425476,0.9367025,1.071035
1.8490767,-1.7873129,0.74670047
-2.727355,0.60978985,0.4172762
-1.8348681,-0.62481546,-0.15426409
-0.039147854,-0.34904432,0.90056217
-0.97544575,-0.48547602,0.05650097
-1.6521184,2.3945036,-1.7303652
-2.9488664,-1.4066831,-0.02815786
2.2125745,-0.9002423,1.4224527
1.6796603,-2.1491246,0.44745535
0.8704672,-1.7414843,0.5947697
-0.675138,-0.5106604,0.24741685
-2.907963,-2.3619168,-0.9426515
-0.18781543,-1.1409205,0.23004472
1.1468921,-0.37460852,1.8421409
-0.87065697,-2.1189833,-1.2858931
2.3614273,0.62403154,1.5149264
0.68562984,0.36789846,1.5662459
-0.14885902,0.56755066,0.6949103
1.1856289,2.7991233,-0.015192747
1.5633864,-1.9918016,0.59129435
-2.200386,-0.5753312,0.030743003
0.91230226,-1.2025573,1.1508877
-2.7266774,-2.3087344,-1.0758762
-0.6286268,-0.7645848,0.13363522
-0.9726472,0.7685962,-0.10749209
2.290658,0.6673913,1.5373359
-2.8896298,-0.27468967,0.71320415
1.065855,2.1450582,0.33198774
-2.7336574,2.0759668,-0.88067156
1.3005362,2.322093,0.28111452
0.73471427,2.155693,0.11826187
-1.1804996,0.094183445,0.07077187
0.88611174,-0.14444685,1.7642043
2.879313,2.3000941,-0.40706328
1.8264222,0.40317535,1.887325
-2.737403,2.566556,-1.2324463
-0.77747226,0.122769356,0.29099315
2.7212553,-2.2838478,-0.2460764
0.46413612,-2.051282,-0.014559358
0.36985373,1.3847017,0.5465014
0.21404243,1.8968725,-0.10791664
-1.0547562,0.9936211,-0.324121
-0.7847729,2.3475819,-1.407655
0.19909787,2.7948437,-0.74269736
2.2582579,-1.2914772,1.0485606
-0.8455448,0.88995314,-0.118884206
-0.7850795,0.5043855,0.16859019
0.57107925,-0.36541653,1.4745153
-1.0980166,-2.5142365,-1.6998882
2.6167803,-2.3165274,-0.17745835
2.256791,1.3177857,1.0241091
0.12603307,-1.2989441,0.39421576
-1.940011,-1.1641599,-0.53708875
0.83960056,-1.6459976,0.66924596
2.5441537,-1.2661332,0.86249876
0.9883208,1.32443,1.0789851
1.2574711,-2.1326244,0.41857976
-1.5879418,1.3387465,-0.7698802
-2.9553208,-0.26570654,0.7797107
-1.1280831,1.5356183,-0.86842185
0.09587383,-1.5990179,0.06750924
2.665412,1.0652313,0.94268996
0.6263845,0.66217613,1.3748755
-0.5499606,2.2379136,-1.1413774
-0.75382614,1.8741045,-0.9831123
-0.5736122,0.24122071,0.42837745
-1.6131874,2.540228,-1.8236659
-1.255953,-2.2469153,-1.5766155
0.55733657,-1.0172313,1.0546508
2.0316358,1.2619247,1.1996634
2.5481005,1.6463203,0.48380718
1.155292,-2.1450856,0.37167466
-2.0729156,-0.8747206,-0.23535323
2.7733588,2.3766217,-0.36143425
2.8968272,-2.5809467,-0.604583
-0.8915243,1.3198547,-0.5297141
0.10343313,2.973197,-0.88260615
2.7155933,-1.113125,0.85509133
-1.0549489,-0.33598852,0.07420987
1.4222021,0.76062775,1.7133836
0.49899292,1.3772507,0.67088103
1.6722784,-0.4303794,1.9036627
1.0452409,-2.6628861,-0.022546053
2.976407,-0.13055277,1.1559255
2.5424914,0.35476446,1.5016289
-2.0470114,1.9825411,-1.2889452
1.8053784,0.54034066,1.830145
-0.59354854,2.257213,-1.1930757
-1.5696841,-1.1504681,-0.5919393
0.50317454,-0.4610238,1.3778065
-0.4083376,0.8758185,0.24328426
-1.9550153,2.384736,-1.6540895
-2.6480384,1.2504854,-0.15889728
-1.6719335,2.7658696,-1.9251325
0.3088684,0.98332644,0.8582376
1.828301,1.5366702,1.001148
1.7677841,0.6505971,1.7763829
0.80002594,2.4773045,-0.069981635
2.8458824,2.3466134,-0.40888023
-2.5694447,1.8223467,-0.7903451
-1.8882812,-2.5421362,-1.775666
1.291378,-0.3330078,1.9062794
-2.7325473,-1.0163058,0.12877661
2.8293633,-0.4510181,1.2071847
0.41363883,2.1361222,-0.1337471
-1.1056488,-1.9806497,-1.2922302
2.6768742,-1.5638419,0.4551255
1.398735,-1.2166822,1.3319936
2.523035,0.21137881,1.5576031
2.260131,-1.6668845,0.67572904
-0.52212,0.5995178,0.32688898
2.7233515,-2.542461,-0.4196717
0.39618373,-1.5354323,0.4212571
0.29049492,1.7916942,0.06732072
1.0424361,2.068634,0.38610804
-2.3486285,-0.9375479,-0.12067002
-1.7937702,0.16036105,0.0119255185
2.8387508,-0.10203695,1.2930326
-1.963225,-2.1238651,-1.449284
1.6210089,-0.67271805,1.7808704
1.8131075,1.7710886,0.77183026
-2.4355507,0.100791454,0.34609777
-0.34382272,2.8775034,-1.3024192
-0.032099247,-2.450743,-0.8027986
2.2256784,-2.1264772,0.26559782
-0.8209472,-2.5576258,-1.5660738
2.7096014,-1.898906,0.09642583
-2.517349,0.6294346,0.22387671
1.2532845,2.0068607,0.52763975
1.6380062,-2.4560146,0.22368902
-1.0807382,-2.289028,-1.5403597
-0.98658895,-1.1111555,-0.39052325
-1.910834,1.7795486,-1.1499816
0.7959156,1.5845795,0.7007218
1.0053415,-0.30478,1.7982581
-1.0544661,2.7364998,-1.7887026
2.426097,1.0917258,1.1169462
-0.45967627,2.8198233,-1.3923354
-0.46744752,0.008064747,0.54935837
2.343062,-1.8578095,0.43324277
0.52563906,0.03347683,1.5012057
1.6059322,0.9502177,1.5808887
1.7682877,1.1729093,1.3680333
-1.9636996,-0.011290312,0.07613492
-0.037998676,0.10247421,0.9567646
2.6494727,0.56920767,1.3148236
-1.855064,-0.66143274,-0.17075431
0.39291048,0.73449254,1.1250496
2.2284813,-1.9094828,0.45916098
0.33124018,-0.66015434,1.1151136
-0.6726794,1.6174726,-0.6697433
1.084846,0.9169984,1.492437
-2.481443,1.6787262,-0.72095555
2.4647703,-1.9979918,0.21199903
2.3566928,-0.8829911,1.3415973
-0.8400984,-1.5531374,-0.7270508
-1.0852726,-2.3337278,-1.575474
-0.58681965,-1.2316682,-0.22105056
2.9849167,-0.19190025,1.1376793
-1.151581,-0.21977735,0.06253737
0.898329,-0.1853733,1.7651546
-2.848177,-1.8949982,-0.6077759
0.9068048,-0.20353317,1.7668972
1.8177176,0.7954874,1.6696062
0.9710393,2.1546216,0.27425313
-0.14255285,1.8149519,-0.38380754
0.2189331,-2.5071359,-0.5882055
2.5979333,-1.9112341,0.1833714
1.3037415,2.3664074,0.2502609
-0.69322205,2.0364537,-1.0880291
-2.4096193,1.665287,-0.76268893
2.1864295,-1.5472734,0.83992875
-1.1169173,2.529944,-1.7174554
1.8704348,-2.9145892,-0.018901885
-0.60293055,-2.3858263,-1.2948049
0.049791336,0.26850057,1.0139405
-2.3659062,1.3952518,-0.5255619
-1.1428889,-2.8276916,-1.8609724
0.2475276,0.44161034,1.1490723
-2.8992012,-0.045146465,0.7589562
-0.61737084,-0.39489913,0.34414202
1.7431483,-2.3497674,0.28263652
2.1085362,-1.4381644,0.99111193
2.2097774,0.14082718,1.792804
-0.9148884,0.7174945,-0.039039075
0.23615122,1.8815813,-0.0718437
-2.4073558,-1.0628024,-0.18359536
1.5540352,2.8396263,0.045105934
0.53116846,1.12959,0.9335717
2.5110793,-2.038235,0.13895833
-0.46670365,-2.9867034,-1.4379735
2.8691788,2.0170135,-0.16249916
1.4863029,0.22672749,1.9708397
2.560236,-0.3010931,1.5041711
-0.19523907,-0.9931555,0.35204798
-2.3538795,1.4104323,-0.5490643
-2.3527443,-1.079533,-0.237802
-2.8286667,-2.1948557,-0.89217806
0.49864626,2.0834146,-0.012223512
-2.3198848,-1.2862365,-0.45157495
-0.97997713,1.7273722,-0.98642147
1.5244341,-2.0630531,0.5263095
2.7272673,-0.6030903,1.2261592
-0.7524071,-1.6439252,-0.75646174
2.0770535,0.12769246,1.8664238
-0.22732902,-0.35479617,0.71234125
-0.60034776,0.89501953,0.060574114
-0.35502958,-2.3269494,-1.033746
-1.3602955,-2.6459756,-1.8576018
0.8210907,2.3858948,0.004096389
-0.016239643,-2.2970362,-0.6803019
-1.4616995,1.0115886,-0.46354008
1.908175,-2.6054478,0.08394128
-1.3402154,0.58460903,-0.13960588
-2.0318356,-0.063830376,0.102372885
1.0414362,-1.4752436,0.9585378
-0.18422031,-0.06177616,0.8149124
-1.6514672,0.3683288,-0.0638175
-2.4489942,0.08395147,0.357939
-0.89883137,2.2695966,-1.4258995
-2.2970002,-1.7183869,-0.8947559
1.6316881,1.3584747,1.2088766
-0.3736782,2.7630162,-1.294234
1.5451717,-2.1548114,0.44829375
1.4602985,-2.3497531,0.2913639
0.24163961,1.0139279,0.76782525
-0.46190166,-1.0649875,0.038863808
-1.5472355,-0.06765795,-0.002010405
0.6753907,-2.7984746,-0.31650794
-2.608642,1.8324928,-0.7667966
-1.4618729,-0.1980691,-0.013625324
2.3923974,0.18443918,1.664089
-0.5822916,-1.0428293,-0.046161056
2.4201694,1.0414281,1.1654422
1.7765217,-0.049197197,1.9777031
-0.6324172,-1.1956186,-0.22465834
-2.4146795,0.74522686,0.07036787
2.4092789,-1.1139075,1.1097503
0.25272608,1.1133642,0.6916901
2.8351135,-2.8733346,-0.6625303
-2.7132363,-1.1607921,-0.016763002
0.6182189,-2.055521,0.113619864
-2.5847697,1.2763505,-0.23828217
-0.36423588,-2.1066449,-0.86680627
-2.6295366,2.3244247,-1.1742598
-2.7305295,0.73046637,0.34527922
0.15134001,1.8386312,-0.113881126
2.957632,-1.9569479,-0.19370143
0.2298696,-2.4370027,-0.5340266
-0.2779398,-0.49230552,0.6068704
2.796424,-1.6483798,0.2608498
0.27461386,-1.0161527,0.7978157
-1.6750971,2.46601,-1.7749083
1.9076614,1.603447,0.9111507
2.140646,-0.88637567,1.4742063
2.6012955,1.8217125,0.26609933
2.3592572,-2.0094476,0.28021902
2.788693,-1.7432678,0.17400262
-1.1126475,1.3288245,-0.65725535
0.431365,1.2951884,0.6902431
-1.0947089,-0.8674178,-0.24199688
-0.3993292,-2.047237,-0.8474195
2.3718352,0.4689026,1.5880258
-2.3703923,2.8940477,-1.6665134
1.6393929,2.9526234,0.015449822
-1.7333483,2.4611988,-1.7641425
0.016451597,-2.2497144,-0.6115005
-0.35718584,1.9886551,-0.75544345
-1.3512833,0.5493884,-0.12315953
0.25582504,-2.4349875,-0.50752676
-1.5196749,0.19267893,-0.017198801
2.7172346,-2.8971624,-0.5585395
-1.0860379,0.644027,-0.085103214
1.8988423,-1.6496172,0.8679344
-0.7145939,-2.0185068,-1.0882134
-2.3619897,0.14597559,0.28636736
2.328843,2.0234094,0.2888633
-0.8283727,1.6838603,-0.84965545
-1.2428033,-1.8565142,-1.2285371
0.22490835,1.7064075,0.08782108
-0.030564785,1.1162252,0.40851697
0.8465438,-2.0027022,0.33039242
-0.72788286,-0.773803,0.049967587
-0.8655577,-0.7189121,-0.008934259
1.6414042,-2.4383464,0.23476142
1.3750381,-2.7374446,0.0614627
2.6516795,-2.0371923,0.02087909
0.33108425,2.7272515,-0.5903132
-0.7787883,-0.7971091,-0.0036399364
-0.6391349,0.28797293,0.36232024
-0.61134815,-2.4911776,-1.3698044
-0.9480815,-0.51602936,0.05748719
-1.0238471,1.1334238,-0.43055433
-0.84525824,-0.060793877,0.25001013
0.9047384,-0.23575306,1.7586023
1.1870208,-0.03996086,1.9264593
2.2833776,2.017149,0.32499832
-2.919394,-2.1133943,-0.73673725
2.3263912,-2.694073,-0.17365944
-0.60441494,-2.8896012,-1.5366986
-2.9315548,1.2198544,0.13528559
1.961236,-1.6711267,0.82457966
-1.7008696,-1.3121012,-0.73573315
-1.3518813,-0.39680028,-0.05383134
0.9956598,1.7587385,0.65228033
0.49140692,0.026073933,1.4715269
2.0450182,0.5872154,1.7221351
-2.0932724,-0.842685,-0.20112514
1.6297889,1.6327109,0.9363854
1.5636749,-1.4966304,1.0740726
1.8569422,2.312477,0.28381068
-0.99852633,2.4694123,-1.6231397
0.5094991,-2.6986606,-0.41575888
0.8830354,-0.9499154,1.3544211
2.828627,-0.36150217,1.243248
-1.8230217,-1.6154262,-1.0129745
-2.7545714,0.16108084,0.6096229
-2.7131987,-0.9846554,0.13773978
0.3973279,2.483634,-0.40428638
-2.2800422,-0.23734117,0.21311331
-0.5553508,-1.676975,-0.6332207
-1.4023966,-1.4896882,-0.9048349
0.5434489,-2.8037615,-0.42638463
-2.1258535,-1.8438106,-1.1195055
1.85003,0.5824547,1.7963818
-2.9471622,0.9062011,0.42353272
-1.6435804,-1.2929896,-0.7231053
0.619051,0.030523539,1.5797968
-2.9507596,1.5052629,-0.124190256
0.73944426,0.39655113,1.596276
-1.1223482,0.33796978,0.042308748
-1.5151566,-1.9680365,-1.3853273
2.1504898,2.8205156,-0.11226547
-0.96868086,-0.885674,-0.19137156
0.7091918,0.24748516,1.6207521
-1.1583831,-0.3694489,0.016370237
1.4034109,1.3033366,1.250306
2.731998,-2.48489,-0.393772
2.8798132,0.6827266,1.0346551
-1.8146982,-2.3286145,-1.6577413
-2.9821272,2.367939,-0.8741529
-2.0978408,-1.1825101,-0.4856947
0.84512043,0.6124234,1.5663084
1.2043514,0.19853139,1.9139643
1.5756416,-1.1924132,1.3694067
1.3027287,-0.400383,1.8851963
2.9184623,2.8536024,-0.73753315
-2.2749739,-1.5169044,-0.70827836
-2.3519406,-0.7798152,0.0009351969
-0.93945456,1.9774756,-1.2027979
2.3285084,1.7612543,0.53710175
-2.3036134,0.8300135,-0.068427026
2.2492352,-2.6251066,-0.0910064
0.49917555,-0.48391533,1.363882
1.8557038,-2.9559467,-0.023129582
2.9722433,-1.4826225,0.25660065
2.9199839,-0.3207171,1.1688089
2.8800197,-1.1339067,0.6817236
-0.73620343,1.2315807,-0.3387319
-1.2801515,0.03007865,0.04148835
1.2736063,0.5904014,1.7868804
2.5583277,0.8794606,1.1883188
0.07469368,0.7242737,0.8236051
-0.71014786,-2.9411752,-1.6319294
-0.48521614,0.6057129,0.35569683
-1.0708058,2.468462,-1.6594608
1.4404898,1.0126071,1.5211732
-2.983737,2.153575,-0.7075469
2.5527582,-1.6243644,0.5018497
-0.11016941,-0.7615266,0.6138368
-1.818625,-2.7371213,-1.888758
-1.0701098,-2.7398372,-1.7976291
-1.8415525,-2.261635,-1.6007528
-2.6067605,1.5330834,-0.4719927
0.301867,-1.7645005,0.10480821
-0.68132496,1.0070248,-0.09544486
-1.3466731,2.0776863,-1.4604499
-0.51092005,1.0714664,-0.010142654
-0.41362667,-1.2574271,-0.09366727
1.3216949,1.9165068,0.63026917
-2.4267333,1.100246,-0.20213434
-0.070340395,0.68037033,0.7070574
-0.040942192,-0.7526026,0.68898165
-2.4524488,2.3832512,-1.3618542
2.7653952,1.4498472,0.48804098
-1.4221863,-0.52731514,-0.1248166
2.3801403,1.3835573,0.87612027
2.2994547,-1.9991219,0.3307202
0.08124924,-0.25978088,1.0476061
2.2337847,-2.4906516,-0.0073574185
-2.2574937,-2.67713,-1.6674064
-0.3297677,2.4436297,-1.0899762
-2.4746737,1.5947046,-0.64247406
-1.8262864,-1.0181898,-0.44263196
0.9478297,-1.6715813,0.71153677
2.2354622,-1.1512002,1.1945145
-1.7802815,-0.71296215,-0.22171038
-1.2121786,-0.5103712,-0.06381965
-1.6821041,2.5688567,-1.834233
-0.2606454,2.8716278,-1.2214844
-2.4918616,1.5665059,-0.6006819
-2.3745153,-1.6783465,-0.80137706
-0.6526687,-1.0576662,-0.11640209
2.8824153,0.37411237,1.1871178
0.51679564,-1.7867872,0.27978146
-1.2487682,2.683834,-1.8456409
2.0055294,-1.7781637,0.7010981
2.214169,2.776801,-0.13412112
2.0503225,-0.013138533,1.8871273
0.02792263,2.7180905,-0.8837363
-0.32500935,1.9607034,-0.6994201
1.9485912,0.26969004,1.8933339
1.6126595,2.9446812,0.018448353
2.2747073,0.2620976,1.7281654
2.1606479,1.1515326,1.2381113
-0.85154724,-0.77370405,-0.036973476
2.5409517,-2.641792,-0.3125068
0.5869503,-1.8390259,0.2887996
2.9867487,-2.4147,-0.59301704
2.9844527,2.0550575,-0.3090606
2.5160246,1.3341436,0.8200078
1.9969873,0.8451834,1.5741411
2.355523,2.7815266,-0.22829223
-1.4100516,-2.117838,-1.5072712
-1.1678853,0.8439274,-0.2553903
-0.69915247,0.12942934,0.34806645
-1.5354863,-2.6258316,-1.8692943
2.2041264,-2.8979487,-0.16440421
0.2804489,2.9136305,-0.6973419
-0.75981975,2.5474243,-1.5174052
-1.3441,0.5450983,-0.11933792
-2.6709416,-1.925923,-0.8011758
0.21525288,0.41795754,1.1275144
2.6371136,2.139182,-0.054920852
1.9725866,-0.6527152,1.7148
2.377761,0.04165697,1.6908262
2.0497136,-1.4755887,0.98255825
1.2623982,2.2678137,0.31088746
-0.086389065,-1.8285348,-0.3411761
-2.2193248,-1.6857973,-0.91172117
2.2057223,-0.7707088,1.5225327
-2.1110551,-0.09508395,0.13790733
-1.804003,0.75585604,-0.24524575
1.2038059,2.3351574,0.24133545
1.647583,1.8371439,0.7338438
-1.5611637,0.43280602,-0.09216118
1.8985825,0.78671193,1.6529346
-2.8076043,2.5430427,-1.153967
0.7149031,-0.8809428,1.2919685
1.3244004,-1.428189,1.1119223
0.55723476,2.2975483,-0.13560444
-1.6881208,2.6025944,-1.8513486
-2.0260334,-0.12287617,0.09430337
2.3977323,-0.11767602,1.6702178
0.66091704,2.2766395,-0.034834683
-1.2888193,-0.5595026,-0.112987995
2.8895745,2.9614353,-0.73445666
-0.62619495,-2.1981916,-1.173104
-0.5547595,0.7374444,0.21345049
0.77218056,2.27253,0.05215627
2.497652,-2.888402,-0.36776662
-1.33545,-0.7934282,-0.27102774
0.015124321,2.5564508,-0.81851006
-1.3468366,2.171493,-1.540243
-1.358825,-2.0018592,-1.3954548
-0.40893745,2.4000702,-1.1350758
-0.00309062,2.570848,-0.84458953
1.6085987,1.1792183,1.380933
-2.240818,-0.7602668,-0.059156
1.7409148,-1.7239391,0.83301985
2.343812,-0.61938953,1.5300411
-0.3420024,0.9446511,0.25065142
-0.26873374,0.63515615,0.53946817
0.7398143,0.41279483,1.5901539
-2.7465591,-2.126349,-0.912252
2.2074566,2.4321113,0.045385897
-0.52480245,0.3541124,0.4369126
0.120652676,0.61989117,0.93430185
1.4222765,-2.4949543,0.19087744
1.2491808,-0.845242,1.6122763
-1.3881115,-0.7244921,-0.2345233
-2.203549,2.0728464,-1.2876265
-2.8941197,2.3846722,-0.97190875
-2.5050879,-1.8687311,-0.8879349
-0.6306548,-2.0433505,-1.0448358
-2.32897,-1.7784097,-0.9322182
-0.30291867,-0.8410506,0.36837283
-1.5849459,-2.302534,-1.6680635
1.6999006,2.7721682,0.05914229
2.0520296,-1.9973803,0.47266144
2.5380158,2.4724689,-0.21677452
-1.9672576,1.2188559,-0.57771325
-2.1171365,-1.100701,-0.40146044
1.0406914,-1.4785495,0.95487005
-0.68508434,0.30155683,0.32213694
2.2751431,-2.9408836,-0.2178908
-2.752191,-1.2780311,-0.091033965
2.7820091,0.39411306,1.275222
-2.0808554,-2.8937201,-1.8421522
-2.405746,2.8069963,-1.615758
-0.318125,-1.7819502,-0.5223745
-1.3290153,-0.07968736,0.025913596
-1.8911755,-1.5058569,-0.8842222
1.7127247,-1.2559093,1.2996541
2.316968,-1.2002724,1.0963969
1.6702766,0.5963054,1.8224721
0.36618233,-1.8451964,0.087083995
-0.4317031,1.2371564,-0.09093386
-1.636842,1.1510687,-0.59030807
2.8593707,1.6596093,0.1897941
-1.6339645,-2.78992,-1.9368035
-2.6303315,-1.7731719,-0.6902745
2.545267,1.8037453,0.33075815
-0.24194574,2.3969445,-0.97491854
2.0157642,1.1230874,1.3355259
-0.9957366,-2.5953033,-1.6936179
2.3366132,0.735549,1.462279
-2.1155152,2.0269423,-1.2957643
1.8053508,-0.13789368,1.9631257
2.334937,1.828361,0.46725076
-0.04194188,-2.1179085,-0.5621527
1.9894934,1.7837257,0.7022954
0.10645676,0.5960088,0.9338384
-2.746737,-1.0621315,0.102336556
1.3142834,2.4111013,0.22243392
-2.3321993,-2.722343,-1.6372633
0.094279766,2.5731702,-0.74861103
-2.698577,0.6811073,0.34820998
-1.4283532,0.8215308,-0.30877095
-0.8938873,-0.33053327,0.1663568
-1.1658543,0.3849573,0.007689178
-2.9551697,2.1126099,-0.7010357
-1.4900587,0.36007404,-0.06087172
-2.7797236,0.35100794,0.58500373
-2.5080447,1.4817648,-0.5030939
-2.9930344,-1.3693914,0.05203356
-1.7282002,-0.6684618,-0.20286167
-0.6722517,1.1702104,-0.23279133
2.7026267,2.6666942,-0.46433547
-2.11054,-0.5516474,-0.0061782002
-2.281309,0.07844782,0.23889685
-2.4421873,1.2627926,-0.34060585
2.8066144,-1.9287783,-0.021636188
-0.3836553,-2.4008822,-1.112302
-0.7981789,0.17330647,0.26893383
1.644877,0.5347674,1.8576446
-1.7725471,-2.3175921,-1.659008
-0.79285026,2.919406,-1.6877744
2.7497244,1.0432601,0.88532174
1.5978422,-1.8236321,0.7494837
-2.3271956,2.3133473,-1.4034815
-0.8245287,0.84320116,-0.069152236
0.29459906,0.2311101,1.2637689
1.0839181,0.2753098,1.8461387
-1.380205,-2.0035765,-1.4012887
2.1005745,-0.24146986,1.8339068
0.046915054,2.3307467,-0.6419876
-2.5938683,-1.4946624,-0.4446855
0.80387783,1.3904123,0.8994598
-2.912274,1.9047489,-0.555094
0.20885825,2.9603162,-0.7762713
-2.9670854,-2.4101362,-0.91782534
-0.8557341,0.82128596,-0.07377201
-0.69721603,0.98629,-0.090298176
-2.6948032,-1.0147744,0.095739186
-0.8485546,1.7681117,-0.9463632
0.10074234,1.161068,0.4989322
-1.6902452,2.5507302,-1.8233349
0.42574024,-2.1445537,-0.12979648
1.5841923,0.8125782,1.6875391
0.35406208,-2.171437,-0.21846035
-2.9446778,0.79595566,0.5039575
-0.009479523,1.916614,-0.34844548
-1.4059328,-2.5589066,-1.8214283
0.8551233,2.324348,0.070418656
-2.407093,1.7187114,-0.81759214
-2.075204,-0.27293825,0.08752209
-0.09959173,2.7754288,-1.0331349
1.7299285,0.018173933,1.9872
-0.8014612,-2.1956525,-1.303354
-0.15819669,-2.1232386,-0.68230546
-0.29710388,1.9441943,-0.6575336
-2.347342,-2.4645896,-1.4927924
-0.23735261,-1.0073175,0.2990001
-0.08443403,2.4097776,-0.82829654
0.49656963,1.5424299,0.50477487
1.3427286,2.742158,0.05282414
0.89343095,1.0393643,1.285995
1.6730127,0.0698905,1.9923391
-0.5719185,1.3926382,-0.36402908
-1.2959704,-1.3564239,-0.7497382
2.547759,1.7922807,0.33986446
2.3919716,-1.4657797,0.78618515
1.6356373,-0.94663024,1.5823194
2.1853914,-0.8353939,1.4878926
1.4693146,-1.6384699,0.9272332
2.6519213,-0.058594227,1.4686198
2.6096954,-0.6460495,1.3056377
-2.4391873,-0.5659957,0.19799954
-2.8271031,1.9256239,-0.65675974
-1.5564691,2.290092,-1.6587523
2.2937493,-1.5762663,0.74438536
2.7087674,2.853228,-0.5392731
0.19570065,2.1007547,-0.31104362
-2.2181296,-0.82582927,-0.11974722
-1.4099954,2.1417918,-1.5275693
1.426146,-0.9841986,1.5430871
2.794486,2.7857218,-0.597165
0.58106565,-0.15817404,1.5364316
-1.9730158,2.2642217,-1.5593697
2.8463945,2.4480677,-0.47806802
2.634295,2.0624905,0.013696998
-1.3160845,1.1768222,-0.5838748
-1.6210109,0.42293715,-0.08685213
1.7247262,-2.40234,0.24920392
-2.1678967,0.034151316,0.1724475
2.504156,1.8719387,0.298526
-0.605598,2.8580704,-1.5293299
-0.040830612,1.0719676,0.43757805
-1.6027018,-1.845431,-1.2706864
-2.9658265,-0.057454586,0.8234874
0.67873573,-1.2480379,0.9449932
-1.0688564,-0.022791624,0.12308949
-1.7590342,-1.9220631,-1.326423
2.391336,-0.2847309,1.6415639
0.5563035,-0.021411896,1.5278215
-0.80439615,1.7563696,-0.90492195
-2.7665567,-1.3021646,-0.10089341
-1.6888132,-2.2449481,-1.617279
-0.97927666,-0.1477325,0.15901315
1.2611256,2.884656,-0.014739037
-2.734251,1.3907547,-0.21709934
1.7326164,1.6221108,0.9356437
2.7288456,-2.9225197,-0.5749721
0.9283426,-0.029711008,1.8001866
-2.9786217,-0.632267,0.64443934
0.39139128,0.55105305,1.2334485
-1.2106587,2.256072,-1.5687349
0.94897556,2.8326502,-0.13983649
-0.11213994,1.2354326,0.21720757
1.4678473,1.9691272,0.606825
-0.24407911,-0.7229698,0.50818133
0.5411205,-0.2918663,1.4728053
1.195229,-2.7834556,-0.0062517524
-2.222691,-2.093326,-1.2940097
0.50030327,-2.4420452,-0.28544202
2.6733475,1.767334,0.25604624
2.0947814,1.4448576,0.99143827
0.18673682,-2.4236507,-0.56750774
-0.5275533,2.3925042,-1.2357308
1.2404613,-2.832572,-0.0066981316
-2.6381056,0.30034018,0.47275314
-0.9035697,-2.7246237,-1.6998615
2.6021051,2.4565735,-0.26071054
0.38606834,-1.3910655,0.5553138
-0.038811684,-1.9270799,-0.38759556
-2.3613417,1.4061661,-0.5395702
-1.9443827,-0.6433172,-0.13091415
0.4148903,1.9340239,0.047796488
-2.2550745,2.800233,-1.7171758
-0.86751556,2.1326742,-1.2955008
-1.4778836,0.37359738,-0.06466627
0.9245291,-0.2509482,1.7670147
0.45830226,-2.1492848,-0.104332805
-2.8965976,-1.7567239,-0.4274097
0.9901662,-1.7849382,0.6236082
-0.27048206,1.8190069,-0.5128658
-1.4533811,0.12471819,-0.0008819699
2.2100034,-1.9909308,0.3946858
-1.9750139,2.698885,-1.8230054
-2.736396,-0.9470043,0.1899178
0.32707405,2.9452567,-0.65951437
-1.6282833,2.8535671,-1.9571548
-1.2182829,0.5183096,-0.06985003
-2.6236234,-2.4592004,-1.271183
-0.7455797,0.98870873,-0.12862891
2.3834724,0.0649457,1.6854495
-2.7219205,-1.4754374,-0.31224662
-2.0286088,-1.7952458,-1.1195911
-0.65649986,-2.0900002,-1.1065371
-2.3742456,0.46317434,0.20041054
0.56155944,1.2515492,0.8463586
-0.5961561,0.50596476,0.31324148
2.2694302,1.7359533,0.60131437
-2.9815083,-1.0953062,0.2983728
0.10043383,-1.0819559,0.5698675
1.3229012,2.9369965,-0.00971204
0.3894434,-2.274653,-0.26748908
-0.8169937,-2.764217,-1.6587265
2.813445,2.919386,-0.6531235
-2.3286805,1.859189,-1.0107037
2.7941751,-0.5017972,1.2171903
0.8167453,0.91727185,1.33691
1.4285159,-0.944077,1.576386
2.1148958,-0.4156165,1.7704613
0.2985742,0.41589832,1.2089115
0.3181076,-1.0306242,0.8270533
-0.60830426,0.21075225,0.40639704
-2.72148,-1.1270084,0.02150008
1.2637553,-2.482935,0.16241753
2.2437267,1.398654,0.953292
1.2543607,-2.2010703,0.3609845
-0.4681015,-2.9310484,-1.4291102
-2.685481,0.5936079,0.38846746
-0.049586773,2.1948676,-0.6339103
0.7801771,1.0414248,1.2083964
-2.348136,-2.122725,-1.2371125
2.5510182,1.8068113,0.32300824
-0.07900047,-0.868618,0.5669639
0.8193741,-0.37065482,1.662809
2.646555,1.7860441,0.26147532
1.3023534,1.1789494,1.3460811
-1.6255864,-1.0575911,-0.5075273
1.1063251,1.8227515,0.64476067
1.7639637,-0.79941463,1.6785276
1.4967527,-0.80685806,1.6890306
-1.4094876,2.0690536,-1.4649134
0.30471683,-0.6785617,1.0784993
-2.1555634,-0.059984684,0.1643607
-0.33704805,2.80659,-1.2751122
-2.0817595,2.8856497,-1.8396989
1.7149916,0.7064996,1.7502608
2.935265,2.256319,-0.42821097
-2.9055014,-0.42319345,0.677878
-1.4016348,-1.3804972,-0.7965737
-1.2689556,2.8060308,-1.8990164
-2.1006665,1.574328,-0.8664043
2.7298298,2.0510569,-0.061784804
-2.3173203,-1.4524659,-0.61599934
-1.5684224,1.5703387,-0.9995396
-2.492197,2.4556718,-1.3785412
-0.009953022,0.28699303,0.94914657
-2.220571,1.9996023,-1.2120054
-2.0208342,-2.7220695,-1.8137139
2.9831734,1.1864548,0.53270626
1.3405786,-0.74091816,1.7114658
1.2727327,2.725975,0.041039824
2.1275892,1.0828719,1.3177478
0.51836944,2.9706092,-0.48995346
0.48681593,-1.0428504,0.9715741
-2.2532508,0.27589893,0.18615371
0.8427973,2.135499,0.21134263
-2.3437862,-2.1695914,-1.2794738
-0.013052702,-1.0463641,0.4876693
-1.618922,-2.4005804,-1.7366278
-1.7004536,-2.252325,-1.6215873
-1.7564979,1.3287754,-0.74314183
-1.4522574,-0.9060483,-0.3761217
-1.7841539,1.961833,-1.3584726
-1.6406615,0.27696705,-0.035671234
-1.0928103,1.0565162,-0.39601487
-2.7411282,0.319417,0.5595726
2.4013333,-2.8114696,-0.27152306
1.0081196,-0.4523301,1.7452614
-2.9839725,-1.6474957,-0.23359251
-2.9985201,-1.1884285,0.23053344
-1.5108519,2.4138842,-1.7449045
1.1576071,-2.3214135,0.2337547
2.7459102,-2.1904855,-0.19534409
-0.4673133,-0.96206284,0.12133962
1.7849874,-1.3313906,1.2142739
-1.6181102,0.7404933,-0.2607451
-0.6226821,1.9249706,-0.930032
-0.4650743,0.47080326,0.44271502
-2.9207668,0.052833557,0.7795692
0.015651226,1.4409723,0.1451102
0.79399896,1.7915106,0.49423563
1.8285303,0.105492115,1.9614109
-2.32124,-2.0258195,-1.1708696
-0.90328693,-2.5995226,-1.6420084
0.11317563,2.9937725,-0.8761603
0.31823683,0.9757297,0.87345636
0.5059426,2.7465415,-0.43834475
-2.2284966,-1.1514398,-0.38422737
2.3283663,0.82485294,1.405173
-2.710929,-1.5797943,-0.42647186
-1.0414796,-1.5793701,-0.871726
1.4949799,-1.3727796,1.1938524
-0.74819803,2.998302,-1.6700706
-1.4455143,2.1872249,-1.5702872
-2.9596114,-1.8462031,-0.45291683
2.0662346,-2.1163194,0.3608951
-0.067361355,0.98953915,0.48176464
1.4490685,-0.70740414,1.7526517
0.47861552,0.14347172,1.4502764
-2.2310266,0.38303304,0.13768435
-1.0600687,-2.626843,-1.742805
2.1390953,0.6626234,1.6311986
-1.4691203,-0.026214123,0.0048210025
-1.3822578,-2.0996268,-1.486803
1.6451402,-2.9667802,0.01247859
-1.3001987,1.5318117,-0.92463654
0.48973227,-2.7432647,-0.4513212
-1.4584386,-1.3514661,-0.7761185
0.92345,1.8234739,0.5476895
0.30517435,-1.9990193,-0.11479539
-2.3812733,-1.4207582,-0.53967714
-2.2754066,-1.8903083,-1.0759673
1.1031256,1.7659612,0.6986925
-0.9824858,0.9281521,-0.23256516
1.6433468,0.30963278,1.9498148
0.15611959,1.0563116,0.6475725
-1.0259128,0.8582854,-0.20145178
-0.522037,-0.63384724,0.30710807
-1.3668205,-0.27648973,-0.017249346
1.4803629,-1.8778077,0.6937026
2.3796191,-1.4091325,0.8513112
-0.0934391,0.04630065,0.9056251
-1.9340286,-0.36408138,-0.00030201674
2.1566124,0.7552171,1.561384
2.441113,1.4239225,0.79093075
2.0451374,2.3013024,0.2223472
-0.054297447,2.8746262,-1.0188464
0.73745966,-0.22800279,1.6465296
0.15259051,1.1829104,0.53023124
-1.1394721,-2.4297357,-1.6655631
-2.9705281,1.736198,-0.33487993
-0.36668587,-0.8021407,0.33664584
1.2975111,-2.3804708,0.23882681
1.7499375,-2.335855,0.29141778
0.71351814,-2.5011113,-0.14731044
1.3680191,-1.3856474,1.163604
1.8778696,1.3698597,1.1528095
-0.579973,-2.446908,-1.316257
1.9589939,-0.35408592,1.8635566
-0.06301308,-0.46623087,0.8302976
-1.0624598,1.1035285,-0.42310667
-1.1649742,-1.2229825,-0.57793486
-1.7484094,1.5198431,-0.9333371
-2.310595,-1.8552725,-1.019259
0.68724346,1.7627301,0.44365123
2.7721543,-2.9893134,-0.62733614
0.4264722,-2.0431602,-0.041330993
0.40546203,1.0522547,0.8900574
-1.1254277,0.46035862,-0.0065587163
-1.1825863,2.101385,-1.4316294
-0.9402709,1.5625486,-0.79947025
1.0384116,-2.499784,0.060584784
0.5172193,2.3594956,-0.21497211
-1.1022513,-0.7785177,-0.18027109
0.5878353,-0.56658316,1.3983009
-0.52414894,-1.277117,-0.21100041
-0.20434809,-0.52018595,0.6647979
2.1271958,-2.8008618,-0.09334856
-1.2500943,0.23194551,0.024206638
2.7991738,2.260501,-0.30054286
-1.6409014,-0.5996065,-0.17198592
2.779396,2.306798,-0.3170007
1.127027,-1.3557783,1.1165048
1.204587,1.2118039,1.2850225
-0.6862469,0.29659748,0.32269835
-0.8175597,-1.164343,-0.33412474
-2.1943927,2.9246216,-1.7883376
-2.876931,0.24659061,0.70816755
2.1004562,0.13358068,1.8540703
2.9100947,-0.32407594,1.1773812
0.86027884,-0.16253328,1.7448449
-1.1734568,2.4184637,-1.6718326
0.6588793,-0.45658445,1.5097947
-0.1123538,1.8015604,-0.34083897
-2.5932302,1.0880461,-0.057073534
-2.4026337,1.9566135,-1.0498352
1.041595,-2.2736979,0.21677637
-0.87592864,-2.6288166,-1.6395243
-0.71354055,-0.9850452,-0.10168928
-1.8087695,-0.83744526,-0.30245477
1.3230476,2.8584957,0.00927192
-1.5138849,2.9560738,-1.9812217
-0.9580755,-0.715328,-0.06320816
1.6050892,-1.4374359,1.1323776
2.8839846,-0.012673616,1.254688
2.6744843,1.1481848,0.86044997
1.1809578,1.0253344,1.4437835
0.1065681,0.56628656,0.9502656
2.2547426,2.2032833,0.18393278
2.6524334,0.31890106,1.4194645
1.346827,2.427453,0.21936655
0.88187885,0.73078346,1.5165863
0.72340393,-0.26668692,1.6265893
0.30527306,2.4976592,-0.49918687
1.9801159,0.09754038,1.9126385
0.84863234,0.11971164,1.7432201
-2.5294251,-0.57978415,0.2619382
-1.7721305,1.7620659,-1.1699061
-2.724379,-0.88957405,0.22452834
-0.90161705,2.3404284,-1.4802021
0.15333128,1.6016712,0.121861175
-1.2719096,-0.048110962,0.043178022
-2.759026,-0.4918189,0.50817263
-1.9510857,1.1755257,-0.5434993
1.2767735,-2.9294865,-0.020503938
-0.21132588,-0.9922564,0.33704555
-0.5029521,-1.0604253,0.0064868927
0.4857037,-0.36750746,1.4000566
-0.63369846,-1.4356298,-0.4573739
-1.6349194,-1.2957752,-0.72637755
-1.3766663,1.4266396,-0.8375579
-1.2228001,-0.317986,0.009809077
-2.8080812,-2.079257,-0.8141963
-2.7666779,-0.21671319,0.61041623
-1.136649,0.96865726,-0.34082246
1.125782,-1.2154212,1.2505466
2.9338741,2.5524402,-0.6251839
-0.08119798,-2.082501,-0.570773
2.048695,2.6121106,0.024894476
0.9919658,1.1547585,1.2412424
-2.3893354,-1.7243385,-0.83622825
-1.5008612,-2.8401065,-1.9524518
-0.8231435,1.1702518,-0.34336695
-2.4726348,-0.5593815,0.22741467
0.42015767,0.88888407,1.0381832
0.7125983,1.2809815,0.93957675
-2.338605,-2.0338922,-1.1661544
-0.6314082,0.35261345,0.34819132
-2.6461859,-0.63940096,0.32706377
2.9874501,-2.7012527,-0.75107396
1.7744026,0.52928734,1.8425109
-1.1316673,0.6411686,-0.10372496
2.5790515,-2.2949467,-0.12916178
-1.8777273,2.8217645,-1.9025548
2.523868,1.5731635,0.57681453
-1.1545243,1.7055192,-1.0489184
0.8765383,-2.6140375,-0.095511794
2.0846949,-2.5921464,0.018020868
1.3967204,1.2959232,1.2563118
0.72699165,1.7324944,0.5036305
-0.3459401,-2.5728326,-1.1816506
0.022084713,2.8808694,-0.9441209
2.5615673,-0.6611171,1.337352
-0.9804101,-2.432117,-1.5894293
-0.97335434,-2.2009635,-1.4160571
0.38337135,-0.6960187,1.1414502
-1.4556127,1.5788121,-1.0013894
-1.1342254,-2.0690637,-1.3841112
0.23442364,2.2103615,-0.36456415
2.2562275,2.997974,-0.21555835
0.9781444,2.8201466,-0.119317174
-1.8537211,1.3655529,-0.75643754
1.8114748,-1.2255127,1.30964
-1.1048448,-1.140461,-0.47621885
0.773674,2.154059,0.14801806
0.1766653,-0.62652826,0.98581576
2.142559,0.4590497,1.7374225
-0.67007303,2.9986072,-1.6108382
-1.2189642,-2.9821572,-1.92606
-0.5976255,-0.68505716,0.21170175
0.027265549,-1.1860267,0.4026078
-1.4157447,-0.48561287,-0.10361451
2.0619354,0.12357283,1.8741708
-1.608416,-0.6498413,-0.2031126
0.4745872,2.9122229,-0.51683855
-2.303319,1.21663,-0.39668116
-0.37250805,-1.8848759,-0.67289376
-0.6464088,2.906927,-1.5749158
-1.2001802,-0.8326688,-0.2592004
1.5682783,0.4319911,1.9081308
-2.6787314,0.2800436,0.51453334
0.3146603,-2.2050455,-0.2830794
-0.28064203,1.5262952,-0.23248616
-1.560211,-1.8226036,-1.2490985
2.3329968,-2.6727319,-0.16876537
1.8832965,2.5182137,0.13965732
0.9065714,1.7963543,0.5637446
0.0583601,-1.2557334,0.3682033
1.6627741,-2.147318,0.45066196
-1.3177704,2.7091537,-1.8761057
-2.4412,1.0608053,-0.15634856
2.8788,-1.9913546,-0.14849171
-1.1230259,-2.4927583,-1.6982033
0.60177255,-1.2411969,0.8897686
0.059912205,-1.6672236,-0.036401518
2.5256038,0.21267056,1.5552367
2.9840474,0.28720474,1.1159338
-2.0183816,-2.9355855,-1.8803504
-0.031995773,1.5052333,0.03352576
-2.4321518,1.5283113,-0.6089373
1.9376283,-2.7185464,0.021625698
2.8643522,2.412047,-0.47177476
-1.1467363,-1.1946069,-0.5440469
0.5437279,1.5441403,0.5439827
-0.66054153,2.9424152,-1.5937743
-0.7267809,1.7769856,-0.8691988
2.3820934,2.0143557,0.25940132
-2.7873697,0.10556531,0.64757156
-0.410805,0.43943024,0.5056467
-0.0123028755,-2.5519547,-0.84344465
-2.645905,-2.176494,-1.0449723
1.2335768,2.4164515,0.1952725
2.0005922,-2.7417378,-0.012066722
-2.3830743,1.2920132,-0.41266072
1.1607547,-1.7676108,0.721558
-0.19409823,2.6007662,-1.0501653
2.810667,2.2134094,-0.2743708
-2.8271077,-0.67795014,0.46953326
2.5469637,-0.38364983,1.4875062
-1.1145054,-2.0811129,-1.3861464
2.5289412,2.798108,-0.36654818
-1.5303122,-1.8080438,-1.2342087
0.5081272,1.0708537,0.9659171
0.6998327,2.1022587,0.13729519
1.8611574,-2.888629,-0.010034382
1.406126,-2.9506545,0.0046458244
1.6766014,-2.105497,0.48482442
-0.6315143,-0.45034838,0.30992782
-2.3735085,1.8650198,-0.9847554
0.0348351,-0.91302156,0.64618546
2.7363806,-1.2389721,0.719982
2.5950127,1.996326,0.10696527
-1.7651775,2.4060268,-1.7226186
2.063735,1.5809317,0.87081087
1.349268,2.5924315,0.12260008
-0.54285383,-2.705041,-1.4227967
1.6375375,-2.6753988,0.104488075
-0.12511468,0.4984436,0.75353914
0.36529398,-2.5170531,-0.45400855
-1.9657717,-0.8374436,-0.25364178
-0.3694446,1.8261395,-0.613675
2.9367485,2.9150338,-0.7710306
1.8584967,-0.6029258,1.782579
-2.424511,-2.6458087,-1.5367839
-0.16991544,-1.4803079,-0.07873405
1.9109583,2.9155202,-0.031853676
-1.2838179,-0.5555835,-0.10951072
-0.37576437,-2.7900476,-1.3058255
1.4963999,-1.588421,0.97961015
2.5213542,-1.8711956,0.28532764
2.72184,-0.783072,1.1162844
-2.167272,-2.1720421,-1.3929906
-2.8268104,-1.0153985,0.21767187
2.1201215,2.7503486,-0.0715583
-0.23236585,-1.4207253,-0.08077212
2.7085462,-0.6445763,1.2189925
2.1294212,1.6843634,0.73466164
-1.1711884,-2.8034241,-1.8645774
0.8594632,-1.5755585,0.7527301
1.0093102,-0.25489783,1.8141539
-1.0737594,2.3590832,-1.5881457
2.6953974,0.41726112,1.3457388
0.2461667,-0.01483345,1.243578
-0.9805131,-0.9954653,-0.2866705
-2.740202,1.389319,-0.21021599
2.4009662,-1.289477,0.9523738
-2.9748006,-0.46939564,0.72582203
2.2834382,-1.292941,1.030931
-1.050695,1.1213036,-0.43326008
-0.54921126,2.9922862,-1.5108892
0.4052577,-2.263495,-0.2443606
2.9490361,-0.21137857,1.1691114
-1.9748751,-0.2126174,0.058016956
-2.1306095,-1.5021,-0.77871203
1.8032475,-2.1387038,0.43523544
-1.4570575,-1.2796762,-0.7065133
-1.1040101,-2.344554,-1.5918471
1.7342925,2.2780175,0.33694035
-1.2435436,-2.1265416,-1.4745057
1.7869043,1.8300891,0.7203424
-1.1700418,2.4809155,-1.7103438
2.3076072,-0.55128574,1.592467
2.988573,2.791316,-0.78685474
0.41495347,2.1678066,-0.15902513
-0.9987302,-2.0919595,-1.3386734
1.6875687,1.712635,0.85182625
0.8385258,0.7713027,1.4606615
0.013022423,2.3605604,-0.69716513
2.6764584,-2.2754135,-0.19919938
-0.17352319,2.3350363,-0.8646422
1.054513,0.4256966,1.7804112
-0.8934653,1.4665179,-0.6751587
-0.54428244,-1.665468,-0.6123346
-0.12913442,1.9755058,-0.5225276
0.2018559,-0.21573734,1.1773067
1.3119607,2.4738822,0.18144733
2.263042,0.2560897,1.7372024
1.8391037,1.8622656,0.67686117
-1.2618145,-1.8957574,-1.2719157
2.6890044,-2.658742,-0.44838032
2.0263805,1.041935,1.4025548
1.0814719,1.5892158,0.86423224
0.32740116,0.8303194,0.99622333
-1.6978265,0.9425161,-0.40418828
-1.790533,1.9760532,-1.3702097
0.015040398,-1.5435691,0.042263705
-2.231464,1.6057239,-0.8245032
1.0524182,1.4381433,1.0008883
-2.7232132,-1.2733812,-0.11323044
-2.675138,-1.784602,-0.661903
-1.347476,-2.9792466,-1.9620183
1.7261658,2.2061725,0.39447415
2.3489966,-0.04625058,1.7111087
-2.521577,0.6859784,0.19275165
-1.8945973,-2.1232574,-1.4728167
0.665535,-2.255579,-0.015024662
-0.5467808,2.4619017,-1.2977071
-2.4585152,2.1136708,-1.1477823
0.83339596,1.6224403,0.68859786
-2.4971216,2.399014,-1.3375031
0.18775654,2.4158635,-0.56136036
1.2229257,1.77208,0.7401735
2.767211,2.1669645,-0.1957787
-2.5603116,-0.3853891,0.37755716
2.24009,0.78136206,1.4942151
0.417449,-2.5784848,-0.4401703
2.6119695,-1.0752962,0.9806799
2.9530382,-0.2802868,1.1484153
-0.748214,-0.14626074,0.3089921
-0.4672358,2.9587965,-1.4337593
-0.7252164,2.4478035,-1.4321259
2.3594675,0.94468546,1.2907864
-1.2991229,2.7973747,-1.9046628
1.9812212,-1.5294585,0.9582774
1.2338471,0.5832801,1.7784283
2.8207917,-2.3797154,-0.40821478
2.1249113,-2.5519366,0.019234478
2.4347072,1.603962,0.6163091
-2.4658647,0.9632256,-0.05459088
-1.5790325,-0.16146898,-0.012973905
-2.1285214,-1.9411207,-1.2103792
1.4896111,2.1626654,0.43879318
0.61029816,-0.23014593,1.546745
1.1434956,2.0480928,0.45070812
1.125988,-2.0727215,0.42157903
0.1269772,2.305512,-0.5437399
1.1448412,-0.14169931,1.9006219
-1.6267637,-0.9374871,-0.40661877
1.9490786,-0.24765158,1.8987912
-2.5827663,-2.3138142,-1.2067049
-2.7565746,-0.5485344,0.47771382
1.0188398,0.17577887,1.8360909
2.8164568,-2.2211258,-0.2860112
-1.097517,1.62007,-0.93933207
2.8259282,2.833983,-0.64261186
-1.0649124,1.546711,-0.8506635
-2.2797313,-1.4736782,-0.6620902
-0.466434,-1.8643166,-0.7390278
1.6591344,-2.3775187,0.27407742
-1.5615274,-1.849441,-1.2750099
2.8133516,1.7907162,0.10422705
-1.341607,1.3826671,-0.7868294
-1.3279041,-1.1220217,-0.5367846
-1.249433,0.049139977,0.049987197
-2.2849295,-0.47254992,0.1347493
2.7984843,0.04333496,1.335477
-1.6949286,-2.983321,-1.9798067
-1.3497384,2.5352798,-1.7974207
-0.9089978,-1.0528754,-0.2938134
2.5253916,-2.584259,-0.27072936
1.39954,-0.054275513,1.9838989
1.1045656,0.8967209,1.5174443
-0.7888875,1.3739452,-0.5139876
1.5161271,-1.5152943,1.0539795
0.5442102,-0.21907926,1.4938406
2.390232,-2.2471795,0.056657076
0.6659765,-2.2615707,-0.019306898
2.20189,-1.9806111,0.40894327
2.0703716,-1.884269,0.5694221
0.52425194,1.8839111,0.19254205
-2.8748064,-2.7060552,-1.1702762
0.61040854,-0.6227896,1.3854567
-2.2635064,-1.2438065,-0.4483243
0.51542974,1.9730163,0.10144672
-0.33596063,-0.19385862,0.6515919
2.3869967,-1.6509501,0.6049264
-2.1533797,2.4360871,-1.596328
-2.508031,-2.2747872,-1.2392839
1.33712,-1.135943,1.394099
1.9807897,-2.737337,-0.0022719502
-0.65293217,-0.23956275,0.36392373
0.8119807,0.85395885,1.3826551
2.407671,2.6214485,-0.19796073
0.298419,-2.1750784,-0.274162
-0.83849907,-2.002272,-1.1618521
1.7346144,2.9980063,-0.003097415
2.7037792,0.52788544,1.2878343
-0.5092273,-2.0329978,-0.93342245
2.0355134,1.293581,1.1676267
0.25030184,2.889697,-0.7207453
-0.6281612,0.1104033,0.4062538
-0.26182413,-1.3756857,-0.06496787
-2.9123297,-1.6038677,-0.26032513
1.4391756,-1.0791239,1.4634514
-1.6328863,1.5293221,-0.95661074
-2.5549822,-2.123105,-1.0781955
-0.41592646,2.7287683,-1.3200289
-1.2223002,-1.8563561,-1.2215819
-1.9094796,0.8412199,-0.27663904
-0.63158274,2.984386,-1.5780914
-0.3166194,-1.3262951,-0.069283396
0.9117956,-2.0055814,0.36938906
0.41117692,-1.555178,0.41530606
-0.4008298,-1.2580637,-0.0825226
0.6603904,-1.8422316,0.34531072
-1.9411057,-2.9560933,-1.9150597
2.5384655,-1.5418042,0.59620875
1.4689989,-1.0429548,1.498493
1.8978782,2.5991268,0.090545654
-2.6758282,-0.5119693,0.42267546
2.0477366,0.34957027,1.8279237
0.5302887,-0.9414377,1.0944088
-2.8990989,0.4676304,0.6525147
2.8485928,1.4291625,0.42998636
-0.06278014,0.52418995,0.8029908
0.5753498,-0.36923647,1.4767315
2.481906,0.25263262,1.581127
1.9346457,2.830871,-0.017579317
2.6690235,-1.9981667,0.040696234
-2.8000927,2.9431214,-1.31527
2.9659066,-0.6663215,0.9608843
0.73074865,2.1391306,0.12919837
0.03896141,2.3234506,-0.64462686
-2.3571572,0.104355335,0.28813428
-1.6132658,0.067546606,-0.001378715
2.9124632,2.0795345,-0.2599458
2.230546,-0.41679907,1.7045352
2.3385386,0.82556105,1.3976252
-0.25211382,2.8703814,-1.2128986
-1.6710802,-0.5939164,-0.16622043
0.70048237,-1.0566638,1.1363664
-1.4295126,2.3264632,-1.6758103
-1.9528298,2.695282,-1.8299541
0.9688983,2.8768315,-0.14089262
2.3530731,-2.8305495,-0.24270433
-2.3014307,1.9755073,-1.1385043
-2.6517644,1.4766502,-0.3764673
0.40533066,-1.9142901,0.057543874
-1.0570074,1.9593616,-1.2497495
-1.6042113,-1.6111794,-1.0398138
-0.6140399,1.5868025,-0.59217954
-0.17348886,0.2564788,0.79466933
-0.8320122,0.9457562,-0.15415806
2.221624,-1.8443738,0.5254051
1.6624169,-0.58004,1.8322465
0.9435792,-1.630895,0.74960136
-0.9620154,1.6321354,-0.8816464
-0.2674055,-2.3831515,-0.9901391
1.9449601,0.21006012,1.908832
0.24874163,1.1589847,0.6464547
-2.89419,-0.06980419,0.7526782
0.28504992,-0.90261316,0.90076625
1.5708952,0.68432593,1.7748454
-0.76951313,0.23697948,0.27626592
-0.56004715,-1.6538744,-0.6142087
-0.40699434,-0.81461,0.29030117
1.8436127,-0.6561589,1.7553573
2.477192,-1.6907673,0.49690408
-2.3542964,0.07425308,0.28879684
1.9765601,-0.93196154,1.5150616
1.2284832,-1.6959897,0.8171142
1.0501876,-2.4305813,0.10981423
-1.7041622,-1.9562151,-1.3670672
-1.7127053,-0.6531229,-0.1957578
2.978901,2.3994784,-0.5750663
0.76771045,-0.35297155,1.6328393
-0.66766214,-1.6107999,-0.65914476
-0.60762763,-2.287882,-1.2281122
2.0085359,0.5115366,1.7777056
-0.74732304,2.550931,-1.51025
2.026874,-2.703484,-0.00776881
-0.8505764,2.3133626,-1.4278414
0.7091212,2.6797342,-0.24405879
0.79030514,0.67873144,1.4889377
-1.5366994,1.4966764,-0.9253667
0.074154854,0.89083624,0.7028489
0.5992062,-2.622755,-0.30440903
-2.9340127,-1.1966271,0.15940686
-0.5908222,-0.70231676,0.2063036
0.28562236,-1.7889851,0.06529291
2.4709044,-0.09431028,1.6170814
0.6643281,0.6329365,1.4228243
-2.549881,0.10259819,0.4369589
-0.87928486,1.6365652,-0.8360045
2.9702153,-1.7679423,-0.025331736
-0.39039278,2.5234966,-1.195535
2.263239,-1.2200729,1.1132662
0.34419966,2.4054813,-0.40364167
1.9685187,2.7212067,0.00901407
-1.2892066,-2.4508946,-1.7314165
2.9471784,-2.874916,-0.7714602
0.63314223,2.226275,-0.01785785
-0.614192,2.283801,-1.230408
2.3067188,-0.32117915,1.6900756
1.4794083,0.6221113,1.8084769
-2.0165143,0.4422655,0.0014830232
-0.21570754,-0.916003,0.3949567
2.1501803,1.5785356,0.8290609
0.74741864,1.0122423,1.2097082
-0.94877887,-2.8940787,-1.7822291
-1.9532307,-0.82758045,-0.2510997
-2.100781,-1.7817646,-1.0722216
1.6676407,1.2877955,1.2745526
1.3574944,-2.995373,-0.01199168
-2.658392,-2.5782073,-1.3100678
-0.6159816,-2.6444468,-1.4567074
0.7592764,-1.0304368,1.202841
-2.6542993,-2.3135698,-1.1445694
2.5853934,-0.5979972,1.354427
-0.31994724,-1.7071888,-0.4504865
-1.2186774,1.9286561,-1.2889144
0.3340416,2.6321683,-0.5451615
1.0838108,1.1605382,1.2825936
0.6666436,-1.1640161,1.014006
2.8450012,1.2240095,0.6321398
1.6888404,-2.5759885,0.14877588
-0.2905662,-1.5004996,-0.2162559
0.5106888,-0.62890434,1.2974508
0.7269535,-2.8049135,-0.27926058
-1.1898665,2.8131971,-1.8748803
-2.5706563,1.9658527,-0.92528033
-0.31911898,1.3897781,-0.13369893
-1.1427033,1.4099731,-0.74962825
-2.8338954,2.952242,-1.2849915
1.0698867,-1.1406788,1.2941238
-1.2587374,0.7196317,-0.19965494
2.8722348,-1.008811,0.79897976
1.0729227,-0.5092697,1.7517008
1.2775903,-2.459409,0.18112439
0.8743911,1.793786,0.54600674
1.1700001,-2.1609628,0.36425126
1.9208536,-1.3407512,1.1673745
2.203877,2.6743946,-0.08662504
-0.16393185,-1.7606424,-0.35190633
-0.8504584,0.38562655,0.1749801
0.81280184,-2.7533276,-0.19935107
-1.3536161,-1.7421674,-1.1470424
-0.15243602,2.7218122,-1.0650249
0.8759408,1.6134367,0.72551876
1.3404942,0.12711477,1.9655292
-2.9018188,-1.4956992,-0.16245642
1.1616483,2.287961,0.26020968
-1.1615392,2.8237972,-1.8673433
-2.1130767,0.60119486,-0.031873643
-1.277618,-1.9339621,-1.3125656
-0.0647254,0.10335016,0.9299839
1.4774132,1.4615102,1.1047117
-2.6718864,0.8760848,0.18753952
0.8148842,2.6995916,-0.17625135
2.7029557,2.701654,-0.48007193
-1.6949161,1.5195651,-0.9410982
0.71687126,-2.0865135,0.16387036
-1.2060531,-0.16217089,0.052663684
0.7375581,0.5809443,1.5084274
1.2990484,-1.0006557,1.5030537
-1.8480338,0.8973527,-0.33813375
0.71788,1.958116,0.2800813
2.9651856,-1.620845,0.12546575
0.21049047,-0.91452956,0.8191029
-2.1294844,-2.2819877,-1.5006881
0.0375247,0.46599865,0.9308892
0.6615815,1.795763,0.39129156
0.92374754,2.713396,-0.111849725
-0.21626973,0.15730047,0.77306604
-0.6429362,1.9535708,-0.9730436
-1.4916365,-2.8972716,-1.9671702
1.9385958,-0.06520057,1.9309961
-1.694699,-0.56598663,-0.14827394
-1.0211284,-1.3815175,-0.6645474
1.990499,2.7772274,-0.02113998
-1.409822,1.8733063,-1.2849886
-0.39156675,-2.5000525,-1.1828121
-1.1960964,-2.7243397,-1.8448231
-2.659137,-1.4054106,-0.29932317
1.4461622,1.0183573,1.5170083
-1.3321116,1.4232912,-0.82467896
-1.3843939,1.5529938,-0.9648757
-0.66104937,2.319109,-1.2943487
0.82195544,-1.9201144,0.39022136
2.6341286,0.2529006,1.4541532
2.6535454,-1.3369263,0.7006459
0.04098034,-1.455323,0.15618576
-2.5729988,0.02902031,0.46113122
0.2213726,-0.2640357,1.1849135
0.06932211,-2.430634,-0.68847007
2.533626,-0.043632746,1.5702479
-0.6200745,1.4425788,-0.4532293
-2.8188782,2.6905203,-1.2171222
1.0899029,-0.8107445,1.575541
-0.657933,2.0287051,-1.053556
1.0467958,-0.67101145,1.6490176
0.9026723,-2.2068033,0.1909973
1.0693765,2.5948381,0.022684574
1.6594563,-0.70907784,1.7550349
-2.1031613,-0.69704866,-0.0948689
-2.4435987,-0.5075593,0.2312513
2.808803,2.7039576,-0.5790756
2.7420692,-1.2812101,0.6745351
-1.1842525,-0.79664826,-0.22711039
2.8724666,0.1747489,1.2506593
0.5922468,-1.9641827,0.17490816
-0.7882943,1.1699204,-0.31892675
-1.6247513,2.525775,-1.8148462
-1.5964959,1.0846691,-0.5324645
2.4071784,-0.7214341,1.4210118
-1.8439851,-0.57400846,-0.12318438
-1.2305303,-2.9402509,-1.9224651
2.9864945,-2.3649163,-0.55877006
-1.4655272,-0.8224182,-0.31401318
2.9517813,1.6630368,0.09656391
1.3397913,2.7904348,0.034461677
1.4883051,-0.21023178,1.9745821
0.68318796,-0.28783822,1.5901284
-0.5370383,2.0525851,-0.97495854
1.3375387,-0.629148,1.7814476
0.8935611,-2.046607,0.32124895
-1.636719,1.6988206,-1.1255027
-2.471397,-1.297108,-0.35085514
-2.4382062,-2.1364894,-1.1828051
-0.3630767,0.025827408,0.6445145
0.8580015,-1.9959594,0.34406778
-1.9014959,-2.3397288,-1.6411839
0.55271053,-1.6536705,0.4422167
1.7281661,-0.2602949,1.9539571
1.7644796,0.9985194,1.5228496
-1.1210325,-1.2430122,-0.57860386
0.6877065,-2.8690932,-0.32833457
-2.6599238,-1.0211037,0.059166312
2.1583033,2.790429,-0.10664797
-2.397594,-0.6927974,0.09222692
0.16650796,-2.1901941,-0.41480532
-0.9424343,-1.122885,-0.37590757
-2.4874177,2.7018085,-1.5133483
-2.600396,0.47847033,0.3725382
-1.9272559,-0.42055607,-0.024276137
-2.1779008,2.9349384,-1.8000262
2.2893858,0.30936527,1.7052621
-0.46082354,0.45638227,0.4529668
-2.0028954,2.9566712,-1.8910394
0.010820866,-0.30796814,0.96377206
-1.3542928,-0.52844906,-0.11306447
-0.43442154,2.4004097,-1.1585561
2.579996,0.95102024,1.1133912
-2.6476445,-2.1045637,-0.9828861
-2.6061563,1.9202752,-0.8526246
0.7352276,-1.2575058,0.9789467
2.0910273,-2.5570173,0.033757865
-2.850215,2.6515274,-1.1695743
0.9425161,-2.2160974,0.20760053
2.9722705,-1.2773148,0.4578009
-0.4819758,-0.47822356,0.42428306
-1.7701964,-0.01768756,0.01965803
1.4717622,-0.3432002,1.9367828
1.6945133,2.2321186,0.37819588
-0.3114431,2.2446432,-0.93042934
-2.4467735,-2.669225,-1.53074
0.116346836,-2.783367,-0.8204359
-1.942798,-2.935863,-1.9105139
-2.5611112,2.496623,-1.3475447
1.8724632,-0.3638568,1.8893738
2.0604014,-1.4849657,0.96824396
1.2044373,-1.979182,0.5365095
-2.4478898,0.3920946,0.2847221
2.5441895,0.8583274,1.2162014
2.1977835,1.7213411,0.65982205
2.578329,2.4214177,-0.21774197
-0.19940257,2.6673317,-1.0877143
-0.5556021,-2.00001,-0.94361085
-2.6905603,-0.15856695,0.55155975
2.21381,-1.9074225,0.4699878
-0.15730715,-1.082443,0.31251317
-2.999672,0.08630419,0.8548333
2.9332876,1.6822691,0.09555983
-0.38788605,-1.3467268,-0.15603308
1.8043437,-1.6913509,0.8525888
-0.44281554,-0.794796,0.27194524
-0.4719534,1.2401695,-0.12999105
2.6389847,0.08340931,1.4782361
2.4908342,2.2480526,-0.020867169
-1.4001707,-2.7003522,-1.8897014
0.09373093,1.0903807,0.55574155
2.0377426,2.2720828,0.24774605
0.1441803,1.8897305,-0.16987333
-0.54062414,-2.6105812,-1.3769665
2.6802683,-2.0023863,0.026818901
2.6714,0.04437375,1.4520736
-0.8041663,0.014218807,0.27964634
2.2713938,1.7871504,0.54978704
-0.29712963,2.4467945,-1.0609598
0.08914423,-0.19764304,1.0695584
2.406516,-0.8814812,1.3066528
-0.23275518,1.6356049,-0.29542246
-0.29842234,-1.9449402,-0.65948844
-0.6518898,-1.3686165,-0.40588447
-2.504749,0.36914444,0.33797562
2.322897,-0.5048609,1.6054971
-2.3536227,1.8134007,-0.94915456
-2.3026607,-0.5948415,0.08430755
0.4060402,0.318686,1.3446226
-0.31593466,0.8521478,0.347663
0.11759567,-0.25649786,1.0846093
0.23602962,-0.964612,0.8035799
2.9733458,1.8679366,-0.12533276
-2.9127827,1.6718521,-0.32770255
-1.8037255,-0.458004,-0.07605761
0.55340004,-1.9207789,0.18270144
-2.670711,-0.98364687,0.100317985
-2.3700852,2.0753078,-1.1805965
2.2987394,1.755723,0.56267
1.1616254,-0.9783225,1.4758658
-0.9305606,1.6400604,-0.87116367
0.79167986,-0.35346937,1.6497121
0.5247016,-0.17575407,1.4855497
-0.29556084,-1.4110125,-0.13217166
2.491232,0.08771038,1.6016295
-0.0008006096,-0.626945,0.80902296
2.1283388,0.75769544,1.5749798
-2.3351707,-2.8532743,-1.6805389
-1.2189242,-0.17925596,0.045247495
0.5074117,-2.3458235,-0.21381882
1.6025186,-2.7875366,0.061522663
-1.2206343,-2.974421,-1.9253764
2.1642747,-0.48218322,1.7149851
-2.488846,0.5605569,0.23958856
-1.1443559,0.31328344,0.040882945
2.2553625,0.7062292,1.5355079
-2.2415748,-1.2885314,-0.5048064
-2.8135886,-1.9869257,-0.7263773
-0.75721884,-0.6490822,0.109736025
-2.4994035,-2.2517729,-1.228502
0.89242077,-0.37413502,1.7094172
-0.52745247,0.62972116,0.30485803
-0.8830724,0.41857004,0.14097828
1.6590567,-2.7249928,0.0816375
0.17454052,2.848906,-0.7838166
-2.7046773,2.5842547,-1.2718128
-2.8428445,-1.3438239,-0.069295436
1.8841257,-2.5552835,0.11832416
1.2937536,0.43804336,1.8674519
1.6485825,0.67684937,1.7765262
-2.5479105,-0.8020983,0.13578302
-0.57972956,-1.3781773,-0.35636753
2.563126,0.2263422,1.5212345
2.423193,-1.8258051,0.40592685
2.0395136,-1.5720448,0.89089996
2.785008,0.959713,0.92283094
-0.94009256,0.3392508,0.1353916
-2.3224547,1.2104874,-0.37799406
1.6864657,2.5371008,0.17052674
1.912796,-0.029204607,1.9416595
-0.90597486,1.0209885,-0.26450354
-0.2800603,2.1417112,-0.81681573
-0.14447093,-1.8779933,-0.44635695
-2.6612291,1.9984465,-0.8768353
-1.2425873,2.0562477,-1.4132288
-0.95061994,-1.1457084,-0.40137511
1.1199484,2.344829,0.2010532
-0.8753228,-1.3754007,-0.5735957
1.3539653,-1.431623,1.1153086
2.7013378,2.1509838,-0.12201074
-0.6395023,1.3916683,-0.41862455
-0.73124385,-0.2161541,0.3089335
-1.8842962,-2.3697867,-1.6679125
-0.22895336,1.7112179,-0.36691886
-2.7453895,0.73658323,0.35484967
2.0277834,-1.7909335,0.67902255
2.587863,-0.11154938,1.5196481
0.80012083,2.1673818,0.1556192
2.8372984,1.266768,0.59898615
1.511117,-1.3793964,1.1884532
1.9886236,-0.03210497,1.9134574
2.7708874,-1.0603459,0.8508432
-2.0626009,1.980166,-1.2795134
-0.23536348,1.4079475,-0.07106651
1.1270561,-0.4442401,1.8060898
-0.8030052,-0.35162902,0.21936631
-2.1280804,-2.18512,-1.4251008
-0.94198036,-0.66392684,-0.021146
-1.4871601,1.4707274,-0.8966026
-1.0522009,-2.8772354,-1.8337768
-2.2853975,0.38289022,0.17223406
-0.904943,2.854384,-1.7454283
1.718955,1.2912798,1.2649355
-1.3167182,1.490211,-0.88739735
1.2778969,-0.8119521,1.645494
-2.4671283,-0.2530167,0.34368265
-1.8904091,-2.5616846,-1.7858702
0.31093812,-1.4518383,0.4246296
2.7782059,0.753778,1.0845504
-2.7705483,1.0240903,0.15728736
1.3058286,1.7688627,0.76832706
0.5246866,-1.6901282,0.3818929
-2.4513178,0.86153316,0.014525652
-2.178205,-1.6566961,-0.9069239
1.5114803,-2.212113,0.39999038
-1.4990076,-1.1504388,-0.5893374
2.1023746,-2.0402966,0.4095675
-2.0746198,0.56888795,-0.033242524
2.2663145,0.47242117,1.658191
-1.530482,1.9253459,-1.3463554
1.215261,1.5666442,0.9416124
0.8976126,0.58484125,1.6156404
-2.354049,1.1575727,-0.3070586
-1.5733209,0.91917586,-0.3935212
-0.7267008,-2.836852,-1.6183324
0.009518623,-1.3862844,0.1929853
1.4816117,-2.4492538,0.22627056
-1.23319,-1.739449,-1.1114045
0.44138956,0.6011262,1.2518954
-1.6273574,2.828988,-1.9499366
-1.4260057,2.077139,-1.4745182
1.9577255,-1.2214458,1.2683598
-0.8216491,0.6971698,0.034392536
-2.6287043,2.064664,-0.96473086
0.12601566,0.62509346,0.93659085
-0.4276662,-2.4534152,-1.1871531
0.8528619,0.36782742,1.6862769
-1.5303626,1.2217841,-0.6572129
0.12921429,0.49115467,1.0106438
-1.4800218,2.7401881,-1.9163959
-1.8130893,2.5035715,-1.7740663
0.6857791,-1.676298,0.5279701
0.9272597,2.2808747,0.14808547
0.5550022,-2.6849165,-0.370578
2.7711353,-1.7031316,0.23009247
0.27810383,1.2163882,0.62156814
0.25511026,0.09103298,1.2482114
-0.39220762,2.5907712,-1.2343242
-2.9004025,1.7849388,-0.45136803
1.1733522,-0.6390953,1.724689
2.3386588,2.8688588,-0.24364108
0.2972808,-2.1529932,-0.25693887
-2.3396912,0.5590911,0.129058
2.6936655,0.95744896,1.008706
0.67207646,2.3451338,-0.076630354
2.1699204,2.9352117,-0.1529491
1.3029552,1.4629135,1.0720181
0.47320366,-1.3369535,0.6874577
-0.8838966,2.4122334,-1.5188172
0.61590624,2.0653505,0.10305914
0.96528554,-0.059129715,1.8204638
-0.18187284,2.1536689,-0.7312963
-1.9162138,0.4779234,-0.05298221
-1.5766221,-0.2608745,-0.033818245
-2.7496486,0.9268503,0.21837008
-1.1733291,0.008384943,0.0779205
-0.4836309,-0.8454399,0.19840547
2.453617,0.43550348,1.5416323
-1.6047496,-0.019989014,0.00037658215
-2.9519186,-2.061133,-0.6594616
1.644321,-2.1983135,0.41016155
2.5866156,0.9857812,1.0791359
-2.3399262,-1.16822,-0.32672614
-0.02996111,0.07337165,0.96735287
0.95378685,2.6493063,-0.06564212
1.9340549,2.213213,0.33561188
-0.53854513,1.6667247,-0.6086689
1.3663783,1.5975084,0.9524704
2.3050165,2.0313768,0.29788524
1.7555776,-2.0118566,0.556078
1.4616747,2.7916183,0.054670572
1.8244324,-2.2121148,0.36975396
-2.688315,-1.9440258,-0.8025391
0.6378689,-1.2289206,0.93073964
2.3135138,2.9320898,-0.24150097
-2.376953,1.6793299,-0.80059767
-2.6297092,0.8408296,0.17702472
-2.477394,1.7393036,-0.7841392
0.9211085,-2.8652015,-0.16577381
2.7841978,-2.861352,-0.61115396
-0.2721069,0.93468046,0.3253141
-1.1925741,-0.8202944,-0.24731666
0.17754078,1.4356604,0.31133458
-2.4735982,-2.1291704,-1.1492207
0.5193248,2.8403964,-0.45868823
-1.9723477,-2.6171064,-1.7860371
-2.0192218,1.5289731,-0.8593198
-2.188396,1.580493,-0.82496727
-0.84933186,-1.6088183,-0.7888521
1.9551163,2.6510162,0.04499221
0.6093335,1.5632191,0.57989824
2.0878,-1.369679,1.0690683
-2.8942857,-1.3572088,-0.032826543
-2.44317,2.2958689,-1.3062003
1.8381453,-0.7389436,1.7036551
2.36314,0.1972518,1.6827874
2.5476975,1.375103,0.75404006
-2.7861729,1.3997488,-0.17776927
1.34377,-1.5022058,1.0428767
-2.9582143,2.258318,-0.8169761
-0.88723254,0.90978765,-0.16141355
0.060773134,0.96589565,0.6294161
1.4028845,-1.3939859,1.1618266
-0.91644645,1.3524046,-0.57678396
-2.5939958,-0.37248135,0.4107902
-2.9152179,2.12741,-0.7527603
-1.2030659,1.5382695,-0.9006246
2.2862659,2.1701593,0.19066864
1.3016539,-0.4073403,1.8821771
1.4839005,1.9497933,0.62623805
-2.426278,2.3079143,-1.3280118
-2.695601,0.66565895,0.35515723
2.775774,-0.18922448,1.3398643
1.959579,-1.960423,0.54552805
-1.2930619,-1.5484024,-0.939287
0.25225496,1.7280045,0.09302682
2.1612678,-1.8389497,0.56572706
2.700511,-1.4753237,0.5222455
-2.413903,1.5301046,-0.62446576
-1.4868811,-1.5246638,-0.950365
1.165802,-2.3204865,0.2376926
2.2921276,0.6667161,1.5367839
0.5219257,1.2947683,0.7710865
-0.18514442,-2.719436,-1.0962958
0.116205454,0.38354015,1.0432898
2.7300081,-2.3135023,-0.2762217
-2.355388,1.2657161,-0.40730718
1.3667159,1.6411619,0.9089402
-2.147821,1.0094776,-0.3057865
0.2852378,2.9296474,-0.6962379
-2.8339498,-0.5822532,0.5324127
1.943037,-1.1933706,1.3000433
-1.6715001,0.81166863,-0.30664474
0.19928527,0.90043306,0.81923944
-1.8814688,-1.340661,-0.724019
0.27473783,-1.9747553,-0.1217671
-1.4608852,-0.9133973,-0.38290584
-1.5342497,1.2443895,-0.6786907
-1.3000903,1.2677011,-0.66510665
1.8613973,-1.328521,1.197984
0.41924858,2.5373678,-0.4158685
-0.7727108,-2.2297115,-1.3103383
2.5551353,-0.34817433,1.4934111
0.5879078,0.7326412,1.2980318
-0.97084165,-2.1609182,-1.3818235
-0.13565397,2.7304082,-1.0518863
-1.1729765,-1.4744918,-0.8257521
-1.1901187,1.776505,-1.132674
-0.9368272,0.120824575,0.18702686
0.7149401,-1.6842799,0.542332
-2.671292,2.80435,-1.3968248
-2.3363152,-0.33386636,0.22375947
2.0138407,0.5339942,1.7642318
-0.71850777,2.821724,-1.6075387
-0.11076522,-2.8251314,-1.0608815
1.0477548,2.4138393,0.11963308
-1.3418798,-1.4804574,-0.8836968
2.1016202,-2.4349136,0.101867855
-0.67908144,1.6685953,-0.72572166
0.18280578,-0.91791415,0.78926766
-2.080637,-2.3943696,-1.6064012
1.2199163,-1.4708219,1.0388786
-2.1322956,1.9392347,-1.2066169
1.8245053,1.3146148,1.2213767
-0.4247265,-0.14730048,0.5770993
-1.0956845,1.5406599,-0.8591097
-1.0042545,0.5959201,-0.016129613
1.1445704,-2.246221,0.28530365
2.9382572,0.5762253,1.0404625
0.81504893,2.1361856,0.19201458
1.8388295,-0.28113604,1.9250345
-2.528782,-0.34281158,0.36664426
-0.70798826,2.9459429,-1.6312284
-1.6989616,-0.85771394,-0.3376298
-2.1531754,2.796424,-1.7761749
0.51510954,2.6267133,-0.37772197
-0.93786764,2.4254122,-1.5606174
0.67910576,0.7969928,1.3269582
-1.192861,0.82347775,-0.24975413
-2.7355077,0.77182674,0.3216221
-1.5439199,-2.7498615,-1.9238884
-2.8836145,-1.187042,0.11927828
0.649724,-1.6798825,0.49609667
-2.2521954,-0.44167757,0.1273436
2.3061037,-1.5005035,0.8118595
1.2984118,-0.9661555,1.5315988
-1.6832535,-2.0426126,-1.4481882
-0.85734224,-2.1814663,-1.3295224
-2.6878502,0.9697027,0.1272124
2.161285,2.9283876,-0.14668906
-1.3415473,-1.2167104,-0.6271042
-0.6302223,-1.9824926,-0.98948884
0.22162056,-1.0086783,0.75279033
1.4563503,-1.1329104,1.417484
-0.89436793,-2.9216216,-1.7557173
1.4708276,2.6348977,0.120654106
1.5429373,2.037694,0.5494938
-0.3706727,2.2246103,-0.9704608
1.9891424,-1.5503583,0.9341987
-2.6307497,-1.9836745,-0.8901601
-1.633544,2.8756256,-1.9628708
-0.23542857,-1.8149203,-0.4749661
-0.3054514,-2.520592,-1.1140203
1.064311,-2.4989452,0.07394302
2.1667776,0.9131212,1.4388766
-2.166245,-0.4003594,0.093024015
1.5742469,-1.830373,0.74332255
0.71981716,2.5545564,-0.17333871
2.4915066,-1.6631287,0.51305366
1.6012106,0.19539452,1.9805087
-0.6520767,1.4950681,-0.53118247
-0.42539883,1.4355807,-0.2778802
-1.9963946,2.5110955,-1.7185264
0.661942,-0.37167263,1.5463711
2.34764,1.5464382,0.73748547
1.0323176,-0.23807383,1.8302839
2.4256387,0.3963225,1.5788243
1.1982136,-1.7618612,0.7414858
0.57724667,1.8567877,0.26361012
-0.64947987,0.6827049,0.17109674
-2.591785,0.6013577,0.30204493
-0.56237984,-0.22989702,0.44048882
2.5466042,1.2140884,0.9096905
2.6084871,-2.897657,-0.46218455
-1.014965,2.4515648,-1.6206903
2.4623566,2.3535137,-0.0770098
2.4729815,1.6073451,0.5833562
-2.559833,-0.10941267,0.44452548
-2.9592533,-2.799323,-1.1233261
-1.4941782,-0.81270146,-0.30952698
-0.30356836,-2.4101794,-1.0431585
1.1621041,-1.4373325,1.0507092
1.2560983,2.3593836,0.24153167
1.9005299,-0.34613156,1.8868208
-1.4691997,2.9887881,-1.9831915
2.006569,-1.5122817,0.9650255
0.6839609,-1.397227,0.8045671
-2.129766,-2.4044,-1.5881606
-2.2171302,1.1426172,-0.38308218
1.0665188,1.1103835,1.3198417
2.79326,1.5149212,0.39717704
-1.991782,2.5947042,-1.7668333
0.35547423,1.8037076,0.117223814
-2.840053,-2.7512631,-1.2217743
1.9540691,0.08609533,1.9237418
0.88448095,2.61699,-0.091936946
-0.76410484,2.0936322,-1.1912302
1.5850163,1.1610518,1.398274
1.2441874,-1.4086561,1.1085665
2.022101,-2.5312557,0.08042389
0.30002356,2.8916364,-0.67338055
0.029613733,-0.9825015,0.5845527
1.4395757,1.025495,1.5100787
1.0117455,-0.8108659,1.5366299
-2.5427108,-1.0130517,-0.034445345
-1.151551,1.0682373,-0.4317267
1.8548183,2.7753506,0.026256442
-1.5280963,-0.7125573,-0.242396
2.3206234,1.2995491,0.99974
-0.5756793,1.2078166,-0.18934336
2.873508,-0.4792292,1.1522356
-1.7634941,0.5969391,-0.1544311
2.1217217,0.9967754,1.3950534
-1.3248664,2.67835,-1.8645196
2.1214933,-1.132469,1.2765855
1.6564927,2.3075104,0.3244726
1.2080426,-0.19369793,1.9162223
0.8778684,1.1833081,1.147243
1.7922206,-2.4323153,0.21675289
-1.1958286,2.0162745,-1.3614088
-0.96729326,2.5284104,-1.6411734
0.815042,0.6987772,1.4933838
-2.1278493,0.092078686,0.1469469
0.17828178,0.78290844,0.88620394
1.2520432,-2.369434,0.23322058
-2.7255414,-2.5860124,-1.2537463
-0.16164112,2.234487,-0.77696645
0.16997266,-2.6939359,-0.73230845
-2.3096209,-0.67195845,0.043343306
2.3551664,-1.8373944,0.44438216
0.13575315,-2.8004029,-0.80702066
-2.8229904,-1.2731488,-0.019967437
-1.0406005,-0.02421379,0.13699877
0.54365873,-2.4073727,-0.22508293
2.1732635,-2.2997382,0.1578592
-0.9688573,-2.4195828,-1.5747182
2.6241484,-0.108403206,1.4887908
-1.2689563,-0.7989857,-0.25735718
-2.4183083,2.2046838,-1.2541318
-0.8196516,-2.8718443,-1.694746
-1.9576539,-2.620419,-1.7933347
0.9970579,-0.9144509,1.4501034
1.9810829,2.999876,-0.07296842
-2.5322177,2.732493,-1.4898343
-2.196167,-0.38790393,0.11495775
1.6673737,-0.81771827,1.6792278
-0.6435349,0.41474175,0.3151934
2.7355309,0.12605143,1.3870604
2.7235456,0.28199863,1.3664777
-1.9908317,-1.2965863,-0.6422879
1.7670622,-0.14592552,1.9701734
-2.893147,0.5771575,0.5921194
1.2076769,1.7926974,0.71470886
-1.7116202,-1.8925159,-1.3062991
-0.017040253,-0.6102896,0.80244267
2.9132924,1.5063362,0.2907377
0.40684223,1.9747243,0.0026780665
-1.6124296,1.6250849,-1.0533954
1.3787584,-0.7276132,1.7283813
-0.4823432,0.68410134,0.31113097
2.692408,-1.026873,0.9517282
-2.2435362,2.547923,-1.6110108
-0.5100641,1.7041888,-0.6212305
-2.5205345,-2.707208,-1.4890251
-1.7016678,1.4572086,-0.8781049
-0.85616326,2.9450054,-1.7360727
-1.9792875,0.8022404,-0.22262341
-2.0438085,-2.3795865,-1.6136525
-0.744256,1.9297385,-1.0287087
-1.7135518,0.16061425,-0.0026985407
-1.8178217,-0.80492496,-0.27647877
0.16208482,1.3093,0.41990238
-2.253052,2.3292203,-1.4639306
1.7280912,1.3614044,1.1955198
1.9769039,-2.3653986,0.20508033
2.7603035,1.2520461,0.68549734
0.92959166,-1.851237,0.5245966
-0.28326654,-2.802103,-1.2224183
-0.5241523,-1.4879419,-0.41771957
-1.4261327,1.5781121,-0.9968702
2.0404658,2.306406,0.22067857
1.661284,0.8856647,1.6286838
2.1662827,1.8439646,0.55809224
-0.58243895,-2.8624802,-1.5113628
-2.0726147,-1.4608308,-0.7669653
1.0006104,-1.7117193,0.7013436
2.6297326,-2.5487924,-0.3395797
-0.47585487,-1.8733385,-0.75604635
2.4228187,-2.1420474,0.11777753
2.11834,-2.5069542,0.04851973
1.0547557,0.43772888,1.7754965
-0.81134534,-1.398316,-0.55358773
-1.006054,0.12388468,0.14760953
-0.52525854,-0.48034286,0.38539982
-0.22513676,0.2061348,0.75558966
-0.61746025,-2.7249293,-1.4934107
-2.9222825,-2.4605734,-0.99448776
-2.057607,-2.712469,-1.7931602
-0.95136666,2.0877948,-1.3084828
2.3052373,0.099365234,1.7372729
1.2395496,-2.553423,0.113680065
-2.7322469,-1.1546313,0.0062465966
-2.1477864,-0.03092122,0.16141361
-1.7602154,-1.9854333,-1.3849715
2.8451147,2.427147,-0.46330288
0.7427125,2.152842,0.12655461
2.4030142,0.7210531,1.4243484
-2.4225404,-0.5166054,0.21082902
2.8024845,1.7448931,0.15942755
2.4411602,0.7855053,1.3515794
0.20810509,0.255373,1.1741754
-1.4029523,0.36995602,-0.053604007
1.1759558,-2.6111722,0.060463488
-1.6119951,0.8494568,-0.33876032
-1.243662,1.0953364,-0.4892197
1.1253757,1.8508663,0.6260066
-2.3042216,1.4227037,-0.59533393
0.73005486,2.5533943,-0.1650312
-0.15999198,-1.5947725,-0.18328413
0.027936459,0.2461319,0.997795
0.13746142,-2.209292,-0.45895916
0.7233534,2.575543,-0.18212402
-1.7931279,-0.1400435,0.014823973
1.2347565,-2.5925221,0.091057956
-2.8142533,1.9446993,-0.6867763
1.2620258,0.35379028,1.8907743
-2.4377596,-0.864728,0.0017024875
2.887082,2.6839066,-0.6453056
0.72145605,-1.5800489,0.65122616
0.83102846,-1.4884286,0.82089967
0.7969847,-1.0298878,1.2301672
0.5828452,0.34363556,1.4919376
-1.1472362,-2.3312778,-1.6009018
-2.9190845,0.6487317,0.5761741
1.7941046,-2.902865,0.0035305023
1.8168535,-1.6169876,0.9237055
-0.5488622,-1.7548413,-0.70472467
0.15039635,-2.1797898,-0.42221215
-0.19281673,0.68732405,0.58132243
-0.6774609,1.3179541,-0.37665984
2.0468192,-0.733541,1.6316328
-1.7936114,-0.9012544,-0.3546524
-2.8032181,0.06354904,0.6660272
-0.49594784,-2.4316254,-1.2342488
-1.7490782,-2.8474746,-1.9412081
-1.9813188,-1.9431285,-1.2807012
-0.8620627,-2.174868,-1.3271852
-0.11543846,0.42310476,0.79663634
1.9705353,2.4213266,0.1695323
1.6882014,2.1406069,0.45364338
2.4419694,-1.8468647,0.37135446
2.2451644,1.6691289,0.68292755
0.902266,2.631187,-0.0878129
-0.019557953,-0.63468885,0.7856995
-0.09578776,-0.97823024,0.46285012
-2.2769356,-2.8341599,-1.7139864
0.28599024,-0.21616745,1.2588342
-0.70149183,-1.1622516,-0.24808371
-0.8262811,0.7570305,-0.0085378885
2.5218606,-2.7543945,-0.34515363
1.3765421,-0.28728867,1.9402076
1.8822918,0.5276363,1.8158759
1.9377975,-0.746295,1.6676168
-1.736975,-0.46108818,-0.09065521
0.8657713,2.84756,-0.19548762
-0.37633395,1.3050466,-0.10488066
1.0469565,-2.232551,0.25140268
1.7637372,-1.3582789,1.192366
-0.7530861,1.3839779,-0.49815995
2.2512007,1.3069649,1.0380998
0.12541246,-2.5268512,-0.69183856
-0.5707891,-2.050566,-1.001871
1.9653215,-1.2406515,1.2473592
2.324242,-0.36526918,1.6633635
-0.846488,0.17935133,0.23500168
1.7254019,0.7395425,1.7268493
-0.6684146,-1.3987659,-0.44855937
-0.09171224,-1.6751336,-0.19573177
-2.1323571,1.6801095,-0.95552063
-1.2792124,-2.34052,-1.6537265
0.39495754,-0.5291498,1.2480055
-0.6919136,-2.6907072,-1.5380735
-0.3006673,-2.2823086,-0.94913745
0.7210951,1.1210179,1.0949736
-1.1919161,-0.14689922,0.060150266
1.585288,2.5173492,0.18848944
2.941383,2.9723535,-0.7868383
2.390387,-2.4869342,-0.110735536
2.6407504,-1.6022801,0.44868588
-0.83232236,0.6821072,0.036749303
0.09661174,-0.37757683,1.0260222
-1.0062937,-2.74776,-1.7682999
-1.4615464,-1.786186,-1.2077663
-0.6719277,-1.6090232,-0.6607134
1.8259025,0.3119192,1.9193828
-2.8054411,1.2746019,-0.03797403
-1.5899223,1.8404393,-1.2662045
1.5406895,2.5369477,0.17684281
1.5645494,-1.584554,0.98622334
-0.767154,2.2706718,-1.3382118
-0.6809883,-1.7201618,-0.7783719
-0.41744328,-2.5772123,-1.2503448
2.1722445,-1.2922486,1.0994766
2.167801,1.3758211,1.0207655
-1.4006563,0.49729228,-0.10668355
0.49719357,-2.6087708,-0.38441634
-2.903995,0.8073356,0.4560573
-1.9804838,-0.11618328,0.07601291
-0.27453303,2.1793833,-0.84280616
-1.0032631,-1.6952527,-0.9673649
-1.4154671,-2.4882197,-1.7819986
2.4653816,-0.18927002,1.6079842
1.4932098,-1.2026467,1.3568814
0.23112583,-0.5101552,1.1017423
-0.88327,-0.8032875,-0.07847363
0.044557095,2.9260082,-0.93230915
2.4617348,-0.39319134,1.5523735
-0.5601716,-2.9024868,-1.5028818
0.2285614,-1.7649672,0.0336235
0.9291649,-0.09482956,1.7966275
1.7767038,1.6924243,0.8575476
1.8374867,0.7256706,1.712703
-1.4045459,-2.9599333,-1.9697574
1.1791544,0.43784142,1.8299525
0.4773078,2.141827,-0.08111003
0.43218184,-0.9621513,0.9906094
-2.5850973,1.3954096,-0.35372466
2.7761831,2.493515,-0.43991387
1.337923,2.5214705,0.15919983
0.3517866,0.49728227,1.2234578
1.1527252,-2.8782184,-0.051643252
-0.7450719,-2.5648623,-1.5162747
-2.1538935,2.2212596,-1.4403164
-0.78442526,-0.9660082,-0.13783067
-2.6852531,2.5709248,-1.2822055
2.594554,1.926692,0.17173031
1.2840405,-2.6906004,0.05915147
0.78726053,1.3549299,0.92261624
-2.029124,-2.4928346,-1.6936284
-1.9541041,-2.174843,-1.4954104
1.7110267,2.1118088,0.47517973
-2.4305944,2.7013164,-1.5572244
0.5818815,1.4521179,0.6679968
2.2444887,1.3933082,0.9580812
-2.615737,0.35030794,0.4373138
2.1178064,1.9400325,0.4931803
-2.4731069,-2.813033,-1.5663066
-0.5826564,1.4717588,-0.4513683
2.0716066,0.35445213,1.8150306
2.2246833,-0.90122867,1.4143724
2.724565,-1.7493138,0.22747378
2.4822025,1.1244383,1.0443182
-2.8935757,-0.6538789,0.54824823
0.502754,0.32576537,1.4292467
-2.6809907,-0.6208916,0.36887267
1.7077713,-0.088134766,1.9867523
0.8881695,-1.072811,1.2535748
2.3116913,-2.8517995,-0.22043824
0.7038355,0.71758676,1.4005413
2.056673,-0.43395805,1.7915745
-0.13164663,-0.8954587,0.49389416
-2.409432,1.9567161,-1.0448896
-1.9731578,-1.4088732,-0.75892234
-0.04221654,-0.40676737,0.87620056
-2.6943207,-2.739049,-1.352575
2.5476747,-1.1196281,0.99562955
-1.8011549,2.1343598,-1.5077866
-2.276299,0.16049671,0.22586232
2.921609,1.6578064,0.13131343
-1.923509,2.5105352,-1.7458432
-1.3391472,0.7730174,-0.25748223
0.050586224,2.2035704,-0.54081935
0.956666,0.71779156,1.570535
-1.0754975,1.7849531,-1.0923502
1.6058292,-2.5896516,0.14787811
-1.9205221,2.2205386,-1.5444479
0.5824549,1.0019002,1.088778
-2.951588,0.46308374,0.7058157
-2.693643,-2.9424984,-1.4133644
1.0620799,1.6936502,0.7508253
1.4421401,1.6176934,0.94485533
-1.3396479,-2.257774,-1.6076074
1.0529408,2.5787158,0.023159325
-0.78454256,2.7812266,-1.6422694
1.6758919,-0.28256536,1.9548259
0.32758856,-0.95362544,0.90049106
-0.66282225,-0.18079805,0.36835653
0.5699823,-2.5298874,-0.27905285
-2.8472056,-2.6744962,-1.1830328
1.6804867,-0.41594934,1.9087232
2.7728906,-1.0326219,0.8729744
2.558786,2.6607108,-0.33621788
-1.7283068,1.7626705,-1.1783198
-1.207926,-0.8341718,-0.26309043
-1.3144287,-2.9564762,-1.9502323
0.4561162,0.9260535,1.0414577
-2.100792,-0.25333834,0.105271816
-2.2528014,-1.5903629,-0.7958757
-1.1668643,2.6646147,-1.807909
2.6260252,1.877204,0.19139308
0.7902937,-1.1493133,1.1196741
-2.7166407,2.5534482,-1.2442486
-1.3996714,-2.6192546,-1.8520489
-2.3766708,-2.487504,-1.4860834
-0.38495255,1.3987818,-0.20434766
0.09518266,1.8234391,-0.15492472
-2.003325,-0.6264038,-0.09776777
-2.3398318,-0.572001,0.12223774
-0.5914786,-2.9109778,-1.531115
0.17502832,1.0016656,0.71303606
2.2052984,-0.086899996,1.8015935
1.0887218,-2.2522278,0.25612956
-1.7470336,-2.3059478,-1.6552098
-2.768968,1.6947346,-0.4876823
0.58499527,-2.5124435,-0.25633305
-0.43040276,0.65207505,0.3775894
1.7592292,2.7365289,0.06322175
-2.075467,-0.88097,-0.23893052
-0.14558887,1.6950464,-0.26900575
-2.188257,1.3269448,-0.5739093
-1.5044982,-0.6759944,-0.21771795
-1.7700144,-1.8489922,-1.254843
-0.6247716,-1.7940713,-0.8063365
-0.25133848,-2.93188,-1.2267914
2.7888727,0.43437338,1.2525855
2.6589322,0.6921072,1.2340404
2.3368797,-0.77790976,1.4330137
0.71723485,1.6073117,0.62079597
0.047442436,-0.2084217,1.0257833
2.856019,0.91816473,0.8889872
-2.070713,2.916428,-1.8523798
-2.771164,2.8078098,-1.3068249
-1.6210592,2.3981605,-1.734887
2.2471695,-1.2419794,1.1027718
2.9372087,0.06414199,1.2009076
-1.2328134,-0.90469646,-0.32550114
-1.941611,0.8646517,-0.28312725
-2.6651459,1.7633667,-0.65000695
1.390068,0.49814987,1.8621811
-1.2082243,-0.9647713,-0.3653828
2.2423773,0.50675964,1.6571608
-1.0607382,-2.2193232,-1.4767292
2.7446327,-2.6239057,-0.4823497
1.9341121,-0.51750827,1.8037782
1.9762187,-0.27633953,1.8809965
1.5957003,-0.6284158,1.8086498
-2.4106922,1.3539386,-0.45237833
0.41162872,0.9449096,0.98591864
-1.789797,0.71994853,-0.22427541
-0.921901,0.74465775,-0.061431944
1.8581471,-0.16993475,1.9445939
-1.5244621,0.5590291,-0.1511563
1.8918481,-2.0530853,0.48509574
0.15479183,-1.9137937,-0.18213695
-1.4224842,0.35224295,-0.050420642
-1.4568729,1.8802037,-1.298012
-2.916315,0.12711191,0.7685552
1.0290489,2.7274323,-0.058645546
0.11520529,2.4232368,-0.63793826
2.6710095,-2.994585,-0.5358077
1.0812893,-1.3819624,1.0702784
0.93169975,1.0432715,1.3060311
-0.1593647,-0.14384866,0.8309806
1.4020324,1.0068164,1.5203471
-0.44510174,-1.6472011,-0.5068801
1.2027898,1.6035676,0.90028095
-1.3642255,-1.7262479,-1.1335663
1.8970308,0.2055211,1.9262106
0.8226404,-2.3944817,-0.00071048737
1.5847826,-0.86378145,1.6494693
0.20259976,1.9156032,-0.1367983
1.4238534,1.5510588,1.0089595
2.7112184,-2.1641884,-0.14196545
0.46165967,1.7185102,0.2982574
2.085865,-0.44090867,1.7746232
-2.7467666,-2.3045063,-1.0542773
-0.23738694,2.719596,-1.1474366
-2.607326,1.0192628,0.014783978
0.21450233,0.31617665,1.1632924
0.5633805,0.95301104,1.1132786
0.84713316,1.3282833,0.9895281
-1.2769808,-2.7052236,-1.8634381
1.404294,1.7129478,0.8444972
-1.262308,2.1906095,-1.5336767
-0.7631817,0.36927366,0.24136561
2.249887,-0.85268545,1.4361074
-2.7608795,0.42257214,0.5404545
0.6088462,0.20516539,1.5509486
-2.581129,0.507494,0.34238625
1.2892075,-1.8635874,0.67198956
-2.5051718,1.8953657,-0.9132215
-2.816196,0.18370485,0.663489
-0.8356843,0.17556429,0.24287254
2.3993387,-1.109126,1.1213949
1.5157485,2.6010008,0.14108104
1.9280868,-2.1503463,0.3892005
-0.6989069,-1.014945,-0.11571461
2.6500416,-2.0234294,0.03465894
-1.3679105,2.2506862,-1.6081965
-0.21000123,-1.2035168,0.15061659
-2.7548451,0.050314426,0.6215563
0.15114832,-0.20745707,1.1291313
0.6877961,2.2619085,-0.0025586486
-2.8793783,-2.5401616,-1.0837466
2.522009,-1.544397,0.6070926
0.56441975,-2.9164133,-0.43982846
2.8610277,-0.65108013,1.0723282
-1.2914611,-2.5858045,-1.8107238
0.13989687,-0.06275225,1.1374727
-0.9628122,1.1549411,-0.4168287
2.5365138,0.29481268,1.5256835
-1.6770476,0.2899189,-0.036093533
1.726635,-0.625,1.7988448
-2.1066692,-2.1529498,-1.4096472
2.2544012,-0.46099448,1.6709116
-2.7932518,2.441763,-1.1062907
-1.4914019,0.5651579,-0.15234584
-1.3539798,0.5383611,-0.118037105
-0.50940704,-0.89797974,0.13553157
-0.037204027,2.0154238,-0.46731701
0.9694805,1.994401,0.41354278
2.6903353,0.6428399,1.236494
1.7672949,2.121502,0.45746756
-1.4465722,0.2310462,-0.018866718
2.818944,0.05768466,1.3154163
-0.44177556,0.8230355,0.25245345
-1.6728863,-2.8851147,-1.9620829
1.1213813,1.9152536,0.56301546
-0.5227952,-1.5627222,-0.4912299
2.8630524,-1.306058,0.5366092
0.33466196,-0.17983031,1.312324
1.985558,-2.2555869,0.2827016
0.7724519,-1.9311243,0.34531218
-1.9605575,2.4275298,-1.6807072
0.63139915,-0.49045706,1.4723924
-1.7360895,1.1004801,-0.53320193
-0.80333734,0.5990715,0.10618234
-0.966413,2.9404888,-1.8026993
-2.3770523,-1.4060508,-0.528204
1.1610155,-1.535908,0.9520894
2.1228442,2.8727465,-0.11262566
-2.9563627,-1.9985662,-0.5990151
1.6329846,-2.9531944,0.015761435
-2.3686733,-0.5270438,0.16606969
-2.9359841,1.69629,-0.32932746
1.0345912,1.3392429,1.0891433
-0.06650829,-2.0121932,-0.49366215
-1.8391442,-2.3231864,-1.6475959
2.6861053,0.9634402,1.0105985
0.24479413,-1.9651276,-0.14183426
-1.8816898,1.6632967,-1.0444292
1.3762197,-0.6795051,1.7590134
0.21233463,-1.214603,0.55945176
-0.48018026,-0.53912735,0.39621797
-2.1356757,2.4421396,-1.6098475
-0.2176385,-1.8042809,-0.44729334
1.7361012,-2.3036942,0.31734192
-1.4656166,1.2148952,-0.64603853
1.3817816,1.2640953,1.2841051
-2.948226,-0.57596064,0.6465056
-1.1351008,1.8063564,-1.1399645
-0.9437852,-0.72337747,-0.060210407
-2.6391811,-1.2578223,-0.17365086
1.0722079,-2.281409,0.2259602
-2.3487926,-1.5002829,-0.6418663
1.7362752,-1.6676166,0.8896705
0.614238,0.79782414,1.2746019
0.039826155,-0.5504272,0.8921167
-1.5993387,2.164906,-1.559364
-1.0209478,-1.4544708,-0.73654026
0.7283101,1.7468662,0.49044782
2.8841906,2.4336934,-0.50516045
-1.4369509,-0.6839528,-0.21597493
-2.0412033,-1.6765738,-0.9969642
-1.330739,1.4936943,-0.89429873
-2.1549776,-2.8556786,-1.7935681
-0.39494276,1.9855719,-0.7877399
-2.138328,2.3026705,-1.5114954
2.1752038,-0.17504358,1.807558
2.1293583,-1.8594207,0.5633844
-1.9088777,0.38156652,-0.0153102875
2.6458206,2.1710324,-0.08912647
0.6219585,0.4016323,1.5030521
-1.9086549,0.5611744,-0.09683597
0.99645185,1.3075943,1.0997223
-2.722734,1.6967325,-0.53232163
-1.5954695,0.6545613,-0.20638055
-2.165423,-1.6350392,-0.8925564
-1.6684678,0.0837903,0.001257658
-0.64937305,-1.2794269,-0.31742305
0.68314695,1.5095911,0.6924039
0.5724697,-1.5426761,0.5698262
-2.932382,2.6222196,-1.0758182
-2.871511,1.2624989,0.036626667
-0.4551301,-2.9968536,-1.4291227
2.5604968,-1.2566332,0.85796094
1.1113458,-0.4509778,1.7963176
2.677885,-0.9726639,1.0103674
-1.4214267,-0.10025954,0.006113112
0.8362775,-1.605153,0.7078035
-2.6117556,2.1088285,-1.0178399
1.5612936,1.36695,1.2023923
-0.0739131,-0.28423405,0.8860309
-0.22754645,-1.3091329,0.03309977
-1.6199555,-2.2929106,-1.6597646
-2.621213,-1.7290077,-0.6547618
-1.1045362,-1.6561582,-0.978514
-0.2834735,2.819099,-1.2281402
-1.5931574,-0.0031850338,0.00024491549
1.2539048,-1.71146,0.8100084
-0.5205755,-0.23147106,0.47595045
0.29538727,-0.11759901,1.2842035
-2.7938223,0.72935915,0.4047991
0.84488153,0.9769125,1.3074765
-1.4667127,1.8814983,-1.3003154
-2.2668438,-1.4941853,-0.69084644
-1.2039989,-0.6483469,-0.13639754
-2.728417,-2.5746741,-1.2450798
-2.289865,-1.0787251,-0.27996707
2.2367296,-2.6376176,-0.08932936
2.4555955,-0.2600577,1.5998201
-2.0837884,-1.813449,-1.1115584
0.6506076,-1.0270282,1.1230342
-1.5452471,2.8071084,-1.9442534
2.8072715,2.7160516,-0.5826875
1.8314929,0.39043045,1.8909559
1.1928244,1.5265646,0.9736323
-2.445921,1.938345,-1.0002301
-1.4756073,0.13193655,-0.004163921
-0.63048124,0.5974908,0.23721623
-2.6821768,-0.2016902,0.53630483
-1.7532585,-2.3928945,-1.7159755
0.78984904,2.3896546,-0.020119429
-2.442223,-2.2227435,-1.2504709
0.7982061,-0.8971205,1.3399681
-0.06855798,-2.4971447,-0.8679358
-0.24704933,-1.7773215,-0.4496041
-0.8763089,2.9866786,-1.7564065
-1.6122884,-0.27681875,-0.03720957
-2.8048332,0.93923855,0.25997245
-2.0414648,0.7258637,-0.14333892
2.2656841,2.343687,0.06991792
-0.22236729,0.6279459,0.5886967
2.9212484,0.106039524,1.2129487
0.15815878,-1.3767818,0.35029987
-0.35361147,0.5503273,0.5060653
1.7990875,0.6515751,1.7691841
-2.8244052,-2.0661578,-0.7872453
-1.8594571,-2.1697476,-1.5224025
1.7209291,-1.2971495,1.2589955
-0.78240204,2.580957,-1.5519023
2.3734818,1.191865,1.0647056
-0.273942,1.6794767,-0.37899512
2.1394577,1.9994411,0.42698398
0.14569998,-0.02992487,1.1447374
0.31155038,-2.0031652,-0.11248815
-2.5339015,2.8744864,-1.5355122
-1.0367618,0.4941988,0.01958859
0.150419,-1.0791646,0.62191737
1.3707194,1.207367,1.335533
0.582093,-2.106451,0.039369285
-0.65134907,0.105741024,0.3881548
0.020254135,2.785797,-0.91711694
2.5788841,0.9890032,1.083002
2.0011902,-2.811903,-0.037341356
1.0236559,2.6158304,-0.010925949
-2.1620293,0.64005303,-0.028190017
-1.008722,-0.801774,-0.15071839
1.9153233,2.3597927,0.23158884
2.700529,1.3324509,0.66299665
-1.418252,1.7526436,-1.1692343
1.2747145,1.4674573,1.0596423
-0.70247626,-1.6802319,-0.7553269
1.9030871,-2.167566,0.3833241
-0.45077634,2.1544995,-0.9867822
-2.3847213,-0.1853466,0.2962221
-2.9695423,2.4362402,-0.93258595
-0.11240244,1.4905834,-0.03203898
0.88441586,-2.892014,-0.1954717
-1.768483,1.6396356,-1.0493084
2.3603206,1.4960623,0.7788477
1.4229889,-2.8882418,0.021018386
1.8090925,0.17725992,1.9560721
1.3821802,-2.3969398,0.24694145
-2.8934689,1.4691224,-0.14408682
-0.5500598,1.5968652,-0.5488041
1.5583119,0.9131837,1.6111512
1.4850736,1.8778267,0.69409883
-2.7296052,-1.6646,-0.49409747
-1.7005069,-0.104652405,0.0029295683
2.186654,-0.81282306,1.5037292
-2.4837995,2.2929277,-1.2723576
2.273694,2.1414852,0.22276032
-0.5788045,-1.0584211,-0.056774735
0.22008991,-2.545726,-0.6093451
1.4631891,-0.10458279,1.9887521
0.8076072,2.3448563,0.023591101
-1.9231235,-0.6473386,-0.14088064
0.97718453,1.1041398,1.2788286
-2.5756996,-2.1807246,-1.1089785
-1.5139475,-1.9945943,-1.40961
-0.52696896,-2.5747654,-1.3465247
-0.6001005,-2.5804749,-1.4113863
2.1838427,-1.2194352,1.1620752
-1.6376542,-1.2794158,-0.71049106
2.5173507,1.1585126,0.98518515
1.3973584,2.4724827,0.20062327
0.97623014,0.36858892,1.7612283
2.13651,1.2092581,1.1979198
-2.0487864,-1.9171257,-1.2273687
-2.5848963,-1.299517,-0.2604201
0.11190748,-2.802682,-0.8314433
1.4789042,2.8091455,0.050534368
1.5143585,0.32019067,1.9475832
0.124756336,-0.8220439,0.8051584
2.8692188,-2.7411456,-0.65186834
1.0658531,0.5622275,1.7212718
1.296278,-2.9439106,-0.017968595
-1.4540638,2.0164618,-1.424253
0.9151144,-2.8141494,-0.15423542
-1.1229633,0.6421747,-0.100592434
-2.423492,1.8615308,-0.94461155
-1.9516028,-2.4238896,-1.6816835
-1.8112364,2.2033386,-1.5624304
-0.45234728,2.8801131,-1.4030864
-1.2564865,2.0963511,-1.452703
2.7561226,2.7241235,-0.53812325
1.2403545,-1.4036947,1.1122241
-2.4941447,-0.5263059,0.26151586
0.12625647,2.6918297,-0.7746289
2.587,1.4211712,0.6756646
-0.12094617,-2.036311,-0.56953424
0.48688364,2.954852,-0.51474065
0.81902003,-0.50706697,1.6046495
-0.98987246,-0.9758806,-0.27551705
-1.9423163,0.41367316,-0.016126156
-1.1243273,2.8865638,-1.8696334
-0.78272486,-1.5117459,-0.64619786
2.3606892,0.26345158,1.6694183
-2.4386244,-0.35281277,0.2919194
0.40332794,-0.8986373,1.0151583
-1.1467974,1.383585,-0.7253313
-0.31918216,0.18052626,0.6699592
-0.26651645,-2.461255,-1.0407329
-1.16371,-0.07406974,0.07897973
0.692245,1.8953185,0.3194111
0.7090111,-1.4224874,0.79884934
-1.7227725,2.6653366,-1.8771914
1.8432584,-2.4716113,0.17927808
2.706254,1.0159912,0.94849515
-1.242563,1.860323,-1.2321119
0.6114769,1.0519648,1.0699432
-1.1108547,1.1849542,-0.5197389
2.0564437,0.44119763,1.7886138
-0.23261476,-0.63196564,0.57634526
-2.6748412,2.149952,-0.99730504
0.6980989,-0.66507435,1.4296334
2.4860506,2.5209374,-0.20390856
0.011718035,2.8698187,-0.9515785
-0.7682853,-2.5974312,-1.5504649
-0.08230376,2.4395056,-0.8457069
1.6987371,0.74651337,1.7258878
2.5729456,-2.0461683,0.08082327
-0.7507818,-1.6676348,-0.7788978
1.598115,-0.41383362,1.9152129
1.6715918,2.8041043,0.051335096
2.6802888,1.8316517,0.18720901
2.1492443,-0.7978339,1.5355711
-2.4777794,-1.7909907,-0.8345441
-2.4784656,-1.9415889,-0.97793853
-2.4895945,-1.5158007,-0.55180806
1.885086,-0.06804371,1.9487021
-1.5234318,-2.604415,-1.8580348
1.6571264,-2.6776004,0.10200286
-0.44668722,-1.8838981,-0.7399913
-1.2361622,0.8267474,-0.26725817
2.2574582,1.0649452,1.2579187
-0.57942486,0.8846848,0.08599067
-1.6190343,2.4945369,-1.7966989
-0.45977545,0.7262001,0.30395618
-1.9080262,-1.1649646,-0.5488918
-2.88864,1.1909056,0.12055522
-0.5256219,-1.3998138,-0.33160043
-0.1689024,2.6683683,-1.0582038
-1.7099208,-1.1514891,-0.58321
2.6589165,-1.8736843,0.16587335
-0.67022467,-0.5753913,0.21781737
-0.76202273,-1.6730847,-0.7924963
2.377468,-0.30129433,1.6468585
0.33383703,-0.5013764,1.2045925
-0.70572376,0.35151672,0.29026663
0.68981194,-0.39700842,1.558614
-2.7105508,-2.0900853,-0.9140805
2.949376,-2.8104634,-0.75464076
0.7913623,-2.1688857,0.14824694
1.0550785,-2.7915792,-0.06942916
-2.2126536,-2.991638,-1.789763
2.293643,2.9113407,-0.2236833
-2.4656544,1.7566276,-0.8103931
-1.0424666,1.3602209,-0.6546276
-1.9236016,1.9316978,-1.2915249
-1.5150962,0.91183805,-0.3861556
0.6402061,-0.9910283,1.1451906
-2.9751384,-0.372581,0.7657043
-2.9369307,-1.233118,0.12806115
0.68533444,1.353209,0.8488064
0.98873997,0.7721143,1.5517712
0.04300213,-2.5198336,-0.7698662
-1.1397336,0.46620703,-0.015242517
-0.83919096,-2.3095212,-1.4174486
-0.41433,2.2558265,-1.0352731
-0.6082692,0.3259225,0.37590778
-1.8559345,-0.04629779,0.039305627
2.2581153,-1.7737616,0.57137513
0.60718703,0.46217966,1.4656422
-2.0070913,0.3817234,0.021700442
-0.609746,0.7701845,0.14512295
-2.1707969,-2.1010616,-1.3310976
-1.7528161,-1.2668949,-0.684235
2.2786646,-2.0904903,0.26313514
0.9158268,-1.8753605,0.49318907
1.3142614,-1.6441101,0.8940269
-0.38922405,-2.4197445,-1.1300564
-0.74858046,2.9474459,-1.6618121
0.38777924,-2.8390436,-0.57644665
-2.131268,-0.7855425,-0.13999975
-2.9850717,0.12718749,0.8360399
2.1090608,-1.2081056,1.213391
0.06113577,-0.8321378,0.7343943
1.8196754,1.40411,1.1351047
2.257268,-0.68935585,1.545143
1.3121443,-0.3545413,1.9045415
-1.0253749,2.6472292,-1.7351797
-0.55013394,-1.0769749,-0.048807144
-0.1565702,-0.13273144,0.8352728
0.17945528,1.9085379,-0.15286343
0.11668825,-0.70350266,0.87900466
-2.3454287,-2.3930511,-1.4473605
-1.6491176,2.3101544,-1.6707482
2.1862297,-2.585456,-0.032777548
0.096025944,-2.9568236,-0.8871003
-1.3601636,-1.5404874,-0.9475946
2.028267,0.3979547,1.8190281
-0.890378,2.430727,-1.5351069
-1.2202424,-2.3419762,-1.6361644
2.0966883,-1.4932834,0.9423119
-2.3668547,2.71,-1.6078296
-1.4367113,2.3420916,-1.6880887
2.2704067,1.1361313,1.1861997
-0.29333997,-2.5398068,-1.1134771
-1.2370999,1.6486998,-1.0226628
2.4893322,-0.19065213,1.5888653
0.45650673,-2.3058293,-0.22979638
-2.8186846,2.3501453,-1.0201422
-2.2184207,-2.0518491,-1.260232
-0.76050067,0.48891544,0.19355851
-0.16463757,-1.6345528,-0.22760813
-2.2587366,2.5433187,-1.5988646
-1.1304903,0.09339857,0.09102023
1.0141406,-0.72630143,1.5966625
-2.7977133,1.68752,-0.4536007
-2.8113837,2.73,-1.2407255
0.77996683,-0.23357296,1.6761014
0.57257223,2.0353055,0.09381181
-2.8971338,-1.0775167,0.23148581
-2.7913206,-1.6204616,-0.39279824
2.4926596,-1.622587,0.5525692
2.9939842,-2.8798432,-0.8188658
-1.3111596,2.6538377,-1.8498704
2.9883804,0.7429297,0.8891035
2.0719962,-2.1177344,0.35693222
2.6666803,-2.601224,-0.40025857
-1.2909064,1.8823333,-1.2676078
-0.7341461,0.14296865,0.3198439
1.7687192,-2.0505104,0.5189516
1.1127591,-0.299371,1.8524444
-2.3943639,-1.0906649,-0.21771267
1.7953978,0.39086008,1.8994646
2.9255137,-1.2401665,0.53904015
-1.9051788,-1.403649,-0.778243
-2.7853525,-1.7582774,-0.53513765
-2.8577032,-1.2385994,0.04602909
-1.8980191,0.048139095,0.05190289
-1.3211142,1.4598045,-0.858227
-1.695386,0.6390667,-0.18959594
-2.627507,1.9133224,-0.82760644
1.873672,-0.9371753,1.5465496
2.9341402,-1.0347708,0.71669054
2.511632,-1.8030363,0.35895503
1.8786006,-2.5862503,0.10328108
1.3319764,-1.8406795,0.70499897
-1.1827133,-0.62442493,-0.11433673
-2.4208996,2.825045,-1.6102214
-1.771878,-2.9239583,-1.9562621
1.3583407,2.244423,0.35369158
0.6563525,1.5400147,0.641008
0.38298845,1.4932942,0.45111862
-1.8207343,1.5937209,-0.9918504
-1.4114274,1.6113892,-1.0279093
-1.2652098,2.5943327,-1.8076241
-0.38081312,1.111062,0.07203454
-0.56609297,-0.6240959,0.27515316
0.3172512,1.1414886,0.72819763
-0.9990382,-0.22358751,0.1341573
-0.33992958,-1.4524509,-0.2153513
-1.9080166,1.0988026,-0.48901507
1.4824729,2.9993944,0.0061951876
-2.4931588,2.2503753,-1.2324045
0.5475931,-1.2934452,0.7944428
-2.8540971,-0.2657752,0.6813377
-1.7108502,1.1488528,-0.5806742
2.9007215,1.6643538,0.14512756
-0.56136346,-2.6119344,-1.3953207
-0.55111647,0.40827155,0.3941697
1.5476532,-0.35422277,1.9376485
-2.588055,2.8786201,-1.4913216
-0.6910894,0.85270405,0.020572245
-0.096558094,-1.3464979,0.12601429
0.33764744,-0.95595145,0.9081001
-0.49683166,2.4472551,-1.2451205
-2.1161866,-0.8876667,-0.22370148
-2.749564,0.5576434,0.46644053
0.03233576,2.624228,-0.8367955
2.505207,-2.651425,-0.28796142
-1.3467071,-0.24578285,-0.005049765
0.3792858,-2.705055,-0.53596383
1.9069405,-0.911294,1.5567572
-2.9311717,1.1004801,0.24429658
2.654787,0.0016787052,1.4678035
2.5338016,1.487401,0.6543542
-1.3123856,-2.041704,-1.4204926
2.6149454,1.3366289,0.73467094
2.049303,-1.304791,1.1505629
2.4921298,1.9449315,0.23929101
2.5981212,-0.7790456,1.2286949
0.68799806,2.4550543,-0.13845289
1.6484532,0.24113655,1.9680533
-1.6063467,1.0263343,-0.48141015
0.5038228,-2.271235,-0.16177627
2.8768625,0.43921518,1.1667345
-1.0337752,2.2135525,-1.4586403
0.70697665,-2.2896175,-0.008960009
-1.5328127,2.2194905,-1.603425
1.1088676,1.1182213,1.3324773
0.97678995,-1.2769275,1.1183624
2.2649407,-1.9568099,0.392103
0.016540289,1.8426981,-0.2520243
1.4323692,-0.912966,1.6018356
1.8187795,1.4607267,1.0792569
0.4831016,0.36637044,1.3981618
-2.8300743,2.8016171,-1.2492671
2.1270227,-2.0653553,0.37461
-1.9209677,-0.41987443,-0.02617383
1.3896885,1.3133798,1.2382278
-2.2445583,-1.4741235,-0.6849576
0.87384415,-0.8241885,1.4459549
-0.5614238,-0.65704346,0.2594095
-2.6865978,2.9426374,-1.4197313
1.369863,1.3182902,1.2297121
-0.69804335,-2.7822337,-1.5788424
-1.2483004,0.8378699,-0.27939987
-0.9321251,2.5350156,-1.6244926
2.0398054,1.5115066,0.9512717
1.7627859,2.725071,0.06712484
0.81725883,-0.5939405,1.5580149
1.2552891,0.29798627,1.9065688
1.5409327,2.9316092,0.02151972
1.2411227,2.7653847,0.016083539
2.5544572,-0.88133526,1.1901
1.8064303,0.63194704,1.7792454
-1.5437869,0.121887445,-0.0070543885
-0.45692492,2.6474667,-1.3215741
1.3992143,-1.3174099,1.2359996
2.38686,-0.3706355,1.6171913
-2.4928622,1.0980325,-0.14882648
-1.4879183,-0.4661057,-0.10324234
-1.4877863,-1.4118576,-0.8382863
2.8335075,2.554429,-0.52928096
2.9445338,-1.1129862,0.6377708
-1.3409564,1.8431325,-1.2426851
-0.9270959,-0.6755204,-0.019498765
0.053188324,-2.95885,-0.93018574
0.17567205,-2.0738711,-0.30735177
-0.85501814,0.76908493,-0.03603542
-2.188652,2.148561,-1.3612753
-1.5966139,-0.4217167,-0.08727914
-0.2503214,1.9538608,-0.62147987
0.3247323,0.5510509,1.1710298
0.115119696,1.275703,0.40569478
-2.754904,2.970574,-1.3625355
2.6563253,2.0466151,0.0083783865
-1.7474388,2.3240185,-1.668432
-0.73456144,-1.9062592,-0.99946797
2.7828937,-2.212914,-0.24783635
0.019578457,2.3784676,-0.70310235
-2.3981009,2.7668643,-1.6074694
1.7282643,1.5244069,1.0340003
-1.1286582,1.1903138,-0.53247035
2.9082322,-0.6941135,0.9998693
-0.87045765,1.0508265,-0.26777002
-2.242466,-1.4450827,-0.65740097
-2.231749,-0.12685108,0.20255744
0.016184807,2.8072567,-0.9284443
-0.483212,-1.8899946,-0.7784313
2.3356357,-2.521273,-0.09219903
0.1796236,-0.23368883,1.151478
-1.8033253,1.5647812,-0.9670716
0.336061,-2.7901077,-0.6090915
-2.218957,1.909585,-1.1295404
0.44788957,0.13372469,1.4241364
0.79250145,0.35892916,1.6483852
-2.8284068,1.8576298,-0.59100753
-2.0521317,1.5168095,-0.8324169
-1.5068028,-0.17016292,-0.012395918
-1.0489672,-2.854213,-1.8258988
-0.5450468,2.5946636,-1.3725839
1.25808,-0.9712682,1.5157545
-2.3679237,-1.6663892,-0.79421186
1.5515995,1.0033512,1.5372951
-2.079574,2.0163398,-1.3042889
2.6343946,0.42718554,1.3958653
-1.7121992,-1.7070383,-1.1258402
-2.2950163,-2.7244663,-1.6632733
2.1500936,1.3060384,1.0985233
2.440165,1.0501328,1.1427648
-1.0164135,1.7831974,-1.061033
2.6303139,2.989221,-0.49912098
0.33786535,-1.6341734,0.26813924
1.0895329,0.93186235,1.4827509
-0.17602634,2.9761257,-1.1614603
-0.81953573,-0.09366202,0.2647879
-1.0851381,-1.1138588,-0.44316602
-2.572166,-2.341886,-1.2360663
2.1895366,0.048069,1.8134546
1.589313,-1.5151613,1.055435
2.725564,-2.0423877,-0.05017349
-2.9491606,-2.8524392,-1.1497322
2.9640555,1.2380157,0.5032784
2.0008454,-0.4327469,1.8167624
0.8180089,1.2934208,1.0036185
-1.2876388,1.6061263,-0.9955007
2.11694,-2.9813838,-0.13266021
1.9237514,-1.0876247,1.4029454
2.5818992,2.6734467,-0.36147994
-2.4769325,-0.5169461,0.2525409
0.45598602,2.0210934,0.0051148236
1.0803189,-2.5936408,0.028514802
-2.9511318,2.7420235,-1.1105402
2.8081179,1.2669449,0.62652576
1.8726811,-2.1067035,0.44415653
-2.409152,0.70449877,0.09324992
-2.575554,1.9117112,-0.8706423
0.122387886,1.6163511,0.076543525
2.4062338,0.5824461,1.5059729
0.8711524,-1.1655178,1.1593462
0.42185068,-0.9390886,0.9999734
-0.19433117,-2.1775203,-0.7632895
-2.9808002,2.9487872,-1.141571
1.8056803,0.5723648,1.8131638
1.913486,0.65008354,1.7378875
-2.1094093,-1.7328372,-1.0197537
-0.55264235,-2.3425562,-1.2223356
2.916562,-0.35261202,1.16161
-1.1498498,1.5488372,-0.89074516
-2.0597472,2.2629757,-1.5210426
1.7161694,-0.294127,1.9465076
1.3858118,1.260037,1.2887208
2.584221,-0.52823997,1.3926531
-1.2918209,-0.8906641,-0.33244228
0.72943926,2.9980602,-0.3232652
0.7222116,0.73059654,1.4058222
2.4409385,2.9450922,-0.33603793
1.6811581,-2.942824,0.013605893
0.7049346,0.23792076,1.6198142
-0.42208004,-1.0272596,0.10750744
-0.53516436,2.3233957,-1.1935208
-1.6189817,1.5037718,-0.931865
1.2618666,0.50047636,1.8300135
2.5566835,1.868104,0.25917655
-1.5250032,-1.7803706,-1.2069951
-2.050061,-0.78658676,-0.18106842
2.233777,1.522583,0.83635587
0.4030857,-1.744208,0.21971479
-1.4141654,0.7213175,-0.23682213
1.9427085,0.97603846,1.4919424
-2.4443378,-2.4941545,-1.4397472
-1.4740062,-1.7632041,-1.1865423
-0.96401954,-2.2203276,-1.4263034
-0.09553051,-2.743875,-1.0173327
0.6395173,-1.0644468,1.0817963
1.4347019,0.94301414,1.5781047
-1.0475303,1.1140857,-0.42519346
-0.29085207,1.7002234,-0.4158347
-1.5646312,0.37604475,-0.069856524
-1.9725798,-1.9202027,-1.2627051
0.654562,-2.8286328,-0.34261465
2.2121572,2.6141458,-0.06281263
2.5888557,0.5333934,1.3861052
-2.341376,2.3016896,-1.385042
1.419632,-2.8135624,0.041917562
-0.92556334,-1.6315148,-0.85964084
-0.14950418,-0.07911062,0.8479245
-0.12520552,2.4823942,-0.91536206
2.5912266,-2.460412,-0.2538305
2.5138044,-1.5956354,0.5625196
-2.429138,-2.2759194,-1.301821
0.65061045,1.5260453,0.6504083
1.7544246,0.23172045,1.9564605
0.8048837,-1.1393505,1.1389346
-0.069506645,2.0006008,-0.48614377
-1.4162014,-2.230276,-1.6007798
-2.1166842,-0.29629564,0.101758
-2.952816,-1.3717421,0.010084882
-0.058140278,-0.6701083,0.72564685
-1.1574905,0.030959606,0.08372271
0.70801234,-0.0678339,1.6480253
-1.2682743,2.9719276,-1.9402295
2.491869,-2.6480474,-0.27569246
-2.11667,-1.2564082,-0.5454395
2.6620264,-0.22852325,1.4353964
-1.18948,-1.2554362,-0.6180167
0.46369076,2.7867265,-0.49044082
-1.1001127,1.5438228,-0.8642882
1.2644458,2.2692423,0.31041223
2.3675218,2.203218,0.10795218
2.8051343,-0.16032314,1.3173219
-2.0777915,1.9767323,-1.2690864
2.0594625,-0.2530079,1.8511237
1.9842348,2.1550727,0.36414886
-2.4618058,0.43694735,0.27742046
1.2125959,1.1946516,1.3038667
0.5799966,1.236124,0.8764807
1.6466007,-1.1387726,1.4158376
2.628478,2.5647402,-0.34729028
0.06862736,2.4449224,-0.69840956
-1.110501,-0.7250242,-0.14743799
-1.3521348,-0.8880477,-0.34526074
0.38742876,-2.66189,-0.50932324
-0.4402156,1.5782528,-0.4335909
-2.1486268,-2.299495,-1.503549
0.08367729,-2.7714515,-0.84869665
1.7177906,2.4686427,0.20722944
0.09945774,0.6648388,0.8863101
1.8860116,2.6126842,0.08737129
-1.1333349,-2.5096056,-1.7126853
2.352768,-1.6899465,0.5906571
0.714736,-0.8005142,1.3517559
-1.0082091,1.8546224,-1.1259086
1.4464722,-2.2775388,0.34292173
1.4753146,-2.5849104,0.14643228
-1.2862895,-0.88343596,-0.32530105
-0.5456865,-1.5564033,-0.50461245
1.5483332,2.906938,0.027152956
-2.6438408,1.5304036,-0.43706968
1.1430669,-2.0249538,0.47120458
0.65769553,-1.293069,0.88546544
-2.0449576,-0.110420465,0.10423386
-0.36985397,-1.8774662,-0.6633649
0.87806845,-2.2667642,0.12837827
2.0868583,2.6883612,-0.029267669
2.193822,-1.9951165,0.40041542
-1.9352349,1.7326941,-1.0955155
-1.9506065,-0.8636308,-0.2790534
1.4186792,-2.2789714,0.33800375
2.9597855,-1.3592656,0.39076406
2.561965,-1.3746017,0.7426508
1.181417,-2.0375495,0.4751557
2.8445163,-1.837688,0.02899149
-1.37728,-0.13625956,0.009396911
-0.08491516,-1.5796502,-0.09366687
-2.4470844,2.439766,-1.4036717
-1.8410565,-2.8661242,-1.9259994
-2.0288444,-0.48874354,-0.013993859
-2.7213755,1.9749212,-0.8011731
0.8464298,-1.9800607,0.3509848
0.7749047,-0.68530893,1.4738716
1.2077737,-2.4462147,0.16701615
1.9881988,-2.8941913,-0.055406988
-2.3895543,1.4212766,-0.53416556
-0.86584854,0.766345,-0.041195154
2.3606424,0.2919836,1.6616294
-2.6549625,2.372357,-1.1860924
2.1085176,-0.06862378,1.8565243
0.9238372,-2.5032306,-0.0051524043
-2.4354994,-2.91886,-1.6241635
0.6472244,0.43502712,1.5098331
0.096385956,-1.7776523,-0.1091471
0.57942104,2.7937317,-0.39256448
-0.8607402,-0.37533474,0.17205971
1.3580084,2.580505,0.13076913
2.3331556,-0.4841144,1.6082962
2.0909405,-1.3883961,1.0491381
-0.2879324,-2.9719038,-1.2696078
-2.759679,2.860816,-1.3335373
2.937008,-2.5928926,-0.6500427
0.8348758,2.1212802,0.21811348
2.662756,-1.1648158,0.85566676
1.0806751,-2.214343,0.28223932
0.049316883,-1.0313884,0.562925
1.6143188,1.4524403,1.117133
1.6789441,2.289423,0.3358062
-0.19413328,-2.5091891,-0.9995253
0.45929527,-2.23695,-0.17465001
-0.121790886,1.0185461,0.40311423
2.0555725,1.4320402,1.0230906
1.3657703,-1.9265732,0.63073707
-0.500226,1.2487116,-0.16307908
2.7956934,-0.42016506,1.2520645
2.8747287,-2.6176872,-0.60216427
2.4370809,1.6803851,0.53829235
0.5375366,-2.5128143,-0.29672503
0.1834867,-0.16987109,1.1680654
-1.5665753,-0.6485803,-0.20304894
2.1869912,-1.3788632,1.0068403
-2.1555223,-0.4850874,0.05077088
-2.5857444,-2.6777377,-1.4219985
0.90519667,2.6556182,-0.097673655
-2.806334,-2.243884,-0.95241666
0.9564452,1.8517923,0.539835
-1.4448445,0.1037693,0.0025422573
-0.037710667,-0.13385439,0.95335317
-1.1557996,-0.21840572,0.06112647
2.425888,-1.2801415,0.94272894
-2.2298312,-0.54361653,0.06526005
0.5511112,2.1589499,-0.031191528
0.042529106,-1.4248964,0.18789919
-2.8546076,1.3684454,-0.08208904
2.319737,-2.4203904,-0.018601835
0.5933368,-1.4833564,0.6464592
-2.4072022,2.0745583,-1.1528584
-2.9774644,1.09765,0.29229683
1.3265715,-2.724423,0.056085706
2.4626808,-2.1011438,0.12211341
-0.68364215,1.941616,-0.99400043
-0.8862426,-0.20566893,0.20422322
-2.558193,2.7871852,-1.4887167
2.0258608,-2.9588578,-0.0851177
-1.1302149,0.7957485,-0.20475364
-1.3789126,-2.9669385,-1.9664334
1.1414943,1.2485771,1.2259288
2.623682,-1.0160125,1.0218253
1.3884926,-0.31824684,1.9332142
0.86527824,-0.37041426,1.6934532
2.6552472,0.38572383,1.3939246
0.12759376,-2.0189831,-0.30608433
0.46408725,-1.6644956,0.35404456
-0.21920061,1.3074327,0.042880297
-1.8798047,-1.7355005,-1.1165961
0.5511179,0.8395772,1.1914175
-1.5579118,-0.3543396,-0.062041104
1.736105,1.89466,0.6681359
-2.0693264,-0.75495195,-0.14998186
-2.4521794,2.1146288,-1.1535039
-0.5796337,-0.079764366,0.449103
2.2285995,-1.6667976,0.69548327
-2.2793534,0.5664182,0.08452678
-0.95609426,-1.843944,-1.086709
-0.22986364,0.7232332,0.5218251
-1.3119757,-1.4400598,-0.8363281
1.4172544,0.36217475,1.9233642
2.6205559,-0.56519437,1.3422642
1.6237497,-0.77676415,1.7117838
-0.6326785,-2.5888329,-1.4423857
-2.355375,-1.0070765,-0.17335176
-2.4769557,2.5047245,-1.4207356
-0.7183778,1.6916194,-0.77869356
-0.9450774,-1.2544974,-0.49949107
-2.2751532,0.35182357,0.1767177
0.74190617,0.7506552,1.4069364
-1.1367606,1.8429193,-1.1760529
0.8699889,2.0472484,0.30569255
-1.593073,-1.6467583,-1.0756408
-0.27031612,-0.71227956,0.4898379
-0.9028435,2.462432,-1.5631914
1.8427429,0.30694008,1.9165125
-2.7379582,-1.6612623,-0.48310593
-1.183003,-1.5076278,-0.8626192
0.64065313,-1.4865639,0.68185204
-0.84519863,-2.8279119,-1.6993072
-0.051342487,-2.0132594,-0.47948658
2.0275578,2.978981,-0.08932233
0.42945623,-0.36129904,1.3518149
0.3698244,2.0010242,-0.055626243
0.8764386,-2.7755976,-0.16530323
-1.6140432,1.4146309,-0.8435335
-1.1981063,1.1560702,-0.528412
1.4370537,-2.8068714,0.046567857
0.43489456,-0.7263243,1.1689353
1.9570055,0.78525496,1.6335516
-0.38301563,-2.357216,-1.081548
2.8182182,1.1534667,0.7230886
1.7915964,1.7464089,0.8010112
-0.84042764,-2.729732,-1.6613061
-1.5331539,-1.1549073,-0.5952883
0.6058216,2.1042604,0.06091851
-2.5026834,-0.26713443,0.3682111
-1.3738929,-1.7544404,-1.1632906
0.91904974,0.74978065,1.5268639
0.2616613,-2.4864278,-0.5342618
1.3576679,1.0017633,1.5161916
-1.2548486,-1.7348725,-1.1138433
2.5246496,1.0899,1.0411184
-1.6497037,-1.5941409,-1.0202309
-1.5372005,-0.89662313,-0.37518412
2.0071182,-1.3926612,1.0835067
-0.57880163,1.5683112,-0.54453605
0.85822487,-2.751061,-0.16802359
-0.53293633,1.8162279,-0.7510396
-2.1216953,1.5582132,-0.8394715
-0.12000561,-2.1125472,-0.6353547
1.361032,2.0257783,0.53863394
2.0218134,2.2257595,0.29087424
2.2884712,-1.8897876,0.43972802
-0.10564184,0.2740252,0.857244
2.1728964,0.75090337,1.5552208
0.84625626,-0.4130466,1.6647065
0.11102009,2.182478,-0.46345282
0.05667591,-0.7617545,0.78027177
-0.28625774,-1.028899,0.2333982
0.85676265,0.8468733,1.4180553
-0.15498829,1.6117353,-0.19529611
1.9293232,2.369783,0.21976513
-0.45693398,-2.9871073,-1.4292896
-1.6659157,-0.7443104,-0.2599243
0.87183905,-1.3273022,1.0066086
-1.6810066,-1.0973418,-0.53796947
1.8630629,-0.8174887,1.6416485
2.4501295,-1.6888365,0.5198988
0.48160028,-1.7711889,0.264144
-0.60180616,-1.6221818,-0.61749506
-0.13547015,-2.0342252,-0.58207417
1.4050074,1.1900811,1.3578731
-2.2917514,1.6446581,-0.82497025
-0.80302334,-1.366358,-0.516442
-1.8277867,2.830903,-1.9192823
-2.7134953,1.1011081,0.03746766
-2.1465077,-2.2765682,-1.4874268
-1.9275534,1.4260678,-0.79281056
2.284257,0.26695013,1.7206815
1.8336825,2.5506191,0.13524532
-2.0366597,-0.26179552,0.07249278
-2.367466,-1.2097027,-0.34579438
2.6866102,2.3329506,-0.25103477
0.7120948,-2.757689,-0.2737887
1.3814983,1.2859969,1.2631015
0.46849775,-2.5662904,-0.38748145
-1.1209409,-0.7180257,-0.1474039
-1.6207724,-0.30121088,-0.043773532
1.6140666,-2.8221998,0.049637735
-2.9635599,-1.6651436,-0.27130118
-2.4963608,-1.2004763,-0.23946989
0.9059429,-0.4110465,1.7037103
-0.78672934,0.6145263,0.10899919
0.5738468,-2.0843332,0.05160576
1.6000357,2.4500875,0.22928548
-1.7240034,0.45557165,-0.090277076
-1.6887327,0.3703959,-0.060869455
-1.8451796,0.67413044,-0.18134242
-2.6248605,-1.8937325,-0.8113939
-0.20307016,-0.046672344,0.7972337
2.5474992,-2.6500483,-0.3218472
-0.18336248,2.9070292,-1.1549526
1.6452847,-1.124278,1.429055
-1.491957,-2.7833695,-1.933415
0.29765606,0.26485872,1.2584096
-2.2526894,-2.196436,-1.3619969
-0.19830322,-2.571677,-1.0389526
0.6583481,-2.1108732,0.0976091
-1.2835965,-0.4439144,-0.055963397
2.7543392,1.0575538,0.8686513
0.84701204,-2.998777,-0.2405141
1.5005503,-0.44733715,1.8991358
2.9856777,-0.68608284,0.9290175
1.2717142,-1.3065133,1.2168245
-0.2356875,1.2420897,0.08930759
1.4327965,2.1003332,0.48535943
2.9563155,0.36240864,1.1192645
-2.8882132,-1.1487869,0.15891743
-0.5656128,0.94446135,0.05024612
1.4568119,-1.3409815,1.221308
-0.7271242,-0.18602276,0.31802368
-2.4407325,1.6913095,-0.76509696
-1.7415361,-0.5861387,-0.15237659
-1.5592589,2.890504,-1.968576
1.2437563,2.969986,-0.038314342
1.9099755,0.86079836,1.5948603
-0.34140158,-0.2872777,0.62421066
-2.4547496,-0.7180488,0.11899161
0.42625308,1.225606,0.75183785
0.838727,0.45267725,1.6430721
-1.13162,-2.5320811,-1.72503
1.0344496,-2.558208,0.02497828
-1.2254813,0.020936012,0.058811963
1.0099335,0.75338674,1.5761726
2.1464634,1.869307,0.5447322
1.4961658,2.1313133,0.46559227
-0.28351116,0.9533458,0.29922998
2.8814821,2.2212348,-0.34834802
-0.263803,2.2107515,-0.8579134
-2.675848,-2.2014809,-1.0387859
2.1564312,2.8492785,-0.124218225
2.789576,-1.4421144,0.47311857
1.3690848,-1.898622,0.6577398
2.6291552,0.39269447,1.4141843
1.6203165,-2.0237827,0.56112146
1.2245159,0.2241447,1.9156263
1.7370052,0.10557699,1.9806509
-2.3045547,0.9158745,-0.13356555
-0.035796165,-1.7122296,-0.17675075
-1.2815881,1.5252342,-0.91292363
0.82526207,2.2293215,0.12277454
-2.6530015,0.2788353,0.49199435
0.17735434,1.40594,0.3405366
1.1736765,-1.7138143,0.7796479
-1.11476,1.2769871,-0.60820484
-1.2099899,-1.7537978,-1.1175941
-1.9456651,-1.0654653,-0.4464586
0.8259802,-0.5660739,1.5792258
-2.5182028,-0.018640995,0.41603547
-0.6157732,2.712409,-1.4868956
0.16686535,0.44241667,1.0698117
0.85593414,2.969009,-0.2299608
-2.5754893,0.70762014,0.22356361
0.60537004,-0.93665266,1.1615543
-1.1769637,-0.9919243,-0.37636507
-0.34926987,-0.29323578,0.61510175
-2.1891298,-1.9685612,-1.2022042
-2.3562803,1.1639118,-0.311296
0.40924692,2.6827164,-0.49863222
0.50943136,1.724328,0.33475164
2.5783725,1.834579,0.27317753
2.8228445,2.9133124,-0.660679
2.1919346,0.38755608,1.739052
1.1624436,-0.1825223,1.9011652
1.9952087,-1.0142634,1.4395263
1.2811422,-2.5112915,0.15049267
-2.794764,-1.9867315,-0.7439625
2.18329,-0.16230822,1.8050739
0.36422753,-2.1155367,-0.16196844
-0.748137,-2.0687633,-1.1579148
-0.89218855,0.49536467,0.10134804
2.3929615,-1.7240374,0.5279945
2.0934696,-2.492824,0.06965929
-0.27867126,-2.0838096,-0.76588327
-1.1214498,1.1489239,-0.4912617
-1.6129221,0.4119897,-0.08278692
1.7294617,-2.8515265,0.029214084
-1.8193295,-2.4206843,-1.7204807
-1.9888558,1.1984348,-0.5500624
-1.8003327,2.809863,-1.9192524
0.87106633,1.0391755,1.2719471
2.2997122,1.5099201,0.8067356
0.5996146,-0.13922119,1.5546488
1.1182356,1.2686515,1.1968989
-2.422946,1.5204396,-0.6080312
-2.1797185,-1.6109605,-0.8604184
-1.7570686,1.5218186,-0.9337433
-1.9196974,-0.8123009,-0.25191885
-1.3391519,1.0668507,-0.49040577
-1.8187827,-2.8267403,-1.9202507
-0.98158646,-1.6257648,-0.8863208
-1.857114,-1.7611259,-1.1484729
0.89360976,-1.2152463,1.1274447
0.07742143,2.7495527,-0.84678745
0.15266705,-1.4742715,0.24844967
1.2719383,0.79222345,1.6579375
-2.7010274,-0.2762556,0.5356326
-1.1745032,0.47366142,-0.032594085
-0.10190177,-1.340341,0.12669536
-2.8031516,-1.7357662,-0.49623954
1.5941734,-2.4391086,0.23648721
-2.252663,0.24400449,0.1939807
2.0279608,-2.7553315,-0.029016316
2.9689136,-2.7826881,-0.76445997
0.6182606,2.6848907,-0.31789315
-1.4601742,1.2575092,-0.6857002
2.1173124,-0.49245214,1.7355165
-1.9667451,-1.3961338,-0.74885523
0.14203978,2.6543627,-0.7420705
1.8809204,-0.12974024,1.9438913
2.8124733,-2.5001664,-0.4780334
0.21982431,2.1416802,-0.32231784
-0.22769094,2.7919345,-1.1652186
-0.26032805,0.54691124,0.5967374
-2.9085696,2.15739,-0.78444743
0.5330949,-2.4048824,-0.23248166
-2.3812027,0.08308458,0.3073464
0.26968193,2.9410648,-0.71353674
-0.7128625,-2.9507055,-1.6358383
1.907659,-2.840912,-0.01133889
-1.2012062,0.26609898,0.032328606
2.1322098,0.80073977,1.5426793
-0.7148688,0.75364923,0.073678195
-0.5802276,-0.85750794,0.10610974
-2.7310662,2.5050974,-1.2032759
2.6072426,2.1713133,-0.055787265
0.2594843,-2.9631991,-0.7275479
-2.7037833,-2.8512719,-1.3821086
0.168715,2.5445113,-0.6590644
1.2287073,-1.2207016,1.2850428
-0.63396263,0.57501197,0.24684376
2.448155,1.059618,1.1283901
1.467257,0.6901598,1.7657888
-0.38453627,-1.547253,-0.35158816
2.9992752,-2.04451,-0.31435654
2.1157613,-2.3202925,0.17387545
-0.36798096,1.2396884,-0.034641325
-0.25914073,-0.38223648,0.6715827
0.920702,-1.7460426,0.6216761
-1.0453802,-2.4232,-1.6179798
1.8468103,1.6202483,0.9127175
-2.886295,0.40775657,0.6654794
-1.607234,-2.8746781,-1.9639256
1.3751521,-0.16384268,1.9675305
-2.8793142,-0.8174293,0.4248167
-0.9939902,-0.08365989,0.15829384
-1.5951637,0.7424011,-0.2628557
1.625186,1.0451064,1.5003312
0.1508379,-2.820135,-0.79850936
-2.130739,0.43709135,0.058701158
2.4175053,1.550695,0.68255216
-1.3680843,-0.7006273,-0.21508628
-0.3309765,2.306738,-0.996252
1.0122709,2.9387264,-0.13145566
-2.000385,0.8338089,-0.23707694
-0.27670097,2.8790207,-1.2389092
-1.0106478,1.2754235,-0.5560796
-0.7115731,-2.0043664,-1.0731392
-1.0882258,1.8753376,-1.1856606
1.9202805,-1.2788855,1.2273322
-1.4742168,-2.1529906,-1.5451978
-2.0246186,-2.7045,-1.8047642
1.2959137,0.2642963,1.9277337
0.9719939,2.6997156,-0.07793933
0.031325817,-1.0331594,0.5434284
0.24721098,0.48040724,1.1315075
2.9445071,0.9747243,0.75720835
-1.0036261,1.8550496,-1.1238654
-2.6772504,2.53372,-1.2686996
-2.9548666,1.5912075,-0.20605257
0.77775407,-1.0680707,1.1834967
1.1692634,-0.084805965,1.9168692
0.042393923,-2.8759067,-0.9225314
-2.4931848,-2.3257823,-1.2891966
-2.3434196,-1.6278487,-0.7731036
-2.0441458,1.7880435,-1.1055887
1.931344,0.51778746,1.8046201
0.5879066,-0.009483814,1.5545754
-1.6708996,1.9790378,-1.3919897
-2.8371243,-0.27540398,0.66252947
1.7235126,2.2865005,0.33221257
0.032236576,2.8211193,-0.91685545
2.9820375,-2.4359756,-0.60233253
-2.4579957,2.3825831,-1.357104
-2.4332867,1.8991175,-0.97300243
0.5175972,-0.34053946,1.4373682
2.0107203,0.90154696,1.5251815
1.9816723,-2.0159187,0.48620293
2.9826322,-0.94830084,0.74135625
1.9099145,-1.7072933,0.8069749
1.3400183,-2.0865693,0.48028132
-1.8445809,-0.5010185,-0.085660756
2.9563775,-2.9900973,-0.80438846
-1.3276953,-0.56142926,-0.12410116
1.9291954,1.9120264,0.6018131
1.2341743,-1.8508437,0.6674746
-1.7781991,-0.98173666,-0.4229896
-0.26800418,0.12184954,0.72777814
-0.24980068,-1.3030347,0.017362684
2.2652617,0.27568746,1.7306342
2.2956233,-2.7656078,-0.18153232
0.64322734,0.81009936,1.2892075
-1.7048793,2.8070621,-1.9355888
0.8544183,0.18370342,1.737363
2.4579468,2.923275,-0.34463948
-1.5897163,-2.6427019,-1.8779348
2.4042935,-1.5586624,0.6844245
0.6779258,-0.9112451,1.2399411
1.6594787,2.5645614,0.15798438
1.0290556,-2.7480218,-0.06673318
1.8939724,-0.54529285,1.8032069
-2.552371,-2.6867044,-1.4540242
1.2390103,0.5770364,1.7835453
-2.6015668,-2.6054711,-1.3738544
-0.20471478,-2.4638436,-0.982274
2.3460636,-1.8671336,0.4222149
-2.4602,-1.1522337,-0.22342768
-2.2819269,1.9049325,-1.0855777
-1.3148443,0.48520875,-0.08284509
0.112873554,-2.704392,-0.79330647
-0.41476536,2.8367343,-1.3568647
-2.3548203,-0.060883522,0.29006934
0.3908925,0.87619543,1.0210927
-0.75362206,-1.5491302,-0.66262007
-1.4011331,-1.414459,-0.8299404
0.03274536,-2.2468214,-0.59295774
1.0187988,-2.3589156,0.14245051
0.48129606,-1.5328707,0.50084496
-1.9887164,1.655716,-0.99875265
2.0336432,-1.1417177,1.3108182
0.5660181,-2.5458097,-0.291434
-1.2283834,0.8791342,-0.30412906
2.5967755,-0.7881224,1.2234395
0.60474586,-2.150051,0.021152556
1.5600443,2.4293919,0.24301672
2.121203,-2.7994986,-0.08974236
-0.053462982,-2.9175715,-1.0284495
2.472413,1.7338791,0.45798188
-0.013383865,1.6670547,-0.10949321
2.4000301,-1.1481793,1.0855896
0.3638854,2.1205134,-0.16653812
1.3804255,-1.9732354,0.5902704
1.5107512,-1.4107955,1.157517
-1.6626617,-0.43185353,-0.08759183
2.6216726,-1.0041865,1.0335855
0.09097004,1.939704,-0.26975212
1.1026125,-2.7883015,-0.04584974
-2.2134626,2.4290419,-1.5571973
-1.1198123,1.7183108,-1.0469987
1.9556141,-1.6540203,0.8437389
-1.893317,-1.5811311,-0.9587741
0.41562796,0.46667767,1.2968326
2.6343079,-0.22810459,1.4599025
-2.8494787,-2.6602077,-1.1743318
-0.03313589,2.454307,-0.8061008
0.48749447,2.3605394,-0.2417587
1.9662366,2.4006228,0.18501276
-1.0079806,1.4244995,-0.69998056
-2.9319487,-2.088419,-0.70292735
-1.8567713,-1.5785712,-0.96716183
0.90038157,-1.2666006,1.08309
-2.2092383,0.8321419,-0.1297316
-2.568079,1.6171618,-0.5889357
-0.07569194,-0.14171696,0.9143552
0.78714466,-2.9517117,-0.27368605
-1.881193,-1.9015331,-1.2769525
-1.1652195,-1.4344565,-0.78295714
1.6410108,-2.0194223,0.5638081
-2.0283873,1.5445046,-0.8708308
-2.4676557,0.13386679,0.36698616
-0.90669894,-2.1410651,-1.3273318
2.410449,-1.8199725,0.4211157
-0.8795562,-2.1917717,-1.3522848
-2.0335813,-2.0783381,-1.380843
-2.128251,1.1250052,-0.4174326
-0.70506096,-1.5759555,-0.65323937
2.130787,-2.568842,0.006846726
1.1275873,0.21666145,1.8800007
-1.0016624,-0.17988539,0.14149618
-2.6025724,-2.4873712,-1.3068173
-1.8204457,0.80827475,-0.27825218
0.6335387,0.25609255,1.5593876
2.5225763,0.39182496,1.5044479
1.5450072,1.3177991,1.2499744
-0.38346624,-1.5143287,-0.3176996
1.5913715,-2.62151,0.13201022
0.21604681,1.9391956,-0.14575256
0.41227007,2.721043,-0.5121745
1.3987136,2.7862806,0.0476923
-0.73847365,1.6010828,-0.7034418
0.8739958,2.7575526,-0.16025913
0.26748705,0.8467922,0.9266984
0.915257,-2.617472,-0.073045075
-0.6417146,0.89234877,0.029015303
1.9392786,-2.294073,0.2710305
-2.7025843,-2.826056,-1.3756721
1.9925957,1.1608176,1.3109436
-2.4752822,-1.5888909,-0.63618344
-2.0184238,-2.1672702,-1.4632053
-1.8446671,2.8331466,-1.9155377
-0.2896495,0.9560685,0.29111987
-0.29738283,1.2818966,-0.008121192
-2.91724,-0.89539504,0.4027352
1.5918431,1.1218567,1.433789
0.7380471,-0.047221184,1.6717298
2.9312143,-0.7006788,0.9732346
-2.1409385,-0.572407,-0.0012245774
-2.4123878,2.2263985,-1.2759135
0.7208798,-2.0512562,0.19785884
2.3111386,-0.9249177,1.340138
2.0028481,2.1906438,0.3271975
1.216958,-0.13977051,1.9282976
0.50454426,1.4728217,0.58122647
1.4953957,-1.2715462,1.2919624
-1.1939585,2.0128036,-1.3575876
-2.9922574,-2.1325397,-0.6814434
-2.4975464,-1.6086313,-0.63826185
-1.9185884,-2.6389427,-1.8164365
0.66990995,-2.396193,-0.113901496
2.6859832,1.8889556,0.12719098
1.936059,1.9397669,0.5733745
-1.9581252,1.6080341,-0.96315044
0.8365593,1.4849515,0.8280816
2.6537633,2.0349188,0.021071285
0.07376099,1.8247652,-0.17755339
-0.5589442,1.7654738,-0.72374153
-1.6251612,-1.472801,-0.900684
-0.21800995,2.247939,-0.84285593
2.2575254,1.9921255,0.36435014
-0.84707665,0.92944765,-0.15107113
-0.45305228,-0.54041934,0.41978106
1.4555817,2.622635,0.12503356
-1.1500318,-0.19936466,0.067415655
-1.3859514,-2.79633,-1.9239514
0.506649,-1.1271425,0.91449237
2.1720953,-0.076634884,1.8216665
0.3200059,1.4260898,0.4587742
-0.12082291,0.80695057,0.5711747
-2.3831441,0.5189848,0.18052709
1.791399,2.5526247,0.14425135
0.13690376,1.9613466,-0.24422084
-1.3205813,-1.7040685,-1.1017373
-2.6393988,-1.087953,-0.017050326
-1.4233589,-0.28593445,-0.029752254
-2.1083157,-0.1709671,0.12643927
0.6143284,-2.2873483,-0.08037865
2.1983166,-0.8038008,1.5034611
-0.5930147,2.2723813,-1.2042927
1.8260179,-2.908472,-0.005342841
-0.6375284,0.43221903,0.3128273
-1.4277935,0.6075649,-0.16875196
-2.7454705,-0.95827913,0.18908522
-2.0103517,-1.020484,-0.38198745
2.2520494,-1.5036514,0.8438786
2.0206037,-2.7264333,-0.014521182
2.894576,-2.7053053,-0.66181463
-0.30268407,1.5950603,-0.322345
1.0140977,-0.089984894,1.8449583
-0.36819696,-0.13054347,0.63155746
2.9693432,-0.49200964,1.0527842
-2.3921542,-2.837502,-1.6353474
-0.8145914,-0.48945475,0.15514404
-2.8764646,-2.7665792,-1.1925355
0.29626274,1.4782228,0.38438913
-2.3355827,-1.0528793,-0.22645888
-2.1040115,-1.0194844,-0.337372
0.69379187,1.056634,1.1312628
2.9848118,-2.056334,-0.3105446
2.500482,-1.9522237,0.22584027
2.061185,-1.6648006,0.788284
-0.7425175,-0.67657185,0.103578925
-0.090575695,-1.8954974,-0.40947744
-2.6969442,-2.9887898,-1.4184889
2.0166574,1.341538,1.129495
0.819664,1.6311045,0.670645
2.546421,-1.2380433,0.88729715
-2.9165075,-2.3069472,-0.89462984
-0.73161316,2.030724,-1.1119542
-1.9320989,-1.8217084,-1.1837249
-2.2958589,-2.3261666,-1.4340162
-1.7835478,-2.705742,-1.8839648
0.94778395,0.743032,1.5485452
1.9943476,0.6802621,1.689043
1.3547888,2.855638,0.017368078
-1.027565,-1.1794063,-0.47456914
1.3233509,-1.874279,0.67069566
2.9548264,2.9309654,-0.79221755
0.14670825,2.062109,-0.32560116
-1.0795673,-2.6553135,-1.7658317
-2.3688962,-2.8098986,-1.6435605
2.120697,1.1168342,1.2911062
-0.6856005,-1.4943681,-0.5567841
-2.3536756,0.52284,0.15751886
1.7348666,-0.19692779,1.967243
0.5980787,-0.9332707,1.1582646
-1.2108493,2.560936,-1.7720181
-2.9529498,0.983737,0.36638904
0.3763337,0.9028306,0.9869034
-0.88848853,-2.2517238,-1.4056334
-0.5202205,-1.0530878,-0.0021812916
-1.0007744,1.4022837,-0.6741729
2.4674907,1.6490259,0.54604614
1.5923967,0.3190236,1.9493089
2.3783932,-2.9383068,-0.28817147
1.1326523,-1.6137968,0.8625534
0.8561418,2.956172,-0.22753906
2.9607396,2.4360166,-0.58136934
-0.010650635,1.5797591,-0.019613108
1.7246537,-1.751529,0.80843693
1.2198796,-1.6184961,0.8913764
-2.8711445,1.0852051,0.19956803
2.0380716,-2.51171,0.08470237
-0.29419088,-0.35029793,0.64930487
-2.0257237,1.1490717,-0.48895836
2.021728,1.1825657,1.2785928
-2.4297616,1.4756422,-0.5582107
1.4066339,0.1794486,1.9704978
-2.4677415,2.0133548,-1.0522529
-0.8604746,-2.9336104,-1.7366017
-2.8145735,-1.5480298,-0.29845697
2.1454945,-0.92486644,1.4412977
0.7417009,1.7540655,0.49329802
2.4479856,-2.3419337,-0.05763638
0.9156146,2.2123652,0.19448417
-1.4875102,-1.7378297,-1.1627915
0.45110035,-0.9062648,1.0526465
2.0301924,2.2199726,0.29179
-2.3193898,2.9367237,-1.7117345
-2.0013108,0.8997781,-0.2869674
-0.7630782,-0.64096165,0.11037171
-1.8742279,2.122354,-1.4783313
-0.5449977,-0.14523125,0.47105634
2.8409085,1.8079052,0.061280355
1.6681538,1.2150326,1.343571
-2.4322507,-0.06541395,0.34652668
-1.6187829,2.8310318,-1.9510112
2.4075065,1.4462719,0.79411185
-0.23007584,2.8173027,-1.1759286
-1.2632031,2.8331523,-1.9058733
0.58651924,0.5799546,1.3899529
-0.47629738,-1.4036965,-0.29216856
1.0107517,-1.0086386,1.3802445
0.05526638,-0.47732687,0.9434644
1.7057881,-0.97904587,1.5487171
1.6514368,0.3130126,1.9481605
1.0532432,2.9164515,-0.105730236
0.929255,1.976078,0.40689668
-0.77040195,0.8214855,-0.015289426
-2.7765636,1.5593848,-0.34556514
-0.2888224,-1.6937782,-0.40749568
-2.2784758,1.2060375,-0.40314844
-2.3997817,2.6278887,-1.5465544
-2.6416492,0.970278,0.08569428
-0.74967766,0.046170235,0.31753147
-2.218536,2.4226403,-1.5499458
0.5072286,-2.466957,-0.29517797
1.2955217,1.6935787,0.8398765
1.7822804,-0.5808327,1.8137264
-2.8955703,-2.7653146,-1.1735868
2.5242014,1.6819305,0.4680044
0.8926356,-0.59993434,1.6041006
2.4345202,-0.67395043,1.4309733
1.453618,-1.3714328,1.191188
0.5453682,-0.9905839,1.0669346
-0.5758128,-0.46115184,0.3510238
2.5098333,-2.9457717,-0.3903228
-1.9525849,1.4589376,-0.8163742
2.3400645,0.38734245,1.644336
2.616663,1.114088,0.9421483
0.4899397,2.9851441,-0.5172142
-1.2865462,-0.6694529,-0.17571098
-2.4234614,-1.8004464,-0.88561535
-0.16489363,-1.9480559,-0.5325215
2.5492067,-0.41344213,1.4740853
0.13867855,-0.5839982,0.9724994
-0.75512695,1.0682263,-0.2037018
-1.4919537,0.2133007,-0.019555986
0.22417545,0.99956894,0.76296747
1.6590886,-1.5287715,1.0381172
0.58444405,-2.5830278,-0.29628074
0.51727104,0.111869335,1.4882592
-2.076005,0.6345563,-0.069738686
1.4518356,-1.435028,1.1282841
0.31181765,-1.0706012,0.7863859
-2.9486074,-0.5290468,0.671499
2.4953208,-2.6825185,-0.29424888
1.9078565,2.8000813,0.0014814734
0.023516178,2.1613731,-0.5333262
-0.59256864,-2.190289,-1.1391158
2.694542,-2.858748,-0.52795744
2.9782858,2.6121235,-0.70049334
0.48890018,2.4908109,-0.3259552
2.7848563,-2.6941414,-0.5523349
1.2682533,0.63594055,1.7590953
1.4316969,-1.9057063,0.6616571
-0.17767811,-2.2082515,-0.771897
-0.21913147,-2.0869088,-0.7108847
1.9185939,0.094044685,1.9357066
-1.3140042,2.7705889,-1.8991736
-2.1428947,1.3984799,-0.66930187
1.8731351,-2.7704008,0.02274704
-0.7200341,1.6175742,-0.70617115
2.1180649,2.722869,-0.0596596
-0.49846792,2.1171293,-0.997638
-1.8276021,2.7716603,-1.8995581
-0.050759792,-1.74439,-0.22346112
-0.3458743,-1.5267212,-0.2949585
0.6885996,1.6670189,0.53938234
-2.3145003,-2.3631883,-1.4480007
-2.5400233,-0.84840775,0.09524155
0.15513802,2.1534529,-0.39572763
2.7077708,0.9215963,1.024891
-1.8963801,-0.8026171,-0.2526372
-1.5091306,1.1999178,-0.6356649
0.28631926,-1.4026802,0.44974864
2.2466497,-1.5202303,0.83071786
2.299089,0.9001372,1.3678144
-0.6264117,-1.4478897,-0.46364406
-0.15727401,2.0876093,-0.6507383
-2.3619583,1.337481,-0.47181517
2.9300456,1.8218832,-0.038484186
1.8226352,2.1537447,0.4179681
0.7670393,0.37846708,1.6232388
-2.9143095,-1.1076257,0.22145553
1.6958265,-2.52013,0.1791662
-1.690332,-0.86894035,-0.34722805
0.124853134,-2.5233154,-0.6903492
1.4394231,1.8234549,0.741404
-0.11948109,0.23353434,0.85365754
-1.463243,-1.2743472,-0.7020956
2.0263624,-0.09331584,1.8936613
2.0333738,2.1648116,0.3352123
0.29224133,-1.3142545,0.5418363
-1.8748158,0.5783808,-0.11679208
-1.5541313,0.3607483,-0.06422818
-2.6948867,-0.40632486,0.4865825
-1.605649,-0.69741106,-0.23288524
-2.67971,1.1238365,-0.013408363
-0.26472187,-0.96833944,0.30502766
-2.1305604,-2.4636776,-1.6262624
1.7085123,0.6771405,1.7698997
-2.427538,-1.7449722,-0.8281999
-2.0682626,-1.5377419,-0.8457461
-1.848582,0.08439803,0.034775555
-0.788234,1.4432893,-0.5819473
1.1740236,-0.87051153,1.5667484
2.1591063,-1.801839,0.60288715
2.9754882,1.3862448,0.34884742
-0.7154882,-1.8533703,-0.93481445
0.7043166,0.6476455,1.4450197
0.21121883,0.8536706,0.8668729
1.6545687,-0.07110214,1.9939665
1.409781,-0.7710881,1.7042178
1.7638941,-0.40376377,1.9010034
2.0462956,-1.6973544,0.7628437
2.4974084,1.9729991,0.20910007
0.15326357,-0.2680192,1.1169616
2.1001291,-1.2541176,1.1745563
-1.6857,-1.6437993,-1.066344
-0.6300273,1.3257957,-0.34660983
-0.83813906,-1.8513515,-1.020289
-0.8982482,1.238967,-0.4564636
0.17178655,0.009340763,1.1708993
-2.8225336,-2.7703915,-1.2455655
-1.7003149,1.9168043,-1.3307693
-0.2812264,1.1818581,0.10167211
0.6033263,1.2665935,0.8669174
2.125556,-1.3455173,1.0734054
-2.0598059,-2.6089106,-1.7442466
0.73196363,1.414156,0.82433224
1.3844633,-2.3376236,0.28883618
-1.6007205,1.4228988,-0.85219336
0.5101733,2.598919,-0.3680024
-1.5724146,-0.37265635,-0.068635225
-0.07998204,-2.4311051,-0.8379408
-1.6485085,2.250493,-1.6255391
-0.83954,-2.8737807,-1.7086883
-1.1867834,-0.9934616,-0.38137615
2.5956616,-2.2252142,-0.08948356
0.7240572,1.2726793,0.95615023
-2.9105105,2.7121987,-1.1382493
0.3796277,-1.9186249,0.029717505
1.6359596,-1.7221034,0.8471472
-1.3064446,2.4327583,-1.7243834
-1.7940413,1.4728093,-0.8773539
-0.5890522,2.0998764,-1.0603126
-2.6499057,-2.1504028,-1.0198084
-1.1161852,2.803955,-1.8419716
0.36851788,-1.0893806,0.8232677
-2.2382104,-1.6583902,-0.8729067
-2.849441,-1.0028154,0.24991783
-1.7835428,0.19385481,0.0038142204
-2.1914783,1.7512727,-0.99298024
0.08809471,-0.76724124,0.80780923
1.0842667,-2.0261707,0.4441622
1.890234,0.48533154,1.8339325
2.997725,-2.8883023,-0.8247213
1.5680461,-2.3896286,0.26964754
-1.3544405,0.64532995,-0.17778486
-0.398499,2.670249,-1.2789943
-1.5405958,-1.7337956,-1.1618226
1.8030953,1.7004828,0.8438164
1.0001955,-1.8679944,0.5487343
1.3827987,-1.0302193,1.4970112
-2.0155613,2.9753866,-1.8889313
2.3386931,0.8145139,1.4055952
-2.6411169,-1.2662816,-0.18001279
1.5061216,-1.3506045,1.2163261
-2.616912,0.6597352,0.28921783
2.2971601,1.864675,0.45792747
-1.7785317,2.2556725,-1.6110775
-2.3346796,0.22029686,0.25367737
1.5009995,-1.514068,1.0542631
2.659855,1.495615,0.5384304
-0.21818733,-2.5118446,-1.0246363
1.255547,-0.096289635,1.9460869
2.7447972,-2.7646103,-0.54331493
-2.437995,-0.6297374,0.16121697
1.2198529,-0.017747402,1.9388914
0.6905341,2.4569478,-0.13769466
-1.7069643,0.68703794,-0.21761537
1.7815113,-2.02494,0.5391886
2.672279,1.3771958,0.64466774
2.3068962,0.07882881,1.7379873
-2.155676,-1.908194,-1.1648111
2.6527185,-2.537561,-0.35342023
2.5234427,0.6199322,1.3934462
1.1407824,-1.7238103,0.7565423
-0.4114089,-1.1483531,0.01008907
2.3084373,-1.5370939,0.77375317
-1.9442636,-2.2341223,-1.546809
-1.8226937,-1.9411823,-1.3304164
1.6498485,-0.44590998,1.8990955
2.0010924,-0.073738575,1.9061248
-0.3028729,2.025443,-0.7374085
2.7589264,-2.4620786,-0.40448296
1.5797634,2.5672727,0.16039789
1.4673824,2.7702408,0.0628199
2.4321737,-2.9008899,-0.31977767
2.9534445,1.9317894,-0.1661634
2.098153,2.4495878,0.09417194
2.4445715,-2.2828894,-0.011483133
0.28276587,1.5566845,0.2931241
2.351211,1.2772603,0.99996054
1.6121373,1.5713639,0.99857795
-1.4753351,-1.0328561,-0.48307884
1.6766291,-1.5625187,1.0026824
0.20911145,-0.019052267,1.2074093
-1.0355673,-0.9188018,-0.2533788
2.2505417,1.3326101,1.0136732
0.7847636,-2.2341142,0.09092337
2.33772,2.544736,-0.10705751
0.6467936,-0.95844793,1.1774215
0.8958483,1.7204142,0.6316792
1.801363,-0.9698918,1.5389259
-0.7480023,-0.45756245,0.21695626
1.8643246,0.445539,1.8596075
-1.5506848,-2.6459978,-1.8794837
-0.42498565,1.3817115,-0.22434758
0.275218,2.7143579,-0.63835824
2.0736532,-2.2407131,0.25528854
1.3221302,1.1473546,1.3801422
2.894517,-2.728149,-0.67117316
-1.6109108,-0.118015766,-0.0061513186
-0.23726535,-1.3656825,-0.031366855
-0.25012589,-2.5944707,-1.1015513
2.4449067,1.3145523,0.89512837
2.8321562,1.8761082,0.0039313138
0.7571664,0.40912628,1.6043335
-2.4244246,1.0107083,-0.12599218
-2.1761303,-1.6593647,-0.91076475
0.5506263,1.9824271,0.12311664
-2.642766,-2.3876734,-1.2074072
-1.0464184,-0.8243189,-0.18657845
-2.249436,-1.0801717,-0.3072505
1.5385494,-1.2942721,1.2724937
-0.41173625,2.4699526,-1.1830032
-2.3488154,2.32206,-1.3948681
1.9603086,1.5419445,0.95394224
-2.659788,-1.1559924,-0.060368717
-0.2932799,-1.8481679,-0.56292224
2.888492,-0.83108234,0.9244836
1.5038571,-1.171355,1.3866642
-2.5991697,0.33439136,0.4283976
0.32369328,1.5137954,0.3750403
-0.44659233,2.8136415,-1.3785989
1.3358998,2.1022382,0.46576154
2.771811,-2.4646096,-0.41805437
2.556961,2.5769815,-0.29290456
-0.28632927,-2.783421,-1.2189722
1.3821816,0.33184505,1.9277078
-2.9461222,0.35623813,0.7429873
2.3634882,-0.53361034,1.5629069
1.5942726,-0.92443705,1.6020086
-2.1101704,-1.2938386,-0.58459973
-0.8676748,1.7202129,-0.9116888
-1.1663278,-1.9122183,-1.2541391
-1.7540324,0.59154606,-0.1531797
1.2361541,1.082581,1.4135783
-0.8747413,2.2928376,-1.4282956
1.2477217,0.057776213,1.9465952
-0.91154575,2.5840068,-1.6389865
2.3303723,-2.9358773,-0.25378704
-1.1801966,-1.6577221,-1.0114973
-0.5196984,-2.6070735,-1.3571321
-0.9327128,-0.086402416,0.19303083
0.13812065,-1.8552897,-0.14298931
-1.1055236,2.002274,-1.3119128
-2.10715,-1.4261777,-0.7154626
-2.85098,0.25504637,0.6811124
1.8660598,2.5362177,0.13443679
0.4162612,-2.9566255,-0.5785985
-1.9284596,1.2375193,-0.6095759
1.5544014,-2.5554523,0.16678375
0.3139081,1.4537473,0.42556006
-1.083307,-0.7861028,-0.1769033
-0.19657612,-2.5741131,-1.038571
0.32988524,0.49435282,1.2042104
2.1494088,0.21905756,1.8133249
-2.7575047,1.0436678,0.12834004
-2.328454,1.7989278,-0.9526055
-2.4187837,-0.3096919,0.2909336
-2.3555722,-1.3912296,-0.5289434
0.018936157,2.9319901,-0.9591787
1.6659145,-0.92644167,1.5961623
0.7841742,2.56675,-0.13303709
1.2710752,2.0004883,0.53882813
0.3609395,-2.9421766,-0.62702906
-0.057174683,-0.868742,0.588644
-2.7177787,0.19379473,0.5700405
2.677802,-2.4041219,-0.29283014
2.899363,0.51282907,1.1112278
-0.017100811,-1.2400392,0.3076592
0.5419884,-1.5395386,0.54709303
0.5554285,2.2329197,-0.08748543
2.9688845,1.2898049,0.44915915
-0.0057241917,2.9856281,-0.9935863
-0.4935143,-0.61369085,0.3438043
-1.6333963,-0.8532529,-0.34050542
0.77571917,-1.9160485,0.3617957
1.3830323,0.33939385,1.9253807
-2.5321634,2.3537636,-1.2777853
1.0262241,-0.3283515,1.8019242
0.7492676,-1.0392798,1.1879439
1.3307056,1.9176569,0.63136935
1.4064155,0.10461569,1.9810526
-0.78544044,0.42608976,0.20345217
0.40171266,2.8271303,-0.55996764
-2.1019897,2.8733325,-1.8264366
1.8058167,2.8682637,0.009631991
-2.5240946,-2.7100663,-1.4873254
-2.6319144,0.50946164,0.38511074
-2.2247965,2.4392314,-1.5569755
-1.673844,2.6597629,-1.8808438
0.12519407,-2.603487,-0.73381376
1.9687157,2.2127514,0.32310683
-0.3952613,-1.3861109,-0.20141202
2.1542578,-1.5024025,0.9029012
-0.49018383,-1.6897656,-0.5894769
2.5437598,-1.5946637,0.53898734
2.070548,-0.46910906,1.769673
1.894659,-0.05380726,1.946566
1.2247458,-1.3143965,1.1943194
-2.0206776,1.928113,-1.2502604
2.9398394,-1.7228415,0.04892735
-2.8551927,2.6725626,-1.1745079
-2.1030107,-2.7073145,-1.7688595
-1.8129104,0.9886632,-0.42102635
-0.7916684,-1.8376619,-0.9752358
1.3029795,-1.6682796,0.8670219
0.6212263,0.7112551,1.339576
-2.581908,-0.56161547,0.3154769
2.8965216,-2.0127254,-0.18505867
2.815648,-0.17723083,1.3045394
1.4795332,-2.1624434,0.43810952
-2.9387465,-1.784214,-0.41325927
1.6759405,1.7731228,0.79352856
0.8559661,0.18583679,1.7379866
-0.37088156,-0.8471961,0.2996499
-2.5131927,2.4021444,-1.3266916
2.5416517,0.3690784,1.4972539
-0.89681697,2.1695957,-1.3449955
-2.4265995,1.2421803,-0.33287886
2.315504,0.24630618,1.7051057
1.1707845,-1.1054721,1.369769
0.8831587,-1.3181784,1.0226872
1.9389572,2.6267486,0.062621355
1.0451035,0.6414032,1.6662335
-0.65293646,2.5576243,-1.4418027
-0.5216713,1.7926836,-0.71840084
2.480237,-0.16942167,1.5998697
-0.09833288,-2.76448,-1.0279063
-2.505862,1.2098398,-0.24059635
-2.0730922,-0.66555023,-0.0899024
-2.2640743,0.6014662,0.055351555
0.28675246,-1.0928557,0.74279034
2.1936998,2.3573246,0.10428256
1.7946343,2.8877172,0.007106364
0.79349995,-1.7792183,0.5058961
0.99984384,-0.7135284,1.5974438
-1.4209875,-2.233238,-1.6038436
2.80795,1.452168,0.44583726
1.1441813,-2.173708,0.34332848
-1.8908626,-2.3197165,-1.6300628
-1.9985797,-2.193057,-1.4927611
-2.6876407,-2.4195967,-1.1890088
-0.85350895,2.317481,-1.4328008
2.1942792,-1.2916735,1.0873623
0.17613268,1.8544965,-0.10468638
-1.4218229,-0.8301995,-0.3141954
0.83508635,-0.90528727,1.3588141
-2.0823913,-0.8217912,-0.19105428
0.8942523,-2.4334884,0.02014494
2.0483088,0.86104155,1.5397887
1.4586973,-1.2066833,1.3498441
-0.9133806,0.89801145,-0.16840762
-1.0207272,-2.5561974,-1.6859821
1.2505231,0.46925354,1.8410555
1.7962646,2.4366164,0.21306258
-0.73515654,-0.9221568,-0.0666005
-0.006798744,0.6394901,0.7956015
-0.338351,-2.9617188,-1.3157983
-0.3525772,-1.2253371,-0.006688863
-2.6622343,2.4848108,-1.2531712
-2.4752684,1.189961,-0.24640459
2.5720239,1.0991526,0.99362016
-1.4446675,1.3019891,-0.72647464
2.2181687,-0.6125517,1.6158547
1.8612633,-1.2734227,1.2511203
-0.45631957,2.8232665,-1.3904078
-1.4511237,-1.100097,-0.5393381
0.0996058,-0.23925519,1.070956
-0.5200546,-2.2736068,-1.1432922
-1.7799,2.2995996,-1.6441948
2.9160447,-0.9801054,0.78057545
-0.23697567,-1.1184819,0.20228451
-0.46122932,-1.8659441,-0.73593056
-2.032466,0.6982727,-0.12935627
0.48793268,-2.3229308,-0.21439818
0.41577315,2.5841608,-0.44471914
2.9583626,2.205471,-0.41070908
-0.92637587,-2.2831857,-1.453092
1.6872082,-2.7526746,0.06791192
0.14551306,0.7839155,0.8531545
1.5926332,-1.7837952,0.7883696
0.05258274,-2.973865,-0.93340814
-0.5172534,1.883564,-0.8021879
1.1759367,-0.754431,1.651712
-1.3362708,0.6207261,-0.15916836
1.8179922,0.32085133,1.9185696
-2.5127263,-1.8724061,-0.8852861
-2.150598,-1.4716362,-0.73757356
2.8581805,1.042985,0.78327703
-1.1304857,-2.6488686,-1.7856668
-2.3853943,-0.41199303,0.2301637
-2.1930642,-0.2639532,0.15280747
2.9090934,-1.6633269,0.13801172
-0.41956854,2.9650807,-1.3918287
-2.5244317,-2.6584868,-1.4642787
-0.43244982,-2.5715399,-1.2609689
-1.4624233,-2.168878,-1.5571916
-2.0123599,1.7012634,-1.0341818
-1.4680424,-2.5537233,-1.8268497
2.2722754,1.8211269,0.5161642
1.2101188,2.9120083,-0.038103163
1.7528648,2.815658,0.03611934
0.24760485,2.795874,-0.69574964
-1.2542256,0.48730993,-0.06671286
-1.2243962,-2.6232104,-1.8092229
-2.01346,0.73468256,-0.16157037
-2.1674304,1.2351737,-0.49787435
-2.586606,-0.22668266,0.4474854
0.53297615,-2.6290898,-0.36342096
1.5741863,2.2632933,0.36153334
2.4481106,0.57807636,1.4767342
-0.07618618,2.0208683,-0.51114285
-0.43714,-0.3327589,0.5217947
-0.24936533,-2.6814795,-1.1427912
1.1819983,2.5548286,0.09262866
-0.47518206,-2.9361725,-1.4364758
-1.0541328,-2.1432447,-1.411164
-0.82661176,2.7409902,-1.6564667
-2.9305658,-0.8634238,0.44037485
-2.3103662,1.629024,-0.7969534
-1.2841276,1.8376641,-1.2229025
0.2906599,-0.35230112,1.2251657
-1.8842683,-0.60323954,-0.12776655
1.1489558,1.3329873,1.1479107
-1.6407423,-0.6087866,-0.17721224
2.9025197,1.2398772,0.5617144
-2.6512728,-0.95054865,0.110328615
1.6727982,-1.6458453,0.91982377
-1.5576428,-1.8949274,-1.3183987
-1.0637208,-2.9820647,-1.8614708
-2.8012166,-0.9134016,0.27721503
-2.7803802,-1.3705355,-0.1544837
-2.8391342,0.9494953,0.28422558
-0.057620525,0.026051998,0.94207203
2.763218,-1.984476,-0.03257063
1.3755441,-2.1742506,0.4135087
1.8784466,-0.4505272,1.8532654
0.67172027,1.0814476,1.0923846
-1.1591102,0.17651439,0.06801432
-1.1683617,0.3492043,0.019535124
-0.8911681,-1.611061,-0.8180602
-2.802862,-1.348595,-0.11191286
1.649025,-0.41310978,1.9128184
-0.8917701,1.2501426,-0.4629976
-1.6969872,-2.7524853,-1.9172966
0.74432373,1.2752447,0.96874213
7.677078e-05,1.6851258,-0.11400382
1.6315165,-2.9642663,0.013838232
-1.964629,1.2591095,-0.6167805
2.980269,0.4525144,1.0599754
-1.1941849,1.194387,-0.56233263
1.133524,-1.66541,0.8114375
2.731079,1.8904715,0.08482212
-0.1720984,-1.7324059,-0.33215714
-2.6361585,-1.3051311,-0.22163615
-2.9025307,0.965606,0.33212727
2.9510288,-0.6461539,0.987818
-2.8088002,2.0908947,-0.82364905
-1.1128778,-0.34741879,0.043280065
2.046177,-2.3389168,0.19433397
-2.333415,-2.500061,-1.5242095
2.8035946,0.1544373,1.3196974
0.2913456,-2.3378134,-0.40674928
0.93248653,2.68185,-0.0930627
0.47074652,2.6079078,-0.40738663
0.32987642,1.806037,0.09084913
1.6836853,-2.2890782,0.3355428
-2.5994163,-0.68964434,0.25547087
0.6485057,2.2134438,0.0046793222
-1.3577417,0.61095905,-0.15829134
2.839253,0.23602223,1.2700304
2.4838657,-0.23277354,1.5843499
-1.1784625,-1.6465945,-0.9997449
1.6682477,-0.95440006,1.5733538
-0.51085806,1.7487278,-0.66592
1.5830116,-0.5843544,1.8339938
-0.84852934,-0.80377436,-0.056314826
-1.7555752,1.4784799,-0.89079154
1.2657065,-1.4440144,1.0802625
1.4854126,-0.44508314,1.898932
2.7012768,2.4921465,-0.3701936
0.9507508,0.42942572,1.723057
-1.3387152,1.3665314,-0.77034235
0.7664623,-1.4800637,0.78419936
0.18056989,1.4502649,0.29983
2.6098542,-1.6252996,0.45255625
1.2307968,2.936718,-0.036331713
2.5587807,-0.83058286,1.2248194
0.22283435,-2.1897779,-0.35921115
-2.274251,-0.6486292,0.034300625
-1.9208704,2.2098083,-1.53575
2.7088056,2.3538265,-0.28602785
2.6868186,0.21213293,1.4168434
0.9036951,2.0866728,0.29232106
-2.140937,-1.0009489,-0.30232143
2.1921635,-0.29629183,1.7695091
1.244473,2.2064924,0.35348958
-2.3671355,-0.03257203,0.30014145
0.872169,0.63312936,1.5719056
2.891512,1.7843199,0.035577446
-1.9814619,0.23204422,0.05634302
0.2279911,-1.7478826,0.049858898
0.85710144,0.3250265,1.7035905
-1.0797755,-0.18076587,0.101854324
1.974678,-0.29743147,1.8756349
2.6678705,2.9027061,-0.5154004
2.9203424,2.5588112,-0.6154856
-2.685133,-2.7174659,-1.3521714
0.1670103,-1.0914266,0.627455
2.4488015,-0.33015108,1.5846808
2.5555496,1.7292957,0.39523208
-0.7727866,-0.6578336,0.0931856
1.9873881,-0.46109867,1.8100376
2.239183,-0.777498,1.4974935
-0.18976116,-1.869014,-0.4824414
2.057559,-2.5771842,0.03894657
1.72476,-2.3842216,0.26152635
-0.44625735,0.56931496,0.410678
-1.2532386,1.3985977,-0.77865195
-1.5910803,-0.19252348,-0.018269777
-2.4172032,2.7622576,-1.5915895
-1.7930864,-0.5212598,-0.108202636
0.78320575,2.2349834,0.08913553
1.0705051,-0.5029483,1.7536082
-0.8601842,-1.6680386,-0.8550518
-0.24810123,0.29455018,0.71136904
2.0764012,-2.9906967,-0.11375517
0.4443605,1.1243424,0.8616503
-2.0815754,0.63548136,-0.06757784
2.5418038,1.3979692,0.7364361
1.8102036,1.5648556,0.97741944
0.34558487,2.5761547,-0.505607
1.4297733,-1.9681134,0.6031269
-2.5358791,-2.826601,-1.5201478
1.7594686,0.2555673,1.9497743
0.72999525,-1.3246411,0.910543
-0.26534915,0.015089035,0.7376399
-0.9624231,2.5993323,-1.6771233
2.4228811,0.3187561,1.6080414
0.64634705,0.36049175,1.5379977
-1.6758506,-2.4957986,-1.7931089
1.3490038,0.01570797,1.9753814
0.5306132,-2.405601,-0.23510307
-1.0518283,-0.75078106,-0.13717526
2.1183825,2.0633564,0.38090053
2.9870214,-0.24461126,1.124188
-0.13246632,1.26229,0.17155658
-1.2374396,1.0192022,-0.42090374
-1.6100389,2.021268,-1.4346201
-1.5657542,0.9629016,-0.42884666
1.5392599,-2.6612456,0.11266816
1.8816366,-0.23183203,1.925324
-1.81809,0.2742114,-0.006939411
1.6616774,-1.2620544,1.2997334
0.1195364,-2.2619877,-0.5182037
-0.10453844,-1.9354277,-0.46095306
-0.9541278,1.3852415,-0.63131773
-2.7634506,-1.0336922,0.14245558
-2.5731704,-0.27162123,0.4250341
2.1998854,0.90947294,1.4227257
-0.4914155,1.9804006,-0.8701207
-0.13095999,1.5496325,-0.10942377
-1.8091772,1.3430943,-0.74598217
-0.5478082,2.7170134,-1.4320295
-1.1703129,0.55134106,-0.069049835
0.27000237,-1.3229073,0.51209176
-2.8636274,1.3572369,-0.062459707
0.29093957,-0.29065895,1.2449077
-2.6554098,2.9545898,-1.4498203
-2.1323726,-2.3199482,-1.5274347
-0.06404781,-1.7491179,-0.241382
-0.31954527,1.9487014,-0.68310905
-0.8432846,-1.9657981,-1.1316414
1.744607,1.6386003,0.91718084
0.21663332,-1.9805936,-0.18348052
0.6217768,0.91820526,1.1897274
1.2275,2.5802584,0.095104694
0.16939259,1.1994123,0.5314891
-2.657257,-1.7862979,-0.6794579
-1.1156727,1.1997609,-0.5356261
1.8837099,-0.026137352,1.9510992
1.7208657,-0.61940527,1.8029846
1.0377946,-2.9533262,-0.12104446
2.6480255,-1.9774618,0.07822132
-1.5597657,-1.0194615,-0.4761144
-0.8939824,2.2367334,-1.3973684
-0.44697332,-2.0613294,-0.9033343
-0.73729515,-2.8070176,-1.616838
2.5876136,-2.1954381,-0.058731377
-2.9976883,0.96483064,0.42614794
0.56842303,-2.6750875,-0.35484183
2.9446564,-2.9988513,-0.79416394
-1.6676466,0.083016396,0.0012424588
2.384315,-2.829534,-0.26475793
-2.584744,0.59382606,0.3002923
0.5073905,-0.32773876,1.4326708
-1.7078322,2.7304354,-1.9072841
0.9491708,-1.1171297,1.2511971
0.65627146,-2.7718,-0.32223523
0.659565,-1.7516953,0.43285918
-0.6805434,-0.153234,0.35906714
-0.9292512,-1.2020077,-0.44068626
-2.9052148,2.9361057,-1.2131445
0.4976673,-2.3435216,-0.220712
2.8637924,-2.8835073,-0.6926396
-2.257472,1.3081641,-0.51373434
-1.1540877,-0.72209144,-0.16400105
0.7872386,1.8651371,0.41829795
1.5344849,0.5023308,1.8758036
1.0895748,1.0325861,1.3990302
1.943799,2.153161,0.3812369
0.37927794,-0.36910868,1.3028991
-0.7380903,-1.2664479,-0.3732048
-2.500715,-1.08001,-0.12657964
-2.9985657,-0.784709,0.56505406
-2.29736,-2.68027,-1.6429261
1.5070744,2.4684787,0.21608633
2.696083,1.3067651,0.69189197
2.855649,-1.044499,0.7843981
2.2467618,2.3569179,0.07248515
0.15483189,1.2022238,0.51449823
2.0657887,1.2393456,1.2053876
1.140542,1.7579093,0.7228367
-2.0312986,0.47533536,-0.006690085
-0.56302166,-0.23569608,0.4386081
-2.7842965,2.2586617,-0.98463184
2.5753117,0.95914745,1.1107154
0.6520724,2.00809,0.18334559
2.7548742,1.6814637,0.2667096
-0.36328077,-2.0004525,-0.7719011
2.3822055,-0.74664307,1.4224501
1.4042077,2.3378878,0.29211193
-0.3661666,-0.53502893,0.5022151
-0.099214554,-1.3026352,0.16590688
2.1381125,-1.2964844,1.1142309
-0.3945427,-2.376388,-1.1056267
2.332697,1.7538037,0.54153776
0.65813446,1.7320223,0.4511136
-1.1752514,-1.6460817,-0.998001
-1.3905573,-2.9105434,-1.9572275
-1.4592294,0.70301056,-0.2308836
1.9248505,0.17889547,1.9220157
2.2677345,2.113258,0.25056535
-1.4103763,0.62448883,-0.1758982
-2.7383466,-0.44243288,0.51130664
1.7003379,1.8342028,0.73125017
-0.6821804,1.9631586,-1.0128592
-2.7545636,1.5048566,-0.31154692
0.62984324,2.0690231,0.11114943
-0.29850578,-2.721537,-1.2071587
2.1613927,1.2485924,1.1472666
0.63687515,1.667716,0.49791807
-1.849632,1.818634,-1.2066848
-0.54253364,-1.2215656,-0.1741324
-2.1542726,0.71961546,-0.082493305
1.4027524,-2.4520288,0.21439028
0.8775809,2.4030943,0.029715002
1.7709322,0.21645856,1.9567038
-2.2203217,2.0887504,-1.2914746
-1.6699126,0.82623386,-0.31744188
-1.8256441,-1.355008,-0.75358415
-2.4876366,1.6617198,-0.6991293
-2.7982357,1.9337726,-0.6917082
-2.4197264,-1.5924461,-0.6824347
2.0898213,0.2541771,1.8361738
-0.905071,-1.5987643,-0.8144334
-0.55345964,-2.1409378,-1.0653846
0.90425277,1.1569934,1.1880575
0.7896166,-2.5154743,-0.10022491
1.3487792,1.1432562,1.3900889
-2.1182342,-2.2772374,-1.5029917
2.6656957,-0.11364341,1.4516854
-0.23966575,-1.0774891,0.23616341
-1.4246088,1.4226122,-0.8416912
1.9363747,2.7960153,-0.006962836
-2.494326,-2.2512035,-1.2321177
-1.7883604,-0.8184564,-0.29307723
1.6907177,-0.48671436,1.8766925
1.1629448,-2.6342163,0.043952823
-1.1880974,-2.6621156,-1.8148965
-0.23974895,-1.3902326,-0.05787456
-0.5478873,-0.65455246,0.27243555
1.2199035,2.6048832,0.07967037
0.60187984,0.9375162,1.157985
1.0993929,2.6121988,0.027818441
2.4779902,-2.4347255,-0.14444143
-2.0632932,-1.5961629,-0.9065189
-2.307714,0.32598066,0.20679373
-0.71171904,-2.3822432,-1.3784204
-1.3661156,1.3663793,-0.7761295
-2.1334848,-0.0115561485,0.1541093
2.7841787,-2.949601,-0.6317734
2.506218,-2.9345012,-0.38515395
2.422327,0.3016169,1.6136898
-1.8477166,0.9905796,-0.41369683
-0.35474634,-0.106211185,0.6470124
-2.3342175,-0.88299036,-0.087631285
-1.0816848,1.9341402,-1.2381524
2.499968,0.17684555,1.5829012
0.37611365,-1.4930423,0.4449842
1.0407276,2.5125647,0.054172575
-2.9822016,-0.77755547,0.5539136
1.2359619,-0.95865345,1.5190873
2.0227876,-0.29206705,1.85723
-1.1520034,-0.5953226,-0.08561283
2.279727,-0.19881606,1.7393596
1.3512149,-1.2808313,1.2619073
-2.1904888,1.7977424,-1.03906
-2.248865,0.13683033,0.21186757
0.042117596,1.7019782,-0.08870081
-2.8935907,0.3389306,0.6976432
-2.0965257,1.9979458,-1.2792362
1.1734204,-2.0144076,0.49287567
-0.9870653,1.5602002,-0.82381624
-0.106303215,1.160994,0.29232487
-1.2257466,1.3359756,-0.70839006
1.9416952,-1.6117533,0.89105636
2.4634762,0.29770422,1.5833397
2.1647472,-1.1387268,1.2474871
-2.6678123,-1.078929,0.016019285
-0.88693666,-0.47348142,0.11484623
1.4529829,-0.4581623,1.8899348
1.7743597,1.3521533,1.1962576
-0.6723697,2.9721527,-1.608521
1.6426997,-0.78343916,1.7059067
-0.08869672,2.855711,-1.0479939
0.3332286,1.5957456,0.30214906
2.0213737,-2.6776578,0.005897045
2.0522656,2.3456812,0.18668163
-2.117907,-2.3764477,-1.5753131
-1.8213358,-1.2312266,-0.63569736
1.0627551,-1.1259348,1.304032
1.8030443,-0.05940628,1.9713874
-0.6985254,-2.9544673,-1.6256323
2.6603947,-2.8168254,-0.48488355
-0.34560204,-2.453557,-1.111258
-1.521349,-1.4617481,-0.8899455
-0.3062215,0.013952732,0.6984446
-2.5534124,1.9943967,-0.9658932
0.9295099,-2.7395878,-0.11895162
-2.758123,0.33348012,0.5707685
2.7837272,2.3018951,-0.31741226
-2.276321,0.92077017,-0.15606427
1.9528646,0.6562209,1.7201991
-2.2502623,-2.6660933,-1.6669726
-0.43721533,1.9067411,-0.75307965
-1.6614282,-0.6706872,-0.21250099
1.5329633,1.2341809,1.3295788
1.7399645,-1.9898211,0.5788554
-2.8053274,-0.50792384,0.54379237
-2.575485,1.7669172,-0.7312171
0.3949337,-1.9248369,0.038056433
-0.06453705,-2.312966,-0.7403809
0.017394543,-0.3546586,0.95515877
0.91202474,1.5428772,0.81866026
-0.59290934,-2.0389543,-1.0100193
2.5316048,0.38564157,1.4994149
0.21339011,-1.2610892,0.51655406
-1.382054,0.43957233,-0.077307224
1.0409632,0.45700502,1.7602694
-2.327601,2.019568,-1.1608928
-1.4347519,-1.5159667,-0.935958
0.87466407,-2.758932,-0.16034639
-1.2586255,0.35319376,-0.013396323
-2.8640766,1.6758094,-0.37878773
1.5014791,-1.322873,1.2429899
0.7721257,0.9707389,1.2623496
0.8731694,-2.73447,-0.1518951
1.0427537,1.4801993,0.95426804
-2.9603186,1.5529962,-0.1624837
-1.3069643,-2.7993593,-1.9074054
-1.4573021,-0.70540476,-0.23221725
2.870596,1.2969456,0.5381326
-1.2639002,1.3540106,-0.73818415
-1.9708657,0.8913846,-0.2926985
-1.052928,-2.1655898,-1.4292141
0.28825426,2.497983,-0.5156559
1.2089877,-2.6224337,0.06702137
2.209302,-0.061095,1.8011215
2.1657696,-1.5972472,0.8017157
0.3080969,-2.4611943,-0.47407648
2.7330174,-1.3163184,0.64904237
1.5950804,2.678554,0.10500574
1.6006403,-2.6088433,0.13814074
-2.5725117,2.0479174,-0.9980818
0.24509239,2.6645617,-0.6457161
-0.63716555,-1.6871434,-0.7110044
-2.851026,0.91184306,0.3257945
-1.4815582,-1.156222,-0.59322053
2.2826262,-2.8225508,-0.1923685
1.1001573,-2.6300163,0.019304812
2.7725577,-0.51952076,1.2287726
2.0455437,-2.161509,0.3324551
-0.022949696,-0.39374638,0.9005306
2.696281,1.7305593,0.27165496
0.6327729,1.4571414,0.7047935
-0.44066978,-2.9659228,-1.4111551
-1.2828727,1.1677628,-0.5666249
1.9336476,-0.020776749,1.9346728
1.3449359,1.0292182,1.4900907
2.082955,1.9184551,0.5309911
-0.5211582,-2.500692,-1.2994424
-2.7765136,-1.5545819,-0.3408094
0.5440211,1.2856398,0.7988885
0.3283019,0.49776936,1.2010859
-1.9527444,-0.84862757,-0.2669267
0.7273307,-1.5128285,0.72281355
-0.3630824,0.4438753,0.54793686
2.5594773,-0.8106003,1.2388556
0.14118004,0.87747955,0.7798033
-1.4816637,-1.3252201,-0.752915
2.4034472,2.9160442,-0.30175436
0.08914375,0.3764627,1.0189966
-0.50385046,-0.8005321,0.2135238
1.4328794,-2.4754539,0.20429093
2.8938456,2.9206405,-0.73046875
1.3679185,-2.2486615,0.35235912
0.08459258,-2.6139407,-0.7795
2.4570532,1.1755214,1.0173782
-1.3156618,-1.5472012,-0.94403636
2.651318,2.1890855,-0.10877374
-1.7092731,0.6001625,-0.16518354
0.05496955,-1.7566237,-0.1298179
2.7303238,-2.6570692,-0.4851243
1.1946745,-1.9851633,0.52748555
-0.6287112,2.892641,-1.5572741
1.8482943,0.082112074,1.9583745
1.7695866,-1.7524971,0.79960364
-2.704188,2.5487003,-1.2529178
-0.33436394,1.0496869,0.16967422
-2.360972,2.2399683,-1.3240573
-0.64664054,2.0570068,-1.0697875
-0.36162686,1.9121847,-0.688592
-1.200133,1.5554976,-0.9167892
-1.0964631,1.3531141,-0.67363036
1.6225066,1.2170687,1.3450603
-0.089095116,1.4756851,0.0059905797
-2.9849305,-0.8945961,0.46981177
0.51567984,-0.7279701,1.2396529
-2.9503164,-1.2946107,0.0825758
-2.058073,-1.639481,-0.95224184
1.8337727,2.5494523,0.13587254
2.2933335,1.7948532,0.5279434
-1.0644039,2.2941036,-1.5363674
-1.8216519,1.1915579,-0.59848726
1.3575907,2.1055145,0.467759
-2.865806,1.8209658,-0.51987195
1.8508186,-0.2784257,1.9225385
2.0664515,-2.7894182,-0.05896765
1.2659063,1.1632547,1.3502334
0.9156246,-0.9321742,1.389033
0.6203537,-1.9189171,0.2401911
-2.299839,2.2401257,-1.3662727
-1.2016944,2.6338744,-1.8065078
1.9351215,1.7975621,0.70953715
2.5267377,-0.9724455,1.1401206
0.080130816,-1.3325214,0.3160717
0.7707374,2.5370674,-0.12610757
-2.8455126,1.7877831,-0.5070611
2.117815,-0.52156496,1.7211195
-1.7473562,-2.2917743,-1.6445733
-1.6081606,-1.3340067,-0.76471895
2.9602098,-1.1846513,0.55701
-0.85997534,-1.8067889,-0.9916346
-1.5156373,-2.5546908,-1.8311396
0.41266346,-0.680459,1.1783347
2.3642077,2.3775606,-0.020634472
2.725933,-0.50086546,1.2809607
0.2511313,1.2425723,0.5708623
2.0423746,0.04946232,1.8896294
2.139512,-2.593258,-0.010800421
-0.50139904,2.3964963,-1.2156754
-2.370524,2.5663242,-1.5359484
0.08071184,-0.64387274,0.8804012
-1.0190978,1.0680089,-0.36976564
1.0513191,1.215909,1.2155635
-2.1980677,-1.9097507,-1.1421332
-2.0122833,0.57095623,-0.0627327
-2.2593212,-1.7118899,-0.91280997
-2.2443151,1.4843168,-0.6952599
2.2819552,-2.3675373,0.04252428
-2.989338,0.116006374,0.8416116
-0.11043024,-0.991395,0.43731713
-1.8515114,-2.569756,-1.801766
-1.2618052,0.284029,0.007293403
-0.864553,-0.7820926,-0.05136496
1.4074044,-0.20774937,1.9651788
2.0172634,0.16903281,1.8877261
-0.6749859,2.4147468,-1.3721603
0.097826004,-2.119557,-0.42396012
-0.032999516,1.2987428,0.23571649
2.731986,-1.7336805,0.23608366
1.3408179,1.3666663,1.1763866
-0.6228998,1.0760336,-0.10856995
2.031455,2.4672728,0.114628136
-2.4223661,-1.2921002,-0.38370067
1.1890106,0.30046892,1.8831986
2.3271422,-0.67956686,1.5051936
-1.5570971,-2.420683,-1.7511117
1.1225557,-2.3822386,0.17593008
1.3755589,2.8328724,0.02827841
-2.5169106,0.09734678,0.41042608
0.86298513,1.7677236,0.5641299
2.2687197,-2.7155375,-0.1444248
0.2754979,2.3904095,-0.45885575
-0.5798197,1.6946507,-0.671411
-1.175698,1.5409794,-0.8931462
-1.991111,1.9583545,-1.2908894
0.728549,-1.9828563,0.26529
-2.8359137,0.16840601,0.68491244
-2.567964,-2.6110933,-1.4052379
-1.085486,-0.24941206,0.08452749
-2.8409007,2.4251618,-1.0503356
2.801331,1.534028,0.3704937
-0.9666548,1.7211242,-0.97275233
-1.5949935,-1.6865441,-1.1151967
0.75413036,-2.6593974,-0.20132399
1.2910938,-0.8160291,1.6462567
2.2592049,2.2583923,0.13757676
-1.2111651,2.334982,-1.627976
-0.5242157,2.9393468,-1.4801521
-2.2654152,1.3073778,-0.5079151
-2.619594,-0.16947341,0.4870602
-1.3053313,-2.858056,-1.9250427
0.33754015,-0.16272211,1.3179569
-1.4872295,1.7717991,-1.1961623
-0.8281512,1.0722265,-0.25851247
1.0996323,-0.9326129,1.4867779
0.6189971,-1.5102417,0.6407362
1.8510661,1.6948819,0.8372134
1.3853397,0.1522479,1.9712849
1.5819564,0.20030212,1.9799442
-1.5509137,-0.8603103,-0.3476001
1.6090989,1.2351828,1.3286152
-2.6888804,-0.78791785,0.26791674
0.92385054,1.8275824,0.5439552
-1.8920488,0.59909916,-0.12299675
0.8283999,-0.89693403,1.3608593
-2.744723,-0.2919321,0.5711565
-0.4968753,-1.3559282,-0.26346242
1.845253,2.2340107,0.3469196
-1.500246,-0.8361778,-0.32720822
1.8571463,2.4891033,0.16470647
-0.4664445,-2.9352207,-1.4284942
2.8144665,1.935111,-0.03498614
2.8264623,1.2155876,0.6577265
-1.7700509,2.4439712,-1.7465867
-0.70266056,-1.0808136,-0.17563969
-0.6131537,-2.1088605,-1.0879242
-1.1343223,1.0761728,-0.43154755
0.986161,-2.3534613,0.12874192
-2.7315023,2.4212198,-1.1502521
-1.7990988,0.33004713,-0.028024912
-0.47029257,2.094337,-0.95309675
-2.6691966,2.100831,-0.9605845
-2.8734746,-0.67049575,0.51859653
1.2303209,-1.2113829,1.2943213
-2.5048552,-0.8428681,0.070748985
1.9931998,-1.5958225,0.88708276
-1.7419446,0.92857933,-0.3864177
-0.23926115,0.62550306,0.57368374
1.8089142,-1.9294345,0.6207842
-2.9584365,0.581553,0.6534767
-2.9208136,2.7835484,-1.1555738
0.12492561,2.407423,-0.6177864
-1.2180362,1.5962276,-0.9638513
1.4022899,0.35960197,1.9218733
1.0471239,1.4260302,1.0102496
0.3692398,1.5735707,0.35813218
1.1261048,-1.2510023,1.2171144
2.5665932,-0.8566413,1.1988136
0.47613811,-0.124949455,1.4505543
1.9849072,1.5415549,0.9447117
-1.6914407,-2.6216369,-1.8605723
2.4718199,0.5276551,1.484798
-0.5334363,2.137312,-1.0451905
