x,y,z
7.6453857,5.4138775,1.6236781
8.300079,-8.310576,0.46124327
-2.3427248,-6.009438,0.24619776
9.186113,-5.853921,1.1456774
-2.1910357,5.282649,-0.27388835
2.0179071,-0.33323097,1.8466904
-4.8685503,-9.177546,0.018238187
5.8728266,9.807228,-1.3266914
8.81543,2.6063843,-0.28782922
-7.336282,9.197449,-1.8432316
8.691961,1.2482948,0.985906
1.8715935,1.4335299,1.0919363
7.388088,7.208002,1.4954015
1.3543053,-6.803429,1.8443552
4.8218813,9.443886,-1.9938291
-1.41191,-6.4318037,0.0015724897
7.7088585,0.9063835,1.6060851
1.4780893,-6.503737,1.9714828
-4.668399,-6.6257486,1.9409293
2.5489826,7.696993,0.7148726
-4.6073666,-2.6411524,0.117118835
-1.1727285,-1.87675,-1.2230144
-4.0615835,7.813137,0.8364293
6.633709,9.796967,-0.58814406
-7.8937016,-9.019427,-1.9181755
-4.6101036,-0.17455101,1.979578
-2.8237476,2.855547,-1.2718874
-6.012725,9.60129,-0.71728706
0.94383144,-3.9867067,0.14616597
-9.876791,-3.254465,-0.5568594
9.03109,-5.861187,1.2958694
-8.494682,2.5551138,-1.6345717
7.720274,2.466302,0.21054924
1.6641912,-0.157691,1.9832344
-3.2470455,-1.0142279,0.6335332
6.1795006,-6.961832,0.6749239
1.5585079,-4.107349,0.43112946
8.079634,-3.8032093,0.18564844
1.0931969,2.6267328,0.017739117
-3.1537318,4.4160185,-0.279912
2.6868362,4.6685305,0.39539903
-2.7117944,-7.633214,-0.19770874
4.2085752,-0.77083397,-0.15841794
8.928221,-1.9084282,0.1451478
5.780596,9.974991,-1.3341097
-4.371725,7.216175,1.5379677
5.772647,-7.4645844,-0.10901618
1.7892628,-5.4946795,1.6811368
5.07835,-7.5541553,-0.638426
-6.095051,-2.5027027,-0.61573154
-9.899084,-8.749567,-0.32385382
-3.8636055,4.699848,0.64835614
-7.6702285,-4.410118,-1.2808537
8.205389,-5.018882,1.240606
2.8803139,0.47261238,1.1486982
4.1421356,-3.19518,-1.8403287
3.162612,7.5544662,0.27403945
-0.17395973,9.064808,-1.108991
7.826082,-8.928661,0.1201731
-7.105136,4.483568,-0.95930433
0.62963676,0.20866013,1.5671606
-6.825402,5.248678,-0.005086124
3.08352,-3.7489486,-0.76311976
-3.4438229,-0.7571411,1.0244527
3.0641632,-0.1870594,1.0599074
-2.083415,3.428772,-1.8305098
8.293919,4.9859657,1.1749554
-5.927019,3.9000425,-0.37721944
-5.9639797,1.2272787,0.65061367
-5.96434,-7.9774847,0.19028072
8.994429,-5.744504,1.2755742
3.332511,-5.6969213,0.6432529
9.622507,-9.965567,-1.0537461
-8.252763,9.579,-1.9096663
-9.918761,-4.5274315,0.290232
-7.823638,-6.6469374,-0.06497121
-6.7268906,-4.528575,-0.61206955
4.0504017,5.4297085,-0.13140512
3.580759,-6.2687674,0.57471097
8.309244,-8.3557,0.41721317
-5.1642537,-7.47427,1.2702873
-6.8171177,2.1976576,-1.095528
5.3057814,-0.40912533,0.08842063
-4.0420446,-9.022516,-0.1365701
6.0692387,-6.840354,0.6364374
-2.3730063,-8.666234,-1.420958
5.720459,3.43054,-1.4920385
-7.76968,4.525463,-1.1822879
-5.0464973,1.703413,0.8124748
3.0487642,-3.2038212,-0.9053692
2.1140757,-5.357821,1.4575617
-2.5495872,3.953413,-1.2462051
5.9606943,-2.296362,-0.9804888
6.798092,-1.6052237,0.45803303
-7.251734,-3.2781897,-1.8147495
-5.338682,1.7379675,0.6438122
9.15662,2.345745,-0.43472382
-3.3743248,8.216089,-0.123609096
-3.545164,8.880981,-0.46304518
-9.675946,-2.5772438,-0.5964013
-5.726702,1.4862165,0.61268216
2.4980364,-6.6840124,1.5207827
-1.319932,-7.5070724,-0.62870544
-7.2588596,8.292368,-1.2525591
0.23456669,1.1779871,0.6152068
-6.8308153,-4.972187,-0.26377988
-8.483967,5.027423,-0.49818748
-5.506626,4.0342436,0.073479295
-8.752121,3.579649,-1.5286443
-6.3673806,4.2312574,-0.54687846
9.996088,0.5340729,0.32000643
1.8887501,-7.274495,1.4974716
3.0815973,-8.88986,-0.8003512
-9.326843,9.762861,-1.0411704
-6.567738,6.981148,0.485425
-3.328558,-7.8017178,0.23811804
1.5637112,7.836479,1.0174764
-8.799213,-9.352747,-1.5829619
-4.30873,6.6519756,1.8523941
-5.9866858,6.963459,1.0695748
0.027712822,6.282547,1.0277091
-3.7210321,4.2322006,0.08560878
-0.6929579,-6.0568724,0.33568472
-6.776297,-4.2885327,-0.8846477
-6.8639517,2.143715,-1.0907516
-5.8340178,3.9439487,-0.26079878
-3.4229746,8.766022,-0.5130707
-7.892809,0.44482327,-0.096559584
8.384699,4.1179333,0.30238634
-1.9846401,-7.552141,-0.6183039
8.603968,-2.0297375,0.28869933
3.115821,5.9468794,0.9697491
-8.46797,0.81731224,-0.13317287
6.920353,7.9053745,0.54355097
-2.7514482,-8.0242405,-0.5497595
-3.8332605,-6.6725817,1.5629611
-8.300705,3.1437569,-1.9018652
-9.9416065,-0.41817093,1.4079586
2.8611069,-8.544473,-0.36009338
-2.1844387,4.266821,-1.2485266
3.8932314,0.41215897,0.2334212
-8.2066345,2.418272,-1.6880717
7.4242916,2.1975527,0.3225742
-7.340537,-6.895403,-0.05268216
-1.7267332,-6.7078886,-0.076705456
2.0886974,-8.0010395,0.72233176
5.1625175,7.2635,-0.3436302
8.073103,-5.48936,1.6772115
9.109592,9.002312,-0.6020877
-7.929221,-3.1934881,-1.9958246
2.5166721,2.2134295,-0.014272571
-4.3012595,9.550863,-0.07539177
-1.0958481,-5.366416,-0.2809291
-7.484901,-9.484797,-1.9308589
9.108585,1.4421043,0.43928722
-7.339505,-7.21431,-0.27361858
5.344513,5.5102053,-0.09094143
3.5143957,3.975563,-1.036168
3.2495594,7.2453995,0.46394762
-5.4064617,-1.0387983,1.2759035
9.089516,-6.53329,1.2979034
2.197504,-9.215437,-0.16820532
1.2864008,-6.4589787,1.9444195
-8.812548,8.90715,-1.4436896
4.1978846,-2.1406946,-1.410083
-1.500206,-0.18316841,-0.014238
-4.5812426,-2.121831,0.46784365
8.589466,-5.1058474,1.1248906
2.2294884,8.186371,0.46449107
-5.5327644,-2.5908556,-0.17019242
-5.061389,-4.853386,1.0802454
-0.47755718,9.239492,-1.4424948
5.5836124,5.985321,0.31207454
-2.555338,5.329486,0.025424898
-5.7057486,7.166174,1.180723
-3.424429,-6.3504305,1.2768203
-7.4707484,3.2565603,-1.9208591
3.5663242,-2.7831745,-1.3485291
7.740402,0.35744858,1.9303493
-9.414404,4.710415,-0.012347952
2.322507,-3.3194342,-0.25370604
5.1659184,9.812078,-1.8248384
1.8132935,0.049041748,1.9695392
-3.5612464,5.7619944,1.2746711
5.2194214,0.92025375,-0.26857114
5.2551317,-9.638264,-1.8335936
3.739272,-5.980878,0.39192635
-1.7572136,-8.332788,-1.443395
-2.6480126,1.1750021,-0.088240504
1.069809,-6.708443,1.7880411
-1.7665405,-7.9526052,-1.079367
-2.9800105,2.143898,-0.7031207
6.392069,-8.753409,-0.6743026
8.593996,-5.4415884,1.4047318
-0.98997307,-6.469096,0.14675713
-2.2389688,4.8811893,-0.6169553
0.14592266,9.168587,-0.82195675
-0.59708214,3.498807,-1.4991064
2.4041128,-5.596656,1.4458752
2.8023357,7.569069,0.61386013
-9.082567,9.281961,-1.3253895
-3.6903772,-2.7094436,-0.3864171
8.421295,7.3789806,1.300687
3.8955498,2.5280714,-1.5021545
-0.4973755,-6.955885,0.30502173
-6.0290575,-2.611827,-0.6115241
-6.1180506,-7.975334,0.043330327
-8.957668,3.0172691,-1.4425893
-3.2596245,5.529889,0.84719604
3.3770418,-9.835731,-1.1500205
6.376217,-4.0870714,-0.49245736
4.616974,0.21670914,-0.018841147
-8.83944,8.007406,-0.7053042
-6.0136247,-5.4488516,0.93797946
-1.578167,-0.5873003,-0.16753316
9.673496,-0.28279495,0.7141174
1.4465752,-5.028778,1.3034314
-2.5897074,-4.482212,-0.7524433
4.1371527,-2.6756167,-1.7324473
-3.8088155,-2.9880514,-0.36942893
-6.4725566,-3.2187738,-1.1852645
7.298872,0.956069,1.4265785
-4.547018,-0.8359871,1.656803
-2.0046673,-4.8667526,-0.7535939
-9.948043,6.055811,1.4739724
6.692707,7.153946,1.0424157
7.5763474,-1.5676413,0.9648616
3.6444817,-1.8877125,-0.7935966
-6.972742,-9.746319,-1.584945
-9.869399,-7.3107424,0.94702744
-8.12179,-0.45545387,-0.06629175
7.4570026,-1.9064894,0.5928096
4.801058,2.9256868,-1.9728543
8.415045,-4.97456,1.1058676
5.238699,-2.0712066,-1.3444521
2.530922,1.4952765,0.64886516
-0.09792709,9.816006,-1.0222123
-7.6050606,7.867729,-0.9829259
-8.567722,-6.578001,0.20093745
-9.353486,-0.8328829,0.60151404
4.0936193,-1.6371918,-0.88093936
-4.90968,-0.31965828,1.929944
-2.0125256,4.1659822,-1.4236343
-5.7550526,-4.022788,-0.13230795
-1.8222351,-2.1315908,-1.5004146
-7.038349,-9.906015,-1.5718307
-6.534157,-3.55239,-1.1651478
3.3171082,-9.807719,-1.1021854
-2.971964,3.5401058,-1.0904554
6.1734314,-7.6976213,0.046190247
-3.208088,-4.9414015,0.2934622
-7.3356724,-7.25171,-0.30214208
-1.764389,7.604252,-0.73417723
-4.847474,-2.9355755,0.012036443
-3.0594158,8.690201,-0.8241986
-9.519957,-4.9690795,0.34891587
5.5949097,7.57053,-0.35553506
-6.9620457,-1.9662457,-1.0131294
5.0261774,-7.512101,-0.6159117
4.537842,8.362549,-1.4717315
7.144327,-6.8031383,1.6264296
-7.670521,-5.880517,-0.06319958
7.191967,5.480033,1.4831972
-4.727516,-0.9335346,1.5948824
3.7106915,-0.1518879,0.44961405
9.391148,9.915621,-0.8483119
-1.4103184,-7.9358554,-1.0689334
-0.077334404,-3.6119328,-0.96867156
-2.3023057,4.068178,-1.3447345
-8.349846,-1.9255629,-1.2269293
4.7990284,0.16915798,-0.010522246
-9.927178,-3.3807707,-0.49000233
6.2079983,-1.5491238,-0.053445343
7.48225,7.982115,0.80391705
9.457064,-1.8588247,-0.31634253
-2.3587952,4.021757,-1.3422898
-8.216419,7.5451317,-0.63107216
2.2483025,7.7415543,0.8913291
5.524273,4.7415457,-0.65898013
-9.953088,6.8737335,1.3347099
-2.2698364,-2.5938902,-1.6191833
-5.9945545,0.7973614,0.983237
-0.8746376,-4.2895327,-1.177678
-4.922135,-9.698307,0.015260279
-4.087676,8.4142,0.27976
-3.1745887,-9.5602455,-0.95784825
-9.50304,-6.302267,1.0780004
8.205074,-3.564062,0.026918292
8.383312,-9.147302,-0.09860456
-1.5686903,-7.7602983,-0.9064514
-1.1388206,-5.2307463,-0.41268647
-4.081199,1.1833334,1.1851666
-9.030628,-8.743281,-1.1606541
-9.731444,-7.1881747,0.91957617
3.7165842,-5.8455553,0.3619309
-5.4904613,-7.5197754,1.0402873
-6.42877,2.3471975,-0.84578747
-0.7802315,0.33833504,0.23986465
-3.3301115,2.1944284,-0.3965832
-3.2352076,9.021431,-0.8262743
0.32131195,-4.3784513,-0.011954039
-2.1211243,-3.7492204,-1.6733577
-3.4431243,3.1901274,-0.7018393
-4.788059,8.770435,0.20369017
-8.138274,3.191679,-1.9586062
8.385071,-0.85723114,1.5167892
-4.001871,3.2483377,-0.23628396
2.6497946,-9.849974,-0.43874636
-3.4696589,-6.8403254,1.1709838
0.81261253,-4.2049003,0.24010202
9.323004,-9.052431,-0.8298775
4.6072273,-7.552321,-0.69736934
-8.665997,-7.690755,-0.52553475
3.9690285,2.8707542,-1.6997454
9.492428,3.02958,-1.0613314
2.6308336,-0.24085426,1.459974
6.7042465,-2.311325,-0.26594907
9.858875,0.26962662,0.5432788
-1.5322895,6.042492,-0.028085768
2.0755444,-7.5297794,1.193849
-6.9503508,7.1045227,0.062481046
-2.060771,4.349284,-1.2375231
7.405838,-3.4907103,-0.03842193
5.126458,7.0161705,-0.17231089
-6.3278904,-0.008282661,0.95527554
-8.01885,-4.5827246,-1.1157413
-6.8336368,9.01182,-1.4390097
-9.868776,2.9556036,-0.55320024
-7.7163897,7.546669,-0.68805087
-2.4729738,-2.7136421,-1.529721
6.7487717,-8.569077,-0.20674223
1.6738224,8.019379,0.83005357
-7.6060543,0.5785074,-0.13214344
-8.02224,4.7490835,-0.9491917
4.9747524,-2.5919843,-1.8185089
-7.4384127,4.729759,-0.8975174
-1.2312746,-7.9014406,-0.99035525
4.79706,0.35274124,-0.057988286
-4.6281204,7.5929985,1.254482
-1.0903988,-2.685244,-1.7844789
-0.87044525,8.588947,-1.4351776
-2.3658333,3.6774912,-1.5600686
-5.0703216,4.929599,1.152129
-8.914384,9.88117,-1.3861694
-8.0835705,-2.4331045,-1.7331066
-5.3546166,-2.328061,0.11382717
9.658377,6.288328,0.76850677
-4.830147,-5.0606785,1.334365
-6.7152796,-7.373186,0.043711156
2.4239426,6.5204926,1.6295907
2.7561035,-8.725162,-0.3890768
5.4790974,-4.736024,-0.69656545
7.601204,2.4230757,0.21543872
5.568742,1.4725876,-0.55714613
-9.9150095,-6.062361,1.4465474
0.8868866,-2.5298977,-0.04356754
6.0575314,6.4190807,0.7670366
-0.9242544,-6.4797163,0.18257803
-5.8927917,5.7359943,1.2345418
9.533398,-1.0708771,0.37094843
-3.7402782,-3.5794964,-0.34208542
-5.693445,-9.52603,-0.43873334
-9.015551,-2.62292,-1.2663785
0.44668293,8.222773,0.07148832
4.4313316,-5.478282,-0.26758176
2.2136288,-7.9364386,0.7180375
1.9774971,-0.7802048,1.6292005
-7.5838747,7.088892,-0.2711407
-9.338873,-2.712617,-0.9951917
0.17609406,9.8029785,-0.7541452
9.118341,9.632084,-0.6769259
5.7692137,9.161812,-1.4572628
-5.822343,-5.719777,1.2901425
-1.2980852,-7.1184626,-0.29207212
-7.3718357,-9.371857,-1.884602
-4.824234,-1.9444923,0.62869304
1.8109837,-6.5124025,1.945138
5.445385,4.6587048,-0.79683155
8.283693,0.90187454,1.5292264
-9.181061,7.931122,-0.31837532
6.6861515,-9.276695,-0.5969071
-7.0529213,-8.403236,-1.2179974
3.7446728,-1.8608961,-0.85322976
8.462452,2.635622,-0.0541811
0.14042377,8.419426,-0.3958283
9.098089,-0.83606243,0.9912984
-8.520515,8.5458355,-1.4239352
-3.819592,-2.7071548,-0.27987063
5.832529,-1.4116564,-0.27708727
-2.1786785,-3.8505054,-1.5799296
-2.0470023,-4.25004,-1.3347921
-4.167917,-3.7882829,0.05731833
6.8930607,-8.644213,-0.13775063
4.905032,-1.2275524,-0.6449581
3.2045002,-3.3718824,-1.0364664
-5.6196365,-6.474347,1.5977006
-8.117496,-7.417505,-0.5427314
1.0816059,-9.643339,-0.09349686
2.9627886,-2.2408462,-0.4431722
-4.617119,-8.141469,0.7119216
-2.7979765,8.99095,-1.2442572
6.7536774,-2.6843395,-0.44394365
0.7965965,2.687992,-0.18389446
0.45118332,-7.1693826,1.0683932
-2.4610052,1.0203753,-0.106203556
-9.055897,-9.398404,-1.3602244
-9.402575,4.5019236,-0.23111667
-4.7801504,4.722637,1.007953
-5.083214,-9.717684,-0.025380135
3.1155357,4.360607,-0.31851712
-2.9111075,1.2731304,0.064839736
-3.912221,-6.245612,1.6958804
9.534298,-4.5783577,-0.24293151
3.4832287,9.82922,-1.2543513
7.1290226,-5.20149,1.218359
-4.8411274,8.749399,0.21125448
-4.084668,2.0124006,0.38197777
3.6754045,4.581666,-0.6391696
-6.662751,-5.0333967,-0.054994285
-6.5370407,3.2506294,-1.245199
-0.48299694,2.1532078,-1.0144747
-3.657607,7.97546,0.37223756
-7.49658,-9.888842,-1.8310502
5.931589,-3.6357212,-1.2247791
8.041628,0.249012,1.9516025
1.6222334,-7.1774664,1.6247569
-1.7411327,1.7042255,-1.1185615
-9.26273,6.447693,0.8251591
-3.6423874,6.02631,1.4473114
2.5458565,-5.1564455,0.9907243
4.715309,4.0422535,-1.621088
-1.2641754,-7.2763085,-0.40728283
-3.9535284,6.2163315,1.7233866
5.572261,-8.173312,-0.9664656
-7.963997,-9.065916,-1.9302516
6.320179,3.4704914,-0.9094134
-3.879548,-0.94401264,1.2593195
0.15305424,2.4649992,-0.6272529
-1.9761581,9.304899,-1.911783
1.212389,9.579605,-0.051581502
-3.021984,5.638509,0.6799706
7.271269,-9.071235,-0.10317892
-0.25997162,-1.5396395,-0.22590132
7.805994,1.0931396,1.4585482
9.614805,-9.73735,-1.1404313
-4.8719096,8.362844,0.5001191
-7.295091,6.562149,0.11349738
8.02302,-4.6194267,0.89291865
7.8361397,-2.0869646,0.5062896
-7.6354733,-5.800483,-0.09047794
-0.77303314,3.8462372,-1.4601514
-9.861263,1.7246523,0.26950726
-8.185991,-3.466909,-1.8929389
1.9314251,5.3462753,1.5279558
2.660346,-2.161664,-0.09419724
2.11981,1.0739002,1.3297389
-2.7216473,6.9237213,0.39406493
9.225777,-4.6983805,0.18368238
1.429779,-9.222965,0.010368645
-5.900848,5.3972588,1.0056623
-0.56613827,-6.5352955,0.43201137
2.401452,3.7803917,-0.12842065
3.5019264,-3.0064144,-1.3434639
-7.0708084,6.712803,0.20044678
3.7478962,-0.3803444,0.35870308
-5.1088166,-4.5531535,0.7638829
-8.309403,-7.05451,-0.18108779
-5.4620743,6.7197456,1.6381147
9.644093,-6.257088,0.78209877
8.548578,2.8347282,-0.18497348
8.954845,7.6475544,0.6577904
5.8701124,-8.03278,-0.57927257
7.554495,-8.392993,0.44220024
-1.3384972,1.0201731,-0.4499212
-5.502279,-3.925488,-0.004245043
4.996566,-7.3408546,-0.46898884
-5.1818275,6.612509,1.8380837
-6.748658,-9.302694,-1.4414024
-3.1933403,-4.559443,-0.10062583
2.0985928,-8.306448,0.42673394
5.1479664,2.6430216,-1.7848933
-3.8840904,0.862483,1.326684
-5.885663,4.1712017,-0.12801892
1.3489304,4.186756,0.473728
-5.894332,-0.039557457,1.3783454
-6.5106144,-3.003018,-1.2158874
5.2125187,8.842419,-1.7126877
-1.6798458,0.41585922,-0.07929045
9.13785,2.3808231,-0.44129834
9.727825,-8.2343,-0.6696457
2.9910555,-9.800931,-0.7801155
3.441577,-4.884424,-0.12431733
2.3028374,-5.240042,1.2473189
0.15660858,2.8972769,-0.81433386
-0.7273245,-4.444716,-0.9293616
0.13744164,1.044342,0.63948023
3.7342472,9.266895,-1.5461273
9.2977085,-2.9498873,-0.854953
-2.591591,2.5548544,-1.3554397
-4.2271576,0.1226387,1.8770564
-2.4216485,6.5807858,0.29670018
-4.8312426,4.373661,0.66065764
1.700387,-0.46458817,1.8856211
7.4644833,5.469591,1.6119905
7.8197746,-0.5087795,1.8727546
4.591255,-1.7000008,-1.1215175
-7.359315,-3.8979092,-1.6074957
-5.367048,-8.1578245,0.49406648
-2.197114,8.353262,-1.2889853
-1.8432417,-6.336993,0.03543693
0.82247734,-9.5330925,-0.26130605
-9.179715,-4.485327,-0.46773338
3.1124477,2.0200157,-0.4051217
-7.628721,-0.9075031,-0.35902083
-6.327447,4.552372,-0.20358217
-8.313826,5.7293177,-0.04562515
8.713196,5.8811083,1.573283
-9.4693985,-8.39027,-0.4663434
7.543667,4.076956,0.3587113
-0.33616924,4.9500027,-0.09448917
-1.1629877,-5.547602,-0.17655253
6.2547855,0.048438072,0.97043115
-0.92427635,1.4988213,-0.7262721
6.2715416,1.2539539,0.29992425
7.23015,5.3661203,1.419799
-8.6821,8.490089,-1.2703319
3.8478394,9.604738,-1.6328336
1.8877897,2.2389488,0.33064008
2.150117,5.8479633,1.7436113
1.4599142,4.275531,0.57076406
2.7353096,-5.4099607,1.0375563
-4.810668,6.6881027,1.9143095
-1.2794113,-0.71050835,-0.19981652
9.5012,4.080982,-0.6666283
6.7184944,-6.636981,1.359755
-0.37568474,8.00053,-0.5129342
-9.405309,2.231841,-0.63340986
0.4382782,2.2661037,-0.2162405
-6.8097353,-8.895992,-1.365974
8.131916,-0.8690882,1.6071475
-6.0708737,-3.4968367,-0.7268415
-0.72201633,9.441162,-1.6607649
-2.2194266,-9.155201,-1.7607956
1.7795382,-2.467762,0.19685525
9.410276,-4.9599037,0.25949624
0.95019245,-7.249199,1.3821108
5.7916403,3.8461914,-1.23386
7.7622166,-6.9042754,1.8090371
8.0731125,4.7269964,0.9906936
-3.4535146,1.2003078,0.6689592
-2.2365665,-5.2941823,-0.23691815
4.819378,-1.13801,-0.5748803
-2.7286768,0.8672085,0.24567586
4.68264,-4.456649,-1.2525191
-2.1846771,-6.425091,0.17252964
-6.782523,-5.635383,0.31856763
4.0704336,2.4127588,-1.5468781
1.5331802,-8.811416,0.18157536
4.4584837,6.296772,0.03196889
9.93486,6.5674477,0.47161976
6.8273296,9.195263,-0.45609063
9.479811,8.460653,-0.6251412
0.5352287,-5.6200686,1.2981153
-8.602125,-4.3392467,-1.0974963
-7.015272,7.319275,-0.15883452
-6.2117376,-1.2936707,0.34497902
-8.812484,-7.3627424,-0.10302743
-5.012475,-4.7902,1.0330439
-9.205677,7.019512,0.5235882
-9.226152,-5.686635,0.6299565
-5.975546,3.517271,-0.62744915
-9.858339,-8.349655,-0.055518925
-6.1381245,6.6033115,1.0937483
3.8130865,2.7503958,-1.5466096
8.3405285,6.8977947,1.7009515
-2.9746284,0.34105778,0.77621186
-2.9087877,5.07615,0.12508391
5.339533,8.194809,-1.1439738
-4.933709,-1.261488,1.2800084
-4.728326,-7.5575447,1.2919874
6.161295,-7.056,0.5943595
-8.7130165,5.8631287,0.2598973
1.2227478,-6.376853,1.9356565
8.83382,-8.753628,-0.22595042
1.7148647,-8.4671545,0.41417485
2.7194386,-4.4286537,0.12978289
-5.8239117,1.8551731,0.16273782
-0.13796616,-9.061108,-1.0721264
0.54984474,-4.633708,0.44395506
2.4543428,9.574043,-0.35446686
3.88546,-1.7008305,-0.8068067
8.689278,-3.3745613,-0.3020271
-7.6329947,4.729574,-0.9584972
0.2997532,-8.229004,-0.07100883
-4.9963627,-7.8083086,1.0056069
-7.910639,1.4297953,-0.85786104
-0.8007765,3.1612072,-1.7177045
-8.802368,-9.854534,-1.4920621
6.9789925,8.786085,-0.16187054
1.1581478,-3.893869,0.1859265
-5.3895807,1.5276756,0.82244277
5.225791,7.1085186,-0.19276655
-9.464279,3.8277054,-0.7342236
-3.8679924,3.1050253,-0.335149
-1.9481869,-9.123749,-1.8846612
-8.497503,-9.329844,-1.7954848
-6.3588834,3.7189865,-0.9135138
-1.6321859,0.371624,-0.0663774
7.5876465,6.1404,1.9545654
9.656542,5.004322,0.058109447
6.362625,-8.022556,-0.0884211
-5.97124,1.8405571,0.040409744
-6.5422115,-7.84501,-0.24716769
8.726933,-5.5278263,1.3705938
3.5371742,2.7481184,-1.3089275
0.2656765,-0.5589695,1.1103642
1.3533211,-6.386408,1.9711226
-8.036967,3.3908749,-1.9523945
-3.3388543,6.9395447,0.98820394
9.626181,-9.827797,-1.119925
-2.466322,9.379799,-1.6240973
-0.5016413,5.520279,0.24196547
-8.30331,-0.84287167,-0.23541719
-5.5940714,-9.697157,-0.3272801
-0.20419598,-4.233248,-0.6637968
-6.2115946,3.0518522,-0.92444646
-1.2400961,-4.2604933,-1.3824869
4.0695915,-3.2870712,-1.7898586
-9.781773,-4.1296887,-0.20082062
2.9701214,8.597855,-0.5065107
-6.6120815,8.463005,-0.8950653
-4.8805103,-7.799715,1.0401409
3.839097,-3.0851116,-1.6407123
7.9512024,9.057646,0.061917186
-2.7330866,-0.57598686,0.4414164
-4.105691,-4.8687696,0.9772792
-9.042358,1.2092485,-0.019443959
-5.1565766,7.9123154,0.8446594
-8.75637,-1.272563,-0.32590562
-2.2887049,-9.436132,-1.7531188
2.040554,-3.342661,-0.08817583
-9.368757,4.9768734,0.20542023
8.731134,-1.4775515,0.7324528
6.2739086,7.0654507,0.70004195
-9.789458,3.4391775,-0.59939677
-4.77633,0.08769989,1.9941132
3.2615519,3.819809,-0.8983648
-2.054596,-1.3498163,-0.66604805
-1.0897646,-8.572538,-1.544817
-4.5151567,-8.57005,0.32418877
8.032196,-7.865882,0.9722618
-5.589982,-1.5927486,0.61705387
8.2927685,-7.2305584,1.4890856
0.64522266,1.4655008,0.7064774
2.0102177,1.1466236,1.3165649
7.801319,7.608824,1.2413231
-1.6476555,0.56228447,-0.15100837
-5.6934333,1.7043829,0.42296535
-1.617342,3.5558758,-1.914322
8.110535,-2.8271723,0.016294599
-7.419873,-4.982846,-0.6400738
2.269804,-9.406792,-0.23435718
-9.827914,-9.739471,-0.5585862
5.243021,0.6575527,-0.07099706
3.6946774,-4.728875,-0.50882906
0.42392254,2.768365,-0.51981634
4.291931,2.485299,-1.7051615
0.011247635,7.7992897,0.06591207
5.5335283,-1.2207909,-0.3384848
-7.916205,-0.042286873,0.0010412931
-1.4685249,6.901806,-0.18009567
4.436146,1.6957912,-1.0867566
9.958168,4.5768566,-0.6435732
5.093914,-5.399947,-0.2934459
-7.271744,-7.227845,-0.24921566
7.6909676,7.6238823,1.2148168
-2.2299824,7.128399,-0.12691945
-2.1351442,-3.7863827,-1.6441636
-9.089097,1.6611671,-0.41966006
-1.5741434,-8.893437,-1.862123
7.073267,0.6998453,1.4753525
1.3944483,-9.284342,-0.00566411
-5.8245397,5.6521053,1.2501249
3.0781212,-9.9115095,-0.8204375
-3.2064438,-2.4122548,-0.6808101
9.12994,9.329973,-0.7049246
-8.679546,-3.387835,-1.6479772
-3.1587553,-5.79646,0.90103114
-9.655735,9.021046,-0.6906919
-3.938302,-5.0582194,1.0540377
3.1524763,2.2055283,-0.6038451
9.626146,5.58877,0.5684177
1.6794634,2.6867867,0.09575528
9.803585,-6.9088435,0.4407654
1.956521,9.07583,-0.013207078
5.77536,4.795228,-0.40353376
8.016623,-6.2883782,1.9867897
8.359234,-5.707325,1.7137766
-5.5972376,-2.3064003,-0.037628412
9.193899,3.3362026,-0.75229007
6.0576553,3.781147,-1.0259848
-4.67579,1.2876177,1.2787395
-4.7720337,6.5581207,1.9606645
-8.387462,9.948065,-1.7272239
2.5113726,2.0573282,0.121759534
-8.105493,3.9169178,-1.6827309
4.224247,5.686943,-0.055754185
3.157977,1.9823532,-0.4164204
-8.688022,0.61655045,0.1439889
2.725009,8.991135,-0.50280225
-0.8133049,6.9037285,0.08700079
4.568177,6.5312653,-0.02023381
5.737896,-3.8910913,-1.250696
-9.94145,-4.7810326,0.56257915
9.170988,-5.4223957,0.9029131
8.386419,-8.374147,0.3645482
3.978836,-1.0160017,-0.21603161
-9.13961,5.634342,0.515465
-3.5722075,1.465086,0.52294314
-2.8980885,-3.537365,-1.163804
-2.5699797,-1.3834105,-0.35469818
5.6392307,-7.6632357,-0.4107713
3.635706,-6.4234066,0.5159339
7.921791,0.92064285,1.6030104
-3.7452316,-5.810182,1.4578462
3.3653975,1.23248,0.10995816
3.557951,8.247086,-0.78749
-8.325909,2.560811,-1.726728
-9.700198,7.655203,0.46942365
-5.1888905,-6.335553,1.8872342
6.845476,0.26007652,1.499496
-9.414597,-9.823359,-0.93179405
-8.704338,0.069288254,0.3378852
5.602006,-7.3666945,-0.16147906
5.3952894,9.385395,-1.7749703
8.223927,-8.548855,0.29205924
-7.549387,3.4183779,-1.9159075
-7.3189974,-5.981815,0.094653964
5.1298666,2.7680607,-1.8451588
8.696302,-0.052158356,1.6643729
5.983389,-1.2790489,-0.00769946
1.5665207,-3.881073,0.26117206
3.2957468,6.429842,0.8357208
9.491268,-1.8050776,-0.29858512
-6.452043,0.85235023,0.49015918
-4.540118,-3.0136013,-0.0066221952
6.994669,-7.287276,1.189814
-6.8423963,-4.1676006,-1.0487547
-5.514126,8.965939,-0.20110744
7.2999115,9.518656,-0.14520663
3.155221,-4.646001,-0.079967275
3.2307005,0.99659157,0.45417726
-4.2384043,1.6231785,0.8373984
-0.13800526,8.821747,-0.96118796
9.1523285,1.3955135,0.443478
-6.002201,0.4655218,1.1708889
0.078621864,-2.908846,-0.8944956
4.755995,2.1089401,-1.5115924
-6.9035625,-9.956894,-1.4430776
9.711769,-9.977164,-1.1343424
-4.996105,-1.159153,1.3601377
-2.4013605,-6.9359064,0.11997473
-2.7057028,-6.945038,0.36663783
-6.516589,-1.6973772,-0.3575335
-9.812646,5.548151,1.1200234
5.6385155,4.9491806,-0.36634958
2.6567411,-3.4743571,-0.47906592
-9.366008,-0.7066736,0.7017896
-6.436268,9.283367,-1.1425035
9.88368,2.163208,-1.0013278
3.8223505,6.800379,0.23982811
4.0124464,-4.14205,-1.3047967
-5.9829807,-8.948802,-0.5931303
-4.3839607,-4.636403,0.8706377
-1.5095415,0.87880707,-0.36005437
-1.8287992,-2.4219904,-1.7189693
-6.8524837,-5.460174,0.14097518
0.8238497,9.61635,-0.24793935
0.9938803,-9.230327,-0.14300513
-1.2662106,0.25389862,0.013969243
1.3863182,3.9851837,0.31824762
-3.9635062,-2.6978493,-0.17070091
2.602519,4.3371153,0.14681399
3.7714043,0.03549671,0.4103775
-5.2673903,-5.944315,1.7930305
-9.915791,-5.437537,1.1347655
5.2343445,-4.4985332,-1.0790752
2.3853674,-9.763834,-0.25688857
-5.0858793,6.232601,1.9297805
9.63702,9.166452,-1.1774714
-4.52248,-5.1369405,1.3939335
6.7574673,0.49427414,1.337013
5.073285,3.3415422,-1.9156574
-8.384081,2.8314152,-1.8150363
6.4494133,-5.5504932,0.90883994
-9.194729,-6.0767436,0.7507411
-5.540147,9.734495,-0.27589118
-1.6671486,5.823221,-0.09929323
-6.740465,9.348137,-1.4385736
9.769098,7.0198917,0.4031284
-2.0057964,-0.74404144,-0.17113256
3.9718971,7.0400314,-0.011131644
-8.929119,-0.32074165,0.47339052
5.7566643,-0.062044144,0.4955473
-3.1078377,-4.332845,-0.40424532
-7.6067123,7.798559,-0.91419035
1.4622297,-2.1260023,0.46699405
4.844618,1.451889,-0.87264323
8.653971,-7.973982,0.5770021
-6.1079264,3.4303627,-0.7842317
-4.921043,-4.754635,1.0205439
1.9226284,-2.258103,0.30428535
2.7126122,-0.89421844,1.0420723
3.8447227,3.7071981,-1.4908729
5.4887524,0.40820122,0.20436996
-2.267537,1.7424335,-0.9377335
5.5556965,-6.495119,0.3126297
7.3729153,-7.5559225,1.1801674
-2.612215,3.6013527,-1.4011552
7.1145725,-4.117798,0.17869675
4.8857956,-8.621649,-1.6794612
8.820528,-4.127009,0.015628755
-5.6827393,-9.810459,-0.36153185
-4.93809,1.9980421,0.56027174
-2.891389,0.74266815,0.4890654
0.5072632,9.234463,-0.4961578
6.0019894,-5.51433,0.44120213
-5.7086267,-5.1717496,0.9868394
5.0065403,2.3877754,-1.68613
-3.5838137,-2.627623,-0.4428519
6.041092,7.7930717,-0.17886327
-0.47477245,1.5212536,-0.4076136
-8.76087,-0.21728516,0.3602869
-5.5024586,-3.8365102,-0.06431067
-7.23752,6.0420895,0.1551475
4.9596252,-4.6809793,-1.0009971
-6.705482,4.021162,-1.0473394
-0.83318233,6.424076,0.25001603
2.1575584,-7.844081,0.8426383
-5.483947,-8.860346,-0.12806714
2.8847008,-5.6394377,1.0539277
-9.764234,4.7983274,0.41880655
-7.1550846,-5.515932,-0.0457322
-9.0612335,0.94527626,0.22992972
-3.0247736,1.5098705,-0.055665426
-3.642974,2.0994263,-0.02371353
1.4319334,-5.0993147,1.3677173
-1.8491449,0.3496561,-0.022019923
4.700821,6.929409,-0.20156962
9.1679535,5.1836567,0.70802665
3.5879116,1.9103584,-0.7647222
-3.9396753,-7.952753,0.61740804
-9.363856,4.704734,-0.06853902
3.6220188,-3.9819145,-1.1293802
-4.954579,6.9985237,1.7256864
5.088763,4.153221,-1.4604844
6.684849,-1.8355598,0.12926894
3.8572044,3.8657093,-1.4051641
9.383108,-4.1583657,-0.48445514
9.497965,1.726057,-0.22775927
2.1173992,-0.49896812,1.732372
-7.2863674,0.15868378,0.1442501
8.934414,3.5211067,-0.45789766
-4.744958,9.738739,0.048351943
-4.7235355,-4.413922,0.70588243
8.367786,9.765207,-0.07173061
7.748104,-1.8350925,0.7331702
3.021513,9.511091,-0.87648606
0.6268387,2.2503338,-0.041845918
-8.411659,0.81548214,-0.162969
-1.0380411,-3.3443537,-1.8409252
9.591263,-5.269563,0.3630731
2.546588,-9.834141,-0.35686195
0.8561802,-5.4584875,1.4341238
-2.0765104,-0.89533424,-0.24957073
-3.487823,8.412798,-0.19082862
5.960227,5.4114685,0.32614008
0.6166849,1.7435513,0.40643698
6.505741,-9.678134,-0.74735355
-1.7699862,7.045101,-0.25671244
4.369092,6.8847485,-0.11719805
4.127699,-4.4953547,-1.0492177
1.5946407,4.0502186,0.38488573
6.2837296,-8.331907,-0.45939398
6.2664585,-5.0558987,0.3200678
9.269234,-3.0177822,-0.8374275
7.6877594,-9.067296,0.049435914
-2.5569668,-0.6109028,0.26724303
-8.466202,2.0478077,-1.2775004
1.8281746,2.9107618,-0.006415963
-0.08728218,9.358305,-1.0849628
-2.608254,5.775256,0.36534238
-1.6745472,-9.149571,-1.9569918
0.47032833,-3.1388664,-0.5468173
7.296299,5.6024246,1.6255779
3.1174126,-9.598069,-0.9608449
-3.5509434,-0.6184492,1.2127923
-4.1122494,3.7839518,0.024572074
-2.476313,-6.7053185,0.29493797
-3.8650298,8.578045,-0.00046914816
8.992229,-6.5927434,1.3716543
5.2964535,-7.3357115,-0.33885008
9.029757,-7.5909233,0.6448629
0.031936646,-1.751648,-0.14793615
2.0167084,3.3393917,-0.07828379
3.4676466,2.880499,-1.2864156
-9.465531,-4.94102,0.2673865
0.8929653,8.746298,0.00040721893
-0.66889954,-5.3589525,-0.017675877
-5.6065407,7.8465366,0.6336254
-7.7594733,3.359024,-1.9719923
8.852745,-3.2266855,-0.45503932
8.130661,7.3958797,1.4042144
4.6346865,3.3157587,-1.9818541
9.542498,-8.50278,-0.7216773
-4.058079,5.082365,1.155061
-1.7272272,9.457401,-1.9872575
3.7861862,-7.4802885,-0.23581743
-1.6522655,-2.1082377,-1.5086231
-1.962348,-8.069494,-1.1381662
-8.2656145,6.7044086,-0.0038793087
2.686613,5.305561,0.998438
-6.043272,7.2936916,0.76905024
0.36366272,2.808652,-0.58938557
9.749756,-1.6489706,-0.3973825
-3.0781531,-0.9757433,0.49715567
-3.1519175,-7.4508038,0.40266803
6.0331287,6.3461704,0.7505583
-3.6765327,-4.0118814,-0.13481635
-0.8587742,1.0974779,-0.30119985
9.337385,0.3400936,1.030005
-4.099737,3.0230236,-0.17485291
-7.1541023,-8.033095,-0.9430775
-5.5964375,-1.5839243,0.62089807
-2.7724562,4.6134224,-0.45961535
-4.7449875,-7.391609,1.4455414
-5.1893177,-4.295868,0.48382753
4.039445,-5.506425,-0.06880188
1.6993771,-8.461121,0.42122477
-3.200616,9.7634945,-0.88419294
-7.7691135,8.639851,-1.7038405
-3.1485987,6.266369,1.0068645
-4.2203913,-8.288909,0.46004644
-3.2541895,-0.09126663,1.1081972
-9.02123,1.836359,-0.6551363
2.1542912,4.4358253,0.5614908
-7.3472357,2.0141315,-1.3032831
-7.7879915,-6.1294546,-0.009616733
-8.170332,0.3170681,-0.00022351742
4.1738367,-8.086457,-1.0888393
-6.020267,5.014862,0.5577816
-4.127508,6.2989063,1.8336544
7.8384056,-3.578125,0.09365547
5.309643,-8.753248,-1.6097538
5.7339115,0.09297562,0.4736129
-9.495066,5.112297,0.45956352
-7.1709976,-6.823167,0.08202523
-3.7751102,4.2218266,0.12086138
8.260977,6.964548,1.6950295
1.0230045,-8.289669,0.43164292
-7.4789715,5.530308,-0.2007795
0.062618256,4.522478,-0.12619403
-7.7667084,-5.146215,-0.5758487
-2.1909928,8.392862,-1.3269398
-2.7497506,-4.809045,-0.28538606
8.656616,7.600569,0.9455236
3.0973673,-7.6651487,0.23192362
-1.7437115,7.8876534,-1.0187527
1.6892872,-2.248436,0.36603224
-2.8866553,-8.833496,-1.0824115
3.9290037,5.326584,-0.13222796
3.955639,-0.8190775,-0.044175684
2.685461,2.8244495,-0.5096517
-3.8977695,4.606695,0.5806481
8.5315075,1.0677195,1.2612495
-1.4436998,3.193946,-1.990564
-3.8931665,-8.428637,0.13924432
6.2631397,-8.82628,-0.8462269
8.150566,-4.695903,0.93985486
9.951597,-5.2283373,-0.009426475
2.9625835,-9.42585,-0.82194483
-3.4089384,1.561346,0.27362254
5.0789204,-0.7934103,-0.23215735
8.579544,-2.2023144,0.15775561
-9.808341,-0.4646883,1.2681884
-1.2388697,4.8054495,-0.85249
-6.8196545,-3.7107325,-1.3534691
1.8635979,0.6317539,1.764432
4.135848,-0.8932476,-0.21146816
-2.0658789,4.8289385,-0.7636437
-0.8365717,-1.063838,-0.25683007
4.501108,3.5921774,-1.8779557
-1.6806974,-3.9153934,-1.7092266
-8.397795,7.7464256,-0.74839324
8.00136,1.6831284,0.8770635
-5.033145,1.6822672,0.83775723
-1.0985851,4.841527,-0.7617853
0.943264,-9.968404,-0.046359956
-0.60096836,4.418765,-0.85486436
-9.40686,8.033585,-0.19655558
4.5879993,5.988961,-0.035246134
-4.542315,6.4936085,1.9635149
-5.186596,-8.032599,0.7119856
2.3891544,8.655432,-0.034944832
-5.2186203,2.2358055,0.25751168
-4.6215963,-9.747033,0.04735756
-3.3694992,9.048851,-0.704229
-3.7567759,7.7978287,0.6332316
-4.1763744,-1.5953817,0.835168
-2.6968584,9.80599,-1.3584323
2.5987577,0.6296253,1.3248136
-8.092179,8.020552,-1.1375656
-6.052803,-8.839837,-0.60539496
0.14591408,-9.323097,-0.8494381
1.3906813,2.786169,0.046323895
5.5229244,-0.07480526,0.3080929
-7.02444,-8.488864,-1.2682966
3.191969,-5.607358,0.72983474
5.683898,5.605345,0.21487463
5.552602,6.374983,0.32848525
-9.314215,-7.584603,0.15579455
-3.816042,-4.47078,0.385202
-8.595656,0.05815506,0.26097125
-6.3281145,-0.012764931,0.95500445
5.569829,-7.365253,-0.18487161
-1.4931908,7.3954067,-0.5543195
4.247113,-6.982579,-0.12846535
-5.8700633,7.114132,1.0756476
1.519599,-6.1851954,1.9938926
-6.048579,-9.935631,-0.63986796
4.9989204,2.491537,-1.7552801
-4.37379,-4.783739,1.0145105
-2.5075912,6.7414875,0.30443168
-8.676313,-3.3154306,-1.6654427
0.03303528,0.9548435,0.61076576
9.494802,7.4436417,0.3289538
4.8537817,-6.494646,-0.012295306
-5.3354096,-4.1170335,0.2513165
0.13448715,6.808771,0.99911225
-1.0964851,8.435497,-1.4388986
-8.050742,1.7429686,-1.1520278
7.840912,7.687462,1.1656659
0.1612072,6.049389,1.1333038
2.1059704,5.654354,1.6688955
-4.03829,-0.39422607,1.7045639
-4.679191,9.654884,0.025806844
1.6488953,-3.1789913,-0.0023488998
3.6971092,0.68067646,0.24976492
2.24298,-3.018515,-0.20997173
-4.8194504,-0.74935436,1.7264032
9.708979,6.009491,0.68238866
-1.472044,7.581503,-0.7260084
-6.1241508,1.490675,0.23840067
-4.6771264,6.5739307,1.9574088
9.844208,7.00972,0.3402412
0.00048160553,4.8605776,0.14812844
-1.3574419,-2.7252617,-1.8919051
-4.1616178,5.8346386,1.7531995
-2.6214542,8.394125,-1.0112592
-8.422285,8.272474,-1.2491989
-7.9468346,2.5911055,-1.847962
5.852895,7.379854,0.03942746
8.554495,-6.908368,1.5753677
9.543003,1.8940659,-0.43561834
-7.2194233,-8.785802,-1.6080405
5.4086323,5.1334133,-0.35856137
-6.189666,0.4590807,0.9898435
5.965603,-1.9237251,-0.65791833
7.215542,6.3747787,1.7988348
7.7387085,-1.5307436,1.0334054
7.200512,4.0830097,0.2053361
6.2557335,5.380064,0.5917136
0.19463634,-4.9607444,0.4392199
4.594824,-8.662604,-1.716434
-3.5777092,0.89312935,1.0493999
4.354348,-6.1151114,0.04932362
-3.2140198,-5.670971,0.8907412
-0.16791344,4.7093344,-0.1701801
-8.703789,2.376299,-1.3813069
-2.614746,-2.2223482,-1.1092311
-5.2587295,-3.63549,-0.026060402
-3.373208,-7.3952436,0.67236704
-6.385865,-4.273236,-0.52767277
-8.994442,0.64097786,0.38433525
0.651165,-5.8420706,1.5103898
6.489792,-9.078705,-0.73557216
9.107494,-9.688363,-0.65347517
5.8355417,-9.4303665,-1.4328269
-5.1833735,-4.599887,0.77885705
-9.890098,2.694316,-0.45291975
3.7931385,-4.572952,-0.7454021
5.60314,6.606251,0.31943834
-8.58512,5.472785,-0.05520618
3.5858612,-7.8241205,-0.39994088
8.454773,2.4620361,0.047037005
0.60576534,-4.3067636,0.17479801
-6.0245886,8.293608,-0.16987693
8.198763,7.5775223,1.2141006
4.270159,4.586688,-1.0291697
6.622011,-5.0078797,0.62358934
-6.762855,1.4459848,-0.33699852
5.819455,-6.30471,0.55248094
-6.830736,1.4972363,-0.44710395
9.894943,9.885792,-1.3486356
-4.2369976,-1.9281502,0.5393172
6.025671,-5.7507763,0.60690916
2.0024157,-4.87461,1.0697999
2.6501045,-6.206603,1.4690074
-1.5335503,5.0657825,-0.6532228
4.107353,-5.8981714,0.104311466
-4.167719,6.999695,1.609401
-9.425793,5.838069,0.9035753
-3.8420305,6.0160427,1.6090816
7.8353863,-0.47956276,1.8870238
-2.6326966,-2.0875454,-0.9812697
3.1431847,3.6225119,-0.8881621
-3.6972642,-1.4937258,0.6045082
7.5014915,4.01877,0.299192
5.9849024,2.2322035,-0.9081073
3.530136,3.4777746,-1.3228619
-5.111617,-4.27469,0.49750498
-8.171299,6.199997,0.046465993
0.37649345,-1.918026,0.027367711
-5.8665776,5.6822166,1.2294489
8.221937,-0.6164532,1.7489989
-9.609757,-9.827891,-0.7359178
4.4686832,-0.85197544,-0.3119527
9.969141,-3.1884432,-1.5167761
5.0082836,-4.9580536,-0.71334064
3.4097872,-0.3912239,0.65945214
-9.621467,-3.8206863,-0.5827193
9.618933,0.7835064,0.51550597
-1.7104759,-2.9523554,-1.9724087
-9.344084,-6.204593,0.91630656
9.871628,3.6711426,-1.2951614
-4.069307,-8.189735,0.47077036
-0.70747566,-7.7416754,-0.53784704
9.152796,-1.5728302,0.2666074
-6.932007,-0.87070656,0.040038526
-7.0748997,-9.354128,-1.7090642
1.626173,5.0818405,1.3595711
-1.3385391,0.82527256,-0.2947926
2.3034182,4.2170258,0.26807216
-8.387053,-0.0986824,0.13388425
0.29906654,-2.1826816,-0.27978337
-4.4475975,-3.519156,0.03558141
-4.9160886,-0.8931532,1.6062835
-9.156369,-7.8587413,-0.26995715
5.302183,4.3917084,-1.1462677
1.9263649,2.842329,-0.01810509
-8.4544325,7.1516056,-0.17904776
7.93552,-9.341696,0.00012689829
3.0162086,-1.0416813,0.62982535
1.8556318,-3.921629,0.24881989
-5.8713636,0.31079102,1.3523713
1.5080452,1.526947,1.041867
9.635403,-1.488924,-0.12728998
6.8588448,-0.811718,1.2326412
-7.788702,-1.6510334,-1.078021
9.128212,2.4323502,-0.46661758
0.77509785,-5.4663825,1.3843412
4.8096514,-1.1588306,-0.59486234
7.7667637,4.942686,1.2244657
8.525091,6.7332478,1.6835521
-7.795348,1.118413,-0.5611712
8.7566395,-1.098484,1.0744724
-6.791749,1.6753902,-0.59132653
0.7496605,4.603877,0.5730912
-6.987636,1.8395224,-0.91311884
-2.1923327,-5.8191576,0.08127236
-0.45442677,-7.880168,-0.46513066
-1.1963539,4.651804,-0.99125963
-1.5797596,-4.2990103,-1.4016656
0.7887058,3.7450037,-0.11396301
9.864187,-8.592306,-1.0984546
5.810116,5.4690228,0.23085678
5.5947,4.2043257,-1.1218544
4.002475,-1.973383,-1.1502173
7.7418118,-7.6391497,1.2068988
-0.46149063,-1.1290159,-0.017733693
0.79512215,5.6629314,1.52768
2.057971,7.5569572,1.1763352
-8.721305,-0.37049675,0.2852775
-8.055569,-0.8275366,-0.3030585
1.2260141,8.203182,0.59900236
-3.9125023,1.7425327,0.5258945
-0.18349743,9.549337,-1.1747218
-2.294588,9.04661,-1.6786427
1.5566273,-6.4933205,1.9779024
6.506155,-7.050321,0.9410284
-3.3164191,-3.3191576,-0.81033945
8.008606,-1.5290785,1.0297753
7.8956184,9.053932,0.06711209
-7.674981,-7.521714,-0.6578349
-7.7222624,4.460063,-1.2409945
-8.090749,7.6732864,-0.79238784
-5.4802027,0.62863827,1.52826
-3.8927627,-8.384599,0.17642874
-0.7526951,-7.549776,-0.38407293
-2.431922,1.4871197,-0.56800497
-5.0524855,2.8933468,-0.026622415
-3.1769361,2.3230276,-0.64793354
-3.617445,6.222618,1.4562626
9.810383,6.4248695,0.6138599
-3.7062883,-8.713688,-0.2224921
-7.1600094,4.7122364,-0.76886404
4.1569757,6.2110825,0.14771909
-0.57761574,-5.0504885,-0.21433324
7.6556396,-6.2387085,1.9794056
6.2483253,-8.979932,-0.9375298
9.187288,-9.866443,-0.6687778
-7.323595,5.2249165,-0.37223005
6.4286346,2.842926,-0.8107926
8.392387,-5.432074,1.5176752
-4.9383154,-8.939402,0.09008759
9.191799,-9.29625,-0.7608748
7.4964294,9.073322,-0.002116263
0.109511375,3.2912626,-0.8795277
4.8215246,1.6348915,-1.0581019
-3.4962153,-0.8267479,1.0245086
-8.721838,4.0822077,-1.2357547
2.5278006,1.0837564,1.0439836
2.9812527,4.316927,-0.22558075
-6.5355897,2.5514526,-1.0805956
4.8499966,-5.151781,-0.56515765
-8.542227,-4.6739664,-0.810775
8.606241,2.6338873,-0.14371562
9.683903,2.533947,-1.077229
2.7225838,7.0605392,1.1196272
-6.2742877,-7.3970356,0.450107
4.8667126,4.8573837,-0.8436285
1.7041578,-9.1733265,0.022568226
2.7191877,0.85679245,1.06482
3.2865334,-8.119575,-0.4069152
7.613556,-4.9185095,1.1759008
-4.298359,-5.715828,1.758831
-2.2494507,8.921646,-1.6544949
2.7270594,8.900383,-0.46286425
1.089611,-4.4350443,0.6126442
8.063776,-0.41934395,1.89143
-5.252385,-8.380713,0.35499984
-0.36416626,-8.193122,-0.6888468
1.8685322,-5.0630355,1.2995082
-2.65589,0.97288704,0.09608582
6.8171673,-9.001543,-0.40280008
1.0938158,-2.0815039,0.3995906
-9.2423,1.3787069,0.009443358
-1.0833588,0.11259937,0.11013144
-4.535569,-0.3164444,1.934756
0.9717121,1.7996302,0.5990104
-1.162159,9.891426,-1.8107445
-9.919342,-8.540901,-0.15951037
-1.8222532,-7.2143197,-0.37162673
-0.95779324,5.2264223,-0.32623062
-2.9487848,3.0630398,-1.1885318
9.187805,8.496815,-0.36470434
-2.1819916,7.9589634,-0.9237517
6.4241714,-7.4270535,0.5545962
2.4771776,-2.2714067,-0.028085649
-8.441332,-9.004406,-1.7453492
2.3498611,4.0303335,0.08118093
8.287355,5.968486,1.8584436
-6.5410066,-7.9324007,-0.33331314
-6.4637494,-5.443739,0.48829046
9.78849,5.341281,0.23250294
8.035099,2.4362602,0.222247
-5.57894,-6.2511215,1.6469449
6.0174503,-0.049614906,0.73615086
-1.2793207,-6.6468945,-0.02323711
-9.859294,3.8776064,-0.32017913
0.7513342,1.8522129,0.4048976
3.2309399,2.7158432,-0.99995786
-2.9996085,-0.47192764,0.74918604
3.4788342,0.54371834,0.5249058
-8.551008,-7.417327,-0.3438439
6.9301586,9.334827,-0.39318305
8.525343,-0.4091463,1.7004364
5.5146675,0.27905083,0.2662469
1.6949129,0.9038105,1.610928
3.2934895,-9.406224,-1.1511412
-7.2354784,2.5838146,-1.6631806
-2.498734,8.608587,-1.2844874
-0.9546757,5.8178864,0.07756114
-5.5648613,1.392045,0.8359246
-7.3862004,2.903099,-1.8642659
6.7261753,1.7767239,0.2241676
6.7864532,0.025720596,1.48196
-9.081882,4.3789577,-0.66350263
3.1821194,3.2940655,-1.0289141
4.068022,3.2477875,-1.7938466
9.499683,-6.030017,0.89328825
5.785537,-1.2183237,-0.13214114
9.193367,6.234848,1.228183
-3.2738972,6.5838966,1.087045
7.0038643,-5.629976,1.4540324
8.134014,3.2639122,-0.031481802
-9.443281,-6.672466,0.9436845
-8.027067,2.6061573,-1.8451047
2.0240545,3.4707203,-0.047299504
5.4603777,-6.021949,0.23301303
-4.9681306,7.422741,1.3854742
1.1013451,7.140156,1.546547
-0.01451683,7.181858,0.6081328
2.5310764,2.7423582,-0.3480683
-5.373496,4.115761,0.22745657
5.6403904,-0.18427753,0.38363397
6.650093,-5.2970467,0.9106447
-6.9385824,3.045473,-1.6048582
0.09687424,-4.31607,-0.2893024
0.0277462,2.5794134,-0.8183529
3.2111568,-5.1320877,0.33797723
9.3158455,-4.234847,-0.35088032
2.9326344,-7.877779,0.18364584
-2.2722197,-2.6964474,-1.6664727
8.981329,6.032547,1.3978117
-3.8053284,3.1090088,-0.3834054
-2.903718,-0.8091736,0.45445907
0.68275356,6.347149,1.6288867
-7.6150885,7.1372337,-0.31466424
1.0881729,-4.282941,0.46941134
-6.7847548,-7.4012146,-0.043346822
1.0282059,7.700987,1.0087726
0.9580755,-9.070219,-0.119713366
1.3842068,-7.718358,1.1178508
-8.432956,-8.203047,-1.1790439
-9.497843,-6.447748,1.05949
4.6011734,-6.76682,-0.10851127
8.575958,0.30310726,1.7049146
-8.873724,-4.3807163,-0.8492105
3.7039423,7.695984,-0.37583426
-7.3612156,-8.914107,-1.7534447
0.6269131,-7.547845,0.8880249
9.303577,-9.22059,-0.85832185
7.586191,-8.81216,0.1462127
-7.3113976,2.4262505,-1.6112461
6.1857185,-6.9226065,0.7051288
5.223171,-2.1848164,-1.4485202
-0.015338898,-5.1017513,0.36426026
9.687267,-2.694354,-1.1611302
-3.9717522,-4.186531,0.2360838
-2.3271585,6.366089,0.26922804
-5.054141,-4.428073,0.66166794
1.4389687,-4.988576,1.2640123
2.6478672,5.685066,1.3003058
0.7968025,9.090042,-0.22937238
-5.626371,8.139572,0.32887304
-4.5016646,-1.4902306,1.0583583
3.4015255,1.7855759,-0.47014767
-8.768264,-5.188141,-0.15235233
-1.5573454,-0.9788656,-0.44194525
-0.22151566,1.1286774,0.20814714
-4.0516386,-5.843835,1.69456
3.6391811,-1.4606133,-0.3673476
0.644537,4.7803974,0.6687844
7.020647,2.498148,-0.12762254
-0.8881149,9.306337,-1.768878
-6.311384,-3.4325638,-0.9861609
7.0655174,-4.1909146,0.20677635
1.3964882,-9.441746,-0.015009284
-2.8639817,4.771985,-0.21449804
-6.591028,-4.837698,-0.17802235
2.3438892,-9.320146,-0.27877688
-9.537525,1.1785641,0.4947606
2.6337776,-3.835702,-0.2823546
4.9444475,-6.045045,-0.0014166832
-8.772005,5.901885,0.32079
-6.546724,-6.022415,0.7056931
-7.1892586,4.993314,-0.5098433
8.405066,8.508909,0.24285567
8.501207,6.256649,1.7974076
0.626009,-4.0386558,-0.037992597
9.388058,7.5604515,0.32604516
-3.3430395,-6.8279705,1.0553257
-9.708222,8.087734,0.048034593
3.4929485,-1.6602144,-0.43347016
3.5426855,-4.4971,-0.6040546
9.803823,0.666522,0.41594282
-0.0028944016,9.04731,-0.9324952
7.6639614,-2.8491783,0.024449706
6.1296387,7.302534,0.37097672
7.237688,2.341219,0.1195879
-9.923321,-7.2080064,1.0801237
8.234579,-7.386609,1.378985
-8.5245285,8.517168,-1.3991129
8.965111,9.158621,-0.5211389
-0.41440582,5.981408,0.55216366
-8.862171,9.665234,-1.5046226
2.7809277,-6.6080475,1.3005912
-2.0354676,-5.2834153,-0.35347313
-8.981934,-3.7576761,-1.2446591
-3.6253824,-5.551622,1.2092683
1.0310516,-2.439495,0.094350755
7.7884655,3.6148567,0.10776931
-3.074297,1.4328814,0.07023327
5.939679,6.0149784,0.62745714
1.252285,-3.0488443,-0.04599929
0.3370781,8.538067,-0.3012333
1.9134502,1.8958397,0.6225164
-6.562687,6.314642,0.72362864
-8.311982,7.726404,-0.7697067
-3.142116,-0.5357666,0.8604009
-9.318541,9.424181,-1.1060375
-4.6635056,5.2868376,1.5421774
0.4600582,-6.1203947,1.4307791
-6.586093,0.72169113,0.45239285
-4.1479597,-4.864571,0.9964894
-1.7968645,1.8924637,-1.2907041
-1.1520338,-6.038773,0.056686938
-5.520146,-3.7155128,-0.14865774
0.48050976,-4.116579,-0.09894806
-1.4036045,-9.689934,-1.9511077
2.8599558,9.182186,-0.6927902
0.45167446,-3.4234324,-0.52407277
-4.993697,-3.063774,-0.036280513
-3.4428396,-0.2077055,1.275218
-0.11525726,0.1759901,0.8695514
-6.239853,-8.398954,-0.47507593
0.78285027,2.7819834,-0.23073155
-0.70605755,-6.2341595,0.34995955
3.8797855,-7.9420495,-0.76090634
2.3666573,-6.0028768,1.66064
7.483835,-7.797967,0.9882598
-0.3296547,7.8340187,-0.30375475
-7.389052,3.8235703,-1.6701808
4.47009,8.7628,-1.759567
-6.758379,-8.047347,-0.64967334
-1.3745232,-7.938648,-1.0653657
-3.238027,3.9670172,-0.58196
-3.794445,-4.681364,0.57643473
-3.699839,-3.0647898,-0.4673524
9.189205,-5.875244,1.1513395
5.7245684,-8.4140835,-1.0612863
2.7713737,-5.8910475,1.2859137
9.389566,-6.2884116,1.0351906
-9.06222,5.1234236,0.044890553
1.6136751,-0.26394272,1.9644496
6.401764,6.2491474,1.1177217
6.6428986,8.69389,-0.39257583
-7.958537,6.6039944,-0.045558393
3.558895,-8.139126,-0.68659174
-5.6968594,5.8614635,1.4656899
-0.3907385,5.695285,0.4512356
-2.0867023,-4.529046,-1.0521636
-8.349646,-2.1062255,-1.3898633
-9.5391445,3.3612823,-0.86184776
-6.5789795,-1.0213423,0.2307221
4.5377054,-6.1161814,0.0013056397
4.574355,-1.7720966,-1.1904321
-8.697638,-2.7593746,-1.5925757
-3.7554226,6.1178093,1.562359
0.16334438,4.356205,-0.1860813
-8.645825,6.2513504,0.29695892
5.6345453,-0.42314148,0.30770034
9.057323,-9.1035795,-0.58961666
1.7686176,9.763397,0.037282884
-7.430148,0.30926132,0.041039526
2.3318634,4.264721,0.2912359
3.6301365,-5.6713066,0.34922975
7.9184303,-0.49525833,1.87777
-5.320699,2.669281,-0.06990409
-8.959098,-4.067168,-1.0504054
4.393506,-5.537776,-0.21477586
0.62256336,2.8105745,-0.36259246
-3.258264,8.029116,-0.057833232
-4.190223,7.8023243,0.9183754
-5.1561584,3.4044085,-0.06252259
8.094971,0.8514652,1.6299841
-1.7253914,4.494706,-1.2040417
7.2120705,-3.1237555,-0.19888794
8.9264965,7.7119102,0.6195106
1.2667608,5.2763357,1.488662
2.1301756,-9.970957,-0.0069308877
-0.68104744,9.118164,-1.5829682
6.8681545,0.47063637,1.4434536
-9.010879,-7.56099,-0.11336473
3.9768305,-3.8265657,-1.5158921
-1.6292877,9.712893,-1.9570712
4.566163,-8.348893,-1.4642818
-0.044540405,2.5019312,-0.8468236
-3.7026606,-3.3633232,-0.44342768
-1.0795002,-8.213712,-1.2337438
5.399928,3.8637486,-1.5231925
-6.945299,5.8259945,0.2825107
-6.3209915,9.83061,-0.95657134
-2.239964,-8.157873,-1.0835739
-3.6272454,4.890707,0.6441603
3.9283924,7.116638,-0.035773396
6.729698,-0.24591446,1.401738
-1.0709858,7.714962,-0.7391011
9.455738,9.12903,-0.98753965
-4.1782,-8.098465,0.61862665
-5.6115937,5.024623,0.9294181
-4.4769406,2.3830948,0.24653983
-6.889724,1.1314545,-0.14468288
-7.0093384,7.371895,-0.20036891
-8.910155,0.53691864,0.36708245
-8.862792,-3.7242484,-1.367872
2.6099863,8.539955,-0.12650794
6.0985394,5.7944946,0.69934976
9.3884735,4.8509893,0.17445351
8.517973,-2.6922822,-0.113207996
-0.5759373,-8.341158,-1.0127537
1.9404659,-1.3940964,1.1082287
-5.9831977,-1.873168,-0.0022767186
3.8652115,-2.01082,-1.0880618
-9.588411,-5.103407,0.5440338
4.716729,7.1804256,-0.37622124
1.8341551,-1.6636734,0.87277746
3.0730429,-9.795871,-0.8634355
3.6614838,-6.411647,0.4949745
-4.591048,-9.893018,0.10028309
8.581064,5.533909,1.4792986
4.772525,-1.147295,-0.58723736
6.568947,-5.0970125,0.6570984
1.3207855,-7.669213,1.152629
6.2798653,4.8733673,0.15696393
6.730011,-8.642895,-0.27748284
4.5323486,-9.095446,-1.930095
7.617687,-0.90106773,1.5929854
-1.8137789,5.9709215,-0.018984139
6.5753613,-7.896328,0.24570295
2.3039913,-6.4740076,1.7248886
6.01696,3.224002,-1.2596978
9.739986,-9.714318,-1.2683899
2.264371,6.644375,1.7044429
-3.7116694,5.345661,1.1314824
-0.9949608,4.8801613,-0.67175126
2.8152847,8.512043,-0.29103622
1.6860924,8.687492,0.25306463
-2.731701,-4.6187105,-0.49205157
7.835184,5.648966,1.8053577
6.008074,5.46072,0.40876245
-6.2115374,4.5274734,-0.112276845
-0.81481457,-2.7295265,-1.6438937
-0.95993805,-5.5028114,-0.10850549
-6.267308,-6.492137,0.9941253
1.4585495,2.1460056,0.44969654
-3.0699291,-0.27397537,0.8911007
-5.162615,0.5062008,1.7749417
-3.2154703,8.956333,-0.81846106
-3.5654855,-8.125157,0.14344749
9.566401,2.313367,-0.8173336
3.83572,1.7998657,-0.86678636
9.841133,-0.4432392,0.49893755
2.7419558,6.620043,1.3328819
2.2643127,6.4921627,1.7472465
4.110936,-6.732646,0.076167166
1.7163258,1.7781553,0.7835531
-7.8477144,-6.0178804,-0.03496778
-5.913535,-5.529387,1.0903838
-2.4227858,-8.354688,-1.1385323
0.15033245,3.7283363,-0.6829811
3.7671452,-1.0228529,-0.06461239
3.850483,-6.3516417,0.34666598
7.933134,-1.9855595,0.5938959
2.0357275,-0.73740005,1.6340716
-3.4129324,3.7782803,-0.5360471
-7.520263,8.509796,-1.5546359
-7.3241067,-6.6397676,0.07422501
-5.973375,-0.62491226,1.1158926
3.016035,9.6792755,-0.842562
5.4027214,6.5940876,0.1810236
8.749126,4.609358,0.5225569
-3.1631174,-3.009509,-0.9697665
-0.7888298,1.7432365,-0.88111603
-2.9696345,0.6797514,0.6066171
-0.03654003,0.14686489,0.9527028
3.2100143,6.525999,0.90229696
-0.21971512,-3.4064722,-1.1830757
0.46294785,-2.4647799,-0.33298525
1.2668715,6.9698544,1.7275312
3.724183,2.537757,-1.3733526
-3.0340137,-9.494326,-1.1049541
-5.9629765,-1.9610367,-0.0656459
2.3592463,6.7462845,1.599618
-1.1840553,6.059702,0.048988163
-4.5302796,6.6735363,1.9082394
4.19963,-5.860224,0.040483117
0.09069061,-7.4719563,0.46336696
-1.4546471,3.1939077,-1.9918941
-4.8408375,7.674183,1.1705934
-1.3156595,8.174885,-1.2830526
-8.503251,3.842102,-1.5610397
2.2749033,5.9031296,1.6908339
0.15006638,-6.9029675,0.9635088
6.068365,2.4036255,-0.95300955
0.64570427,-1.0305357,1.1161206
0.7995224,-0.11168575,1.7107929
2.7241306,4.7226467,0.41569927
7.609375,-7.4913397,1.3249782
-4.7255764,0.96463585,1.5696292
5.970051,-3.5035658,-1.2432421
2.4456158,5.018755,0.94273126
-6.6711674,-8.928752,-1.257802
3.4818687,-5.5164742,0.38644895
-5.9973345,-7.142892,0.93463373
-3.147808,7.4885654,0.36355343
-4.7666883,6.223423,1.9967409
-6.8031416,8.292273,-0.9212347
7.8757133,9.8721695,0.09818524
-8.938209,3.0464134,-1.46307
5.0001507,1.2751026,-0.667478
-9.000119,2.7936134,-1.3520736
-1.2170601,1.6041384,-0.9714209
0.5964222,1.1940899,0.9295458
7.109106,-7.547574,1.0368078
-3.6189356,7.693636,0.6190802
2.878275,-6.7718973,1.1432236
1.5490589,6.9759274,1.7692614
5.883848,4.5877028,-0.51317114
0.5945158,2.5925026,-0.2928921
3.7444458,3.7461948,-1.3897233
-6.040908,2.1947012,-0.3442946
-6.94911,-4.906768,-0.4246294
8.910776,-5.3173103,1.0603633
-7.28667,-5.082395,-0.48172763
-1.7023964,-6.0199966,-0.02578789
-1.2088013,4.5563545,-1.0905943
9.778801,0.74404716,0.38905945
-2.1611357,-0.1029377,0.16395473
-7.613044,2.6771688,-1.8651944
-2.5349894,9.236725,-1.5524502
5.1582108,-0.7747898,-0.18768853
3.962902,-4.8014426,-0.6431025
8.272921,-7.2530484,1.4789336
-2.0471692,8.2622795,-1.2857118
4.710455,-8.836203,-1.8317306
-9.4104,4.8799143,0.15236574
3.869398,8.751751,-1.447171
4.594637,5.3414783,-0.40466654
6.4508705,-0.07716179,1.1639249
-5.734422,-1.298624,0.7904568
-2.6697836,6.336134,0.54410005
2.4192982,-5.317347,1.2298355
-7.106147,3.5351315,-1.6567209
-7.9548097,-3.0907655,-1.9936297
-9.620428,5.268708,0.7224684
0.5582285,-2.2139368,-0.07002705
6.209879,-6.6736403,0.85149527
2.5685987,-3.818574,-0.23731709
0.60964966,5.880867,1.492736
3.4842587,3.649373,-1.2098252
-6.2840414,-7.060479,0.711958
1.0542593,-6.5025606,1.8455682
-2.4842358,-2.0522556,-1.0740998
-4.9514365,-0.9554186,1.548831
8.623732,-2.8115854,-0.22795534
-7.7365265,6.7233925,-0.08844668
1.4654827,0.6941719,1.7630434
-8.787126,-2.6716638,-1.4869113
-0.33926773,-0.57377815,0.50705945
-4.4436207,4.579049,0.8311536
3.2914743,-7.012973,0.59599495
-5.61538,-9.826321,-0.30119473
6.4003963,-8.033363,-0.0614784
-8.11467,4.3966656,-1.2767171
6.006357,1.0857449,0.19294801
-7.5117946,-8.944258,-1.8287776
5.355854,8.173283,-1.1139246
-4.210664,5.3562183,1.4770167
-0.023296356,-9.330583,-1.0188612
-1.8250351,6.144411,0.022531271
6.490301,-0.38815403,1.1312475
3.277275,0.8402157,0.5320357
-8.812044,8.210598,-0.92421156
0.919405,7.733639,0.9152936
-6.8986235,2.1845102,-1.153224
7.4756145,-4.778818,0.9956494
1.6429977,7.5204964,1.3247329
-2.5718079,8.313211,-0.9827087
-5.101694,-1.4762201,1.0196083
3.4612894,-7.968998,-0.4290416
-5.9889708,9.368641,-0.7084365
4.7426224,-4.322878,-1.3792791
5.456753,-5.97414,0.21710539
6.138035,-9.441563,-1.1445005
2.612379,4.038621,-0.119080365
-8.753689,3.8409538,-1.3870928
7.1931705,-4.304383,0.39271474
-3.1022348,-9.690742,-1.0041873
-2.956358,7.0006866,0.5692737
-1.0743895,0.6086931,-0.058903515
7.311348,8.877663,0.0023228526
7.689266,-0.93494034,1.5803314
1.5441208,9.02417,0.07882017
4.7715187,-2.5379333,-1.8215163
-9.319969,-4.64167,-0.17527683
0.023622513,5.8453884,0.9293082
-8.846836,2.4954472,-1.3447118
3.4034958,8.979095,-1.1612359
-7.1244946,0.751564,-0.0148944855
-3.5640469,-7.6538506,0.6087979
6.9903126,-7.085437,1.3447423
9.556959,-2.2455096,-0.7564701
-6.003804,-1.4987202,0.34777457
-5.550109,-5.485387,1.3674433
1.2384605,8.482508,0.35732973
3.9310532,-5.4583397,-0.031303108
-1.6287231,0.9488001,-0.41566402
-3.1229029,5.714837,0.82410246
-6.5684366,2.0566463,-0.74835885
4.268757,0.51130104,-0.031090021
9.797619,3.898096,-1.091503
-4.840791,-5.1866317,1.4484327
4.7166367,-9.903236,-1.8876967
4.8839464,2.9485788,-1.9667506
8.03797,-7.397127,1.4242493
-1.1385384,-8.5824375,-1.5737404
0.3149786,-7.3184156,0.82012403
7.3469887,8.094265,0.63623065
6.3211403,-6.71057,0.9479988
9.877071,7.7879314,-0.3710273
-2.8657007,6.645897,0.6625329
3.9568663,1.7312069,-0.8876367
6.9827614,-5.8707166,1.5600274
-6.7881594,-9.066284,-1.4202111
1.9865885,-7.7386007,1.0299218
-2.2375274,6.455038,0.19942218
6.4282436,-6.5990915,1.0950654
-4.491272,-1.301239,1.2419578
0.7013855,1.6219292,0.5941662
5.9831066,-1.2120609,0.055495054
-9.161169,2.238616,-0.879842
-8.443622,-7.900485,-0.8776276
-5.1218405,8.211262,0.56761193
6.414171,-7.2138643,0.72790116
6.7052784,-5.8445287,1.3149937
-6.8297005,-8.330465,-0.97837055
1.9068727,6.5089893,1.9186703
-5.298809,-4.951439,1.0697068
-4.641527,-3.408258,0.032835364
8.624174,5.249295,1.2292566
4.8300915,-1.037653,-0.48483807
-2.734829,8.251457,-0.7827312
1.4720154,3.0570774,-0.0013055801
1.9375696,-0.8489809,1.5942378
2.34241,-6.7129254,1.6258605
-3.4227872,-9.536583,-0.7162529
-5.8888555,2.767974,-0.5468231
6.620638,0.7664099,1.0514896
1.3437262,9.107069,0.024376512
4.1854963,-9.19303,-1.8376403
-3.7872972,2.0088243,0.17760685
4.8436947,3.7232695,-1.8269343
7.2776566,5.5160084,1.558344
6.0817356,4.85579,-0.057179734
2.718958,-0.70930004,1.1689827
9.838829,-9.521885,-1.3976102
-0.02186966,-1.9857492,-0.42501473
2.128971,9.878086,-0.050780058
9.501299,-7.5018063,0.2684942
9.718969,-6.676085,0.6338366
-4.2222013,9.099442,-0.065298736
9.008034,-0.6501446,1.2007818
3.6906004,-3.346367,-1.500948
-1.1193762,1.1396523,-0.48191804
8.731461,4.1977196,0.1468451
-5.180292,0.88603973,1.5250005
6.497486,8.048985,0.018894896
9.909441,-0.14158154,0.52408385
-6.8970213,-4.2068663,-1.0602722
-5.900929,-4.6727133,0.33334962
-9.909142,-0.7705345,1.1831837
-1.7996235,-1.9534006,-1.3472708
-9.082036,6.7616444,0.55163467
-3.3492193,4.662719,0.15648833
3.0359516,7.703293,0.2555638
7.068777,7.835579,0.72564536
5.5703526,8.539612,-1.2871404
5.550809,-9.499913,-1.6658173
4.148638,-2.2657013,-1.485569
-6.202333,-0.9561348,0.6574463
-7.939949,7.161146,-0.3575856
0.41453743,-0.08315945,1.3993108
9.495829,3.790722,-0.8676014
0.5630579,-0.9294071,1.1320837
-0.86009884,-9.811348,-1.6841147
-6.787374,0.798398,0.21475774
-4.9583826,-0.21403694,1.9470773
-7.7086363,-6.17175,0.0043416023
8.006683,9.740246,0.037712395
-1.6292963,-8.021678,-1.1652008
-8.834086,-8.474243,-1.1381836
1.0727463,-7.180891,1.5019212
0.7256813,-9.080726,-0.27775025
-1.235486,-2.0154247,-1.3744307
3.5796394,-5.343236,0.16565749
5.3777924,8.2003975,-1.1261966
-9.404101,5.3536873,0.5775612
-7.6609173,4.751507,-0.942313
-0.48039913,8.59119,-1.1343572
-9.271378,-8.257836,-0.54576534
-9.083597,-6.008219,0.62783426
8.829105,8.430115,0.016280293
-0.76059437,7.282892,-0.14880323
-4.943904,1.5811024,0.963014
-3.4301686,5.5917416,1.0549135
-7.807225,2.5604544,-1.8347454
7.8036575,-0.75694275,1.7256728
-2.1683884,-3.3476124,-1.8055458
-5.62238,3.5071964,-0.32015508
-7.5841284,-8.1202545,-1.2269475
5.8449,9.855066,-1.3332329
-1.3823137,-8.821352,-1.805686
-1.0505724,-7.5712323,-0.588711
-2.6063323,7.325342,-0.0057060122
-4.8272285,-5.795357,1.8767661
1.778903,-4.8863516,1.1515104
7.6937046,-2.3719206,0.26904416
-5.795802,-8.7297535,-0.29972264
0.47912693,-0.47529697,1.3501614
-7.605133,-1.429801,-0.828668
-4.688971,-2.004118,0.57983804
8.7776985,-0.047139168,1.601748
0.10485077,-6.7169333,1.0120558
9.63319,-1.7337914,-0.36918098
-1.7520418,-1.1911087,-0.61298954
-5.450442,-9.890738,-0.15361077
-5.974883,-7.421782,0.72231054
8.863146,7.6990356,0.6868951
-7.6898694,-9.579009,-1.9746938
5.247944,-1.9837666,-1.2613173
2.4858227,-5.882859,1.5307037
2.9510727,9.93191,-0.6847718
5.6424,7.3596783,-0.12340683
-2.616229,4.923316,-0.29216114
6.1876354,-5.111045,0.29277542
-7.967225,-8.822287,-1.8175211
-3.5184135,-1.5664997,0.37226287
7.3204136,6.115877,1.8470345
2.9677973,1.1706524,0.5624727
-1.3317251,-5.4687777,-0.285259
-2.3353062,-8.9714155,-1.6207012
-6.1061454,8.446571,-0.38239455
6.0809174,2.005392,-0.6219353
-0.31800175,6.8295174,0.5417669
-0.33833885,-8.731175,-1.1008685
2.364935,1.3191977,0.94985205
7.3794823,9.33897,-0.106799245
-5.1018333,-9.71998,-0.031623125
-3.4439745,-9.4503,-0.7018795
6.77631,-9.195308,-0.50040644
5.647725,-4.9162602,-0.391086
-4.9193645,-1.015234,1.5060781
-9.892601,4.899124,0.6365961
1.855114,-3.4699116,0.013267517
5.2589407,7.9151955,-0.9154974
2.3885717,8.179705,0.3638521
7.0931435,6.7268486,1.6274436
-7.934741,-8.085794,-1.2264829
5.04286,3.9142952,-1.6619163
-6.216793,5.6804695,0.8901426
5.628067,7.325367,-0.1049155
7.4371433,-9.037933,-0.011730552
3.167161,-2.0909572,-0.5225853
8.090746,-5.073744,1.325644
-6.5915155,-3.7627435,-1.1166773
-8.943758,2.912631,-1.4365861
-9.615051,-0.5582228,1.0373251
6.2783146,4.3426647,-0.36622903
3.5030994,-7.431245,0.05657381
-7.322668,-3.1112194,-1.861681
4.842808,4.283601,-1.4072765
9.124123,-3.6898375,-0.5572944
-9.860836,1.2318945,0.7548213
7.2542114,-6.680051,1.7477424
1.5337286,8.6314945,0.29780394
0.93020916,-0.020724297,1.8015301
8.997932,3.6756535,-0.44674566
9.0559025,0.53881264,1.2188854
4.2135124,0.97698593,-0.31859744
7.901348,9.487469,0.0008428693
4.160244,-4.2071652,-1.3354046
1.6294155,8.744881,0.22064507
-8.790111,-4.144081,-1.1311164
1.8678274,-0.31246662,1.9077878
-7.114463,-6.331899,0.26002073
3.078662,2.5567427,-0.7709057
1.7643394,-9.823011,0.0595814
0.22465706,2.7864246,-0.71481603
-6.837267,-5.028311,-0.21546978
-6.0619726,8.804129,-0.5940881
7.3913765,9.744312,-0.054488897
4.8701906,6.330538,0.011303961
5.272398,-9.384411,-1.8464358
-2.9797688,4.4991484,-0.37274677
-1.7219629,-7.5075426,-0.6490455
-2.5627766,0.6200218,0.26683253
6.876934,-6.077653,1.5384245
-4.3168783,6.3154964,1.9222779
6.298649,-1.1595926,0.41517588
6.8949375,3.2235546,-0.4223402
-9.14556,3.1552134,-1.275511
0.061065674,6.5474205,1.0263202
-1.9045353,6.31007,0.054814458
-5.5282235,-0.35545254,1.6227499
4.317175,-7.116503,-0.25049013
-1.2149506,3.671301,-1.8003068
8.755081,-3.7477279,-0.20110762
-6.25904,-1.358367,0.23497836
4.6463146,0.63449,-0.19244379
-8.537927,8.937412,-1.6586556
-5.0122166,7.491686,1.3098093
0.68212986,-1.4202967,0.7803799
7.9009323,-4.773773,1.0602437
5.267192,9.154966,-1.8138254
-8.210855,5.408659,-0.2956335
1.1076546,-8.653203,0.17783993
-5.8948984,-0.31394958,1.3297247
0.43329716,-7.381072,0.87534404
-8.330732,-2.5594306,-1.7237666
-2.933735,-8.604139,-0.8881184
6.8586655,-8.341264,0.07601157
-9.175362,-6.997203,0.50889856
-9.534226,-2.1272182,-0.4189212
1.8214426,3.567854,0.058234394
1.3708439,-8.975117,0.0794816
-1.8288555,-3.7925482,-1.7623923
8.7321205,1.9882107,0.23318633
-6.0208893,2.6914215,-0.6410739
-6.070802,-0.17407894,1.1956766
-7.474761,-7.7682185,-0.84329545
-1.8612251,-0.5769625,-0.11999774
-2.5520492,3.2279892,-1.5522518
6.1874695,-8.910898,-0.9664137
-0.56149006,-6.4123654,0.4592198
3.1935358,1.8005362,-0.27964398
-4.1555667,0.0201931,1.8487349
8.111923,7.4515953,1.3585323
8.430187,3.0292072,-0.15515536
-8.955689,5.3655005,0.15558702
-2.5699959,-7.576885,-0.2674117
-8.484974,-2.262423,-1.4452333
4.248268,-1.3911514,-0.7155353
-8.736832,-2.4259481,-1.3896224
-4.728118,-1.6766443,0.89422584
9.991724,4.845871,-0.40397245
-9.549192,-6.078031,1.1031233
7.378046,-3.261629,-0.10393983
0.8447914,-3.8034368,-0.041027606
7.9963474,1.5108624,1.0497812
-5.074893,1.5685282,0.93727994
6.568285,-1.3339338,0.515907
1.2065372,5.178581,1.3838761
0.76912403,-7.7896633,0.75978005
6.825321,7.2292595,1.1008387
-9.505272,2.6796303,-0.8147725
-8.054513,7.0044746,-0.22900593
9.657635,-9.550314,-1.2228888
-6.0049653,7.286476,0.8121748
-7.2080765,5.5716057,-0.041224003
-0.4889469,6.4124336,0.5219626
-3.2010245,5.28393,0.6003256
-1.3681183,-4.6907496,-1.0011687
-6.6998553,-2.4646187,-1.1841896
3.6081886,0.27946568,0.5113542
-8.604816,2.4154177,-1.4788393
0.8099289,-9.565546,-0.2658704
5.835395,-1.9425583,-0.79623246
1.92136,-9.4648285,-0.060018778
1.3286982,-6.8315544,1.824213
1.4626408,-3.7510147,0.17417794
-2.9295053,-3.1180906,-1.2102247
-1.9049826,2.2437878,-1.5680056
-4.2169333,7.077898,1.5802419
-6.7552853,-3.2715664,-1.4463228
-5.2945614,-1.7089481,0.6975574
9.885605,3.466198,-1.3924656
-1.6735649,2.4772148,-1.7820245
3.5029602,9.825888,-1.2741821
6.9155407,1.7543039,0.40856695
-0.7811785,0.98141575,-0.14827049
-5.379741,-7.6848125,0.95382655
-6.7753897,3.589508,-1.3739216
-3.6840334,3.2064457,-0.48166984
3.5693645,3.5046396,-1.3496636
-8.421585,-0.3505249,0.09600079
-1.2209682,-1.2840605,-0.6566088
3.8038654,2.0062494,-1.036732
8.158552,-0.626153,1.7642639
3.009305,-2.00027,-0.28449008
1.9776669,-9.020172,-0.00089389086
6.845907,5.118308,0.92835367
4.620878,-5.663657,-0.18166327
3.3831367,2.962451,-1.2231991
-3.1004658,4.1760483,-0.55210924
-8.018989,4.7158794,-0.9829268
-2.1600208,-1.094594,-0.37296456
-1.8136387,-0.26851082,-0.006491363
0.73437214,6.739067,1.5679944
-1.099802,-5.690936,-0.061430335
4.042885,-7.0196247,-0.043264747
6.6455,6.488497,1.3334373
-4.054203,9.582052,-0.19655472
-9.488606,7.5621395,0.35150212
-5.130596,6.182892,1.9087933
-4.7847643,-5.31196,1.5616705
5.6684017,6.027422,0.39068872
-6.450436,-5.166025,0.2717647
-0.94057083,4.479143,-1.0390313
-2.119391,9.075584,-1.7929072
-6.0693226,-2.9888916,-0.7761276
4.5328484,-7.3818374,-0.5291288
-4.165555,-7.103572,1.5361136
-0.5173216,-3.3398294,-1.4749694
-7.030847,0.7408352,0.057979107
-1.0085974,9.155134,-1.8099508
1.4208584,1.8256178,0.7367077
-0.40692806,-5.116091,-0.002964884
-3.736477,-0.99022865,1.1089115
2.9708366,-2.8291488,-0.7816578
-2.5909758,2.472269,-1.3074546
-5.543989,4.0311565,0.043943226
-7.3743258,-5.825695,0.010010064
-2.1182957,3.240056,-1.8489853
-9.446784,4.846154,0.15537095
8.3001995,-0.61551476,1.7185621
-4.777278,-6.894715,1.8166662
-4.144182,6.378418,1.8383361
0.9243908,-9.5255375,-0.19667411
2.5923328,4.910486,0.71886015
-0.9429245,1.5782795,-0.8167626
6.8602295,-2.7510047,-0.37913626
-5.8294964,-3.808752,-0.34729823
3.583808,2.2104502,-1.0248605
-0.022553444,-5.768486,0.84788924
-8.13471,-0.4279728,-0.05104482
-3.8729486,7.456135,1.0553137
2.5448713,-0.6207762,1.3753607
1.9104185,-6.6661367,1.8704464
7.2713547,7.7950916,0.8938761
6.68993,6.229439,1.3941777
-5.454228,8.249748,0.3517117
-4.270295,-3.0832396,-0.0944401
-2.1204138,-9.792575,-1.7858462
-7.1642056,-3.3591232,-1.7478219
-2.6998987,6.787714,0.44793093
-8.183128,2.878436,-1.9118922
3.803421,8.1024,-0.86043125
7.075594,4.6568146,0.6565007
0.79176426,-9.92148,-0.16756493
-7.1588063,-9.894166,-1.6597867
-7.57308,-1.181817,-0.58156174
-3.8929915,-6.787137,1.5583428
2.908534,-6.493485,1.2089229
0.24392033,1.041975,0.7460247
1.8182192,-1.9031754,0.64325404
9.424812,7.829893,0.024051836
4.6444206,-5.5090723,-0.28264964
2.1502256,4.5895348,0.7142298
-2.023219,-4.999133,-0.61655986
4.7304897,-5.130788,-0.5935383
3.6584053,8.80224,-1.306513
-9.001022,1.2148037,-0.06266585
-5.9070897,9.981241,-0.4818367
0.33565712,-8.314239,-0.11478862
3.794423,-3.6163511,-1.4968405
4.8650284,-8.488209,-1.5809283
-5.9527864,7.967985,0.2106636
-9.921143,4.856778,0.62012
-0.520916,0.46578884,0.3957927
-1.1431732,9.446634,-1.9097152
2.9018002,-6.935432,1.0322232
-2.750064,-7.315713,0.13104832
7.6452274,9.239485,-0.0045924187
0.66724205,-2.6153398,-0.24587345
7.3024693,6.495098,1.8293633
-6.9631433,4.7997856,-0.541475
4.0003595,2.7133923,-1.6667519
1.1915607,-6.2801313,1.9289433
-5.001483,-3.3054104,-0.028109252
4.9574776,8.690432,-1.7123847
-9.840194,3.94063,-0.2938266
8.084671,-2.6717272,0.081879795
0.8058815,3.231534,-0.27451664
0.9655266,-2.4841871,0.030768394
4.6244564,-0.7747841,-0.28156435
0.8301239,1.7433367,0.5663295
4.286516,6.9699173,-0.1373564
6.3621407,9.566044,-0.91116524
-7.8045845,9.105331,-1.9481895
6.6156044,-2.113719,-0.19030997
-1.4973879,0.80573463,-0.30472535
-2.325491,-9.619991,-1.7094871
2.0128155,-0.98569965,1.4561698
7.821518,0.5801029,1.8358793
-5.4361525,-6.3952646,1.7430445
-6.739311,8.953201,-1.3313265
6.206072,-4.2188063,-0.55082107
-4.696679,-9.2705965,0.011739075
3.2195005,-4.595158,-0.19479164
-1.4732609,-1.7398214,-1.1634686
2.7525291,-8.321823,-0.0716387
7.631151,6.363619,1.9720428
-5.06799,1.4360619,1.0717647
-4.852636,-5.8791733,1.9096727
4.906207,0.88030815,-0.34436238
0.54752445,-8.642859,-0.18898779
-1.1005821,3.1547737,-1.8913844
-8.783882,-0.33292007,0.34717834
8.472584,-0.78850746,1.5195947
-0.37870884,0.8141823,0.31674212
-1.8418741,-4.5703697,-1.1050252
-4.1048994,6.68235,1.7424694
-1.973382,-7.272476,-0.3707685
4.860343,-0.15064716,-0.00040060282
-0.2298336,8.255333,-0.6184782
8.552086,2.1071205,0.2550823
-0.5773468,-7.1999907,0.06255597
-1.434578,9.931244,-1.8652009
5.644516,-5.9285283,0.3416381
-0.25875568,-4.2511854,-0.70090413
-1.9959297,6.1408386,0.078902066
3.342266,-6.0126295,0.7642932
7.8863106,0.39995956,1.9205542
2.4954948,3.689495,-0.2515437
6.9631805,5.5392227,1.3645802
6.480383,-6.1831284,1.1909205
2.8279781,9.54068,-0.68479204
3.4768858,7.4407654,0.07251096
3.226842,-3.977641,-0.75554615
1.0372677,0.059900284,1.8592243
8.507364,-3.504753,-0.14074671
9.231405,-5.153924,0.6194976
3.559886,8.67149,-1.135645
-0.49938583,7.4339924,-0.07113582
8.96594,2.595234,-0.41151595
-7.7832055,8.995993,-1.9069679
7.3478394,-9.713486,-0.08399135
5.298256,0.7376919,-0.09321016
6.42136,-4.949987,0.3731042
-0.7683563,5.4194536,-0.04534936
-7.4609795,0.7917452,-0.22115898
7.1333885,-7.8582373,0.7471589
-4.372556,0.31320953,1.89416
2.6311255,4.0977764,-0.0880571
5.665451,-3.0765495,-1.577075
-9.345256,-0.9462633,0.5052802
0.66363907,-7.1127977,1.2911494
-3.5522642,8.618572,-0.29301646
7.0975533,-9.680381,-0.24021912
-6.367015,-5.918567,0.8505286
6.071697,-7.889602,-0.24552807
6.2356987,-4.4465456,-0.31019187
5.517149,-5.4404154,-0.02788657
9.600122,3.1548262,-1.1743598
1.5145111,8.644711,0.28755033
-9.063811,0.43483353,0.55376136
7.138649,2.2892742,0.09663552
0.9154682,7.5535393,1.0887908
0.19845009,-9.984647,-0.65017474
-9.525892,0.66529083,0.88767934
-2.2475624,4.503497,-0.98697805
-4.8536777,1.8258305,0.7377569
9.794109,-4.163827,-0.8824527
7.120289,-3.3471498,-0.23624068
7.4598827,-5.23265,1.4204494
6.848366,9.895016,-0.35589236
-6.198739,-4.4183216,-0.20550145
-4.294696,-1.715353,0.7699734
-3.9135027,0.19010544,1.6794895
-4.0088224,-7.5073004,1.102318
7.784321,-6.548251,1.96265
3.3976688,-6.7481494,0.64055103
8.01354,2.0241966,0.54927266
-0.4677887,-6.065694,0.52552813
-8.914271,-7.878704,-0.5133392
-2.9012322,-5.6917963,0.59211445
7.0279465,-3.4487438,-0.27540255
6.0880547,-2.7159061,-1.1046501
3.0957146,-6.245166,1.0451393
-2.9332771,2.8580017,-1.166869
-9.333711,-1.2568436,0.21787915
-5.373267,-7.2269917,1.3761635
5.2138042,4.659501,-0.9297664
-4.0335774,2.3066807,0.107076526
4.783386,1.596178,-1.0228598
2.7304115,9.849152,-0.5116045
-3.8408732,-1.7128801,0.50206107
6.090782,6.3072643,0.8084919
-3.2133255,-5.063169,0.41530177
-0.33222675,-4.89019,-0.14928302
-3.8091302,2.4291286,-0.13769948
-9.485716,-5.219605,0.5466458
1.6123819,4.312706,0.6100091
2.8896923,-9.424374,-0.7507552
-5.034814,-3.6660767,0.08288735
6.134468,9.972042,-1.002121
-8.970555,-0.5063572,0.4357531
-9.639767,5.433097,0.8732531
-6.17649,9.016382,-0.81126595
-3.456049,-2.8577638,-0.6506908
-1.1105814,-2.3309922,-1.5850205
-1.932478,-1.4352655,-0.8001869
4.5638847,-4.98166,-0.72296476
-8.776254,-0.30137062,0.3509196
1.472475,4.7654877,1.0482441
0.17317677,8.630974,-0.5288255
2.641302,6.91794,1.2848976
9.9408,9.848259,-1.4050878
6.154484,-5.0503006,0.20317104
-5.5370464,-6.893618,1.4982085
-8.194525,-9.8600855,-1.8493139
-2.4210095,5.888098,0.26313996
-5.0162697,4.433545,0.67893815
3.4930515,-2.3934245,-1.0772042
0.09166908,8.267782,-0.3105513
8.043236,-7.1975374,1.5924487
3.9280615,-1.6179171,-0.75496674
-1.8387032,-0.26157475,0.0016568303
0.34369946,4.0213203,-0.30038851
2.3948593,8.339706,0.21239549
-1.2408724,-5.6857595,-0.11928058
8.069345,9.974865,0.12441969
-7.819003,9.524839,-1.9943864
4.8740587,2.6604376,-1.8734208
-6.3744392,-6.581441,0.8647232
-8.760815,3.2971468,-1.6041689
-2.052966,2.083869,-1.3768475
4.873049,-3.6258721,-1.8721325
7.0656185,9.627062,-0.27460313
2.5094242,-8.032425,0.41339773
-0.86429024,-3.5522175,-1.6775062
-0.5605936,-3.750999,-1.351677
-4.053813,-2.7755365,-0.14288175
-0.89737415,7.4116364,-0.35363176
-0.69093895,-0.49764538,0.24144793
8.509626,1.3914261,0.9710649
5.852442,-8.91859,-1.2921455
-8.002239,-6.763873,-0.10235286
0.041366577,6.2814636,1.0413533
-6.1506987,-3.0564785,-0.8642806
-1.587409,3.5772648,-1.9064486
-7.947681,-7.70725,-0.84940785
2.5996113,-5.6783304,1.3384191
-7.21078,4.8117914,-0.7009409
9.87221,7.0421066,0.29292735
7.552025,0.6215534,1.7677312
-6.883589,-9.055356,-1.4975116
-9.414639,-6.291403,0.98982793
0.39017677,-3.6383605,-0.49877566
-2.7915168,4.6544228,-0.40090287
2.935667,-8.132262,-0.070229486
-6.769141,-6.4223156,0.5232831
4.0934124,-9.937933,-1.6856726
-8.637494,-7.0541644,0.008789778
-5.2777004,7.2386913,1.4216174
-5.2570176,-3.730762,0.023917198
4.838914,-2.3586679,-1.7008599
-0.2618122,0.30813217,0.6940703
-9.610286,-1.9781694,-0.21175313
-5.7112,-3.4265447,-0.41837293
-4.627769,-0.20251846,1.975985
-9.278296,-5.0134697,0.15059426
1.280469,6.343487,1.9563327
3.5633793,-0.4023533,0.5107509
-1.8347759,4.4731274,-1.2023447
-3.9794483,1.2054615,1.1004722
-0.060645103,7.5346737,0.25330162
-7.942817,4.864399,-0.8446315
-6.089015,-5.0273466,0.5027287
-0.22806263,-2.3502684,-0.9289947
8.883774,2.3076801,-0.15698642
-3.0750837,-3.6077547,-0.9597598
4.9565945,-6.931628,-0.17330462
-3.935504,8.383305,0.2081517
-2.6619778,6.7161865,0.446273
-9.519444,-4.995905,0.3742581
8.284851,2.3085032,0.23601025
9.737276,7.2510757,0.25960168
-0.21003246,-6.0592484,0.7665391
6.3536987,-1.6476593,-0.006332308
8.179417,-8.246609,0.5648948
4.9671755,-9.150137,-1.9302397
5.150193,7.947752,-0.99931777
-9.519906,3.4999523,-0.8414888
-9.396707,-6.4993024,0.94866973
-7.6754036,-0.74211884,-0.2470591
3.1278563,-4.6513834,-0.04723178
-8.649767,-1.8226795,-0.94895214
-7.6334467,-2.1620822,-1.5332096
-4.8470283,3.1676044,-0.0087118745
-9.216853,1.7303362,-0.3652938
0.013474464,-6.7801657,0.8925003
1.4426813,5.0099106,1.2849561
-5.852004,0.7368555,1.1585294
6.547653,-5.2228975,0.7500167
-3.7964487,-5.8091617,1.4987838
-2.8152704,-0.22067547,0.6551883
7.6187515,3.4805498,0.029358804
8.585516,-9.235317,-0.23795557
-1.1472044,-2.3254433,-1.5966499
-7.178781,-7.225894,-0.19298315
-5.0166903,-9.350723,-0.04320264
1.2733927,5.359026,1.5586063
5.861925,-3.4354296,-1.3660505
4.978447,-9.531286,-1.9591482
-4.4158244,-2.8797817,-0.009576738
-9.453667,-5.523107,0.7536668
-8.75147,5.4057426,0.015544355
-3.1815624,-1.5702076,0.04054786
0.12544155,-6.0609684,1.1005241
-4.491756,-4.0875874,0.3908227
-7.907052,-2.2121406,-1.5968652
1.0538769,7.653412,1.0685735
-7.9374075,0.909317,-0.38223726
-7.679242,-7.913727,-1.0444815
-8.129459,-2.589198,-1.8135659
-2.7097344,9.215578,-1.3967565
8.832581,-8.544834,-0.07900888
3.909193,-3.7496495,-1.5151701
-1.1856899,8.710661,-1.6824303
2.058113,-4.0331793,0.2554142
3.982091,7.6170464,-0.510251
0.05826187,-6.5488696,1.023142
-8.065743,7.5695972,-0.6970955
-6.161126,6.607916,1.069493
-6.7935276,-1.8694506,-0.7827102
-0.25392342,-9.276022,-1.2401597
-9.1540165,-3.382392,-1.2386129
-1.8182106,2.5044956,-1.7733749
-3.6567202,-3.3491669,-0.4858879
9.813702,-7.980982,-0.50585175
8.128241,-8.83854,0.12959826
5.8085365,4.761716,-0.4077192
0.5608225,7.2084312,1.1335211
-3.237728,-3.787675,-0.7024612
2.550705,0.38216114,1.4849594
-6.9092965,-6.121517,0.4009621
-4.2650404,5.773882,1.7746816
-2.008854,-6.5712585,0.053215742
-2.3495474,-5.6714544,0.10686386
-9.473022,-4.0716457,-0.5495657
3.9753103,-1.8364048,-1.0029317
8.234821,1.2357922,1.257126
-5.5157337,-9.426992,-0.3056941
2.6956635,-3.6571074,-0.4387427
-1.1597433,-4.3400335,-1.2805111
-0.36472416,-2.0313349,-0.8011222
0.58290005,-0.5692854,1.3927338
8.665825,0.46855927,1.5803821
1.3399048,5.1061335,1.3571118
-6.326771,-5.693071,0.78730536
-3.5971355,0.21818161,1.4162426
4.885273,9.0875225,-1.9287591
3.1205454,1.2827492,0.3051261
0.19435692,-7.428539,0.6058598
-1.3197699,6.844595,-0.12215251
-3.890768,-8.874244,-0.17120999
-3.5492716,4.064337,-0.20715511
-5.2748594,8.279062,0.43354598
1.6386175,1.2532959,1.3098938
2.8084202,5.3638477,0.9333897
7.6574497,7.9350414,0.8997786
-2.2591343,4.5661583,-0.918013
0.71588707,-3.004137,-0.3342809
6.4628944,2.1743536,-0.38883147
4.349907,8.088152,-1.1670556
1.2848768,2.3446665,0.2604943
3.0727863,-7.9475236,-0.024653561
0.5190649,8.701656,-0.25367528
-8.577918,9.691044,-1.7139645
0.3855114,5.803013,1.2629483
-2.185789,5.4363623,-0.15441102
9.024118,5.6184464,1.1771035
9.026278,-6.071514,1.3657179
1.9839058,-3.001524,-0.074329495
8.93803,4.3220673,0.087267846
-5.1501894,2.546896,0.0773679
8.691736,4.2494545,0.22255754
8.609852,-0.1892662,1.7098174
-0.38220978,-9.636956,-1.3505462
-8.025094,4.7399673,-0.9578211
-3.226963,-6.289896,1.0852442
-2.6742735,-8.26372,-0.8488635
0.1651802,9.889324,-0.7295949
-9.066513,4.40827,-0.6501026
1.8532553,4.969818,1.2149682
-4.1589165,-4.3813124,0.525643
-2.5604115,3.6851015,-1.404911
-5.1649227,0.8498812,1.5594145
-2.1113396,6.821125,0.0013368726
-9.287251,1.1697664,0.25327337
-5.3016796,8.937803,-0.052417457
0.9212494,-2.342185,0.099226356
6.552759,9.228104,-0.7144012
9.087479,9.90362,-0.55658937
-7.564555,1.1828022,-0.58007526
4.199211,-7.3319125,-0.37251407
-5.636958,0.0039157867,1.602171
-7.7315702,7.9598866,-1.0982242
-0.4403534,-6.8322477,0.42675507
-5.7364664,-3.5738373,-0.38814056
-8.612463,3.6160479,-1.6154232
-9.345365,2.0319118,-0.5242773
-6.6934834,9.400419,-1.398586
8.217358,1.6471004,0.8584721
5.57708,-0.076473236,0.34820193
-3.9584708,1.3142719,0.9827327
-6.693207,-2.0569143,-0.8658262
-7.692418,-9.206091,-1.96316
-5.9052143,-3.5074544,-0.56478035
-4.114983,-9.065067,-0.10920119
6.0058937,7.316841,0.23792955
3.272564,0.6050501,0.6918764
-3.8537216,1.1644096,1.0487397
6.8843136,-0.6940212,1.3342534
-6.2123322,-5.130948,0.47723812
-8.146879,-7.0548606,-0.24066788
2.1825018,-1.5306244,0.8588309
-5.514009,3.0256224,-0.29773933
2.8447838,-5.4723635,0.9813731
8.472359,-6.186796,1.8101785
-4.729054,6.497032,1.977083
-6.97812,-3.4720411,-1.5862321
3.764001,5.633789,0.2134555
-9.031471,9.573309,-1.3722342
8.921778,9.399065,-0.5176131
-4.722562,-7.7316008,1.1220238
4.8345985,0.7417383,-0.25524634
-7.9517174,-7.8410616,-0.982308
-6.768682,0.4127369,0.4493787
1.1015463,1.3906622,1.0710692
3.5540485,-4.328246,-0.7756251
7.753952,2.968072,0.01001817
8.363359,-3.1349144,-0.12692964
-0.5751152,5.6341095,0.2527113
-1.2856722,0.0953331,0.035832524
1.653018,6.941227,1.7878131
-2.3229098,6.758995,0.15867549
0.34040833,2.2330284,-0.28100663
-9.470483,1.8668756,-0.24608341
-8.209075,-4.5260277,-1.1228985
6.852625,-6.603614,1.4882607
-5.843567,6.7420654,1.3221433
7.874855,6.5991955,1.950265
1.0974369,1.5682011,0.8926371
2.4358482,8.390228,0.1376875
9.088776,5.221472,0.8170922
-5.5619025,6.5323296,1.6294723
-1.578579,-1.918067,-1.3403023
1.7716942,1.429451,1.120763
3.416418,-8.990938,-1.1787373
-9.732142,-9.137069,-0.6563487
3.5541859,4.7547474,-0.35864055
-5.8972597,-6.0279393,1.3440181
1.3135004,7.616192,1.2026367
6.765497,-8.069031,0.25043315
-0.9961519,-8.278242,-1.2510326
-0.31634808,-8.20862,-0.6583493
-0.74715424,6.4177856,0.31140125
8.344826,-6.628356,1.822953
5.6832943,-8.575763,-1.2252753
1.6816921,4.2242107,0.52483964
-6.018152,-2.0170555,-0.16965291
-5.4303694,-9.524564,-0.24188966
7.9655476,7.09223,1.6839731
7.194206,7.2477474,1.3599067
5.7901,8.021372,-0.6399554
-7.7971735,6.277342,0.0015960932
7.7879276,-7.7526784,1.0989493
-0.95591927,-4.402193,-1.1220895
7.367571,-3.9298687,0.17894745
8.685495,-9.725108,-0.2814809
1.0961103,6.9882984,1.6509745
-4.161184,-4.0468082,0.23437792
9.4065075,3.432272,-0.93977994
-5.2112007,-5.085013,1.2422122
6.5341473,8.961155,-0.6461023
-9.588901,7.046196,0.88614535
-3.1451283,6.901726,0.8182612
-8.718547,4.8945065,-0.46785852
-4.485762,8.3706455,0.48044762
4.246191,3.269495,-1.8851154
-7.1652803,1.7088432,-0.90968084
-8.648041,-2.2548208,-1.3328733
7.1503525,8.125994,0.49382913
5.3382053,-9.649097,-1.7854309
-0.10935211,7.1420364,0.54417336
-7.049608,-0.9461708,-0.10876918
-2.6493645,-0.66200733,0.31616917
-3.2378054,-6.574166,1.0540274
6.1759033,-4.3721237,-0.44081348
-3.2708654,1.8863306,-0.1814114
-2.880156,-4.0748873,-0.8536583
-7.088592,3.560049,-1.6348298
-4.709877,1.4087591,1.1613259
5.414487,-8.512564,-1.3754852
6.442856,5.4654493,0.84286773
1.4528732,-4.4029403,0.6885215
-3.7519813,-3.6130323,-0.3177294
9.604908,-3.6803722,-1.037493
1.9737997,3.951167,0.23008066
-3.8599644,-9.860635,-0.24834895
-3.465972,-7.2067537,0.9216978
-1.3995085,4.0243816,-1.6203651
4.7409763,-3.029953,-1.9933662
3.6576757,-1.8974915,-0.81439185
7.249605,-8.984858,-0.08192897
-0.45056915,1.0141277,0.09288275
8.270927,4.7062893,0.9082304
-4.061873,-3.6095738,-0.09670937
-4.6055317,0.7643013,1.7161622
-3.692974,0.28360176,1.4839183
-9.38208,-2.1175203,-0.5625765
-6.5644,8.065826,-0.48778683
-9.048748,2.5751963,-1.2110708
-0.5909767,1.9007215,-0.88114464
0.09427452,-0.31105232,1.046147
-2.5954208,-0.20957565,0.45869952
-6.8338356,5.369856,0.08787227
9.0728855,0.57512474,1.1837994
-3.3134022,2.2628765,-0.46717465
4.7655287,8.115572,-1.2572055
6.964102,7.0705643,1.3352101
-6.5735683,-3.6698985,-1.1499815
-1.2502308,-8.188498,-1.2773694
5.7796726,2.6339111,-1.3563793
9.69359,-6.8299484,0.58862543
-1.261611,-9.945394,-1.8200948
7.246231,6.8669243,1.6553423
-7.8486624,-8.288172,-1.4206617
-6.4973936,9.870335,-1.1149448
8.223351,-9.212622,-0.0450238
-0.9467964,-8.142393,-1.0959775
9.879225,5.7493258,0.42188415
0.7271719,0.77160835,1.3815496
-4.147091,-4.358577,0.49795255
9.497154,3.7957115,-0.8658974
8.744835,-6.4972887,1.605916
0.9280596,-5.511779,1.5173893
-6.0620537,-9.630495,-0.7595809
-0.4329691,-5.1223125,-0.021028548
-4.809169,-8.589167,0.3245961
7.286812,8.568851,0.18790573
0.46323586,-4.347236,0.08975321
2.105215,1.6966715,0.7350218
6.0646496,-4.4946537,-0.43281934
3.3124151,-2.2909975,-0.8295288
-6.242664,7.3051376,0.5622117
8.307243,2.0351753,0.45115593
6.143446,4.828187,-0.023745611
-6.1733627,3.2674503,-0.88248837
7.5610294,-8.150198,0.66549206
2.8370342,6.005556,1.2615799
-1.9684887,8.102222,-1.1676563
-7.1516333,2.9885483,-1.7516388
-1.6592293,7.9659386,-1.1078155
-9.804434,-4.7647467,0.42293462
5.707609,-6.5426884,0.42219943
7.2425346,-8.032009,0.6417296
-2.8789806,-1.5811834,-0.2699908
9.270496,-0.9889555,0.70323306
-3.7029133,-5.6839123,1.3580506
1.7124844,-3.4198818,0.028452218
-6.9689407,-3.2204056,-1.6301537
-0.42278385,9.644297,-1.3863032
4.0422993,-0.7141056,-0.028086662
4.3073454,8.10697,-1.1693833
-0.33532524,0.96328545,0.2417492
-5.0426235,3.5633554,0.03359759
6.989855,5.7626104,1.5168378
6.620659,-9.204233,-0.6446742
1.604805,-4.5074854,0.795949
-4.5987597,-7.599914,1.2448941
2.1202555,9.714661,-0.1054703
0.026740074,3.669712,-0.8370193
9.13603,-4.1912994,-0.21307334
1.4819279,-7.5411606,1.3037978
0.77129364,5.537716,1.431833
0.6835947,2.3212137,-0.050360024
5.3200912,-4.9197016,-0.6151314
-0.123558044,-7.257457,0.43852702
8.571444,-5.218792,1.2385117
5.209899,2.4351463,-1.6394471
-7.5562706,-8.419486,-1.4918522
-0.00011444092,-1.0552311,0.49291226
-8.488069,5.9354124,0.13452107
-7.6780853,5.341302,-0.39630407
1.9429312,1.0792637,1.4035308
2.2471867,1.062459,1.2665628
-0.8751221,2.3365288,-1.4606869
9.504625,3.905527,-0.8018824
-5.372118,7.892744,0.7514056
-4.1908574,2.716301,-0.04386127
-1.6014566,5.4973774,-0.29271305
0.0606308,6.9707336,0.8333979
-0.84702396,-7.7572002,-0.65268254
9.003889,-5.337425,0.9936986
-4.2234635,5.4903994,1.5847017
-5.23075,2.0035076,0.4492986
0.85949993,-5.772321,1.6298386
7.5108223,2.9550114,-0.040947795
2.3735561,-9.090961,-0.2500745
5.3873253,-3.7207913,-1.6176484
1.935853,5.0426254,1.2583703
8.522884,-0.26349163,1.749989
6.006237,-6.7578497,0.6160246
7.1556873,4.9429855,0.99449825
-1.3469009,0.69491005,-0.20692867
-8.278955,-1.4311104,-0.77181745
-4.743643,-9.617101,0.017948747
3.406683,-3.6071692,-1.1555593
7.0154667,1.1044769,1.1181695
-3.907044,-5.4342914,1.3536761
8.274191,1.6829319,0.8011029
1.4372625,-7.1038246,1.6728513
0.039720535,7.716423,0.17683528
0.38984394,7.700239,0.53318155
-1.7667255,5.8900537,-0.057153285
9.361885,-1.1879864,0.43637994
0.43435,-9.96532,-0.43660918
6.1250896,-3.9047694,-0.8800817
-8.440138,-0.810133,-0.14367098
-5.15221,-9.216567,-0.07357454
1.1243668,7.872965,0.88301224
7.984997,2.846488,0.034658074
4.760874,7.5867634,-0.7347754
1.9045944,-8.946863,0.056848884
-9.879915,-5.1344323,0.849211
0.18799591,2.2537422,-0.44419044
-6.6010165,-0.15239716,0.67590284
-8.538719,-5.8158326,0.11817902
1.3674345,7.3118362,1.495368
-6.327053,4.1239014,-0.59895736
9.076391,-0.4768505,1.2298268
-5.435418,9.52997,-0.24466747
3.222681,-9.752545,-1.027763
5.869628,-9.083242,-1.3441108
-7.772372,1.9943619,-1.4076853
5.1177998,9.075235,-1.85847
-1.3389606,5.6532097,-0.1652044
5.1816273,-5.5029726,-0.18114907
9.677347,7.1743164,0.37864023
-4.261655,5.195794,1.3649243
-4.3310394,0.5684576,1.7708955
7.945492,6.3266983,1.9948694
1.1120043,1.9789934,0.4996329
-0.9973278,0.013133049,0.15988958
7.5866833,-2.7688541,0.033154428
-4.8314404,-5.3128157,1.5579163
-0.49376106,-6.303575,0.52585113
6.868759,-1.3145542,0.80612487
3.9081097,-6.8388224,0.15593404
-6.468148,4.2383575,-0.640387
2.599165,2.8238144,-0.43371522
-7.6243677,-9.749994,-1.9213359
-5.430734,-7.3556733,1.2308362
6.4301186,7.1463547,0.7964375
-2.665123,-5.2424536,0.04694414
-5.0935707,-0.10313892,1.9229115
0.7088232,-6.405096,1.6435189
2.4437037,-2.1870613,0.06461042
-6.2161684,4.931917,0.28473592
-6.7436337,2.5417347,-1.2697656
-9.684691,4.908306,0.45166314
2.5838356,-0.58226204,1.3645054
-6.4522943,-7.9786577,-0.29265752
0.76208305,-0.1258564,1.6825204
-2.2365818,5.9285545,0.15134293
-6.5386,2.339077,-0.9475465
-3.1909885,2.0681286,-0.42770687
-7.6869,1.9690056,-1.3738427
-5.293329,8.204876,0.49220952
-0.31171227,5.044695,0.019534826
-8.549151,-1.6355476,-0.832651
-8.770333,-5.4253697,0.045372605
7.4906044,8.137268,0.6551892
0.9409809,-5.2023783,1.2787527
-4.4225383,-6.6849365,1.8786643
-0.3324871,3.1237488,-1.3262358
7.4156513,-6.3857374,1.9002078
-8.342656,-8.628722,-1.5824866
-5.3018355,-8.097687,0.58994853
-7.231405,2.465886,-1.5926437
-0.7270098,-6.2840405,0.33536124
-0.3441286,8.846287,-1.1746651
-7.7930584,-0.40131092,-0.077595055
6.94084,-4.247097,0.16257846
-7.679198,-6.1318836,0.0038115382
9.336357,-2.9895124,-0.90015244
-6.8836904,8.7241,-1.3294646
-1.3704548,-6.383271,0.014996946
1.8698692,-9.25882,-0.030650437
-4.4447746,2.9753475,-0.021808624
9.196419,3.3909283,-0.74269694
-6.894343,-8.472622,-1.1537439
-0.5542841,-4.488728,-0.74813557
-7.3426104,8.667835,-1.5990131
2.7759066,-4.7268066,0.37200728
8.525871,4.195651,0.28860024
9.27586,-4.8002553,0.23612162
1.1871376,-8.8281,0.10009444
-5.0064526,-9.646649,-0.018413365
9.718451,7.6279564,-0.06536387
0.74630356,3.065709,-0.31819278
6.76577,2.843895,-0.49194413
-5.194174,3.4418402,-0.069094
-4.640933,3.8538694,0.24057227
-8.301333,6.6017895,0.048077762
9.20126,7.6721115,0.40253097
1.6588421,7.7113037,1.1383208
-7.1818933,3.2133617,-1.7799488
0.8588886,1.7858963,0.54367185
-4.289051,2.146758,0.36708117
0.49956417,-8.099373,0.23610716
3.31923,4.458683,-0.4276977
-4.962348,2.466095,0.18852669
1.7449942,4.3467436,0.6273138
-6.313816,-2.467579,-0.81194884
1.9269571,8.305948,0.5005069
-9.655363,1.2012777,0.58971375
1.5935144,-2.3703299,0.28271097
9.935192,-0.28265953,0.47177842
9.211126,-3.9914227,-0.4480809
3.647812,-1.469306,-0.38355795
7.3582954,8.487526,0.2876376
9.722578,3.3170462,-1.2780653
2.8336926,-1.1176414,0.74086237
3.3351812,0.3776436,0.7371544
1.3003407,2.2842827,0.30917555
8.853298,-5.7710743,1.4125893
8.590406,-5.4850492,1.4389172
-4.702604,8.817648,0.17866337
-0.41109562,0.05449295,0.5989017
-5.038432,2.9762278,-0.03904122
3.5883036,-4.601884,-0.54228187
-9.689918,-7.3505807,0.74445134
3.538683,1.9837523,-0.7880552
-2.744484,5.4011354,0.24881622
3.6265202,-9.418608,-1.4661252
3.1210623,-9.890219,-0.8730949
-4.9761877,-3.3350825,-0.015932739
5.1881065,6.4668446,0.09421766
4.246501,-8.935282,-1.7759929
-8.500408,7.9891663,-0.9330146
9.97752,9.04352,-1.4532201
8.6075325,-2.2442245,0.1055944
6.2218227,0.6387558,0.7415141
-1.0149994,-0.41300678,0.06643796
3.5428772,9.742598,-1.3405201
-5.4101553,1.1112642,1.2098081
-3.3979917,2.4434757,-0.512455
4.7195864,-3.4216046,-1.9610262
4.45168,-0.12213802,0.026342928
3.9598522,-5.3030787,-0.1730234
-9.537377,0.5027571,0.988619
8.286791,-1.387619,1.0899457
-4.1768684,1.8638153,0.57115924
8.654161,1.9441509,0.33183676
8.2395115,-8.181977,0.60445315
3.7065077,6.6808968,0.38660574
9.9629,5.5005884,0.19656032
5.7422028,7.044197,0.20916015
5.8648577,7.364538,0.06390187
-3.395722,2.5802279,-0.5951266
9.274855,5.4665937,0.83407164
2.6209488,4.929038,0.71239704
5.9083567,5.962345,0.5828577
-2.2610784,-6.0219707,0.1950106
7.2422085,4.7380114,0.8442505
8.871021,-0.8012247,1.2217138
-7.6625133,3.8679829,-1.7293026
8.198042,3.6758919,0.080767155
-6.6088963,-7.4538136,0.06959072
-6.884733,-4.5491195,-0.7284644
-8.356856,-7.119024,-0.20564485
2.889597,-2.6586366,-0.6362889
-7.508273,3.2275085,-1.9371471
-3.7643385,2.3325424,-0.106918275
-5.026858,7.9399548,0.8650936
2.6726532,-7.2198877,1.0443883
-9.817611,3.1293507,-0.6171181
-4.5844135,8.178783,0.67270136
0.0731554,-7.7037287,0.22277841
0.8980217,-7.527268,1.1030279
-4.516244,2.4066591,0.23894984
3.5826378,-4.058697,-1.035006
-6.5975404,2.557355,-1.143336
-8.468897,-4.833273,-0.6962326
-1.4216499,1.2882957,-0.7101403
-5.4064837,-8.476096,0.18587828
6.3033314,7.967472,-0.09310226
-6.835188,-6.385437,0.4703834
-0.8395233,-9.176529,-1.7136691
4.153537,-5.1791,-0.39791274
-8.75739,0.21237946,0.35859567
7.7411995,9.397373,-0.00597769
-4.5437517,2.090808,0.4889242
-2.7211628,-2.0908222,-0.9050555
-6.117138,-7.1974382,0.7756679
-3.7263775,4.5644913,0.40466088
-3.855896,0.7292137,1.4007897
-8.898768,-2.8959346,-1.4720638
3.417076,-2.8042803,-1.2156597
-0.032034874,1.4662256,0.07235083
9.782307,5.8879356,0.5729401
6.746763,-6.0137997,1.4110858
8.699341,-2.4153414,-0.08420646
2.9422665,4.716029,0.20164908
5.254592,-6.849537,-0.012709856
9.363848,-0.24711704,1.0305142
8.210396,8.0989,0.694677
-7.6839886,6.982723,-0.22044617
-2.2422886,-8.023114,-0.95122147
-9.6446495,-4.693469,0.19918546
0.3783083,1.6089096,0.33124486
-3.531897,6.3165455,1.3799136
8.679165,-4.0171623,0.037862837
1.5810528,-9.080564,0.058606565
0.110058784,-0.37168312,1.0415541
-7.2335243,6.272419,0.18632942
-7.847309,-5.1422224,-0.5832584
1.5742388,-9.209128,0.023156464
-4.9688206,0.688673,1.7393912
-4.5925245,8.312422,0.55027497
7.014345,-8.106475,0.41791457
-5.2131867,2.151904,0.32824963
-4.4510484,6.333742,1.9647667
7.678076,0.30102158,1.9396025
3.9069881,-5.359391,-0.09002501
-5.682075,-3.618281,-0.32296085
3.0284834,-6.577402,1.0698978
5.041374,0.7268467,-0.19909722
-8.882007,-4.351412,-0.8696996
1.8680725,0.33751297,1.899719
2.2846994,-2.2010612,0.16645312
-0.38947105,-6.8480515,0.46496108
9.588011,9.683313,-1.1292744
-6.6097593,2.3558502,-1.0276632
5.4211655,4.946185,-0.5274868
-5.3121653,5.9212294,1.7606679
-8.561063,4.0287914,-1.3918476
6.8151855,-2.3662195,-0.20690173
-4.7972226,-3.069048,-0.0009660125
0.47001076,-5.5137944,1.1712304
5.2590237,-8.896007,-1.7177062
-8.346591,-7.6355577,-0.66441053
-8.55989,-3.8083277,-1.5468676
3.4046097,9.419561,-1.2599814
8.719257,-9.542703,-0.3446247
-1.0581589,-6.2985477,0.12842804
7.0422173,-7.779033,0.76309776
3.5140057,-7.0066986,0.3856204
2.8530273,8.177683,-0.033500582
-6.375719,-7.9098883,-0.14827928
9.517185,-7.155489,0.5507883
4.580406,-5.84962,-0.08382928
1.5462351,2.6808796,0.10396272
7.073042,-3.125925,-0.28962493
-8.592273,-6.658558,0.19075137
2.1548386,8.266529,0.4332962
-4.7072864,1.533452,1.0373226
-1.0154762,-7.3002443,-0.32386202
3.27633,-3.7336645,-0.9641162
4.4289684,6.1570263,0.03194797
2.2940645,3.6304846,-0.13320708
-7.7395296,-6.371006,0.0026887655
-6.2583256,-5.0807657,0.3849587
0.17460632,-3.9224396,-0.5365972
-1.7319126,3.8196812,-1.765822
-8.370143,-8.019526,-1.034509
9.851664,9.348118,-1.411101
1.2578316,0.97703075,1.510911
-7.105502,3.9729967,-1.4065634
4.3858604,2.9487514,-1.9286252
4.3449917,7.7842083,-0.86354864
-4.905657,-3.2696676,-0.010427773
5.0144424,-3.7785778,-1.7586203
-6.2034345,-6.522745,1.0511088
3.4648123,8.181145,-0.63897896
9.49905,-0.80823517,0.61657166
6.6013107,-0.15609264,1.3006289
4.9368896,8.811977,-1.7929459
-2.0345125,-2.5212002,-1.7080469
1.877347,-3.35534,-0.02386272
3.4896574,-4.1751933,-0.85280794
2.4424686,5.744891,1.5021319
-2.0259213,1.2121,-0.5471523
1.3952723,-5.342497,1.5738671
-4.050311,6.5710983,1.7475551
-5.652671,3.8986454,-0.13730288
-9.228363,-2.2910318,-0.8547161
-8.153088,2.2967615,-1.619458
-6.277152,-9.063271,-0.92933154
9.558903,-7.105995,0.5464411
2.001151,-3.668611,0.044507325
-9.0462055,4.8160706,-0.26609844
-5.1116896,-2.182572,0.34701127
2.3357944,7.2964897,1.2504432
-2.993063,-9.327792,-1.1432847
-2.8306031,7.2755833,0.24068269
-3.755149,-9.668797,-0.39459622
-2.442398,-3.4352245,-1.6008005
1.1502724,9.171265,-0.055162072
0.59218216,-3.3420944,-0.42179382
6.42482,-4.360621,-0.20339651
6.399433,5.4023666,0.75250614
8.229916,-5.357603,1.5315347
-0.31811142,2.0726528,-0.79382724
-4.4651976,-3.5876074,0.06743008
0.03412342,3.918744,-0.6787972
-6.622143,-6.131661,0.65603805
4.091216,-5.2333155,-0.31551248
-1.2065039,-6.642933,0.001609683
-3.202765,-1.773695,-0.14037518
-8.478118,9.929577,-1.6867399
4.8191643,5.7495384,-0.13334727
5.5817547,-7.9351273,-0.72636783
9.122269,5.105962,0.681407
-3.5427008,9.159706,-0.57463497
3.0131054,9.896379,-0.7627078
0.3769455,0.99604607,0.9117073
-6.3697014,2.6692915,-0.976932
-6.2514877,7.257845,0.59314203
5.1208496,9.622795,-1.8981919
-5.743234,0.34168816,1.4562845
7.2818356,-1.768547,0.6442765
3.4935942,8.116953,-0.6047281
3.4150848,-2.686634,-1.1683748
6.5857544,7.970022,0.18219325
4.8941603,8.462065,-1.5548203
4.312825,2.7866879,-1.8589103
5.1884174,-8.051571,-1.085128
-4.2436686,7.807331,0.93878067
-5.3028145,4.776375,0.89464605
-1.8320141,2.4015913,-1.7045438
5.5516825,2.1653385,-1.2281184
6.998274,4.7056046,0.6488999
7.3641186,5.9039297,1.8113377
-3.1543674,-6.5577497,0.97531784
-1.2688465,-7.917428,-1.0181623
-6.8682003,5.179571,-0.10183966
6.165962,-4.162338,-0.6396857
-6.6312695,-8.783653,-1.142521
-4.1148853,8.3542595,0.34707323
8.257654,-7.7510905,1.0223343
2.430129,-3.4153175,-0.3098277
-4.1863155,-6.2814674,1.864784
-6.733718,8.673933,-1.1665578
-6.8767405,-1.2964363,-0.28838068
8.070257,-5.2274714,1.46931
-9.140043,8.349468,-0.7563626
8.641293,9.306957,-0.28731418
7.999653,5.3013287,1.5448883
0.61962223,7.833029,0.60167897
-0.80154896,-9.004677,-1.6314821
7.77722,-9.037504,0.07111311
4.409767,5.4647026,-0.27122867
9.455112,-2.245276,-0.6548208
8.078123,4.2520533,0.5307364
-6.5575957,9.293179,-1.2623327
6.171194,-2.2847319,-0.76657057
5.043298,-5.3129387,-0.3806514
-7.1001234,9.3697815,-1.7275416
4.802718,-4.7938833,-0.91451895
-5.1941204,-5.73007,1.7370862
-5.9579206,8.025145,0.14923126
0.18655968,-0.41112423,1.1021515
-1.2288141,-4.8772726,-0.7779542
-2.6888156,3.5666103,-1.3484958
-6.558075,-5.053327,0.06293064
5.47038,0.3644762,0.20809191
9.970699,-7.8782034,-0.54342514
-2.2158184,-2.413957,-1.5458356
-6.73774,7.757948,-0.34317613
-0.51564217,1.440527,-0.36319238
-8.688102,-1.35462,-0.4573331
-8.120558,7.5833187,-0.69730824
-3.3312225,5.4159727,0.83544993
6.2830486,5.6118097,0.78283006
-7.6611414,4.745158,-0.9487005
-1.5958328,-3.4217634,-1.9606948
-5.192702,-8.902985,0.019923687
-9.207892,-5.921727,0.720193
-2.2511077,-5.944011,0.16565287
-0.58251,2.7847748,-1.4871348
-1.6814089,8.019407,-1.1585609
7.3113537,9.243984,-0.1273467
4.005623,8.007641,-0.9135211
6.2259483,1.4189281,0.094079345
3.916892,6.886879,0.12331444
1.0491753,0.50187206,1.7436961
5.4275913,4.644554,-0.82274336
-6.3794956,-6.6200485,0.8476346
5.095335,9.632328,-1.9061065
4.763137,4.6229553,-1.0880271
-4.2440677,0.014705658,1.8922192
-0.3432064,-3.9701424,-1.0124536
-7.564765,1.7514277,-1.1381183
-8.750481,-1.1519957,-0.21768352
-0.011047363,-6.472641,0.97105974
1.7905531,-6.195651,1.9721217
-2.1570578,-3.9888883,-1.4950273
3.0895004,2.2955608,-0.6108905
-7.720022,-6.4478993,-0.0045755506
-5.496824,5.511015,1.4241858
6.9019547,-5.507535,1.293999
-9.731721,6.012211,1.2656565
1.5702143,0.3449583,1.9410894
7.6987247,0.01720047,1.987824
7.496874,1.3504868,1.1554434
3.4111843,-0.075416565,0.73081964
-9.109007,4.9425583,-0.08240716
1.2873697,-0.7997217,1.6570091
-3.5165834,-3.530551,-0.55904067
-2.8110971,1.0424919,0.17955786
7.6619244,-5.855322,1.891468
-3.3984241,4.002699,-0.39758143
-7.161708,1.0058994,-0.23446792
-8.027381,5.0444775,-0.65898585
6.313837,-1.7536125,-0.1511526
0.48252583,-0.05649185,1.4624228
9.87665,-4.7617016,-0.38735768
2.0450344,-4.4892216,0.6683214
-9.319187,0.24735928,0.8641677
2.4740772,5.1190453,1.0145772
9.15044,-3.7834716,-0.5300627
6.2022953,7.85886,-0.08568019
3.0008965,-3.376193,-0.8323748
-7.5130405,-2.0557714,-1.4086267
-5.9963455,8.0131035,0.12447132
6.790144,-1.8150911,0.24364856
-6.6865788,5.438652,0.27153865
2.281334,-0.9846363,1.3111775
-1.2812309,5.943948,-0.015359402
3.3508062,1.3005905,0.059239075
0.6543207,-4.712131,0.60836244
-7.6167035,-6.587336,-0.017879784
-3.9860797,5.9362364,1.688045
8.721912,2.457427,-0.12853986
1.1771574,-1.5531197,0.94119525
5.070551,-1.9105387,-1.269787
-5.0450277,-4.150965,0.41279203
7.9164066,-6.926421,1.7982113
-2.1406388,2.2184448,-1.4452987
-3.370638,-8.50279,-0.37718987
2.0285454,-0.13268471,1.8882599
-3.5831332,7.146084,1.0775709
-4.018495,4.562417,0.61935115
-1.4309521,5.402649,-0.35350007
-0.5709038,1.8483772,-0.8144226
-5.687537,-5.5934787,1.332478
3.4181356,5.0976896,0.10280615
-9.691824,7.8035755,0.31426805
6.138632,4.093013,-0.7245779
9.274637,6.965349,0.92578757
1.6178284,-8.074448,0.78020984
-2.3365831,-8.701692,-1.4706043
-9.159008,-2.315936,-0.94072676
4.696025,2.631321,-1.872478
8.193802,6.425041,1.9327699
8.549255,-2.935892,-0.21103978
0.89170074,-4.426733,0.4963542
3.3246155,6.449606,0.8041813
9.582096,-0.30646515,0.79673594
1.4925938,0.67822075,1.775634
-4.827696,-9.54116,0.00012421608
-9.494284,-0.9288645,0.66819364
4.3721094,4.851346,-0.8041511
3.8954344,9.656908,-1.6576233
8.886845,0.93174934,1.108793
-5.091053,6.351925,1.9267976
4.295231,1.3900108,-0.73444176
-3.3085432,-7.8918943,0.12827246
-2.4853506,-0.33698463,0.3336122
5.8348656,-3.4172869,-1.3956884
-9.1667795,-1.3580027,-0.043954387
7.371372,-3.889687,0.1528005
4.650985,7.4755764,-0.62867635
-5.9431934,-8.16333,0.02904135
5.102955,-6.010797,0.038437366
-2.5153232,-3.1050816,-1.58546
0.899971,8.378117,0.28284454
-2.6765847,-2.0463228,-0.90623647
-9.791132,4.0806313,-0.23235035
-1.0356798,4.902771,-0.6709752
4.879196,8.559191,-1.634313
-1.1634684,-2.297647,-1.5827022
-4.924128,1.8680611,0.6847609
0.31685638,-4.880761,0.47915876
1.824873,-0.76011086,1.6926554
-2.7901564,-8.569813,-1.0004914
-7.754841,-8.159418,-1.295799
-5.361432,2.719922,-0.115743935
-1.6303301,-7.664113,-0.80949855
3.601428,5.226549,0.048003167
8.892735,7.3910866,0.9538357
0.18558884,3.5088425,-0.748793
3.5804214,3.8280582,-1.1983705
5.7537117,-9.085512,-1.4480784
-4.3605175,-4.6243668,0.8508208
-3.318169,-7.220309,0.76776886
6.6330585,-9.482193,-0.6555735
7.1598816,4.251234,0.32364705
2.3695889,2.2897396,0.03898257
-7.727824,9.5147915,-1.9880042
5.675864,-2.7551165,-1.4969127
-8.264951,-6.620985,0.026752055
4.9982243,-8.608234,-1.6441708
1.1851425,0.6158066,1.7428606
3.2301474,-5.480423,0.6062835
-9.7474785,1.7740774,0.115244895
-3.5157528,6.6148033,1.3110077
4.2469654,8.550209,-1.5349592
7.6968613,-1.6309357,0.92757887
-2.8629055,-6.5026245,0.70092595
8.917498,-5.4300666,1.1434388
-2.2315884,6.3506527,0.20821857
-6.0314646,2.587862,-0.6014978
-4.330435,0.6331787,1.7340887
0.6222706,-9.715845,-0.37505656
-1.7773333,5.386307,-0.3546949
4.8400393,6.3261604,0.007212937
-5.534219,1.0320168,1.193971
-2.8447056,-1.8019333,-0.52162933
-9.9101305,-4.7453737,0.499499
8.162434,0.08167648,1.949471
-1.881629,0.4967928,-0.072963595
-7.8831205,2.820922,-1.9485997
-0.48254108,-0.42382717,0.44749007
-0.018253326,9.4807625,-1.0166856
2.7772818,6.446024,1.3430766
-1.0976105,2.2576857,-1.524256
6.2906303,-8.877993,-0.8467554
-3.4502373,-4.7747793,0.36611748
-2.993106,3.9129524,-0.8649051
-2.3746977,-6.4626064,0.29004443
1.7852993,2.787938,0.03896898
8.012203,2.4557533,0.21362132
-0.4601345,-6.287037,0.55592394
7.69429,1.9836483,0.5860531
7.855465,-1.2933502,1.2738993
-5.206499,7.4482956,1.2750403
-0.8592024,-2.2061777,-1.3508065
-4.72059,8.726946,0.23372936
4.1597404,8.68832,-1.5919895
-3.5156908,-3.3154416,-0.61949307
3.050499,1.6779613,-0.015992261
0.59744644,-2.7335825,-0.3553791
-6.5646544,8.007725,-0.43090534
-6.7229414,4.79451,-0.34369016
-9.767248,0.027412415,1.3354392
-5.593815,6.047554,1.6084187
2.7935429,-8.029465,0.16648138
0.60925865,-2.5573072,-0.26184678
7.521021,2.0412865,0.49175557
-8.793144,-9.474087,-1.5892487
-0.29221725,8.74041,-1.0628948
-8.966498,0.8215866,0.23865443
0.05853653,8.834398,-0.7722263
3.6433659,-2.9104843,-1.4543941
-8.970433,0.59541607,0.38904157
8.831524,-2.7580366,-0.36827773
-3.1059098,-4.0999374,-0.6105504
8.860361,-3.7055635,-0.31021595
-1.6785107,6.916155,-0.18792993
5.673149,8.984993,-1.4777403
9.090765,2.8776064,-0.6375207
-3.6407351,5.583956,1.2440112
-2.4308672,4.349928,-1.0069602
5.2452946,0.012533188,0.13858688
-8.56131,-7.443428,-0.36098373
5.91928,2.5086222,-1.1622003
-6.2811327,-3.4361863,-0.9548676
9.287634,3.8288364,-0.6362829
-6.5536537,-6.506811,0.707917
-4.115114,-0.67969227,1.6046375
7.461855,-3.9307203,0.2196337
-4.3538675,-9.250921,-0.048508286
8.571512,-9.244942,-0.23044127
6.8801956,9.226208,-0.4181772
9.140114,-0.010879517,1.2807759
-9.692821,-8.620439,-0.4287429
0.11207771,1.6397476,0.042946547
-3.289136,-0.6275892,0.956454
2.3820362,8.238174,0.31378898
-7.5505114,9.42453,-1.9543052
4.10054,-2.570312,-1.6597967
-0.47373772,-6.0005283,0.50410223
-4.7268867,-5.7307444,1.851141
-8.996037,-2.658905,-1.3014772
5.2306824,-5.4893217,-0.16757035
-3.619052,9.013445,-0.45706457
7.378763,-3.822348,0.112095356
1.7801437,5.152113,1.4038565
3.0414028,4.525526,-0.08575505
-1.5166435,2.3380852,-1.6927204
-1.3852396,4.8749886,-0.8209497
-3.3970966,8.467981,-0.3234082
-8.659009,4.254817,-1.1348627
6.2869625,4.4002514,-0.30331644
-6.2974095,-8.390564,-0.5254254
5.828376,-0.8862171,0.19305593
-3.3728256,0.2308979,1.2026392
6.2646904,7.831625,0.0038609337
8.570221,4.2730284,0.32891926
-6.116061,7.7769966,0.24325621
8.257256,7.734852,1.0386294
0.24372482,-4.664565,0.19351336
-7.6393104,1.4186668,-0.8255031
4.082117,9.535316,-1.8017641
5.6623926,3.535223,-1.5052029
8.815117,5.6540947,1.3811526
-9.519203,4.0647354,-0.50903183
9.029623,-3.1391153,-0.6150458
7.581072,2.3879356,0.23379946
9.837616,-6.9095707,0.40894124
5.450062,9.225607,-1.7202667
-4.8611307,0.5721674,1.8296877
7.586117,7.749264,1.0688648
9.13917,-7.0296373,1.0158439
-3.823699,-9.186581,-0.34133548
-1.6346035,1.1973515,-0.63313997
7.825321,-1.2811985,1.2851561
8.049826,-4.0449867,0.36193603
6.6058655,5.2395144,0.8201605
7.6613216,-6.50519,1.9569564
-5.1389837,8.762867,0.12156087
-1.7251501,-9.762127,-1.9317465
-3.9950886,2.050808,0.29179358
5.197381,-5.8469844,0.021684647
2.4921236,2.1694098,0.041266084
-7.7245307,9.875784,-1.8916421
-1.2561169,-1.2002802,-0.58879906
-8.154551,2.3251772,-1.6400058
-9.411168,-3.9353886,-0.71475327
9.11628,-5.1314545,0.7105352
-5.03021,-8.542017,0.3148979
4.463297,5.7720003,-0.09697127
-2.2267857,-0.11105919,0.20139438
-2.024993,3.4629536,-1.8474202
-0.0064582825,-7.690936,0.15586588
7.7992764,-8.325624,0.5441537
-1.3833609,-9.09287,-1.9279077
8.274656,-5.7628465,1.7804644
5.851078,-1.3002481,-0.15152559
6.8600864,-1.5088568,0.6073292
-9.069404,4.397032,-0.6580974
-4.6759534,-4.8050413,1.0918561
-8.1472435,9.74386,-1.9068297
-2.123886,-4.55707,-1.0056009
-2.0712194,-9.403996,-1.8771636
2.0320377,7.5646267,1.1808348
8.959707,-6.42671,1.4382039
4.489051,0.9530277,-0.3959459
-6.958576,-0.96545124,-0.056156516
-6.271434,-2.0859528,-0.48091978
7.551056,0.0064792633,1.9544468
0.9954405,-9.833626,-0.07858074
2.8250484,8.992352,-0.5966673
-5.230353,-6.491784,1.847151
-1.219492,6.097044,0.04380101
2.8470497,-5.9131947,1.2226332
-6.562253,-2.4624515,-1.0535719
6.526615,-0.23649788,1.2131972
4.9834404,-3.9414492,-1.6602995
-5.8317223,-4.3322935,0.065273315
-4.100809,-8.417313,0.28473645
-2.3510098,-6.8683553,0.12285489
1.556262,-0.46919632,1.8918264
-3.6681995,-2.9232368,-0.47365212
9.566212,-1.4043579,0.024708346
-9.632092,2.5510006,-0.62477845
-5.6519947,-1.2820053,0.87489986
-6.069785,-9.466386,-0.78735036
2.703804,-3.677806,-0.4357117
1.4190693,3.0608082,-0.008227229
-2.8495607,3.5990057,-1.1850967
8.53458,4.8390856,0.9035541
-8.632531,0.5537691,0.13861549
3.5245018,6.8367863,0.47701633
-5.502516,-6.84311,1.5510502
-2.2770858,-8.391993,-1.2732043
-9.630004,-2.6662564,-0.6853505
-7.4650707,0.06743908,0.072404265
-8.484492,7.2607136,-0.24865294
4.3627396,-5.7668962,-0.06983578
-3.755065,-7.003561,1.327268
5.2310076,-0.27053738,0.095122635
-5.419489,2.5429974,-0.06587893
-2.4776459,-9.120771,-1.5703748
1.2104702,-4.0310645,0.30595952
8.379246,-7.8554797,0.8636934
-2.695136,2.3369198,-1.1251191
5.7972183,0.9328518,0.12848192
2.7587185,-8.892439,-0.48803416
6.0820255,-6.6588697,0.73045087
6.3170834,0.4624157,0.928869
4.05816,-2.6499057,-1.6750549
-3.015473,-7.7346635,-0.0067504495
-2.8066645,-3.0302668,-1.322511
3.893013,-9.183823,-1.6537879
5.450425,-1.141859,-0.32388675
-0.5337343,-1.1656084,-0.114560336
5.0127544,0.5241833,-0.08949542
-6.0161915,0.8493595,0.92429715
5.6365814,-1.7418766,-0.7727263
-1.227149,7.980406,-1.0676198
-6.8817186,-3.5803404,-1.4687157
-4.858841,4.519127,0.7972338
-7.636982,3.7754993,-1.7822676
2.0171738,-1.2257185,1.2402868
-5.9306073,-7.328395,0.847039
-2.863635,-8.426071,-0.8157823
-0.6265497,2.7680683,-1.5174005
-6.1016073,3.057355,-0.8158723
0.2567768,6.0650654,1.2302704
-1.2691259,-4.4264517,-1.2368984
3.1674204,8.07383,-0.24390616
7.2240753,9.998743,-0.03167194
-6.0366917,-1.5905266,0.22427613
5.4674625,-3.8969126,-1.4562733
-0.21186829,-3.1410909,-1.2102866
-5.715549,-8.693956,-0.20698571
-4.5351386,5.764881,1.8529928
2.5453796,1.0898314,1.0241477
2.0821342,4.607091,0.766987
-0.32300186,6.4250298,0.67254233
-4.9784555,-4.24675,0.5158187
5.0429573,0.093117714,0.049809635
1.4837084,8.083942,0.76827085
-9.72131,-7.7090454,0.43663436
-1.7672672,8.792059,-1.7871842
-2.7131248,5.2000437,0.05307758
-4.2670956,-3.1406164,-0.097515225
-5.5469775,-8.165108,0.36535177
-8.112623,5.341258,-0.3785078
9.849039,4.7710686,-0.3530016
-9.134146,-4.528632,-0.46928242
9.295773,4.760846,0.17708607
-7.861038,2.9679146,-1.984931
-2.426175,9.8435955,-1.5695031
-4.0966663,5.115217,1.2083781
-5.3524995,1.5439091,0.82891375
3.555355,-9.898201,-1.2920699
5.795947,8.138525,-0.7489065
-6.5690174,8.585968,-0.9503044
-4.6574965,-2.7718773,0.06606352
5.10427,-0.78201675,-0.21469855
-1.2087612,-0.38959503,-0.010115027
2.4354897,-0.6106291,1.468161
5.228528,5.4361115,-0.20755243
-3.6963167,1.3516655,0.7440901
-5.54974,-8.696971,-0.0772019
3.6809692,3.2174034,-1.5107288
-3.661951,-6.1425505,1.4873183
-6.6564155,2.8551426,-1.323878
-5.044156,4.3528347,0.59361124
-4.649651,-4.775021,1.0606238
9.957184,6.774231,0.3742326
1.923233,0.25537395,1.9061034
4.3067265,-5.0295744,-0.60694754
1.3432484,8.56897,0.31861407
-6.7414618,6.38995,0.551903
7.216379,7.3125324,1.3189037
-1.5544882,-6.8853464,-0.1757536
-2.5893092,-7.62123,-0.29397684
8.149569,-8.792325,0.15005141
-5.094106,6.4653454,1.911481
2.0305834,5.8321915,1.7961614
-8.506836,-6.09581,0.18814337
5.1242294,3.920269,-1.6282294
3.9721117,2.0099754,-1.1634781
-8.222962,-4.256685,-1.3727902
5.5813704,0.34321022,0.29607445
1.1004925,-6.03297,1.8602898
-5.1636496,-2.927823,-0.077340126
8.526335,3.954053,0.09464383
4.294734,1.4121437,-0.75605476
3.514162,-7.4417963,0.036602825
-3.7142563,2.5165424,-0.2690611
-5.483204,-1.9954987,0.30529356
-5.3807473,-7.346143,1.2711301
3.7570343,-9.245726,-1.5613321
2.693863,0.43124676,1.3413655
-5.9849777,-7.3597217,0.7681877
9.09952,-6.112821,1.3050766
5.826174,2.4096527,-1.1851476
-3.818077,0.61661816,1.4418943
5.173793,-4.527366,-1.0793973
-4.238983,1.5502653,0.91055024
3.138277,5.0377045,0.32292333
8.323328,-3.861452,0.13996571
-8.84532,-3.566382,-1.4586962
-4.9720707,1.7657957,0.7727058
-0.56515694,2.4460945,-1.303283
1.4912558,3.4563055,0.045953035
-8.223739,6.810034,-0.06801921
-6.5790167,-0.6684389,0.49325487
-0.9577856,3.3220282,-1.8016852
-1.4417791,-5.754365,-0.12828594
2.1569452,-1.2751942,1.1243931
1.2706795,7.4076843,1.3869305
2.0514202,-9.687434,-0.078997076
0.66293526,-6.5780687,1.5722691
1.1493721,-8.644265,0.20195448
-0.57718754,8.320438,-0.99539363
3.5912266,-1.1289968,-0.0070690215
6.8249645,9.158726,-0.44915515
-4.9905024,-5.3898277,1.5883745
-5.1805124,-2.7192793,-0.019726634
4.3891516,6.436432,0.040068626
-7.2313366,-9.959785,-1.6726036
6.498581,-9.745728,-0.7352024
4.619787,-6.69667,-0.079989314
1.4463196,0.17014503,1.977823
-4.341408,-9.199804,-0.042827904
0.29985523,1.8515406,0.018311083
-7.906537,8.457161,-1.5658829
-8.996817,-2.0269203,-0.85548854
9.417036,-1.7607117,-0.18103394
-8.969263,-8.800573,-1.251353
-8.29754,-2.1138535,-1.4199861
-3.8844728,0.82708836,1.3534336
0.561573,2.0470638,0.07405308
2.2903404,-3.2930336,-0.23644847
-4.927825,-6.110998,1.9620957
-0.9703884,-5.2390585,-0.3224482
-2.2330976,6.895195,0.02991587
8.367254,-5.440136,1.5363312
8.679541,0.77744484,1.3908544
4.1100903,-1.7576885,-1.0098416
-0.06164074,-4.020997,-0.6992118
7.4993343,-0.43195152,1.8459196
-8.073844,7.5587673,-0.68498254
4.178172,7.5716534,-0.5820751
-5.812578,-2.0888033,-0.04172206
7.7986164,-2.0113635,0.57201517
-8.839878,-5.6016088,0.22446448
3.7155266,-4.651251,-0.6040399
-8.221835,-1.7082157,-1.0700887
5.836482,7.420294,-0.01177457
1.8284969,1.4246168,1.112638
8.580387,-8.558811,0.09966266
-7.542174,-2.570517,-1.7931006
6.4360905,-8.638908,-0.55446327
-6.673634,9.241274,-1.3638138
-5.3978515,0.9258318,1.3752965
3.803568,-2.5381289,-1.438051
-1.6832333,4.009857,-1.6398377
-7.8953314,-9.374559,-1.9978845
-8.5091305,-3.3013487,-1.7802234
-2.5962505,0.93807983,0.07262695
2.7687798,7.215826,0.9599516
8.783546,8.156725,0.30004293
7.3545666,-0.33427715,1.8225106
0.16388702,-9.99619,-0.67798376
-6.133939,1.8473244,-0.12432419
-8.91554,-5.6394205,0.3123295
8.934015,9.019424,-0.44766438
-5.575447,-2.6926174,-0.25077552
-1.7587242,-2.7214851,-1.8954386
-8.069149,-1.4852057,-0.89145446
-6.91211,9.268719,-1.5761229
1.9403543,4.3852186,0.61112225
-2.47221,-6.8961716,0.19743156
1.1451387,1.7523966,0.73016363
-0.07647705,3.1796608,-1.075678
0.50948524,-2.5973725,-0.3678034
-1.9814453,3.319725,-1.9010383
-0.38670063,-8.976217,-1.278207
4.3466797,-5.154933,-0.5056306
7.305187,6.3883705,1.8476272
8.452295,9.290152,-0.16466492
-8.158678,3.176509,-1.9533286
-8.4530945,-5.665408,-0.010668218
-1.4945402,3.6443987,-1.8733277
-0.76286507,-5.7597313,0.17510241
5.519376,-8.012652,-0.8496835
9.4135895,-6.5983543,0.96193224
2.567976,-0.9477854,1.1261566
-7.1025887,2.123518,-1.2557442
-1.1318979,0.7445669,-0.1698389
6.4672813,9.611074,-0.79963905
3.689539,-0.70953846,0.23772734
-7.0721364,9.199211,-1.6842821
0.5836792,-7.431842,0.9608111
-9.655653,-5.1480856,0.65087146
-4.0295925,1.3710585,0.9742237
6.994034,5.960121,1.6007441
-4.3378377,2.9682074,-0.05433452
6.1056175,9.806463,-1.1046743
-8.156743,-5.330572,-0.37496132
8.841043,9.358553,-0.44666404
4.770055,3.192789,-1.9970276
6.4800987,2.6403713,-0.681353
2.7309303,-0.25637817,1.3665314
0.70846653,-7.197728,1.2608229
-4.9248543,5.3495893,1.5724616
-5.5179286,2.1689606,0.12959576
-6.867194,6.89336,0.26817507
8.264452,7.359108,1.3918537
-3.4707966,-8.493185,-0.2732665
0.24362373,9.263529,-0.7458066
-9.401069,-2.3027253,-0.69201285
2.683879,-6.699507,1.3564808
-3.4088635,8.727991,-0.502808
-7.9982843,-1.5815067,-1.0003166
1.2376299,1.6477251,0.86815864
-9.212143,1.5009785,-0.14127514
-0.98525524,-5.379037,-0.21505809
-8.166428,6.341425,0.04671997
6.3220367,3.7918844,-0.75706553
-7.941642,8.054857,-1.1956878
1.633254,-2.779286,0.06296843
4.951459,-7.337563,-0.47778967
-7.990136,1.958684,-1.3689791
6.4736404,-2.686894,-0.70908755
8.1441345,0.0051631927,1.9581869
-6.1299696,-8.133211,-0.1229981
0.83736897,8.96846,-0.15479672
3.0324316,-5.2592754,0.6289747
8.282049,-0.9034672,1.5286599
7.8126945,0.25374222,1.9671276
-8.388119,-4.3442907,-1.22055
-8.150671,5.941389,-0.014155507
-8.842182,-8.148184,-0.8401698
-4.4474087,-1.3451443,1.1888396
-2.0185733,-6.4759874,0.08005935
-3.5880303,5.929928,1.3700058
6.589226,-7.2800064,0.84426
-6.8917236,7.9172344,-0.6348794
-7.981263,-8.649069,-1.7058353
-7.817166,-9.994425,-1.8414139
-5.9025717,0.24387836,1.341899
9.794647,-9.844629,-1.2746431
1.2628136,9.315149,-0.04104978
-1.7508659,9.341021,-1.9803257
-2.9388037,-4.566578,-0.34669688
-7.6592407,7.474781,-0.61091983
-3.3928118,-3.84591,-0.51346874
5.268244,2.4463043,-1.6173186
6.75852,-7.009083,1.2055402
7.212799,-0.6769905,1.5808506
0.71193886,-3.053298,-0.34280163
-5.451994,2.2434406,0.11567837
-5.9036684,3.2147303,-0.6268548
9.718536,-9.333924,-1.2854273
-9.025998,0.67570114,0.3919744
2.367445,7.7435856,0.80927885
-0.9441652,8.056129,-1.0107815
9.284691,4.5276203,-0.04408978
5.8575926,0.23155594,0.56044984
-2.5263834,6.860882,0.26059335
-8.297596,5.3066435,-0.34331506
1.3136005,-6.5778103,1.9240181
-6.994401,-0.5704365,0.18891013
-1.0546684,-9.263974,-1.8568356
2.5038042,0.70409966,1.3576148
4.88328,0.75940037,-0.26018465
-2.7045727,-6.5835896,0.5319755
-6.7503357,2.3882017,-1.1797171
-8.516692,6.9154015,0.018392444
-9.471975,-8.508878,-0.56189704
1.2543287,-8.90793,0.08095944
-6.0863924,-4.8866835,0.3689385
0.36266327,1.2957869,0.62632155
-4.7375383,-9.705686,0.038879573
-6.767291,-1.9901581,-0.87259465
6.7429276,7.6781673,0.6186271
5.6591787,-8.253479,-0.9732467
7.0214024,-2.6711583,-0.21840131
9.59256,-2.1139288,-0.68381596
-7.2353888,6.0437775,0.15678334
-5.3231487,-3.7185502,-0.018913567
-7.5284457,7.591404,-0.68790877
6.7147713,-5.011984,0.71344507
5.892068,3.7100935,-1.2239307
8.106392,-1.8482742,0.69438237
-6.9971538,8.704998,-1.406789
-5.3629055,-4.9031568,0.9853839
9.748772,-3.7572002,-1.1347778
-7.940769,9.019205,-1.9151129
-6.6600633,-7.9219112,-0.43589672
3.681507,2.8272781,-1.4650712
-8.741537,4.970607,-0.3759519
-2.827351,-0.8684921,0.33688307
4.2490664,8.791925,-1.7009162
8.192345,-9.300873,-0.049034297
-1.1346989,-1.45226,-0.7881481
-8.849406,-5.2621355,-0.021675587
5.6608953,3.9400349,-1.2807207
9.969381,9.777626,-1.4564712
-7.4237823,-9.788742,-1.8433757
-0.44179153,-4.457612,-0.6795893
-7.2337675,-7.4053955,-0.38006204
-5.1061926,-5.6089735,1.7046555
3.365264,3.0231657,-1.2148067
4.6718683,0.14741707,-0.010025382
4.1351223,-7.8323555,-0.816333
-9.418842,-6.1321697,0.9826832
-2.4242663,-6.549418,0.3073967
4.2619324,0.7586937,-0.1745131
-0.928216,-8.235494,-1.1728764
-3.0915236,-7.819085,-0.015158661
-5.16553,-8.011959,0.7417552
9.481775,8.065968,-0.26736826
-8.0045805,7.3039055,-0.46592927
-7.877178,-4.731635,-0.98048604
7.2871437,2.3472738,0.14283228
-6.0740433,-1.3966217,0.380916
6.0428085,-4.0190005,-0.87721545
-5.5124197,4.662813,0.6471292
-1.3527765,-6.7263308,-0.07292026
-4.83166,-0.032998085,1.9923513
8.262154,7.473261,1.2894377
6.932644,-8.683705,-0.13298959
0.4805107,8.244774,0.08131108
0.23977661,6.605604,1.1859573
-3.7739396,4.4223385,0.30503893
-5.3452086,-1.3066673,1.0674317
-3.782494,-3.889792,-0.13499689
3.274519,-5.490179,0.5691714
-1.7986736,-7.2503557,-0.4065168
6.787779,-9.747916,-0.46479186
1.4397926,-1.4344549,1.1273507
0.110388756,1.9881582,-0.2951855
-6.2142897,-9.679802,-0.8988161
4.0341234,9.843657,-1.6922078
-9.2500725,-7.145152,0.4771276
2.3364124,0.7894192,1.4252133
3.5880651,-3.389248,-1.4012764
1.809701,9.100912,0.023585558
7.037733,-4.353161,0.3334075
2.4000654,2.6122398,-0.18771917
-2.761797,3.1872787,-1.3696873
-6.9975495,4.5856276,-0.78155947
-9.281045,-7.010565,0.6036808
5.0468245,-5.5381765,-0.20951378
5.4433765,0.111432076,0.24928236
-7.6277733,-9.863434,-1.8798472
2.677267,-3.9024315,-0.276438
-3.677207,-8.39069,-0.0009403825
8.4225445,4.420229,0.55465424
-3.4468374,1.0362158,0.81000686
8.277464,-9.344759,-0.08513671
7.073145,9.779512,-0.22741395
5.5309305,4.099436,-1.2585723
6.8340473,-5.7312527,1.3749347
3.118802,-1.0068245,0.55733573
3.3898182,6.7815533,0.6326796
-8.50153,-5.943059,0.14514726
-2.282978,2.5009546,-1.5586524
-1.1335793,3.2520027,-1.8998444
4.85207,-6.428746,-0.0008357763
-3.8750305,-5.2553215,1.1860765
4.582033,-1.7733517,-1.1926888
6.789751,-7.822489,0.5166648
4.311781,8.605635,-1.6036713
5.1469336,2.8553782,-1.8663814
-1.3328667,-3.183178,-1.9709635
4.790264,-0.117568016,-0.0038724542
-3.4292626,0.10929012,1.2777525
8.66255,3.3118925,-0.29499936
-0.25664234,7.103136,0.42842293
-0.58331966,-8.403688,-1.073235
-8.804127,-3.557129,-1.4964651
9.248823,3.6056376,-0.71920115
-1.3991241,-5.5852423,-0.21913481
7.4480896,-0.49265003,1.7998332
-6.5420523,-2.925662,-1.2327628
-8.366255,5.729842,-0.020860195
-1.6006327,-5.361922,-0.39474052
-7.9960012,9.0112915,-1.9056578
1.9215765,4.7545376,0.98124105
0.13469505,-7.169791,0.766334
-3.6671267,-1.9881334,0.09634745
6.2613277,-0.93805695,0.5695002
6.478613,-9.788432,-0.74041736
-8.829504,-8.570422,-1.2174401
-8.011207,8.274099,-1.3955336
5.850231,7.1850376,0.20060375
-6.073598,-6.8101063,1.0724158
1.9296436,-0.09842682,1.9314623
-2.66325,2.6869316,-1.3587185
1.7882242,6.101822,1.9600542
-5.518321,8.857777,-0.15107632
0.03195572,6.2735214,1.0319036
-3.5401058,8.293327,-0.037298948
-4.5048237,-6.4834356,1.9585524
-4.9164114,-2.2792616,0.32859045
2.2336502,4.784918,0.86070454
6.4707336,-7.697543,0.34225196
-0.24643517,-9.684056,-1.2105236
-0.09766483,5.636407,0.7005197
8.250685,7.291443,1.4556754
8.0610485,3.9964638,0.32232243
-1.4516964,6.351557,0.0047475696
-8.188492,4.6787796,-0.9781743
2.3466835,1.3538952,0.9290044
2.9857864,-2.2513986,-0.47408462
-7.9129553,1.3788328,-0.80747485
-8.970743,-3.487866,-1.3792392
1.0489264,8.118977,0.6049841
9.764921,8.446575,-0.89213634
-8.944496,-3.0634356,-1.4589764
-4.899769,4.413229,0.6877781
-3.4486494,-2.7150574,-0.60815024
-8.833137,8.001331,-0.70454127
-6.1572623,-8.995866,-0.78382826
7.849266,1.4228611,1.1473851
7.6483517,-0.7692156,1.6973891
-7.3569145,6.82782,-0.02366817
0.21437454,1.059742,0.7018335
-8.144485,1.8972988,-1.278832
4.1534233,-9.791875,-1.7811773
-6.830126,-5.501497,0.18964851
-5.096159,9.334393,-0.06865835
-4.6351075,-0.89621925,1.6215824
1.474019,4.2746716,0.57144755
6.6823044,-8.175702,0.0724076
-4.185319,5.1487083,1.2868911
1.8444786,-4.350644,0.6088755
7.9622116,-1.0261192,1.5122907
-0.6059303,9.422789,-1.569525
1.0325708,7.0838623,1.5548406
0.7425461,-8.768223,-0.11593372
-0.12774563,-4.4859324,-0.35192448
6.0037003,5.900505,0.6518064
5.410927,-1.8375864,-1.0294198
-5.355656,7.896183,0.7579515
9.54862,4.1086063,-0.6912863
5.7540503,-1.1092091,-0.05941704
-1.5647011,-6.2347198,-0.0011556149
8.706358,0.5739193,1.4979756
0.5378208,7.8876038,0.47864988
6.319147,7.6848335,0.20429674
-8.490932,-4.3155956,-1.1903758
8.97624,-2.7637062,-0.49579808
9.426905,3.2251244,-0.99863994
-7.4721203,-8.499701,-1.5297453
-8.950467,1.3360739,-0.22415242
-2.9104471,2.5545788,-1.061691
-6.1481276,9.814226,-0.79047114
2.671815,-1.2381735,0.77921134
4.4513273,9.729174,-1.9201448
-1.2741613,9.726038,-1.911289
7.017153,-5.145689,1.089689
0.37893677,1.554656,0.3860725
-2.939117,5.731699,0.6506516
-8.535708,-1.1612988,-0.37833723
3.1782131,-5.477357,0.6559016
-9.422056,2.1322994,-0.53518087
-0.034196854,4.4068384,-0.33500847
1.4616661,-8.102532,0.7480517
-5.600482,-8.058256,0.42803594
3.004202,-7.5458136,0.44027245
1.9439077,-7.6630316,1.1209894
6.6922245,8.755867,-0.38676953
6.2544746,-4.4478893,-0.2901331
-8.092761,-1.1876116,-0.59775126
-7.41982,-2.6612082,-1.7940402
-3.6702347,-5.140108,0.91915774
-7.1939955,8.460806,-1.3602624
3.135378,-3.5706463,-0.90314513
-6.5518975,6.072586,0.7124157
-7.6347485,-4.621133,-1.067194
2.9126186,9.808535,-0.70028627
6.035183,2.5273561,-1.0626817
-2.9072237,-1.7650127,-0.425227
-9.964565,0.07041931,1.5114751
1.4133148,4.143038,0.44853973
5.1246395,-5.370702,-0.30443835
7.811716,-2.9657865,0.014521062
0.9488201,-7.420498,1.2327635
6.9422894,-6.7067313,1.5240462
-8.941379,4.8100243,-0.36731148
9.566782,-0.83723927,0.5279888
-6.4573584,-4.991553,0.102258205
-6.825742,0.46487045,0.37755263
7.176735,5.705887,1.6172411
-2.2221193,9.184004,-1.7664361
6.1713486,-5.854021,0.7977101
-7.004242,4.0814734,-1.250063
7.5657406,0.95567703,1.5358013
9.483952,-5.0751314,0.29570046
3.027956,2.2163792,-0.48827183
8.06694,1.1235819,1.4098655
-7.141262,5.9098167,0.17451757
-2.208129,8.182674,-1.1264919
3.043787,4.6968555,0.08211698
5.650901,1.8920155,-0.90671265
-5.3395853,-7.513089,1.1440045
6.363346,-8.372478,-0.41549933
-3.2912054,4.6850815,0.12175112
-5.3375506,-6.13497,1.7999047
1.9561291,0.13825989,1.9171307
-7.9650774,7.6982517,-0.838734
-9.177985,5.019436,0.057949826
3.3250418,-1.2703838,0.11349237
3.4061203,1.575964,-0.26662102
3.8454895,0.34400082,0.29421967
-1.3113861,0.86316013,-0.3165021
-7.313354,8.720295,-1.6193323
-8.03337,-6.117944,0.0024256706
9.568987,8.704985,-0.8956516
-8.669301,0.47998524,0.20136583
3.0139303,9.484135,-0.87092304
8.121805,-4.263582,0.5304584
7.6397552,6.1473827,1.9679341
-6.3050423,-5.4977465,0.6852228
-3.2243862,-8.193338,-0.25018162
-7.995328,7.2689133,-0.43777084
6.27269,3.4566822,-0.96126395
-9.384393,9.8304825,-0.9591988
-9.20587,4.0529995,-0.8297985
-6.676012,-4.2187476,-0.856637
8.156986,-5.9473395,1.8985763
6.4818726,8.185095,-0.12771337
6.7004547,-1.9824238,0.0051642954
7.6728725,-5.941366,1.925791
-4.66381,-7.3859215,1.4499762
-5.576873,-6.694065,1.5658027
-6.1433506,-4.200573,-0.3503819
3.2995834,-8.039993,-0.34227514
3.8898582,9.624617,-1.6604673
2.0750608,1.155405,1.279078
-7.693193,3.2991753,-1.9747108
0.88832664,-4.919628,0.98177636
-5.3064084,0.28185368,1.7892393
-1.9664707,6.8163433,-0.06153053
-1.5480909,-3.3890867,-1.9692717
0.49707603,8.07369,0.2589121
-8.768191,-3.1089664,-1.6098845
8.535988,-3.7386856,-0.05066389
-4.2552147,-7.360494,1.3710036
3.1245213,-9.910827,-0.86711496
6.8864403,4.359949,0.22213721
4.0296974,-6.4512863,0.2100268
7.0031967,-5.4825473,1.3556421
5.6468306,-4.0906677,-1.1767029
7.3224144,-7.6481543,1.0663909
2.1105824,-7.686764,1.0242584
6.3869877,-6.528747,1.073617
-4.3467417,9.74935,-0.013894916
-5.388446,0.5809488,1.6159883
4.775053,-3.7684956,-1.8078854
2.623849,-0.8336849,1.1670728
-0.3749981,8.359486,-0.8505192
-8.435088,-5.8167515,0.057321966
3.2676392,4.0387526,-0.74954516
6.4775314,-1.8631182,-0.09505135
-1.1545458,-8.496292,-1.5136585
2.2974072,6.6140213,1.6932013
4.451805,4.6196594,-1.0588365
-9.87579,7.3496475,0.9191009
-1.6452847,4.5782413,-1.1309726
-3.70965,1.6294136,0.4794118
-5.111184,3.0745049,-0.07622093
6.1120834,-7.465577,0.208444
9.914875,9.636684,-1.4483433
1.5956001,-6.4415646,1.9871767
6.223839,7.0550575,0.6572944
-7.4188194,-6.3316975,0.09202182
1.7617369,-7.226782,1.568706
-1.2933197,4.1211843,-1.5191114
-6.1676,6.553705,1.0789601
2.0504274,-2.7236948,-0.026778936
3.1832552,2.8007803,-0.9841339
-0.48299885,-8.7163105,-1.2237971
4.246436,-1.122922,-0.46034333
4.8010902,8.823029,-1.8204151
9.070419,9.343918,-0.6497437
0.5796852,-3.184248,-0.45132977
0.35628223,3.694831,-0.5020351
-0.14313126,9.222738,-1.1223024
1.3800325,3.7086,0.13834757
-6.4841833,1.8331356,-0.45898783
-1.2308922,-8.058033,-1.145425
-8.456325,2.8748465,-1.7886441
-7.0142913,2.6697683,-1.558434
-8.517878,-5.6330194,0.008385837
7.4159946,4.9933186,1.1828561
-5.7469997,-6.5231466,1.4822078
-0.8070164,9.573442,-1.7111964
1.069088,-0.5032244,1.7527945
8.832167,6.8083153,1.4237878
4.5383987,-2.625784,-1.8547959
-7.1213317,-5.079713,-0.3842855
9.780756,7.274849,0.198791
-9.471866,6.0714054,1.0247287
1.3001776,9.818993,0.040307224
9.137053,2.939621,-0.69590104
8.67252,-4.1981554,0.19142166
-2.3177423,-5.872365,0.18302637
-6.6736164,-9.542137,-1.3737085
4.3910074,0.6337147,-0.14296645
7.708624,9.573172,0.00044429302
-5.3309975,-3.3147812,-0.17035413
-1.5824137,-1.9300652,-1.3515223
-6.0815215,7.0436363,0.9248249
3.8188734,8.895451,-1.4898231
2.128501,2.7165947,-0.06256741
4.956936,0.7942343,-0.26941597
-3.4309807,9.778973,-0.65256035
-9.653103,8.374931,-0.27135786
-4.2112923,-6.3631654,1.8738595
-7.820828,-6.976796,-0.23050791
-2.4090958,-2.2941408,-1.3306236
3.6342058,3.9629374,-1.1541674
-8.319323,-6.119747,0.09300506
-0.46678162,-4.28074,-0.8683838
-9.783802,0.8301277,1.0261422
-7.086494,-2.5265417,-1.5364013
-7.0013866,6.708664,0.25280994
-3.4048533,6.3342304,1.2589277
-5.0667787,6.8867455,1.7611786
1.5392418,5.318922,1.5695245
6.113043,-5.7854233,0.7093305
7.5402775,-7.696515,1.1080136
3.150774,-6.719574,0.8971028
-0.06617069,-1.2799654,0.22062594
-1.7820358,7.860176,-0.9839662
6.7900276,-2.2204733,-0.11951023
-5.7273045,9.20187,-0.447567
7.228092,7.4634533,1.1911194
-9.62812,-9.491047,-0.79586095
-7.463704,4.617893,-1.0191587
2.6526432,-4.2180824,-0.004722625
-4.1186976,-9.539431,-0.16455323
1.8657093,3.5049305,0.022111654
8.713003,-3.435936,-0.30381417
4.567316,-8.884548,-1.8470858
9.787689,-7.037437,0.37378678
-4.235693,7.3575726,1.3647869
-4.7753024,-2.3956132,0.26359808
-1.2697144,7.837927,-0.9389621
-2.013998,-3.4701562,-1.8498902
-4.398698,9.768785,0.0097904205
-0.620862,-2.5030556,-1.3847051
9.034199,9.465054,-0.61846495
-5.481577,3.8790283,-0.021719456
5.6158295,-7.5139275,-0.2853731
4.6454573,4.369774,-1.3337122
5.7911787,4.198966,-0.9635571
2.697812,-8.395008,-0.085659236
-3.6941504,-8.645689,-0.18668789
4.1271353,0.5800705,0.0028520226
-4.7099566,5.416582,1.6474161
-6.138172,8.520493,-0.47374195
9.34795,-2.7725496,-0.85592055
8.288876,-9.364571,-0.09127337
-7.2270336,4.5679464,-0.9537626
8.122536,0.69729424,1.730738
2.0735989,0.25502777,1.8438919
2.5632668,6.313389,1.5461668
9.638664,1.1941433,0.15555097
-0.5250788,8.668505,-1.2286795
-3.1804824,7.676901,0.21503668
6.2777557,2.5605125,-0.8412998
-2.583139,7.4489174,-0.13579765
-2.4006166,3.201559,-1.6732109
-4.0325522,-9.490131,-0.22018981
9.842888,8.975782,-1.3069174
4.7716055,0.30462646,-0.04428816
-1.6211109,-1.2354412,-0.66962993
-0.1995039,8.24107,-0.5756767
0.69987774,8.722296,-0.119116604
-5.927964,-7.912805,0.28900814
2.8392458,3.9392862,-0.40059793
-7.761284,-5.497259,-0.28897327
-0.46625137,-2.5695572,-1.2903417
-1.8763494,2.1484756,-1.499762
-4.083165,-3.7111578,-0.033650994
9.248884,-4.221468,-0.29645014
2.800603,4.978691,0.59758574
4.817318,-2.4046993,-1.7350597
-6.5825596,3.7766657,-1.0999508
1.5937338,9.588385,0.01309073
2.6797523,2.4259453,-0.3090723
5.191189,2.3255968,-1.5726919
-2.9507756,8.773258,-0.9848243
-1.9637604,-3.759694,-1.7387582
-8.118915,0.014448166,0.03478557
6.0777683,-9.255973,-1.1897616
6.6755676,-4.257489,-0.056981534
4.6908846,-0.7833996,-0.29125023
5.082159,9.068811,-1.8697206
5.989498,5.64939,0.51630235
9.426046,-1.8571625,-0.28373665
3.274889,-2.7205706,-1.0455736
3.6098347,2.4484425,-1.2205552
3.1453476,-4.3424225,-0.36533913
-5.6472073,-1.4616146,0.70292956
2.508978,2.6478596,-0.28931427
3.0129185,-3.099245,-0.8707841
-7.959528,7.319704,-0.48521572
-2.959559,3.959671,-0.86465496
-6.169945,-1.0384712,0.62053674
-6.3895903,-1.7459669,-0.28048038
6.949415,0.9942417,1.1631653
7.8668633,5.2287006,1.493593
-1.3785315,2.8031359,-1.9248421
3.0650673,-2.7263618,-0.8385725
-2.3420439,3.4863386,-1.658203
2.120184,-0.42474747,1.7639873
-1.6740694,-7.2980046,-0.46689868
-5.2021446,-7.8825593,0.8538741
-4.2073574,0.07484436,1.8723598
9.933123,8.6532135,-1.2035526
1.685646,-3.8872623,0.25877833
-5.468557,6.27536,1.7274401
1.1351662,-2.970035,-0.07871574
-9.976545,5.978527,1.4781427
0.08821106,-2.2410536,-0.53309095
7.6765327,-4.1460347,0.4477381
1.1534224,2.9322262,-0.06400621
2.3826017,5.290594,1.2347114
-9.41969,-7.621623,0.22518556
-1.880888,-0.7295656,-0.20684159
5.900839,2.0755177,-0.85666203
-7.3320284,1.7986698,-1.0927534
-4.678087,9.748667,0.0514068
6.7580566,-8.766055,-0.33355063
2.871786,8.5337715,-0.36208466
4.674734,5.170988,-0.5565987
-9.3251705,-9.429745,-1.0994304
6.3644943,-3.8531265,-0.67614174
-2.1811256,3.4740114,-1.7647152
2.1016588,-7.527311,1.1832623
8.083012,9.350977,-0.02339083
-9.215599,-3.762063,-1.0212618
2.8611193,3.8330555,-0.49350348
-9.040231,1.93013,-0.72678995
7.403385,-3.8929453,0.16942132
2.9363155,-9.410857,-0.7960646
1.1126947,0.7312279,1.6412487
-4.006115,-8.171055,0.44899833
3.7703524,-2.1841502,-1.1637554
-5.190544,2.1026087,0.3807491
1.9115753,-3.5017214,0.006643176
8.397835,5.7104588,1.6961478
-7.5060215,-8.984361,-1.8446441
-2.8532434,-7.8944073,-0.3247847
2.33568,5.3258057,1.2971275
1.7357836,-5.207765,1.461783
0.13751888,8.21266,-0.213951
8.603199,-2.022644,0.2955936
-2.5986362,-1.7905235,-0.73463297
2.5795212,9.535566,-0.4609291
5.299634,-1.1088905,-0.3868153
-1.9389172,-8.01796,-1.0962493
6.5343266,-4.165782,-0.27128202
6.530998,3.1117992,-0.75427186
4.4529963,6.810362,-0.10231495
-2.4396791,8.431864,-1.1919312
8.686096,-3.6710978,-0.18974328
-5.778223,1.4717569,0.582652
3.0906572,7.284916,0.58975863
2.007903,-4.091058,0.32386214
7.0582733,0.668581,1.4844811
-8.19665,-4.846294,-0.8083565
1.7433596,1.4249172,1.1305101
-5.7589045,9.728523,-0.4536324
5.300317,8.44994,-1.3933938
3.4339342,-6.5766525,0.6690514
-7.7788496,4.908017,-0.8027961
-0.6260662,9.408459,-1.5858284
2.7973442,-1.7703419,0.13926539
4.259902,3.549346,-1.8173766
8.896374,-8.979979,-0.3985412
4.490918,5.556041,-0.22849989
1.9071007,-1.8733559,0.64601624
5.334341,9.184746,-1.7840731
-9.46245,7.0043907,0.7886735
6.66728,-5.7483196,1.2350572
-1.1757421,-4.4221735,-1.2091345
5.6596365,-7.8633366,-0.5932746
2.8636303,-9.238346,-0.7082751
-0.5273533,-9.07271,-1.4419096
7.0391045,4.8409233,0.8141385
-5.8295727,6.631338,1.3782202
2.820015,-6.344494,1.314185
4.3837557,6.9988766,-0.19184446
-3.5588217,-3.137227,-0.5947617
3.6226692,2.9836702,-1.45029
-9.891512,8.375929,-0.048597068
-5.050687,7.758583,1.0385748
4.862051,-7.9705524,-1.1051285
5.1541977,3.9358654,-1.6047835
-9.178976,-5.0227118,0.062031806
3.460682,-8.586702,-0.9825965
0.9402847,-0.4431038,1.7111512
9.761448,-2.2396097,-0.9504013
-9.753848,2.0992374,-0.18102452
-2.3833513,1.1280785,-0.25924873
-5.6633806,5.7889376,1.4612019
-6.0847845,5.158306,0.6283873
-1.6332684,-8.965456,-1.8944025
-9.190759,-8.738909,-1.0057579
7.8345222,-6.319158,1.9991637
-3.5380077,5.1496735,0.8095949
3.5039215,9.235037,-1.3365059
-5.8842983,-5.853672,1.2975615
0.053920746,1.8737946,-0.24448858
-7.0843315,0.5581665,0.13007343
8.048822,3.7319374,0.15032971
8.433767,3.8626385,0.08546436
7.872902,1.5581436,1.0124733
-3.500742,6.652611,1.2840129
6.223871,-3.3241987,-1.0426531
-8.355026,9.54636,-1.8696992
4.5884047,-0.2824688,-0.031953514
-1.2343359,-9.063147,-1.87925
-8.286738,4.8732204,-0.7476741
-8.025512,7.040127,-0.25838506
-9.357885,6.7047215,0.8456187
1.8739119,1.0993824,1.4085577
-3.6168766,3.3832893,-0.5133423
-4.6056356,3.1035433,-0.004968941
9.520046,-4.269849,-0.52336055
-3.0467596,-0.4000473,0.8263516
3.3729734,0.23605442,0.74294657
-1.7604265,-5.537094,-0.24772638
6.0307903,-3.7304916,-1.0812765
2.9841566,-3.9840698,-0.50882965
6.332596,-1.6414347,-0.021189194
2.611185,-6.57998,1.4621638
-2.1916828,5.7999706,0.07214278
8.838299,-0.25220966,1.5217954
-0.7129116,7.6918964,-0.49266267
-5.986434,-6.419877,1.2830873
3.1119213,2.7770023,-0.9046029
-1.2134609,-3.2798252,-1.9272933
-7.4163127,5.2984037,-0.352697
1.3081465,-3.998703,0.31108075
-2.3234916,-4.9594545,-0.48528937
-3.982316,0.794858,1.4455118
-4.7726607,-5.734122,1.8511978
-4.2556024,6.900852,1.7127063
-4.0496254,-0.37672234,1.7181702
0.98258877,5.605261,1.6108127
9.660681,-2.9344854,-1.2123507
-5.8613515,-2.4616613,-0.3681817
-4.6651983,-9.458159,-0.00055617094
-6.7034683,2.7945251,-1.3483931
-0.37945652,3.4107313,-1.334416
0.70113945,6.565363,1.6055402
-6.8639336,1.3253288,-0.30563983
4.5676956,-0.95644,-0.41311747
-8.968674,-1.3436041,-0.21521114
9.255625,4.0783253,-0.4240758
1.8818836,9.564846,-0.038205147
-1.0078535,0.6427803,-0.04525602
-3.580657,-8.436417,-0.12496632
4.489999,-8.92647,-1.8537655
7.3023396,3.8285685,0.07849759
-6.540884,8.901798,-1.1211908
-2.5065765,-5.285535,-0.05091262
7.361559,5.0406647,1.2036014
-1.8740692,8.369526,-1.4473727
-7.363403,8.752897,-1.6647127
-3.2136583,6.353224,1.0695516
0.34543037,-6.4883814,1.3176227
-1.8668661,7.0150375,-0.21255267
-6.8529596,0.35139084,0.3994528
-6.264921,-6.003007,0.9792692
2.703887,-9.926968,-0.45266816
6.8614006,-3.9268804,-0.1606546
9.097212,8.319347,-0.12701017
-1.1302938,9.991682,-1.748105
3.8475323,7.34577,-0.1621334
-7.94221,-7.068039,-0.28861868
5.3286705,5.767458,0.053900898
9.555513,5.5282736,0.5979687
5.207452,9.0246525,-1.800951
-3.953806,-5.88478,1.6474922
8.153191,8.282923,0.5396619
-9.470777,-1.3068943,0.30683187
-1.1999664,3.9949312,-1.5894983
-2.477758,-8.547692,-1.2555363
-9.974665,-1.5495787,0.54380673
-5.704758,-6.328113,1.5456985
-7.285858,-2.8440166,-1.7989621
2.6877098,-1.0367336,0.9474931
-0.8318043,-3.582747,-1.6434072
4.5927353,4.436961,-1.2648087
-2.249545,9.26671,-1.7658921
8.248798,2.3222656,0.240354
1.1326809,-4.4104824,0.60821164
8.289417,-2.2307491,0.29360682
8.1204815,-3.0944214,-0.034189045
-8.480518,0.7417288,-0.0727613
-6.7157087,-0.88986015,0.21035752
6.0232677,5.8478546,0.6497297
9.44772,0.76539993,0.6981657
-8.535148,-8.968088,-1.6743562
0.14635944,-3.5773716,-0.76070404
-3.8446102,-4.8441973,0.7779497
9.414629,3.5129528,-0.9216858
8.307238,8.963894,0.0033664107
7.2780266,8.127132,0.5689058
5.3814363,2.3669004,-1.4990492
-0.9380102,-6.45605,0.17871314
9.227379,-0.3425045,1.1380361
-4.679501,1.5616283,1.0086272
0.4942417,0.20108032,1.4542156
-2.6311707,5.5148125,0.230497
-7.295058,4.828573,-0.7319032
-4.738866,-3.0723867,0.0020433068
2.4245987,-3.7058125,-0.18788433
-0.89221096,1.1633921,-0.38223407
-6.624507,0.9581909,0.24026826
-1.2713137,0.20375633,0.023824096
1.7270603,-9.641888,0.011291504
-6.9965134,-9.382543,-1.6534622
6.039358,8.997866,-1.1516669
-8.501879,9.757408,-1.7425416
0.09567356,-8.7654705,-0.694889
-8.180229,-7.0055795,-0.19702673
-9.017545,-1.4536972,-0.27923864
-1.2422161,-5.6603327,-0.13428384
9.075752,-9.8045635,-0.5867617
9.453432,3.094798,-1.0275555
3.5940857,-6.397084,0.5563115
7.75099,3.2073774,-0.0031359196
-5.4664874,-6.4596605,1.7133577
5.6299295,-0.52211,0.2589938
6.101652,-3.1754742,-1.1799638
-9.556999,-1.8931236,-0.18493855
-7.663313,-4.3304014,-1.3546432
4.320221,-8.380596,-1.426692
0.9240608,8.099443,0.55505085
-6.7688,-0.8328428,0.20602334
-7.891227,-5.385387,-0.37597346
7.227291,9.340151,-0.18644845
1.0924139,1.2764978,1.1778092
-0.022130966,-2.3562012,-0.72924066
-9.66715,2.9053926,-0.7322287
8.77393,-0.61150646,1.4246457
-6.6105986,2.507719,-1.1273341
4.4558754,8.396992,-1.4839959
-1.2024345,3.6935215,-1.7844332
0.32585716,7.048807,1.0410725
4.910103,5.2877502,-0.43638027
-2.6638927,-4.02728,-1.0924953
-2.8054595,-0.8223009,0.350698
7.971838,-1.8846569,0.68433005
-7.6628017,9.941128,-1.8514078
4.4500866,-3.7885308,-1.7637286
-2.580707,7.148567,0.11641312
-3.3413162,-2.895131,-0.7713834
6.694172,8.363235,-0.08801195
1.6882505,4.264883,0.5603918
-9.31015,5.512644,0.6031566
8.936232,-7.151004,1.1158352
-4.9620295,-0.29611397,1.9254789
8.6448555,9.3218155,-0.29147977
-3.138442,-7.941636,-0.09069286
9.750389,-2.186016,-0.8970259
2.950016,-9.860039,-0.7163532
-0.48307896,-9.241315,-1.4477258
3.8173304,7.373377,-0.16315755
-0.3109703,-5.90456,0.6231911
-4.959837,0.95282555,1.548923
5.470091,-8.5259285,-1.3489281
6.4861984,-7.5720396,0.47984302
-1.2527866,9.02692,-1.8717527
9.406197,1.9561205,-0.35727927
0.63505936,-2.7431417,-0.3284378
-5.2885447,-2.6529112,-0.044389367
-5.449493,9.647934,-0.23478562
6.7282906,7.1259384,1.0959631
-4.0508747,7.0786343,1.4890271
6.3160725,8.994175,-0.87583303
-9.713936,0.3788452,1.2142376
0.34447098,1.4915733,0.41683894
-6.9094563,0.58505917,0.24755192
3.5472336,-3.996481,-1.0509106
8.121225,-8.680142,0.22916752
3.9351187,8.924229,-1.5901496
-3.4382668,8.298712,-0.13787305
-9.381107,0.9379339,0.54779845
-4.738002,-3.5525417,0.08292991
-5.898168,8.688696,-0.36552963
9.549175,-4.4460225,-0.3873045
-5.376631,-0.37978172,1.71613
3.8665342,-3.4286356,-1.622177
8.027658,-5.8341303,1.8858137
3.6051788,-7.6243567,-0.2195464
-8.775057,9.759256,-1.549546
-1.1359587,8.779259,-1.7057259
-2.9679813,4.91549,0.028967232
6.443121,-3.6745462,-0.7020555
-0.9380398,-3.2661843,-1.7986488
-0.52744484,5.8595886,0.40828937
8.895712,7.5827427,0.7726526
2.3796196,9.996908,-0.15039927
4.635545,4.6726894,-1.036738
-3.219092,-3.80718,-0.7091326
6.5397396,-4.37773,-0.07469806
1.4378109,9.526203,-0.0036904216
-2.0087337,-7.0518885,-0.18681544
1.9271326,-8.4170475,0.40339988
-7.8714476,-1.0394325,-0.4931379
0.36769962,-1.6353083,0.29500258
4.58613,4.9791956,-0.72838753
-9.363859,-6.7964554,0.8102623
-5.3118,-2.2768793,0.17680979
6.265215,-7.735077,0.10065532
0.22677994,6.822607,1.0828469
-0.3406229,2.2719955,-0.9792087
1.0204878,-4.994627,1.130869
-4.4881964,-2.6895547,0.075415134
8.269228,6.302437,1.9148316
-0.9915266,7.9298267,-0.912635
-3.641099,-9.198646,-0.49554858
5.263897,-5.8152018,0.040744364
-8.323479,1.7170124,-1.0374916
-1.8445349,2.5324402,-1.7829003
1.0078831,-6.3395476,1.8441161
-3.103424,3.8184853,-0.81768215
5.442544,0.47408676,0.14463902
-8.539991,-5.5508256,-0.03018111
-2.882936,-7.6484623,-0.051706538
-4.2029786,-0.09736633,1.8682959
9.253332,3.118372,-0.82912326
3.9908514,4.55914,-0.9034406
-7.4596286,3.7652054,-1.7350193
3.8756466,7.032282,0.062419355
-0.21207047,8.919569,-1.0855578
9.154261,-6.02353,1.2337085
5.5186453,-3.548335,-1.6106195
-5.8402767,-8.397718,-0.08876827
8.913898,7.7803,0.5625595
-1.7885542,-9.517834,-1.9720577
-2.277094,-4.83896,-0.6345365
2.9902763,-9.056311,-0.782141
9.935108,-1.5600977,-0.477767
3.01729,-3.9335704,-0.5784564
-9.648636,5.8634043,1.1351712
-3.1922507,-8.091212,-0.18437532
9.311867,6.0201187,1.0782685
-3.5245285,-3.7430515,-0.45086572
-4.8109484,1.9159851,0.6567726
-7.970868,-6.42964,-0.003881812
-5.520133,2.7529058,-0.23427689
-5.467452,7.8342705,0.7479382
2.3882694,3.4048414,-0.28148317
3.9952555,3.0322409,-1.7477198
9.543751,-2.6046252,-0.97795624
6.562685,-9.422518,-0.72412264
0.14776039,2.8821392,-0.819307
5.3929596,7.1396084,-0.122069776
5.715872,5.6251764,0.25384307
-8.62525,8.59584,-1.3926866
5.045952,-5.2806177,-0.4067418
-6.8406734,5.71192,0.3121611
7.722168,6.8521385,1.8337905
-4.349433,7.410309,1.364111
2.0748787,-5.1322412,1.2832437
-0.10640335,7.4330463,0.3024116
4.639434,-8.677696,-1.731015
1.5554028,-5.3584394,1.601919
-7.2539496,5.2295885,-0.33086967
4.050907,7.905859,-0.8409369
5.898963,6.5995445,0.57553613
-5.2076435,-2.6196566,0.012992203
-6.4870667,-7.508664,0.13602357
-6.8093433,6.1587715,0.49005586
-4.8655534,-4.988323,1.2607392
-1.2607594,6.951956,-0.16773772
0.7477045,-0.09401798,1.6755409
-0.070531845,4.030223,-0.7009492
-2.6448917,1.8019028,-0.7055824
6.2055817,-1.3289309,0.16198844
0.52847385,-4.2520866,0.059997022
-5.806526,-2.126073,-0.06836507
-2.6464996,-2.642336,-1.3530521
-5.8793488,-8.216593,0.038232356
-3.5278664,3.3963795,-0.5909778
-9.433046,3.9491062,-0.6830289
1.747303,-9.9868765,0.13832456
-7.748368,-4.787607,-0.9192807
3.8676548,-7.9454517,-0.7552727
6.850397,-0.08981705,1.5332518
-7.4392757,-5.5899754,-0.14603609
-5.277314,7.964813,0.7340238
-7.9013658,-7.6261053,-0.7729683
2.668706,-3.3604789,-0.5206818
1.9349499,8.831207,0.1054768
-5.161476,0.39378166,1.8243085
6.0408077,8.016531,-0.40184587
4.1494675,-4.744047,-0.81404674
-9.035385,8.647766,-1.0926386
-0.5439491,-6.771016,0.3658325
-4.304893,-3.975545,0.24616212
-1.733902,-8.807556,-1.8022172
5.5680475,9.471285,-1.6546402
-1.0756025,3.8128548,-1.6629139
-6.945137,-3.2547722,-1.6082596
7.0343456,1.1288929,1.1101482
-9.140457,-0.2555418,0.6870209
-3.43433,-7.275636,0.8352134
3.853135,-6.6110063,0.2937435
8.83889,4.113168,-0.011060119
9.705425,7.2565136,0.28557327
-2.3492026,0.21131611,0.26572227
3.3369656,9.6671505,-1.1649036
-8.782314,-0.62920666,0.2093249
-1.9458027,6.010645,0.032584906
-3.1105652,3.8463888,-0.7927661
2.8387375,9.936951,-0.57343507
-6.552025,4.2060957,-0.7505517
2.1604729,-6.3798847,1.8264489
5.1663494,6.5592346,0.06342232
7.7934723,-4.77335,1.0590929
-1.690875,-7.984419,-1.1228669
9.136063,-8.055017,0.085036546
-9.44806,9.927708,-0.85289425
-2.8337421,2.3550463,-1.0093054
3.7911491,4.161213,-1.1285228
2.5642643,-4.3094277,0.15364316
4.7093763,-8.021004,-1.1662421
-6.6357517,2.79566,-1.2860671
6.157324,-8.197901,-0.46270874
-9.385246,2.1065369,-0.54999936
-6.8567824,-1.3259974,-0.30029565
-0.6800823,0.99209595,-0.081920624
-9.71507,6.3421135,1.2844961
-9.505289,-9.026526,-0.8413163
-8.877325,4.3334866,-0.8904151
8.039888,-4.534886,0.80619663
2.19355,-1.8853197,0.50291204
-3.190713,-5.157342,0.47951597
-0.41098785,-3.3394918,-1.3799969
-8.716187,3.8012753,-1.4409517
-9.444506,4.964033,0.2687231
-6.973791,-8.026533,-0.8087008
-9.674385,1.6770592,0.14096029
6.5791264,-0.013702393,1.2915462
-3.49931,6.626217,1.2918763
-2.699442,-0.038676262,0.57136774
-8.611456,9.275885,-1.7155095
1.65621,7.9586983,0.8918291
-1.5003414,-8.952347,-1.8879837
-6.8078766,8.02285,-0.66901284
6.411606,0.7433624,0.86426497
8.429096,-0.9923763,1.3858316
-7.1277943,-6.092844,0.23422825
5.665803,-6.2212205,0.41917807
-1.6237688,2.9438553,-1.9791108
-0.09440994,-3.9343119,-0.79618084
4.256486,3.6143608,-1.7881751
-1.8231773,-1.3215694,-0.7216658
8.496433,-2.343316,0.1026873
6.1526585,6.005356,0.8314965
-6.4913187,-7.1639004,0.4299659
-6.0856247,-3.4669933,-0.7512447
-9.908,6.913784,1.2723093
3.2016602,5.367694,0.54936963
-7.5218678,9.743738,-1.8949172
-8.38179,7.5191994,-0.53534937
-6.4096713,-6.7092857,0.78443545
-9.886718,5.719738,1.2911044
-8.142431,0.83135223,-0.28480875
8.919649,7.0501595,1.203934
5.5858536,-2.4069014,-1.3842123
8.86026,5.3119392,1.0992799
-4.850811,-2.331296,0.30115145
-4.101515,4.4896317,0.59822726
-3.5086784,-4.944043,0.58848476
0.19530487,4.9750977,0.4537629
-7.1776543,5.8741703,0.13763624
1.4660206,7.60133,1.2444885
-6.408988,-5.345068,0.46583623
1.5802011,-5.445335,1.6690178
9.159975,3.3966427,-0.7059316
1.6889906,-6.6044292,1.9418665
7.294441,-6.013113,1.8112507
-7.1220913,1.2594509,-0.4375728
-1.4112377,9.432222,-1.9872699
-6.1747847,-7.0863476,0.8026232
-1.1094685,-1.738369,-1.0622517
-3.9779687,-7.359909,1.2164347
-5.6778836,-1.0639277,1.0544522
-9.659406,8.844252,-0.6036931
-3.7079287,-7.6698136,0.7196724
1.3391838,6.734621,1.8731192
-1.7592049,5.4706087,-0.29467362
-9.313451,1.310669,0.1461063
7.5117836,6.5805798,1.8981227
7.4148693,4.9401655,1.1309414
-6.029012,3.1710129,-0.7481221
1.016552,1.4152184,1.0052495
6.640089,-6.5031614,1.3252774
-9.496483,-9.497348,-0.9257245
-8.836001,6.701233,0.35853934
5.5486536,-3.653369,-1.5421157
-0.19806099,-9.046663,-1.1261309
3.1843805,-3.2681694,-1.0347747
-4.1585493,-7.0409083,1.5769141
1.8131056,8.152054,0.6771085
6.632408,7.3863964,0.79289967
-2.446475,-8.901121,-1.5064721
-3.2300544,4.061614,-0.51745677
-9.521891,-4.0807343,-0.49352095
-1.5430832,9.557941,-1.990763
6.3366547,0.942997,0.64080906
-9.450688,-0.6138277,0.8433568
-0.77246666,3.9352322,-1.3991592
7.2893486,-8.576965,0.18316013
-2.854147,-3.9663959,-0.9622052
-3.694683,8.259642,0.13069409
-3.016317,8.566719,-0.7788556
-4.051571,-1.7603054,0.6011136
1.1968622,7.5248833,1.2540874
-9.628039,-8.2067,-0.14358574
3.821372,-7.8806376,-0.65527433
-2.5255585,-2.0293465,-1.0204514
-1.2731848,-9.361172,-1.9540174
-0.6746912,8.598217,-1.3020657
5.5863457,-1.4678297,-0.53901255
-6.2116456,-5.3288484,0.64962864
-9.099837,3.0623922,-1.3161178
-7.233492,-1.689168,-0.9316892
-7.335905,5.881982,0.05181837
-4.868685,5.7374716,1.8425677
7.898155,-7.373953,1.4608293
-7.736151,2.216961,-1.5951946
-5.878279,-2.0087314,-0.030137807
-8.152037,4.917074,-0.7526505
-5.0236297,-6.95755,1.7330582
-0.28073215,0.1618824,0.7098664
-6.0976562,3.0202541,-0.808181
0.10570049,-7.9440928,0.01551456
3.3793888,3.0782566,-1.2335563
-1.7013845,-3.8372145,-1.7591408
4.314599,3.7106686,-1.7643187
2.2946758,-4.241995,0.29600435
9.660078,-2.1718931,-0.79868215
-0.5105362,-9.573156,-1.4776573
8.667593,-1.358841,0.8972502
7.484928,7.530348,1.2506831
4.780485,3.522934,-1.9258486
5.659336,-7.5232544,-0.25943273
-6.697018,-8.329316,-0.8597575
-6.697457,7.574976,-0.1271233
4.2704334,-4.301919,-1.3029573
3.6310139,-7.9537153,-0.56968355
9.024357,-4.096154,-0.18816045
-1.3020077,5.249981,-0.45202422
-1.8382893,1.2137213,-0.6149013
6.8553696,-5.1120367,0.93056357
0.32295418,4.9573507,0.5598886
9.388224,9.976738,-0.81495225
-5.100733,2.249652,0.29763472
-3.2810202,-7.4993334,0.48623675
0.43208027,-2.7335253,-0.49912867
5.3334436,-9.955462,-1.675726
-8.766678,8.533726,-1.2402089
-2.7991605,-6.5443077,0.63032174
7.262392,-0.28821468,1.7888081
2.0822144,-5.8715115,1.7885036
7.069786,-0.35231113,1.6465343
-3.3873487,-7.0700073,0.949389
-6.3038197,-7.899704,-0.0663393
-6.8270817,-7.209189,0.08355874
-5.622305,4.2575455,0.17449033
-7.5150776,-9.999956,-1.782215
4.9556932,8.332548,-1.4310545
2.6878548,4.312011,0.048561603
-6.398244,5.3618765,0.48997346
9.165968,9.354927,-0.74163103
2.8469906,0.7409229,1.0282049
3.721572,-2.5471115,-1.3764458
-4.213531,-9.220767,-0.10113239
6.923378,-5.9419274,1.5396844
-7.053888,-6.8337536,0.15558791
7.2892704,-9.16119,-0.12071818
-5.43414,-4.1448307,0.2130751
4.24736,-0.20578384,0.085092485
-3.6176395,-0.30634022,1.4117129
6.4966927,1.5567865,0.22589824
-8.386712,-6.874485,-0.031206667
-1.9497871,5.9367924,0.01156497
-2.699163,-9.291926,-1.4193246
-5.97972,3.416214,-0.6636991
-4.9119415,-3.9767323,0.30908114
-2.8060508,8.552326,-0.9722315
1.036891,-5.2518187,1.3744729
7.0980606,9.328611,-0.26773947
-1.6432724,-7.2791996,-0.4537229
9.802006,-6.614275,0.57734406
-4.7587013,-1.0260773,1.5171056
-5.1481485,-6.959505,1.6864312
-0.5216265,1.0159302,0.028538585
-1.8103352,-7.1476374,-0.32239044
3.1763268,-1.0541048,0.45927915
9.239861,-1.2808504,0.46976578
3.4239006,-3.5404944,-1.2000611
-8.367695,1.6235924,-0.9236973
-3.4165869,-5.6815886,1.0959744
-1.9866447,5.8353367,-0.013393164
-9.105965,-2.8515887,-1.2716826
3.0918827,-5.7001925,0.8845082
8.729057,-2.9242887,-0.3355435
4.9665365,3.6584482,-1.8372552
-0.1980133,-5.708227,0.6424932
-0.76131344,-9.333583,-1.6857175
-4.6829367,-2.2617912,0.36226213
-1.1109352,-6.779867,-0.01694566
8.770369,9.777046,-0.3299018
-5.141224,-3.5102425,-0.023363948
1.5998564,2.5263166,0.18296361
-7.337215,-4.7122,-0.86961
-2.7346172,0.2460289,0.57405365
0.57906723,-2.2011433,-0.04218161
-7.550993,-1.4582119,-0.8421023
2.7169895,8.284782,-0.0056393445
-8.587237,4.2046175,-1.2292304
-4.08504,-5.0700355,1.1596571
6.9589806,5.172779,1.0698156
9.380541,-6.4379215,1.0322748
-0.7818413,7.6947613,-0.54603875
-7.147418,-8.83186,-1.5899107
-8.210731,-9.74493,-1.8862247
-2.457521,9.813444,-1.5573692
-5.1030803,5.4629946,1.6067278
7.949112,0.3516159,1.9342959
-7.1286893,-7.732953,-0.6275722
6.019335,6.166094,0.73235285
1.9012909,-4.0571213,0.33651042
-3.04152,2.7988615,-1.0417459
8.151472,1.7457695,0.7819934
5.564892,6.426075,0.3317079
-0.34975433,-2.3594437,-1.0520675
-6.77778,9.99539,-1.3162456
-2.943256,-7.254916,0.36683196
3.2242727,-4.530492,-0.26348165
8.664701,9.848249,-0.222691
-3.3745804,-8.825239,-0.5947104
-4.1558313,-3.0480013,-0.14654493
-9.770508,3.1245003,-0.66097045
6.1464386,3.9999018,-0.7900388
9.76026,-3.1920624,-1.3279507
6.8847866,-7.8465757,0.5733692
-5.572115,8.451031,0.09044057
7.16378,-7.6749325,0.94921184
-3.031684,9.518686,-1.1052815
5.2281904,0.74853325,-0.13720983
5.8471537,-5.7154655,0.42078352
-8.152947,1.4030418,-0.78867286
2.4746838,-0.3361988,1.5625756
3.9922285,-8.323408,-1.2040749
-6.0116777,8.67622,-0.46448693
9.245491,-5.840132,1.081775
7.806755,-1.7876091,0.7837669
8.357651,-5.356691,1.4764581
-0.09020996,2.200348,-0.67887
-5.3503857,-6.703848,1.716109
-5.4647913,8.571865,0.07225728
3.5344744,-2.653737,-1.2661922
-1.9866858,9.331886,-1.910446
7.9481792,0.0433712,1.9946263
8.375046,-1.609848,0.8282482
0.77169037,-8.972155,-0.2019552
-8.186848,6.2778244,0.05487591
3.9693031,-0.06420326,0.26155537
8.948952,-7.951623,0.3605868
-2.5116944,4.830512,-0.47121394
-5.2335095,1.5197468,0.9182892
-2.3392677,-5.468757,-0.03268951
1.432703,-6.010461,1.9535209
-7.4196396,-2.0169425,-1.3386393
5.3403673,4.6840525,-0.8375496
4.2744646,3.2273054,-1.9019628
-3.8233175,-6.1785355,1.6246625
-3.7044487,-7.012534,1.2792124
-4.744915,8.37579,0.5010227
7.816963,1.9495573,0.62954533
5.930937,4.8787003,-0.17946346
2.8422966,-9.4241295,-0.70515215
-0.44851208,4.720413,-0.42560112
2.4981356,8.680176,-0.13539273
9.648001,-0.31281662,0.730097
3.1661777,8.110914,-0.27869767
-4.987303,2.118719,0.4415334
3.8683023,0.39025497,0.2603979
-3.9684067,3.4913435,-0.20368063
-0.3550911,-3.50103,-1.2837707
-6.440773,-1.0604439,0.33154857
-0.29257393,-1.9580975,-0.66610855
0.5216894,2.5803242,-0.3482351
-6.064775,0.99318314,0.7627039
6.429003,-4.6675134,0.1004407
9.235888,5.1220894,0.58610374
-8.364365,-5.609765,-0.0908643
2.897645,6.307766,1.2412332
-6.9080377,1.0045204,-0.048484504
-1.9875765,-0.63998985,-0.11229533
4.790163,-0.65203667,-0.20212752
-0.17554188,2.1892986,-0.7544573
3.0303202,0.41918373,1.0244645
-3.2399917,8.725723,-0.6672105
9.54324,8.009693,-0.2732678
-4.694886,9.942453,0.13087493
1.8716536,6.0767956,1.93386
1.026474,0.21212769,1.8330636
6.8117733,-3.8750792,-0.23853028
1.0211773,-3.71241,0.011263967
6.029192,6.0664177,0.72532666
2.5765324,-0.7915859,1.2381846
6.3761806,-8.96896,-0.8050398
0.12638855,0.3141203,1.0771209
3.3368244,-2.3579988,-0.90237534
9.864199,-7.2363806,0.15366575
-3.2579575,-7.5843515,0.38247728
-4.0692844,-0.91324806,1.411416
7.259094,3.578762,-0.0777421
3.8239908,5.3956814,0.00069373846
-9.439086,-7.162942,0.6516462
3.5566282,-8.456936,-0.97030073
-9.807543,-7.633462,0.5922234
-5.4292274,-0.40081882,1.6746285
3.9134398,-0.81708336,-0.013109326
5.26775,4.6708565,-0.8912308
-2.2579489,-8.140191,-1.0553733
8.464663,9.0991955,-0.12820685
9.9378395,-2.9925642,-1.4797627
7.7977467,-9.471861,-0.00047254562
-9.184574,-6.3056183,0.7618478
-3.6373768,2.4260464,-0.27901348
0.608408,-2.0717201,0.09132576
8.12772,7.2404976,1.5384867
-1.677475,-0.047106743,0.004575491
2.088993,6.0855885,1.849255
5.263419,8.290882,-1.2751188
-5.231993,-3.8004599,0.07732952
-6.055955,0.82172966,0.90623546
9.889339,-0.7646704,0.2735798
-0.22313595,-4.572835,-0.36039037
7.075878,-9.104452,-0.2368868
-9.750919,-4.8554087,0.46292284
-3.8169885,5.1079674,1.0105482
7.0168667,-1.9223833,0.3252202
-0.96814156,-8.812924,-1.6424184
3.3682518,2.6475706,-1.1051562
-8.3772,3.6503525,-1.7395647
9.733267,1.8371592,-0.56684345
-4.991106,8.11475,0.7035863
-0.50564384,-7.6631413,-0.29468673
-6.549964,-3.9452276,-0.9577199
-4.436735,-0.5793266,1.799079
-8.572872,-6.598362,0.19820482
-8.752879,3.3705626,-1.5963739
-2.0429573,-2.5107431,-1.6981142
-4.410894,9.318609,-0.0394758
7.386986,-3.307705,-0.09331024
-0.048381805,-7.067902,0.6592255
7.7759647,7.6751213,1.1748664
-1.6748953,9.831774,-1.9129007
2.1215496,7.3677406,1.3194364
9.604027,-7.7380524,-0.06262072
-7.738003,-4.945512,-0.76226497
-4.332052,4.708578,0.9247288
8.549017,9.184578,-0.20325935
-2.2926702,6.817484,0.110057294
-2.693139,-8.551081,-1.0755687
0.8025379,-3.366723,-0.25564307
-5.368421,-0.57794,1.6300086
0.71917915,4.90796,0.853094
-4.15629,-6.924032,1.6509106
3.1723957,3.9524279,-0.71969146
-2.122755,-2.3406267,-1.5475125
-3.355639,3.0890923,-0.78620654
-3.7670636,-1.5957632,0.56051487
2.5980844,9.676725,-0.45128697
5.0183983,-1.051959,-0.4576726
-9.1424,-3.8584018,-1.0325463
-6.9742975,-1.6241093,-0.6906823
-9.597177,-4.9367905,0.39406878
4.667961,-8.269714,-1.4028736
7.4997616,6.4588337,1.9225307
-9.608015,-6.0650516,1.1585164
2.5996056,-4.353752,0.1648412
2.02804,-5.1553383,1.3258787
-5.3663254,-0.10208225,1.7884896
2.1605196,5.618141,1.6179842
7.7107697,-2.6966867,0.08711147
9.808695,0.058324814,0.6237445
4.324254,-3.5498095,-1.8434467
-1.9828472,7.8279667,-0.89028937
-5.689807,-1.4732399,0.6565668
-3.8085866,7.1429214,1.2712643
0.082019806,-2.7196717,-0.8303761
-0.7343626,-2.8323975,-1.622693
7.296818,-5.527998,1.5769014
-9.037094,-6.6871023,0.5414834
0.89256287,5.432865,1.4384248
-3.1804872,-9.423276,-0.96111417
0.8339157,1.9919033,0.33179736
9.616415,8.327427,-0.64642155
0.29254436,-7.4266124,0.7028675
-1.7343798,4.110671,-1.5527096
-3.3893642,2.444006,-0.52115047
-9.979381,0.94922256,1.1089208
-9.060102,9.496822,-1.3540521
4.3571873,-6.8739986,-0.10708845
-6.10667,5.8759127,1.0938047
5.6774693,-4.962368,-0.32196724
-2.8351235,5.95043,0.64345175
3.6077423,0.7882824,0.25561425
7.2999535,0.72756577,1.5972077
1.4628716,-8.514952,0.38029885
3.43359,1.1399708,0.1297555
8.450756,-7.3452797,1.3141966
-3.1423512,-8.309398,-0.43907753
7.3542004,5.598423,1.6522567
-8.410258,0.089076996,0.14680827
9.15696,-2.569511,-0.57614756
-3.2801428,-1.5903816,0.11852324
-0.37637806,7.9367085,-0.45018697
5.6098785,-0.17968082,0.3603263
0.73416615,-6.4011106,1.6630232
8.744139,9.662083,-0.34268522
-4.395174,-5.557184,1.697943
-5.5117035,7.23711,1.2756844
8.927038,8.343399,0.007328987
-6.0359154,1.8274984,-0.009134278
6.8818474,-9.055248,-0.3689596
9.631172,-2.953732,-1.187338
6.7693157,-8.339181,0.00082343817
-3.7807417,-8.765932,-0.19418663
-0.14782333,-7.3898315,0.30037743
-9.012004,-5.3094244,0.16104126
-5.4451475,-9.228571,-0.23748112
-2.0697856,-5.491309,-0.17555529
-6.606977,-7.9003296,-0.36449486
5.7691307,-7.7620497,-0.39990932
5.2399206,-6.551311,0.100216866
-2.8616295,-9.624115,-1.2565184
-1.5726938,0.17952156,-0.016068995
9.659607,0.85937023,0.42023793
-0.6159439,-1.9218636,-0.92162937
8.493639,9.8611965,-0.103971004
9.263126,4.84455,0.29272524
-3.5077677,6.2899895,1.3580235
-9.550827,5.2207174,0.61243325
9.327671,-5.280486,0.63498336
-5.3765273,2.5426655,-0.03849274
9.562742,3.185811,-1.1365496
-6.3839664,-7.359539,0.37393048
1.8137283,8.727409,0.2041021
2.9566908,-5.939909,1.1255071
-2.3621964,-1.2330008,-0.371442
7.7981415,-9.766098,0.056127727
-9.066738,-7.8112197,-0.30769014
-4.1553774,8.019623,0.683954
-1.57413,-7.3324547,-0.5017898
7.6588364,8.999727,0.07000166
4.6314955,5.1742744,-0.5510931
6.432537,9.246344,-0.83532566
4.3044004,-4.6851325,-0.94517386
8.9942875,-7.8386583,0.4326393
-2.4904203,8.31991,-1.0553718
-3.0871177,-4.090604,-0.6369352
-1.373188,-1.1838636,-0.60318923
3.9338741,9.317654,-1.7062249
-2.9325066,-4.531535,-0.38743553
3.6728106,-3.434906,-1.463875
2.7416935,5.725443,1.2377776
2.3513126,9.035414,-0.21460027
8.147411,0.4498148,1.8577852
1.5927458,0.100317955,1.9947314
6.6358337,7.1050625,1.026232
-2.7880168,-4.0654826,-0.94897544
-8.986303,8.001074,-0.5711212
6.111599,5.9039307,0.7581952
4.1473236,1.3423176,-0.6180575
8.400745,-5.264814,1.3789645
3.8209295,8.818096,-1.4498217
0.19985104,-2.6483703,-0.6822884
-7.2180376,-5.026517,-0.49552417
-9.480871,-2.128191,-0.4729132
2.006916,1.5593338,0.9178599
8.158039,-9.905888,0.067647636
-0.7773924,2.3293257,-1.3892779
-3.2623577,-1.4734316,0.21768272
5.002804,3.0259619,-1.9514474
-4.841447,-0.3004923,1.9468745
3.528634,-5.268093,0.15009129
-8.1148,-2.3849678,-1.6933362
-9.062704,-2.8835907,-1.3211161
-5.8339834,8.48387,-0.15480742
-1.7121964,-8.845566,-1.8269138
3.3719902,2.874031,-1.192783
5.059721,9.062372,-1.8753308
-6.329496,3.0983534,-1.0453594
-2.0537844,-5.307157,-0.3252945
3.292657,2.9412346,-1.1304858
-2.2053156,4.0146875,-1.4478147
0.15027523,4.3056965,-0.2458635
6.474058,0.82842636,0.86575216
-2.8848352,-8.759228,-1.0405228
5.1556206,2.2390985,-1.5230248
8.125404,-2.1005583,0.45806253
3.333641,5.321247,0.38106108
-1.7768879,8.957174,-1.8714893
-6.331812,-3.5788488,-0.95452434
-6.609473,0.17001247,0.6650536
-1.9430027,8.19829,-1.2690728
3.125164,-1.7125025,-0.12480449
5.4691772,1.5127201,-0.6690013
-0.4824028,-3.8790455,-1.2040929
8.0584545,2.505597,0.17468739
-3.9607239,-4.12688,0.17792934
1.9941273,-8.772001,0.117325306
-5.1197076,-8.766446,0.12717247
2.6871004,4.392069,0.12413573
8.534695,-1.5017815,0.84608424
3.503992,1.7453709,-0.528208
0.67002773,6.707079,1.5325022
-3.6802888,2.09404,0.013324857
-8.2045355,8.859543,-1.7836454
-6.843097,3.0603743,-1.5278151
-8.577915,-9.107069,-1.6991599
7.1074505,6.3319607,1.7328596
-4.1717577,-8.960365,-0.036700845
-1.4962578,4.809475,-0.9002897
-8.961065,-0.7778683,0.2651393
-2.7883968,-9.5381775,-1.3394753
8.505651,-1.8873787,0.48375154
1.8385019,8.730383,0.19593936
-1.785635,-4.5619273,-1.1269054
5.2120876,-4.3272247,-1.2534384
7.70953,5.4077663,1.6302602
7.7816696,2.0363035,0.54851055
-7.3989654,4.037895,-1.5227559
0.71796894,-6.303315,1.6576538
-8.2117,-3.402132,-1.9029492
-6.8947363,-6.5045357,0.4014638
7.6788406,2.2770824,0.3356892
-7.9671917,2.0361977,-1.4423801
-4.90417,-5.00818,1.2731631
4.795704,-5.4555073,-0.3199439
9.7297325,4.6501617,-0.3624369
-9.714161,0.8122635,0.9732182
-6.4528027,2.0454788,-0.6258613
-3.9213347,-2.330594,0.014321208
7.74658,-8.859477,0.14981055
5.827712,6.422964,0.5503595
6.2342377,9.362371,-1.0469815
6.407608,8.481539,-0.46306717
-2.5026312,-7.364466,-0.12616381
7.3733635,-4.7205067,0.89482695
-0.28100395,-7.247182,0.2929211
0.9395361,9.041191,-0.120043814
-2.6519227,8.028374,-0.6438441
4.2421093,-4.503541,-1.0987747
4.465624,1.7938843,-1.1909498
-1.0600042,7.1675224,-0.2385552
8.803392,7.647045,0.78762496
-2.5898623,-4.6410265,-0.5954635
2.5310974,-3.782301,-0.22839928
9.082598,-7.6544595,0.5337427
5.63416,-8.9983225,-1.5148478
-3.6414146,-2.6936316,-0.4220628
-4.529811,-3.1205058,-0.016398787
1.9299545,5.988599,1.8931153
-0.0757885,7.564148,0.2100769
0.70378876,-2.1827307,0.072659016
6.4416428,4.4475365,-0.103971764
3.4954967,0.06274605,0.65146947
-5.6084385,5.024969,0.9322144
-8.164654,-8.827412,-1.7789481
9.454176,-1.7607355,-0.21819293
-1.1009007,-3.3288965,-1.8741254
-3.9396372,8.078476,0.49337894
-7.3446093,4.739647,-0.84579617
9.602789,3.8903437,-0.90961194
5.0460567,4.990196,-0.6705998
-6.3393555,-6.6720686,0.8691924
-8.636666,-7.542033,-0.40210927
8.687216,-5.9092817,1.6033943
4.305418,-1.6991405,-1.0463161
-1.4688988,-5.1384783,-0.58149993
-8.310861,4.2870274,-1.3100839
6.061062,8.646629,-0.93251574
-6.78821,9.902218,-1.3720032
4.914028,6.761091,-0.09177965
-9.497795,4.131418,-0.47588342
-8.916096,0.1153326,0.50632983
-9.593249,-5.3397417,0.7546792
9.065426,1.7268639,0.19623305
9.087389,5.749851,1.1921412
-8.532837,1.1424961,-0.36296684
7.730343,-1.0987654,1.4470625
-6.0782633,-0.8378992,0.8725165
-9.293528,-8.90832,-1.0004478
4.812605,0.35925388,-0.05882317
5.668622,1.5829544,-0.5887596
5.6682777,8.53405,-1.2057292
1.7549725,3.6266375,0.098433435
9.597076,9.449596,-1.1711392
-8.614563,-0.2075634,0.25410056
4.613907,7.6850853,-0.82706004
-3.168849,-5.983344,0.9826364
0.49388313,2.8826313,-0.49260795
6.896879,9.536041,-0.41792536
-7.1610475,2.5148048,-1.5792907
4.3823223,-5.5848303,-0.18011987
-1.9973965,4.163747,-1.4319069
6.4682045,-9.544792,-0.8088415
-0.26259613,4.343405,-0.6202568
4.9613714,-5.511241,-0.25260788
9.594919,7.0407543,0.5571871
-3.5705004,0.909997,1.0296259
-9.850466,3.2282934,-0.58329654
9.432764,-4.541291,-0.17825018
-5.5055914,-0.92422485,1.3040204
2.2852936,-5.211483,1.234053
6.2193832,8.512009,-0.6753158
-1.5529442,3.9435444,-1.695146
7.815342,-5.285035,1.5411115
6.480541,-3.750657,-0.62410635
-2.0132828,4.7670364,-0.84906954
2.6218786,-6.1031723,1.4804733
0.75783634,1.9802179,0.28927273
9.782888,-4.9294815,-0.13511387
6.923292,-1.2298403,0.9316694
-6.6604176,6.876091,0.4609718
0.96351814,-1.4921045,0.8998148
5.393593,5.551136,-0.033008933
7.6450386,-6.5976057,1.9292264
3.414321,7.833708,-0.24908745
4.2491703,-9.432115,-1.894592
-1.8463364,-9.5250435,-1.9572561
0.21689892,-9.85464,-0.69382095
-6.921046,-8.648609,-1.3090807
8.23241,-0.8779545,1.5679727
7.8743916,-9.548965,0.0074930787
-5.5064573,2.2546873,0.069135785
-8.56144,-5.2392445,-0.2571981
7.7978764,1.6074371,0.9617939
-8.863111,-0.6839266,0.24249953
6.4132175,3.7143803,-0.71072733
-9.740398,-1.3249187,0.55381393
-5.112531,-8.002935,0.772602
-4.233946,1.2391491,1.2133137
9.398052,2.3354635,-0.6655743
-1.6921511,-0.25679588,-0.025436819
8.625868,-2.121457,0.19334584
2.9054222,-1.0148029,0.76176846
9.687828,0.65492535,0.53306645
6.623476,0.5095949,1.2067034
7.364744,-2.817706,-0.06531417
8.7184925,6.810089,1.5133805
-2.9545116,-8.377843,-0.686219
-2.7494535,6.943819,0.4074375
3.222086,-6.2192144,0.9175481
8.809422,7.122154,1.2454798
-3.6800804,-6.9070616,1.3244585
-7.866144,-6.2055693,-0.0029366612
-7.822613,1.3420963,-0.77279645
-4.6200013,9.27446,0.007011771
1.5956516,-1.1708059,1.3891007
-1.1572056,-1.6202469,-0.96511406
-2.6667967,3.8715925,-1.2023314
-4.674979,3.40164,0.032922506
2.6010427,-3.0969,-0.4843939
-8.237171,0.67094994,-0.14424539
9.838226,9.989729,-1.2463844
-1.5486832,-0.13818932,-0.00928849
1.865879,-8.997931,0.04650265
3.2942276,-8.986576,-1.057559
-3.8909125,5.5327225,1.4125142
7.891922,-6.933099,1.7954165
-0.07411575,-9.129106,-1.0306543
0.8203411,0.6219473,1.5441239
-9.51961,-2.4559546,-0.6793248
1.237793,9.887894,0.0503999
3.431261,-7.780305,-0.21202436
1.3934755,6.995186,1.7413762
-0.99104404,2.9212275,-1.8124161
7.550934,1.827136,0.7008898
7.906044,3.5290194,0.0727607
6.884617,5.6512547,1.3727119
-1.7356167,7.165251,-0.35089004
1.7274466,-7.6093006,1.2300023
-6.9821835,9.473839,-1.6422479
-7.486422,3.4292612,-1.8921151
-1.7477417,1.5286465,-0.9422486
1.1177483,-4.5096054,0.69772047
-5.8245444,9.686302,-0.52326715
-8.346938,-5.210599,-0.4030837
4.549177,1.8404865,-1.2531433
3.656129,4.168063,-1.0099726
-6.6070294,-7.9666567,-0.43065
6.6543674,9.026266,-0.5589222
-7.4746313,-0.07505417,0.068279326
7.564598,1.2022343,1.3186944
5.312439,-9.252825,-1.8105597
-3.3796701,3.240324,-0.7592952
9.520573,-7.8995476,-0.14119843
-5.6147423,-2.2237053,0.012265265
-4.5679116,1.1707535,1.379039
7.970396,-5.8442664,1.8984431
-2.576816,8.957623,-1.4280801
-4.0388846,-8.151491,0.48850065
1.5473261,2.1360216,0.46411848
-1.6897564,3.7074575,-1.8370578
6.2999115,-7.0258436,0.7533989
8.164286,-0.71445084,1.7076939
4.44818,-9.384843,-1.9645021
2.1626806,-9.943534,-0.038545787
2.512168,7.1593666,1.2287695
0.26035404,-1.3858433,0.44132307
1.1743689,-3.2099485,-0.07521832
0.18989086,-8.053613,-0.00955604
6.818945,9.297628,-0.48143303
5.592186,-4.202919,-1.1250222
-1.005434,7.986328,-0.9763551
3.7762632,-9.565225,-1.5830657
0.55305576,3.1884804,-0.47361106
3.5338297,-3.6488857,-1.2563193
8.210011,6.974638,1.7076089
-6.8037534,0.29170132,0.46038294
1.4210901,-3.737832,0.16136181
-2.080411,-4.13396,-1.419642
-9.776159,-3.7169113,-0.49482387
-9.7172365,8.613092,-0.3999694
-1.3093891,-0.042681694,0.03306198
7.1572056,-9.458047,-0.23253149
-6.593856,-0.123817444,0.68664724
3.257371,-0.44460297,0.78726166
5.763503,8.477819,-1.0807587
-7.288804,-8.437588,-1.3955302
4.294652,0.04928112,0.08477652
1.8873386,7.789625,1.0146295
-9.10412,1.1560173,0.08779687
-0.19226646,-0.26082134,0.7750944
-9.388083,-8.935767,-0.9194842
8.743027,-7.5982294,0.883127
4.6868153,-3.0352116,-1.9940199
3.831643,-8.315233,-1.0816454
7.6772575,3.7435093,0.160173
7.647644,3.0106602,-0.012652755
9.927509,-8.4137335,-1.0127966
4.12582,9.908468,-1.7181295
-7.2197843,1.1494293,-0.39653927
9.288361,6.5758743,1.0934662
2.7778492,-3.7387953,-0.47113663
-3.9419985,8.276077,0.30796573
-3.7216496,8.399086,0.029564261
9.357361,-8.873281,-0.78437483
2.2214203,-4.038602,0.17175609
7.268448,-7.223893,1.4226334
0.7798958,-0.06553745,1.7010585
9.237337,-6.772846,1.0688375
-7.317318,-4.2546806,-1.3013127
2.3833323,3.6797638,-0.17098802
2.3861837,4.5847645,0.55830806
-0.1153326,7.6643333,0.07343642
8.895742,9.094746,-0.4413309
2.0081186,3.2126799,-0.0915854
0.541708,-2.1056437,0.005890429
6.825323,2.1428528,-0.025393784
-0.78946114,9.472771,-1.7088225
-0.6461086,9.509867,-1.5984662
-8.244593,-9.936808,-1.7964284
-0.065517426,9.026665,-0.9872647
-4.667752,-3.079504,0.00093084574
5.7898216,-3.4237576,-1.434046
8.699377,-8.9184475,-0.21109456
-9.329304,5.2153873,0.38672543
-5.7921495,2.9757996,-0.5147482
9.627697,6.9192696,0.6028987
-4.268223,-5.1429234,1.3203257
8.893364,6.6650295,1.4347318
9.845644,-9.360604,-1.4064926
-2.5078735,7.3352127,-0.0963344
-8.094917,7.060793,-0.25852114
5.00019,-8.923472,-1.8358263
4.5457277,-7.91306,-1.0451883
8.690201,1.9349594,0.31410605
1.4443026,4.7522354,1.0318462
5.437502,9.7821045,-1.6852598
-8.574394,5.08325,-0.38911554
1.3781586,-6.8768253,1.8104126
2.3535776,3.2590199,-0.2841586
6.2675743,-9.209072,-0.9924359
-5.3529954,-5.065303,1.147367
-1.1950436,1.5532608,-0.912697
-5.960659,2.8803434,-0.6491045
-6.73012,-8.818645,-1.2540604
4.1629066,-2.3771095,-1.5745351
1.5249014,-8.106898,0.74871814
3.9734573,-8.85643,-1.5819798
-0.22771072,-0.060632706,0.77241445
-0.24565792,-0.56466484,0.60157347
-0.3839674,2.1623945,-0.9322902
5.4016247,6.4466934,0.21493006
-6.919415,-9.68704,-1.559973
2.1556454,-5.6713953,1.6524167
5.4833374,-3.1945515,-1.7158481
5.799905,-7.565316,-0.18001333
-4.798793,9.098286,0.049096346
7.743824,9.425877,-0.0060606003
-6.6646185,-9.740401,-1.322854
5.214384,-8.676813,-1.6096989
8.180019,-5.3865614,1.5715699
0.32086372,-2.9874601,-0.6727587
3.0635967,0.7700968,0.79576015
-9.473209,-9.776499,-0.89036876
-3.9555955,-1.3409042,0.95491374
-3.9289188,-8.05834,0.5055298
-9.310343,9.327566,-1.1094642
-2.1176338,-5.9608507,0.094325185
6.9811935,1.7003536,0.5134979
-0.95478535,9.918488,-1.6967707
9.881775,-7.9336367,-0.52082604
-9.00175,0.4370098,0.49549785
3.9881506,8.952425,-1.6395044
8.647104,0.11289406,1.6952579
9.719587,-7.3742237,0.171007
-3.8791466,-4.5759106,0.53642446
-9.029133,-8.613731,-1.0741435
-3.6754332,-5.141815,0.9251924
7.413084,-6.5078998,1.8792268
0.87616825,4.612336,0.66840583
9.558001,5.666273,0.6828398
-7.3017826,-2.368947,-1.5674396
-6.261821,7.8104687,0.06486212
5.0963345,-6.1094294,0.057748437
3.428793,3.5968456,-1.1814182
-6.496812,-8.857855,-1.0555627
9.303165,5.8300705,1.0204009
-3.8566265,-9.917127,-0.22558206
-8.310993,5.8481445,0.009477615
2.7790737,-0.65609455,1.1470113
-5.6023407,-8.85481,-0.21246856
-4.758785,9.055876,0.06620014
-5.586374,1.4265633,0.7855092
2.7198887,-7.4466276,0.805497
4.6849365,2.6459494,-1.879286
6.7256565,-6.447952,1.4146307
-5.6586704,-7.2676563,1.1380076
-2.3371086,0.18952847,0.26162022
9.334225,-1.5090094,0.15217721
-5.1369276,-6.8863783,1.7347574
-3.6146379,7.218937,1.0488126
-1.9228535,2.4173107,-1.6876407
-8.854814,-4.953413,-0.30090487
-7.3912597,5.12665,-0.49232733
8.908901,5.988428,1.4501704
1.8459377,8.112831,0.7064183
1.8684187,-1.2153721,1.3040246
3.9642992,-3.023428,-1.7260163
6.08148,1.1054049,0.24843234
6.7171307,-0.87227917,1.0635366
7.162365,5.19956,1.238344
4.0361214,-4.694357,-0.79794526
7.5386734,5.024996,1.2582409
6.533764,9.283087,-0.7420141
-1.6721048,4.0294466,-1.6259508
0.9007597,6.888462,1.6061436
-5.2381516,-6.5746617,1.8227621
-7.5246487,3.6423798,-1.8234632
9.4848175,-8.342777,-0.52956635
-7.446642,-0.3281641,0.028457642
-6.251689,-1.5026665,0.09956831
-9.659512,9.876774,-0.66699326
-7.660054,-3.0246344,-1.9744232
2.2731571,8.207451,0.41716456
4.7998314,6.0181446,-0.031097472
-8.335319,-0.08887768,0.10967624
0.7957697,6.8379364,1.5644339
-7.3825336,9.842302,-1.8050071
1.8933249,-5.504124,1.6600105
5.9730196,-9.110138,-1.2561243
-3.8367844,2.3041878,-0.02886033
-4.390231,5.182782,1.4017913
6.5134945,1.3699102,0.42781624
-6.44469,9.185711,-1.1323631
-2.0437431,-1.5736122,-0.8930457
-8.325878,1.8748779,-1.1901249
7.007349,-7.7129498,0.8030741
3.1894207,7.1400566,0.60699546
-3.9726677,-5.875902,1.6568569
7.1163273,-1.330781,0.9777657
9.468407,-6.6262636,0.8981088
4.0818253,6.8610096,0.029957712
-7.0618224,-5.9111395,0.22927576
-2.1805358,-8.436672,-1.3700697
8.043989,-5.0102243,1.2754543
7.267193,0.018582344,1.8325503
-3.28761,-6.645131,1.0807086
6.617298,0.54514503,1.1829833
-6.541629,-1.5859995,-0.27077866
2.6824818,7.7926064,0.504488
8.815058,4.6041374,0.46459782
1.8150024,3.8267384,0.19600272
-7.9461346,-5.210453,-0.51803124
2.9992666,5.632992,0.9378127
5.573168,6.297846,0.34804547
6.954767,-0.54452515,1.4775985
-6.578009,0.056458473,0.7078354
-1.795064,-1.4923487,-0.89659
-0.52045727,-0.18570995,0.48552853
-1.748353,-7.3301115,-0.48404324
-2.2192993,4.9593973,-0.55248463
-3.6032462,9.2042465,-0.5303521
3.443884,5.017496,0.002687037
4.752016,4.720661,-0.99094284
-1.942297,9.064728,-1.8676628
7.8582077,6.9746475,1.7703055
-0.053739548,2.3352737,-0.7458736
2.4377584,6.642685,1.5832186
2.5026903,6.962223,1.3744922
-3.4048796,2.0456066,-0.19691414
-0.43898106,-2.4142418,-1.1719558
-1.1168251,-5.918746,0.035611093
3.7817745,-2.746644,-1.5203576
-5.372466,2.9908352,-0.19871265
-4.590436,-7.801366,1.0451645
-9.652548,-9.094191,-0.7200463
-4.350195,-1.5358047,0.9701061
3.1874523,1.6799889,-0.15481927
8.082821,6.4111404,1.9657552
-9.858641,8.09016,0.18638958
-3.597499,-8.10216,0.1946372
6.2914524,0.14587212,0.9976465
-5.407753,-7.2661543,1.3223748
6.7518272,0.9449053,1.0374947
0.40357113,-8.165188,0.08649796
-9.402058,-9.01791,-0.94108313
1.6908789,0.46822548,1.8851693
-5.9939814,6.6543636,1.2170899
1.9435511,-9.57509,-0.05739671
-8.960104,-8.996714,-1.3579023
9.396618,1.1464872,0.4398476
-4.266654,9.663338,-0.06938529
6.3955765,-2.857894,-0.847872
-6.291767,9.209301,-0.9854562
-8.381022,9.354113,-1.8618035
3.934328,-4.362445,-1.0551212
6.0119953,2.7504902,-1.1923676
-0.08994484,6.179596,0.9048158
-8.457056,-8.765779,-1.6142011
-2.743021,4.0079107,-1.0357387
-6.929755,4.141822,-1.1425617
2.832674,-0.026800156,1.3036695
1.6192331,-9.87719,0.09943169
6.9492207,-1.5586004,0.63006914
9.98221,-7.602031,-0.2797156
-4.6227264,0.000248909,1.995983
7.900814,0.2647295,1.9640669
6.9476547,-5.4621468,1.2981031
1.5371647,8.730652,0.23082149
-9.804409,-6.538686,1.3381147
-6.9357657,6.4946346,0.37048912
4.357314,6.381035,0.057596087
7.430792,9.215275,-0.06635076
5.3442955,2.9312181,-1.7848556
0.94252205,6.6443787,1.7445188
-6.08148,-3.475647,-0.7443805
-8.787068,3.5851555,-1.4985852
-5.7146597,9.069183,-0.39904946
0.07451439,-9.742277,-0.87557364
1.3181095,-7.0745063,1.6711506
7.6587524,2.9631882,-0.003124833
-7.2124376,-2.2818336,-1.4537928
5.230156,-1.6965847,-0.9943835
8.471085,-5.711653,1.6566315
-9.038501,0.008820534,0.62321854
-5.328249,-3.1369758,-0.18371236
-2.7908049,9.526173,-1.3385017
1.9186411,6.1236916,1.9274173
8.957468,2.6176147,-0.4153495
2.0408058,4.1025743,0.3188485
6.7661705,-4.2098117,-0.01726076
8.091293,-2.6899219,0.07225436
7.850506,5.9210014,1.9351193
-9.120291,8.592295,-0.9728452
-6.533327,-2.0550861,-0.7131213
-0.6538372,-8.767348,-1.3998022
-0.036489487,-0.2521515,0.9318965
0.8430157,5.9489775,1.691323
8.400898,0.46914196,1.7460887
9.057325,-9.641462,-0.61737645
-2.9258099,1.2583828,0.093244106
-4.6229706,-5.4114175,1.6394792
0.8099642,4.1078396,0.1558711
1.2652922,8.247377,0.5703684
6.1671944,6.08189,0.86407745
3.5527325,-8.135021,-0.677009
3.1161156,2.2902088,-0.63346857
3.28292,-0.5591202,0.7068649
7.4452915,1.9871998,0.51316833
5.955611,-4.9429584,-0.0932152
-0.98361397,-8.119371,-1.0947905
-6.977768,-4.666314,-0.6861234
6.742958,0.41514492,1.3588023
-0.81528854,5.5184355,-0.006367862
-7.1641216,-8.824268,-1.5963829
-1.6665468,5.005455,-0.7065306
7.357996,9.563087,-0.11095041
-4.596615,-8.319001,0.54486537
-0.96423244,-6.981621,-0.05576247
3.3735218,1.9244432,-0.57617676
7.190773,-5.954013,1.7343311
-1.496645,1.7548523,-1.1802706
-7.1828914,-9.033707,-1.7076454
-4.180311,-0.7573433,1.5884185
-3.2279348,9.082962,-0.8559126
1.0908995,7.517212,1.2174826
-6.7899394,1.7034187,-0.6175758
8.811243,4.42807,0.29525748
2.6363716,9.011215,-0.43169394
-7.203703,-8.092859,-1.0325273
5.461007,7.408045,-0.3013268
0.50465107,3.4100971,-0.4806667
9.784094,-8.392483,-0.8644837
-0.20095062,5.138508,0.21373893
-0.13187504,1.3814754,0.056698814
-9.651223,-8.8298435,-0.60367036
-8.259902,-5.1803994,-0.46762782
0.034971237,0.9607029,0.6079081
8.486366,1.1438608,1.2207036
-6.1840177,2.6477957,-0.7815343
1.9579229,7.77063,1.0092529
-6.8914723,8.320911,-1.0216094
-7.7505646,3.8004246,-1.7853651
-3.6769962,0.8835373,1.144609
-6.6947975,0.037599564,0.5992058
-8.273912,9.150173,-1.8756497
-3.06944,0.56714916,0.77134573
-1.3663301,-6.60908,-0.03180474
4.9786873,-4.845996,-0.8315419
4.5976114,-9.751865,-1.9404025
-0.13125992,-6.932342,0.6657105
-2.2839975,9.722982,-1.712137
-2.124474,-7.7841654,-0.78083694
-8.2138405,-2.2388449,-1.5554018
6.9514256,-9.427056,-0.38039172
8.970091,5.649028,1.2447524
-9.193792,-4.1164255,-0.7902435
-9.54815,9.985258,-0.72394055
-9.369724,6.7789288,0.82458943
-1.6128454,-4.202734,-1.4869921
-0.024147034,-4.1357207,-0.56937873
-6.529591,-1.6635132,-0.33650395
5.52577,-2.6131735,-1.5506506
0.65855885,-8.662225,-0.11109698
-5.061713,0.9826908,1.49439
-9.67402,-6.792165,1.1199116
7.787119,-6.380658,1.9930189
9.918282,3.0791483,-1.4717653
0.9285011,5.3693094,1.4114041
-4.7893057,-9.490313,-0.0008100271
6.3576527,2.164363,-0.48492256
5.8934355,8.357761,-0.8626962
-1.4349651,3.8117332,-1.7745235
9.377628,-7.4185753,0.46891105
-7.389411,-9.563992,-1.8843395
-1.1459723,-1.0383015,-0.4034269
8.474611,7.019169,1.5546832
-6.187501,-0.74074364,0.8335054
-3.0846238,-9.422904,-1.0569363
-4.251562,9.784037,-0.040472567
-4.093678,-7.434307,1.22209
8.808493,3.1223412,-0.42180687
6.1635895,-5.9577093,0.8281877
-9.091183,2.0326328,-0.77303517
-6.116227,-2.0827188,-0.32367063
-0.13049221,-1.1634817,0.2660229
-3.2514858,-1.6182528,0.062233496
-5.5070615,7.98168,0.57316697
-9.829555,-4.688944,0.37037045
7.375248,-3.0008078,-0.1025272
5.5988684,-7.1637487,0.0045728683
2.901558,-5.804948,1.1255438
-2.2504606,-1.7022018,-0.90881145
-9.693211,-7.873056,0.24614738
-0.62605095,-3.8030682,-1.375036
3.8229742,-1.2486944,-0.3133056
-2.9021893,-7.063278,0.47372514
7.8714237,2.0801058,0.51227343
2.2854328,1.2263288,1.093027
-0.49619675,1.8918362,-0.7916379
3.952095,9.33041,-1.7201841
5.2112875,-6.6393385,0.0591349
-7.3346195,-1.9177713,-1.2081906
3.041008,-4.0085244,-0.5467535
-9.088925,-7.6957808,-0.17203245
-2.0954227,-2.548616,-1.694792
-3.242158,2.5619879,-0.7362833
7.6355267,2.224637,0.367994
-9.6321,-0.91563225,0.81512946
3.5528488,7.150194,0.24734879
-9.112191,6.9198895,0.4965386
4.3351192,7.7403107,-0.8162476
2.449047,7.185644,1.2581804
-3.9349985,0.31394482,1.6638691
2.9537058,-0.48149014,1.0730891
9.59771,7.6669807,0.013841853
6.0880737,1.3439178,0.031061098
-9.124676,8.555187,-0.94075716
-2.5915742,0.4092312,0.394724
9.070852,-7.6128254,0.5854084
1.547121,-6.8376064,1.849925
1.2328453,4.615673,0.84687084
0.7134743,6.3229084,1.6536758
-3.515854,3.3120708,-0.6199187
-2.6159096,7.8252735,-0.47309983
0.66366005,9.316145,-0.37810105
7.527527,-4.304924,0.5509021
-2.8184834,2.9665098,-1.3022287
-2.616931,1.6812849,-0.6111841
1.9035969,-1.2180557,1.2906021
-3.6600552,-8.380789,-0.0072306693
8.722601,-7.721758,0.77772003
7.5226383,4.392619,0.63125813
0.4201107,-4.329814,0.034550965
-6.4667034,-3.8805332,-0.9216722
2.798668,-5.486659,1.0354373
8.480513,-4.2204437,0.33772504
3.2944021,4.4147673,-0.44546276
4.1915703,-7.108748,-0.18926853
-5.2931395,4.462489,0.58874416
-9.851069,-0.8856878,1.046254
-3.7602768,5.1187277,0.97521245
0.31958008,-5.3300595,0.8933056
8.8847065,3.5507698,-0.40325123
2.0879478,2.2072544,0.27488023
-1.8332014,7.459713,-0.58163583
-2.5127544,6.247015,0.41114026
-1.9120407,0.8040695,-0.24855727
-5.3772917,8.467426,0.21128935
-4.18651,-7.4897184,1.221144
1.8577881,-3.390771,-0.010015607
6.7721195,4.206415,-0.014974207
8.4936695,5.4877357,1.5022459
3.850974,-7.1502852,-0.004324138
-6.9097185,-2.9157352,-1.5609424
9.24453,7.9220734,0.11123467
9.65609,-8.603155,-0.9102884
-2.9717484,4.399517,-0.4768213
0.3447771,9.910656,-0.54627836
9.051977,-3.7104168,-0.47830963
-3.5164967,-1.1199617,0.8019001
4.740673,2.5354252,-1.8214376
1.6633091,4.5908356,0.8744694
5.5742607,-1.434598,-0.5152402
3.4841356,-8.8762865,-1.1891955
9.921356,-0.4351759,0.43037605
8.474972,1.1825476,1.1918708
-6.823372,6.608469,0.43326414
6.017929,1.801136,-0.4904648
-1.9784946,7.524044,-0.59405184
-5.2322807,-3.8348937,0.09873235
1.677248,-1.536746,1.028383
-1.361126,2.9193954,-1.9535152
-6.516718,7.9491196,-0.32641014
-8.826795,4.1682835,-1.0806298
-5.5731115,9.219566,-0.32712817
1.029562,3.2777548,-0.1336708
6.0943375,5.1222334,0.21073927
5.8926125,2.1686563,-0.94359314
2.6667538,8.257681,0.06437224
9.486275,7.8220444,-0.02952617
-8.5648155,6.0744896,0.22048396
-6.2942705,-8.473787,-0.591962
4.304592,-1.1100254,-0.47335806
-9.108491,-3.3876858,-1.2809114
9.431211,-1.5033932,0.060918666
1.3787956,7.120407,1.6511534
-3.6854959,-6.6021657,1.4670355
8.9229145,-5.2128067,0.96085215
4.662451,-4.0556073,-1.6093246
8.410116,0.70459557,1.6111755
7.5337696,-5.556282,1.6964047
-1.7403994,1.9983921,-1.400336
9.077839,-8.47487,-0.24173689
1.320612,-5.118108,1.3635461
0.96831703,5.972314,1.7760005
3.4747877,6.895447,0.49128634
-7.828761,-3.1251597,-1.999547
-5.9792337,0.53453636,1.1597979
9.462502,-0.34012318,0.90499896
-6.5440836,-7.07955,0.44136152
5.4033623,-2.2423935,-1.3928633
6.0436916,5.9036293,0.69161844
-8.118502,0.33597088,-0.021127462
-1.1460762,9.591677,-1.8972588
-0.10699749,-8.169144,-0.41676396
7.418928,-7.088257,1.5999072
-2.7364912,-8.525419,-1.0162241
9.032003,-6.3296866,1.3816721
-8.391163,2.098116,-1.3623734
4.177616,6.689535,0.05818528
5.46002,-8.186716,-1.0599303
-3.6024609,-7.630093,0.66674864
-3.2886305,-3.7038517,-0.69954437
-6.3694468,5.9318295,0.8527524
2.6530514,5.281933,1.0085863
3.351139,-1.015934,0.31881005
-3.5148869,9.121666,-0.5897275
8.086988,3.6390867,0.09419531
-1.5322542,9.399412,-1.9989357
-1.5581589,0.026883125,-0.00028145313
7.8102074,-6.1926985,1.9949509
1.7521296,0.11158943,1.9773846
5.3531075,3.1673918,-1.8013337
5.894291,3.9096975,-1.0983942
-6.5456653,-0.037633896,0.73981553
-0.12666225,0.34158134,0.81590223
8.831575,1.8973589,0.23823017
-6.183547,-2.2047758,-0.4928821
1.309701,2.448309,0.19695616
7.4282722,-6.3649426,1.9074059
1.1041346,-2.2005138,0.3041587
-2.2422647,5.391575,-0.15474921
3.6161528,3.0566607,-1.4533427
-8.271476,5.5957546,-0.14122891
8.2159,-6.6599727,1.8650706
7.8556423,-2.9433036,0.019593596
-2.8003273,-5.177125,0.11350706
-3.6175752,-7.779093,0.5330308
-1.9560661,-4.105561,-1.4969618
9.949722,-0.6396675,0.3011294
-3.8386035,-0.7325916,1.3853722
2.9944305,-0.6179104,0.9617224
-9.493923,-6.316661,1.0685298
3.0226822,-0.6784439,0.8971807
6.059059,2.6516247,-1.1046025
3.2367983,7.1820717,0.52742004
-0.4751768,6.049841,0.5154028
0.7297764,-8.35712,0.18452603
8.659779,-6.3707805,1.6887026
4.345804,7.8880253,-0.96759397
-2.3107395,6.7881794,0.13667047
-8.032064,5.5509567,-0.24049872
7.2880974,-5.157578,1.2747433
-3.7230577,8.433147,0.0019229054
6.234783,-9.715298,-1.0064783
-2.0097685,-7.9527545,-1.0038013
0.16597176,0.89500237,0.79072773
-7.8863535,4.65084,-1.0609864
-3.8096294,-9.425639,-0.38055366
0.82509136,1.4720345,0.8332112
-9.664003,-0.15048885,1.225648
-2.0579028,-1.31633,-0.63196194
5.8104944,-7.832558,-0.4338619
7.028454,-4.7938814,0.75957143
7.365925,0.4694233,1.775075
-3.0496273,2.3916483,-0.8235625
0.78717136,6.2719364,1.7082963
-8.02452,-3.542675,-1.9061325
5.1801186,9.465422,-1.8917685
1.7705622,3.7652988,0.16839367
8.370264,-6.7941165,1.7419499
-1.5556793,-9.955678,-1.8622375
9.563929,6.723379,0.7659671
4.954343,0.7557583,-0.24312001
8.534119,-1.003643,1.3147198
-0.6507969,-3.3105183,-1.5915866
-7.846265,4.701442,-1.0109173
-7.842481,-3.598443,-1.8973802
-9.428888,-7.316185,0.5163552
1.6621542,6.9447155,1.7848829
-7.7329493,-4.287455,-1.4049451
-3.266591,5.757908,0.98985803
5.0814476,-6.8768444,-0.10376805
9.090891,-2.0103016,-0.09777391
-2.5080242,-5.4797506,0.10221434
6.9235115,0.425642,1.5082309
-0.7577629,-1.1826534,-0.30882806
-2.0011592,2.9833984,-1.8963277
-1.1834326,-7.756498,-0.8285787
-4.5343184,-8.819919,0.16160524
2.736969,7.952982,0.29483417
-0.054131508,-7.656788,0.14181317
-4.8723316,3.3719625,0.013654411
6.3605843,-8.684826,-0.6611792
-4.467385,1.9486961,0.6011671
-6.772785,-0.21276855,0.50717723
3.4714527,-4.9174786,-0.12025575
-0.6140671,-0.20592117,0.40267676
-5.5048904,1.2277622,1.0384121
-8.163314,0.2798376,0.0085632205
-2.9961052,7.565323,0.139692
-7.656667,-5.7279563,-0.13081688
5.438959,4.528248,-0.9305595
-1.245594,9.210054,-1.9246215
5.1505737,-7.182704,-0.28353643
4.8676605,-7.8325105,-0.96650004
0.80546474,3.3797598,-0.25061935
-1.5396729,-3.5499582,-1.9172869
-5.1574516,-0.22552586,1.8772604
2.2513018,-9.328249,-0.21808988
-8.695474,6.108309,0.318397
-4.8729095,-0.6602297,1.7769957
7.974659,0.61479664,1.8096181
-1.9409714,-3.4760976,-1.876837
8.06723,3.471427,0.031252563
5.9217377,-0.16399002,0.6329551
-2.108058,-3.9853954,-1.5237396
-8.048931,2.484089,-1.7725778
8.03093,-3.713025,0.14325845
0.8424196,3.711214,-0.095849276
9.450378,-9.577782,-1.0139154
-9.044122,-3.869307,-1.1182264
2.060729,-6.851736,1.7250466
-8.615899,4.2545023,-1.1655672
-1.214119,-7.0221496,-0.19789559
-8.765121,7.748081,-0.5071429
-9.101765,2.434888,-1.0779312
0.50446606,6.128771,1.4714419
9.858772,-6.52316,0.55084586
0.76623154,-8.123342,0.42731038
-0.926466,-1.6410179,-0.8696661
9.321413,-5.4945993,0.80803
0.9153795,-3.3871756,-0.17720187
-5.5836573,8.220034,0.28592482
6.3588715,5.344822,0.66672283
7.1354866,-2.9545856,-0.2297678
8.670984,6.0723763,1.6622716
7.864191,-6.698159,1.9150748
9.295643,-5.8108926,1.0193042
-3.708825,4.4294157,0.25808808
1.4378834,4.317294,0.6062843
-3.6490297,-2.8913927,-0.48292407
-1.3310966,-6.8241224,-0.11418283
7.9061165,1.5630093,1.0064282
-7.901307,9.646826,-1.9743288
5.4646416,9.842077,-1.6443384
-5.7778273,8.203997,0.14120883
0.05483818,-7.4990473,0.40233952
-1.1906195,6.628851,0.012251139
-4.5042777,1.8312941,0.7208613
0.8527508,-8.116626,0.49345806
-5.065583,0.64226246,1.7390152
9.057447,-9.6572075,-0.61398435
-3.6201262,2.1467571,-0.08416286
6.3294754,-5.498724,0.7540425
-2.381979,-6.728356,0.21389586
-7.873299,0.48658466,-0.1158784
7.7628117,6.7446976,1.891227
-2.7612424,5.6128683,0.41237906
-4.142678,-6.1883807,1.8375661
0.7496939,5.6880264,1.5094742
-0.10188198,3.7207508,-0.9386295
2.8218126,-6.6756735,1.238318
-2.4262762,-2.5793433,-1.5019145
-2.8851929,-2.3963737,-0.9885391
5.471348,-8.127822,-0.99598354
4.5834618,-9.124815,-1.9470478
8.838932,-6.790642,1.4268878
1.1036148,9.090839,-0.051917553
-2.595961,-2.657031,-1.4038372
-2.1304502,0.9599104,-0.2738455
-2.0378265,-8.303925,-1.3278235
-3.1602716,-1.7200985,-0.1300702
-3.4128237,3.77808,-0.53627086
-2.8175268,-0.20264626,0.66111404
3.0157948,-0.7858429,0.8322586
3.9567366,-0.1332035,0.26331723
7.6112576,6.7238293,1.875164
-9.731313,-7.044648,1.0255842
7.7546387,-8.980244,0.09225851
-2.014717,-9.632005,-1.88168
-9.771849,4.066181,-0.26201847
6.5374527,-5.570422,1.0080943
-5.669565,-4.3736706,0.24355236
-4.506271,-1.3226681,1.2244227
3.3188667,5.862463,0.73644716
1.6380224,0.08691311,1.9939666
6.8167286,1.9573841,0.13155714
-6.977575,-2.80895,-1.5850991
5.4326296,5.4423704,-0.08479124
5.2122498,-4.988768,-0.6047753
6.189806,7.708256,0.051966965
-3.328421,8.231375,-0.18275481
1.6983309,-8.995535,0.082597494
2.943451,-3.1663847,-0.80284494
9.428757,-1.2050066,0.35370815
-6.076739,-5.384754,0.82782125
-9.181905,0.53693676,0.6187871
-9.043995,-3.2821846,-1.3617808
1.3244257,8.27878,0.5576669
-7.6001406,-0.7911377,-0.26491833
-1.8511686,-5.5899167,-0.19179118
-4.674655,-4.965627,1.2498283
1.8114958,-9.345871,-0.02571696
-7.086178,-6.146035,0.27117187
6.166765,1.941515,-0.47844264
-9.823874,3.02067,-0.6041118
-5.4786015,-4.309965,0.3288924
2.0635033,0.101745605,1.875884
-9.835865,5.017543,0.70004594
2.4648142,1.3218365,0.8726808
-3.7411604,1.1265659,0.9940487
-5.050522,-6.5601215,1.9052733
7.1683006,9.40172,-0.22574615
-3.2289362,-2.9522467,-0.894895
2.3639727,0.8249512,1.3801782
-3.861277,-1.2314968,0.991974
4.6780357,4.344455,-1.3590987
9.106659,-8.282967,-0.103167444
9.599377,2.275755,-0.8217153
-6.048994,-7.7620482,0.32386032
-9.940424,7.8931313,0.45395732
-6.9928026,-3.9417005,-1.3481729
2.817068,2.0414114,-0.13457638
4.0145054,0.6617718,0.022700787
5.252138,-3.9747105,-1.5304093
4.342428,-1.33461,-0.69834495
9.728207,9.512007,-1.294992
-7.583246,-5.056348,-0.6263578
-7.8398027,-2.5993834,-1.8564702
-3.1315145,6.591585,0.9427425
7.761696,5.8708477,1.9119313
-7.6787114,2.7667122,-1.9152309
7.49745,-8.750355,0.15604573
1.6639185,-1.6130505,0.9534257
6.1856804,-9.853155,-1.0069916
9.907478,-4.942075,-0.23650114
9.733278,-1.0690575,0.17732072
9.600065,-3.7796888,-0.9776223
-2.4540114,4.1052685,-1.2051747
-4.267172,0.10026169,1.8974953
4.2453556,1.9680042,-1.2797531
8.52776,2.9315357,-0.196549
0.24897957,2.4142456,-0.50052583
-2.367159,-9.803917,-1.6282952
-1.6173878,2.019043,-1.4323009
-3.5693526,8.228207,0.049282372
4.801634,3.3753576,-1.9688215
-9.945789,7.178583,1.1229659
8.509195,-5.414548,1.4387851
-0.36723137,-2.5384226,-1.1825743
-6.0620832,-9.123737,-0.7357235
-3.5670328,-9.132791,-0.5449519
-6.1385083,-7.5387836,0.45417762
-8.689202,5.110278,-0.28354082
1.0062227,-5.881668,1.765286
-2.2710838,3.3567486,-1.7416
-4.4889107,6.925621,1.7757713
-1.7030668,3.571556,-1.9002459
-1.3787556,-4.1914234,-1.4793346
4.40565,6.388357,0.041151166
-8.089111,3.6674871,-1.8373594
-0.23446846,2.2679005,-0.87432617
-0.13647461,-2.5086746,-0.9423563
-8.1748295,7.944172,-1.0390364
9.217983,4.832823,0.32546687
-4.7406206,-1.7577171,0.81376725
7.9337997,4.6118584,0.8964549
7.66485,-6.6637397,1.9106268
0.27083015,-0.8659363,0.9154587
7.4459496,-8.302173,0.48456755
-7.524979,-8.923767,-1.8234626
-1.099225,8.1454315,-1.1781968
-8.248912,5.3156834,-0.35566503
-6.0876217,-3.3939657,-0.77400315
3.1594324,-5.5719376,0.73970914
7.45154,-3.8373337,0.15252846
-5.934272,-2.3765411,-0.3794697
-4.040595,-1.7012367,0.6526356
-5.6070137,8.562855,-0.025167227
-0.8688173,9.572094,-1.7527344
-8.306206,5.2216864,-0.41191354
-7.915051,-5.594488,-0.22606122
-2.1755624,-3.5255537,-1.7498232
9.608051,1.2470417,0.13587928
1.7226515,-5.9559574,1.9354291
-4.1625605,8.946114,-0.034996748
6.6850967,-5.927212,1.328486
7.3805637,9.256002,-0.09577602
6.8344097,-0.043794632,1.5227718
0.0930748,9.060303,-0.8413705
-1.0833645,6.535679,0.08475387
6.495304,0.8989668,0.8329507
5.3755302,9.815603,-1.7126575
7.5823574,0.87365913,1.6053619
7.20216,3.8384428,0.028112411
-2.8384914,-2.5790129,-1.1443634
8.469839,-8.805973,0.0017061234
1.956501,-6.130086,1.9148368
9.95583,-8.049001,-0.7002257
9.948175,6.850191,0.3436873
8.386749,4.4471455,0.5992604
6.6566257,2.817278,-0.5830484
7.8517437,9.271755,0.01168263
-4.700172,-7.0594597,1.7134541
-3.892951,2.8130913,-0.26389486
-2.3305082,0.43143177,0.18333346
-5.118288,-8.752771,0.13617378
7.347088,-9.659829,-0.09824574
0.9348297,9.712101,-0.154508
-2.5327325,8.491415,-1.1670676
-4.4803333,1.8169937,0.7294779
-8.903139,-6.4197435,0.49238873
0.7175102,1.3931923,0.8341826
8.790379,7.1306057,1.2546128
6.575289,-2.1757174,-0.28072986
7.925871,0.13885593,1.987792
6.8323784,-4.9186287,0.7267799
4.2079935,7.5593777,-0.5851059
-0.2879629,-6.095116,0.6983674
-7.3977494,-5.6193247,-0.110099494
7.3524075,-2.5690293,0.036311805
-7.0368505,-0.31694603,0.26587576
-6.0133433,2.5195208,-0.5460937
4.012686,7.7838573,-0.69496655
5.4919434,6.1238117,0.27609998
-5.203879,1.4426861,1.0093908
6.3286095,2.6223736,-0.8227984
-9.358682,8.476809,-0.64938176
2.3830109,-2.9364767,-0.2911446
4.414668,-4.76063,-0.9077851
1.8574486,7.658495,1.1534398
-5.6270695,8.675316,-0.12201166
-6.7534447,-0.40958786,0.4641675
7.992441,-0.39225388,1.9144795
2.2030563,7.5887985,1.06878
-4.2960644,-1.8650093,0.62459475
9.631916,9.871452,-1.1075487
-2.0873165,-7.327305,-0.3668797
-1.8491983,2.458148,-1.736898
2.5739346,7.5751,0.81293964
8.325506,-9.628006,-0.088543415
-4.4515,-2.6447606,0.08706415
0.05041504,8.521503,-0.5686479
-4.489455,7.23831,1.5527601
-4.5294166,-6.672864,1.9083383
-1.3631248,8.000235,-1.1242458
-0.01030159,8.569492,-0.66630435
5.3619957,3.930729,-1.5007803
-7.469393,-2.5342226,-1.7481046
5.80305,-5.746464,0.3974905
7.812708,-2.0646324,0.52514124
-1.140008,3.148837,-1.9086106
-0.89577866,2.1171865,-1.3003023
2.4660482,1.3759823,0.8189063
-9.155197,-7.0878305,0.42703947
7.3581886,8.107037,0.62922895
-1.749342,1.1803741,-0.60352415
0.40217495,2.0663033,-0.08405697
4.740923,-8.316515,-1.4458096
4.1639366,-2.8174734,-1.801264
-4.627038,-2.4149742,0.24893463
-7.3451624,6.909487,-0.06311941
-9.647065,7.948906,0.12567931
-8.350292,-6.229104,0.11919254
-2.1021833,-6.811168,0.0017199516
-7.763233,-5.9280324,-0.058291852
-1.0097294,-2.803502,-1.7900776
-5.283153,-7.6751137,1.0194042
5.666336,9.240561,-1.5615479
6.8400974,-6.657934,1.459167
8.4600525,8.241562,0.4439433
-6.5575256,4.062853,-0.875729
-7.057122,-3.6690035,-1.5630693
3.4689713,-4.9284983,-0.107130915
-2.283615,1.0051899,-0.22059357
7.583811,-9.802946,0.03438276
-9.17397,-4.2601037,-0.6852087
9.273365,1.3137102,0.40509856
-6.936184,-9.645734,-1.5832592
-8.019153,9.356653,-1.9840707
-1.0604172,-5.939834,0.069072425
-4.430051,-0.265625,1.9253353
-6.3039184,-5.0195227,0.28159612
5.7090816,-4.186364,-1.0451819
7.7232265,-4.000908,0.33850747
5.567589,1.9876852,-1.0609854
1.2206078,-6.150655,1.9305387
-1.4390097,4.1238546,-1.5464714
-5.45614,3.836897,-0.031924725
9.531235,5.532031,0.62464577
-5.4465485,-9.299734,-0.24979806
-8.767772,-5.910573,0.32063043
8.484222,6.0124836,1.7714691
-0.8064852,7.9898148,-0.857275
6.7192135,3.7436247,-0.40184397
-3.3191214,-8.6510105,-0.53868526
7.7887115,2.45183,0.22647369
-7.051717,6.7564735,0.19499403
6.0178356,-0.45964622,0.63396275
7.783123,6.094536,1.979749
-0.13980675,-7.0596943,0.57401264
6.6316433,5.945751,1.2850561
0.3548565,1.9866953,-0.056556612
-9.155789,-3.5404387,-1.1872662
4.3809433,8.037004,-1.1275756
-7.773998,-9.074477,-1.9360726
0.31426525,8.577234,-0.35270876
-8.995256,2.2703571,-1.0603175
-4.761177,2.7384367,0.07898271
-2.9796243,-1.101778,0.29074967
-3.8861809,1.2831917,0.9613251
-9.850565,7.042034,1.1386663
-4.966862,1.2002468,1.3299237
-9.265746,1.1700258,0.23176555
-8.360148,4.9392166,-0.6497218
-9.976782,-4.564638,0.37718064
-5.7606673,-2.2282066,-0.112005234
-2.240839,3.9007006,-1.5092454
9.008755,8.888981,-0.45573586
-7.0351324,-1.8388252,-0.9478934
-7.604363,0.26149273,-0.0030015707
-8.140625,4.2093086,-1.4413248
9.355381,-6.429261,1.0586911
-1.2788506,-8.00294,-1.1060939
-2.6605964,0.5776882,0.37506467
5.4829226,1.7825584,-0.9277221
-5.90849,-7.7253065,0.49430916
-2.6428342,9.731354,-1.4317082
9.165747,3.4775343,-0.6879561
5.3261395,-6.0787735,0.16168684
-7.7573195,7.7111588,-0.852994
-2.7484283,2.81067,-1.3288561
0.9819975,0.7703676,1.549263
3.613061,0.9176998,0.15345374
-4.600683,-6.6785884,1.9166088
7.001915,-0.80490017,1.3516123
0.15638351,7.7691555,0.24047132
-8.646227,-4.9822083,-0.4356914
2.6795921,4.6347084,0.36813733
-9.70758,6.349163,1.2768713
0.6961937,9.867722,-0.26219213
-9.890285,-8.033787,0.27003768
-2.852447,2.7376194,-1.2046399
-2.3240528,3.287634,-1.7188201
-8.982677,-3.3825817,-1.3989414
-2.828516,5.8937063,0.6171198
0.3358078,3.8702278,-0.4165519
-5.6341505,8.502434,0.00046426058
1.4191341,-7.148513,1.6369121
5.2806416,2.7085934,-1.750554
1.1802063,-7.2381234,1.5023439
-9.815593,2.653185,-0.5021392
-0.031599045,6.388714,0.96284324
-4.6864424,-8.529688,0.3742149
2.8504105,7.7478256,0.39304158
-8.0236435,5.7290373,-0.13529283
-6.917347,-0.9097948,0.021405399
-0.33197308,9.2514305,-1.3109219
5.766429,0.0605793,0.50410295
-2.6715374,-7.318841,0.057026476
-0.52732277,-7.0774612,0.19757992
-0.9903469,6.480648,0.14435124
-7.8244734,-8.215299,-1.3530712
-0.79117584,-3.3577251,-1.6879146
-0.2814474,8.032593,-0.4554094
1.6552315,5.141432,1.412438
4.4757633,9.140526,-1.9320061
2.9781036,3.4645472,-0.7855402
5.5767097,0.23296833,0.32382846
-1.906395,4.642128,-1.0144166
-4.3199015,-4.521413,0.73414314
8.492531,5.974269,1.755625
7.973238,-4.885932,1.1655706
5.4521255,-3.1554341,-1.7385504
7.2846394,-2.784647,-0.094712734
4.8977165,-5.4615664,-0.30183923
8.839737,-0.19531345,1.5332205
8.698986,-2.1534977,0.113446474
-8.130625,-1.886653,-1.2726085
-9.4236765,6.418745,0.98972434
-5.1882305,7.6336403,1.1074703
7.645832,-5.254221,1.4941214
9.029224,9.510761,-0.6109866
0.6523361,7.002516,1.3592916
-7.3937654,-2.7527642,-1.8213103
-4.6999846,7.139305,1.6552961
4.7538195,-3.2806625,-1.9894872
9.314955,9.285738,-0.88074696
1.9368849,-0.5272474,1.79793
-6.5767193,7.5474052,0.012459576
9.487982,8.160227,-0.3646424
8.780983,6.8749676,1.4301829
-4.3869486,3.92274,0.23740381
-5.40337,1.40979,0.9309328
5.7490873,-8.007799,-0.6622765
-7.226323,0.113838196,0.18412262
8.347187,6.2397957,1.8798786
-2.0186605,9.526901,-1.896164
-0.13610268,3.573226,-1.0439665
-5.3423395,-6.151437,1.7993903
-9.886088,-0.19151592,1.4268388
2.262453,-4.1601267,0.24557579
-3.5628548,-0.0759716,1.406028
-5.863447,-6.406877,1.3998812
7.971119,-0.9491024,1.5755602
1.8543444,-0.071372986,1.9575229
-2.6813211,5.8545647,0.4653485
-9.221855,-4.3405485,-0.56486374
-5.6293774,-7.4831605,0.9705943
-3.2642555,-0.49244118,1.0035368
4.2037506,9.615519,-1.8552725
-9.11417,4.635849,-0.38210276
5.7753887,5.407037,0.15386185
9.096153,-9.741732,-0.62744766
3.0944748,-0.09903717,1.0422003
-9.92874,-2.1075573,-0.028456777
1.304637,1.8368435,0.7018685
-4.035529,7.520239,1.1071249
3.1632519,9.442167,-1.0215063
-0.37380028,4.1181087,-0.9250685
4.892825,6.563757,-0.022868216
-0.8135977,-2.4098992,-1.4708071
1.8037357,-0.97288704,1.5359077
3.9840975,-9.278185,-1.7355871
-7.408971,-6.9777536,-0.13427597
1.6676769,-8.14015,0.7130321
8.911158,5.8911133,1.415453
6.982605,4.8161907,0.7473892
0.6224556,-8.078836,0.36006713
-1.7585106,7.9750137,-1.1031702
4.1348724,-9.441906,-1.8376744
-8.793686,1.0011339,-0.05067897
-3.011899,-9.082079,-1.0711815
8.673685,8.188578,0.3540504
1.2868938,-4.6368847,0.8845371
-0.12937164,-6.4235997,0.86114705
-7.871139,4.6872215,-1.0250176
-6.4812756,-2.14439,-0.73945147
1.382967,6.446747,1.9690654
-7.5169144,9.33411,-1.9396211
-2.891718,7.1089134,0.43073937
-4.9262786,1.2453251,1.296968
3.0817642,-0.83649445,0.72986186
1.5276737,-7.164283,1.6353753
-9.655325,-5.8557463,1.1385404
3.3005533,-5.949794,0.7866459
-0.9016075,6.0633564,0.19160968
-4.8446035,0.41572666,1.9060955
7.366678,-6.636436,1.8218518
-6.5833797,8.9962845,-1.2052987
-9.121321,-3.156681,-1.2987075
1.0902462,9.817522,-0.037121594
-5.427611,9.51189,-0.24126041
-4.060943,1.7276993,0.638948
-8.745412,-8.197335,-0.96494687
-2.4852657,3.2956963,-1.5983605
7.944908,0.21648502,1.9725275
-9.073068,-4.9181247,-0.14021651
-6.7620287,-5.984153,0.494869
-2.1883335,-6.966667,-0.039928317
-7.914152,1.5439138,-0.97131103
1.8718643,4.17183,0.44040513
-1.9871864,1.6865492,-1.0300494
7.564766,5.7865124,1.8376406
-9.93836,-3.6510205,-0.3817232
0.3347788,-3.6065197,-0.565294
4.409671,9.789988,-1.8885787
1.2981453,-7.582177,1.2315304
-2.7233124,-9.214057,-1.3840699
9.378149,9.731287,-0.9067807
-7.762269,6.197298,0.00051659346
9.313917,-1.672658,0.008948274
2.7224836,3.0575733,-0.5895257
4.7617197,-3.146924,-1.9987693
7.049654,-1.3853884,0.8779433
0.9952469,1.3863277,1.0223175
1.060358,-3.4354138,-0.08461374
-2.0276809,0.702507,-0.13420653
-9.071599,-3.7566948,-1.1625968
4.2125177,-8.276449,-1.2876567
7.479088,4.66218,0.8803586
4.181203,-7.3369017,-0.3678629
-1.560339,-9.770161,-1.9408913
-8.951603,1.978693,-0.8523942
-0.16528988,7.316225,0.34767222
2.6005898,3.4714165,-0.43110347
-7.82712,-7.0757494,-0.2976176
8.503395,6.022703,1.7627046
-0.26333427,-2.8953934,-1.230147
2.731247,-1.2355156,0.72796065
8.82185,5.9534817,1.513195
4.341178,3.9298306,-1.6369847
-5.418621,-3.5253038,-0.16646916
3.6877518,6.075838,0.45917153
5.879879,-2.6647148,-1.2808938
4.989176,-2.6895275,-1.8614854
-4.698292,6.896845,1.8174467
1.0157223,-2.2618723,0.21249473
-7.185211,-0.19994831,0.19549227
-1.1234941,9.355301,-1.8992047
-6.9391975,9.618832,-1.5911922
5.7166386,2.3549986,-1.2429821
9.784218,7.521063,-0.024947017
-9.685005,-1.4106455,0.41676724
-4.6721163,-4.6016574,0.8886837
-4.2298517,9.3534355,-0.111635804
-7.002221,5.24776,-0.14849943
9.099432,6.836855,1.1702373
-7.7244005,-4.8415527,-0.8628112
-5.228075,5.234462,1.3686324
-8.307323,8.185574,-1.2245371
-0.033177376,0.95664406,0.54309464
-7.401904,6.6653404,0.028321624
-6.736114,-9.073565,-1.3765568
9.943911,3.9548492,-1.1832633
4.4685946,-2.4697266,-1.7530906
4.242441,9.086582,-1.8349468
7.0919647,3.6095724,-0.16903633
1.7278976,9.902031,0.0994249
1.6227198,-3.4761677,0.0541023
-7.510836,0.9196625,-0.33561236
2.8093243,7.11833,0.99725854
-7.81262,-7.231971,-0.41647416
-0.04350853,-3.4878802,-0.984134
-5.3964067,-8.001934,0.6276269
-5.6681786,-7.5077496,0.9163199
-5.854993,4.4292526,0.13585863
-4.840858,-3.0201616,-0.00087714195
-5.94718,6.539442,1.2970642
-5.4688716,0.9232235,1.3305072
-3.6427011,3.52172,-0.4482194
-9.1370945,1.064724,0.20101401
8.004444,-9.371566,-0.0098826885
3.3603992,-1.5077677,-0.1540779
-9.946575,-5.4916525,1.2011946
-9.995068,-3.9614286,-0.14246523
-5.036173,8.04628,0.756923
3.8586903,-7.7380457,-0.54152346
9.153034,-7.3016176,0.79311275
-1.5577116,-3.2068768,-1.9977841
5.949959,-4.4379687,-0.59808266
-5.3937006,2.4683104,-0.0050318837
-2.0756063,6.4165688,0.11585122
-1.5502472,1.5693436,-0.99833614
-9.735889,0.17611122,1.2906494
0.052170753,4.8032417,0.1428749
2.6466637,5.9717007,1.4268488
6.0951023,0.35163975,0.7518332
-7.737466,-6.752732,-0.10144615
-3.0109558,-8.665075,-0.8553064
0.37725258,9.979242,-0.48181495
1.0607901,3.2524319,-0.12112218
1.6864758,9.155138,0.029449701
-7.428322,-3.8381329,-1.677833
7.761221,2.7495098,0.071585596
-9.03643,-5.2659807,0.14708635
-3.4715986,-5.2645674,0.8485918
4.983265,-4.575932,-1.0995708
-2.4939928,9.994339,-1.4454117
-4.8183813,7.2907486,1.5283107
-9.865371,-6.1540103,1.4181442
6.8874474,-7.054398,1.2852209
-0.22453785,3.2984638,-1.2103767
4.830228,-2.3580132,-1.7014565
1.5953846,0.47823906,1.8875045
-7.436756,1.2767773,-0.62441564
-3.5335627,-8.756143,-0.40265864
7.1303177,2.208744,0.15383673
-4.8970675,-0.08738041,1.9791801
-4.607526,-6.998756,1.7492259
5.4838,-9.889268,-1.6109779
-4.333996,5.106039,1.3128214
1.6324415,-9.144216,0.03720063
-4.861462,-4.5048866,0.7828927
3.078166,6.078245,1.0424573
1.0172472,-6.663398,1.7792499
-7.937578,-4.735861,-0.97303814
-7.5846887,-6.3010273,0.03588158
3.677084,5.8865366,0.41209728
-3.274952,3.0938396,-0.86589575
5.4778214,1.0321093,-0.20807344
0.5203991,3.521038,-0.43164375
-3.4197092,2.8609514,-0.68633294
-1.7401228,-2.1128235,-1.5015721
-4.5560684,-0.9216318,1.5923278
4.9345417,-6.2593594,0.02429074
7.932064,-4.6971083,0.981673
-0.3114643,0.15433502,0.6816612
-6.446762,-1.213604,0.18679692
7.1887093,2.5173903,-0.024680793
8.137043,4.7464085,0.9942178
6.8171234,7.671009,0.69088054
-0.18099213,9.582087,-1.1676581
2.4581995,-0.76000977,1.3562571
0.50863457,3.9430342,-0.2086868
-3.7982407,-8.099118,0.3677765
-9.901761,5.787326,1.3386612
-1.2222862,-2.6738024,-1.8324494
4.325037,-7.934903,-1.0067458
5.833125,-7.7861834,-0.3672734
2.3783932,-8.337038,0.226749
4.5600624,-4.618825,-1.0818483
6.2595654,4.5661983,-0.16928822
-1.9332428,-8.156361,-1.2328243
6.5299797,-1.1802864,0.6249567
-0.21004295,-1.5541029,-0.19180925
-3.5415325,3.6784277,-0.46996865
-3.8832474,-4.0766087,0.081703424
-5.8280315,5.066145,0.7860241
-7.7019835,-6.184242,0.0066385865
2.2908115,5.8757677,1.6699429
9.240515,-9.964378,-0.6746918
1.4215746,-6.810534,1.8530314
1.3515396,3.5075169,0.042265892
-3.7514257,1.5345287,0.6089903
-3.9419546,7.004616,1.4684699
-3.1342363,5.208494,0.46864766
3.4613714,-8.332614,-0.7749222
1.7240639,7.8649864,0.9772729
-3.674171,-2.5950584,-0.34657466
1.9594517,-1.8886099,0.6129291
-1.7471638,-4.2570567,-1.4242482
-0.6811609,-1.7339525,-0.79212856
7.0906525,-9.3362055,-0.27354157
-4.1669807,0.77315235,1.5706282
9.33058,7.5350018,0.40765703
-5.4696712,-1.9986877,0.31175235
9.264652,7.6893253,0.32335562
3.7567568,-4.5192614,-0.76902187
4.015291,4.0393457,-1.3900771
-2.287489,0.9886589,-0.20417184
-2.7251997,-3.8811436,-1.1432356
-7.314643,9.748737,-1.806031
-9.589769,0.8219681,0.8450248
7.00152,0.44526958,1.5606265
9.700315,-1.0802536,0.19904047
2.8675957,-0.5417776,1.1273749
-3.9115229,8.061544,0.49000955
2.1962643,-1.5219488,0.8595173
-0.37451267,6.0052013,0.5957916
-8.6441,3.6268215,-1.5883293
-8.00878,6.522045,-0.016434371
3.471984,-7.578993,-0.05287701
-2.9197621,-8.762722,-1.0087457
-2.3784685,-3.283484,-1.6811328
-6.0292315,-2.7914848,-0.6881029
4.410158,9.52832,-1.9493191
-5.046283,9.853579,0.03530836
-3.1935844,-2.3844266,-0.6748171
5.350298,-4.791453,-0.7243612
9.613283,-0.042245865,0.81171703
8.9149475,3.827282,-0.2859535
3.9365273,3.41778,-1.6759199
0.35522652,1.8876219,0.036251068
7.515808,7.3442764,1.4312822
8.841444,1.0630035,1.0370593
4.489423,8.091511,-1.2105477
2.9395962,2.4359455,-0.5605664
2.4113464,-0.888957,1.2972753
1.0175762,8.325531,0.39656988
6.6003857,0.32513523,1.2595153
2.8287745,0.3990383,1.2291763
-8.4314165,-1.9326134,-1.1918399
-5.9071016,5.873554,1.2845485
-9.081264,-2.9652462,-1.3212895
-3.0053902,7.801428,-0.08325216
0.51110363,5.3389034,1.075465
-4.2396984,-0.16036987,1.8775148
-9.1967535,-1.6393957,-0.29459918
-6.503619,3.918419,-0.931795
4.255913,-9.7649555,-1.8403068
-0.7044201,-3.3075213,-1.6338575
-1.676507,-3.534751,-1.9181216
1.6190128,-1.2250242,1.337761
-2.1123276,-4.785433,-0.7839415
-5.4497313,-4.3192506,0.3571687
-4.5888877,4.7554665,1.0354476
-4.076,-1.0599527,1.2931604
-9.3602705,-6.9308567,0.7330282
-9.2222595,-0.7223778,0.5490988
-3.7888298,3.228857,-0.39321023
3.7526073,-4.051404,-1.1875936
9.779581,8.508133,-0.95589167
-0.2706604,-6.9416704,0.5235523
6.8289833,8.707035,-0.23419178
3.306552,3.8491955,-0.92413443
-7.9644513,-5.747795,-0.13383478
-5.0028706,-9.467021,-0.041001856
-2.7438116,3.9008408,-1.1127274
-8.242116,-1.864605,-1.2152165
1.400526,2.962947,0.0014537573
2.375327,4.2699385,0.26529408
-7.795349,-6.779641,-0.11900538
-2.1046934,1.1753788,-0.4756369
-8.82062,-2.1313372,-1.099714
9.958168,-9.004175,-1.4212984
5.9146767,1.7642918,-0.55251485
-3.7722244,2.137228,0.05303073
8.596838,-7.649822,0.9392836
-6.259091,9.405882,-0.9757294
8.412893,5.2438784,1.3546505
-3.8484144,5.6850634,1.4758148
2.921795,-8.713459,-0.53946924
6.9489822,-8.640489,-0.09020436
4.655734,4.319744,-1.3810289
2.4233055,5.7749805,1.5317154
-1.1531343,-8.576108,-1.5750215
0.073615074,9.602898,-0.91063
8.538559,-2.203723,0.18317938
-3.268033,-8.107057,-0.12427844
-3.2445145,-7.336545,0.59739417
1.2779045,-2.3200617,0.27631193
-4.852042,5.2627077,1.5132232
-3.7807512,-6.8968782,1.4140472
0.7814121,7.3678703,1.1714739
7.5207577,9.993246,0.10226607
3.2604809,9.400488,-1.1183133
-6.1790705,4.5518417,-0.055931598
6.038248,-4.0850425,-0.829494
-3.682816,-3.8015366,-0.27484173
2.5789127,7.180197,1.157403
0.58888435,-2.0884275,0.060610563
7.141863,1.5301657,0.7975986
-2.2335768,9.9953575,-1.6298726
-4.0632143,-9.940524,-0.073341966
-1.9920845,-2.2835245,-1.5664632
0.09088516,-3.9534225,-0.5974118
-4.7191486,-1.6187096,0.9520823
6.8731194,0.41191006,1.4726641
-5.3613863,-2.1661377,0.2358988
1.5819569,9.707411,0.039613187
-7.6777306,4.0554333,-1.595217
-1.2416935,-6.28292,0.053667307
-2.154696,9.689758,-1.7994168
-4.000601,-2.7755632,-0.17656076
5.2275944,1.439971,-0.73973906
-8.929105,0.9334793,0.11941737
1.0488682,-7.3501515,1.3496428
-0.93547344,5.0876513,-0.43836358
-5.200703,-6.075345,1.8616039
7.776657,-8.909106,0.12705028
6.2776546,8.394047,-0.5197225
3.021904,5.9878483,1.0761071
0.1945343,-4.1857777,-0.30929706
5.5425816,-7.1577263,-0.033384502
-4.3925676,9.030512,0.026012838
-8.137333,3.5360184,-1.8833413
9.596001,-6.637849,0.76737607
-3.7434196,-8.309194,0.1264967
2.005909,-4.137323,0.36293232
0.19970798,-5.557412,0.94636965
8.418678,0.70890236,1.603828
9.946825,0.9573498,0.07703343
-6.7279387,-9.785285,-1.3659533
-0.10665321,5.0174437,0.19389421
-8.107172,5.094371,-0.59535795
6.458761,-9.061822,-0.7601762
9.54784,8.040157,-0.30785382
-3.8224545,-3.9820232,-0.037679255
1.8124256,5.147134,1.3921285
-2.201805,9.808052,-1.7348781
-2.4226036,5.9232855,0.2773078
7.9403114,6.7145176,1.9046855
-9.291233,0.35188484,0.80557644
-1.3693504,1.4647675,-0.873948
-0.04100895,-8.506516,-0.64819986
-8.819684,-7.2549796,-0.0050207973
4.1119213,8.054838,-1.0245802
6.66864,-9.139127,-0.58349776
-7.9435816,4.3067093,-1.3906319
3.8691816,-5.892036,0.25940043
-0.64699364,8.669222,-1.3306807
9.368891,7.378031,0.51404196
-9.423693,-2.2598338,-0.63687986
8.48988,-1.2788334,1.0923713
-3.7150183,-6.937042,1.3362566
8.429804,9.327028,-0.15648144
-5.101041,-6.0268126,1.8927369
1.693758,3.5695124,0.08261871
2.332775,7.00753,1.472405
6.2038574,-9.628763,-1.0585117
4.687088,-9.835515,-1.9165068
5.5886726,-7.018323,0.10172737
-2.1050477,-1.5011606,-0.79107064
-7.9116955,6.216732,-0.00054222345
0.11611748,-3.0434046,-0.8793267
9.121267,-4.1299067,-0.25122637
8.650042,6.654419,1.6314082
-5.883925,8.020088,0.2233932
6.879116,5.2697716,1.0902461
4.4975605,8.641438,-1.6855733
-1.8095121,-9.016804,-1.8895688
5.458459,-8.917995,-1.6086729
-0.4170494,1.661478,-0.495622
1.2176466,-8.390178,0.4274184
-6.5525723,-2.7914786,-1.2054741
-1.2314816,6.0871315,0.037859976
9.789162,9.71678,-1.314043
6.1949883,-2.0097532,-0.5130782
-8.081703,-8.819362,-1.7964486
-0.56638527,-4.9343596,-0.316433
6.3698597,9.718401,-0.8706357
-4.279393,-1.8519449,0.6302535
-1.2525473,-9.300159,-1.94203
4.988001,-5.294737,-0.4122725
8.404514,-6.2373185,1.8511943
9.0728,-2.61024,-0.517367
-7.2242403,-7.2401404,-0.2321682
-9.422702,-3.3846617,-0.97268003
7.067072,9.167828,-0.2611323
-0.7745533,-4.735751,-0.6760368
9.028488,-2.1485877,-0.16017684
7.09807,5.614546,1.5123124
-3.9039612,-9.344748,-0.306163
2.8648767,-5.2518616,0.78688157
3.3643675,-0.84965897,0.43930262
-3.579198,7.863611,0.41414216
8.984659,1.390871,0.605003
0.8205557,-0.0494442,1.7303027
-3.2683764,-3.3182182,-0.8579979
-9.1340065,4.6310625,-0.36792827
8.00322,-4.298257,0.58648914
-9.916001,-1.5646515,0.47784975
7.6114616,-4.309803,0.57893705
-3.5023165,3.7376785,-0.47458783
-1.8307037,9.974287,-1.8191948
1.3508596,-7.544984,1.2800152
9.83012,-0.7045946,0.36754102
-6.582917,-0.708724,0.46392894
-7.1020317,-5.007,-0.43999067
6.010826,-7.129012,0.39410824
-4.8568583,-4.2655873,0.5574991
-3.6800337,-7.81518,0.5515903
5.7809744,7.5933914,-0.22371376
-4.1451454,-7.0884714,1.5362902
5.9563465,6.100296,0.6622715
-3.9001393,8.269718,0.28400344
7.692024,-1.8376198,0.7232449
9.96191,9.304388,-1.504436
1.3831787,7.226021,1.5699472
-3.3291006,-6.973199,0.9576485
5.625229,5.708784,0.22801661
2.795086,2.5710096,-0.50197196
0.04340744,7.868536,0.02883996
8.921528,-7.584711,0.7483036
-0.5784111,7.783453,-0.47622404
3.5150433,1.4189892,-0.21360563
-2.9782176,4.8883924,0.01244697
-1.8142748,-5.55156,-0.22641575
-0.43044853,6.58502,0.5375142
0.67285347,-0.71912384,1.3756032
4.3732023,8.246273,-1.3253324
7.5434723,0.8536329,1.6094275
6.1303444,6.207552,0.84489465
-4.206048,-6.3191915,1.8738768
8.963348,-8.862473,-0.40079963
6.7546024,3.473116,-0.49139833
3.604907,5.297385,0.10528073
1.0913372,2.7677307,-0.043679297
-5.659422,3.1417198,-0.415906
-5.968443,6.5868454,1.26382
0.05013466,-5.1452303,0.46956542
-7.4382124,5.352412,-0.3175918
3.5080614,4.793811,-0.27698898
-9.077377,-4.244604,-0.79136515
-8.917127,-5.9486732,0.4584445
-4.4915867,-9.930821,0.10105294
5.7538853,7.3539085,-0.02543962
7.8299885,-0.15416908,1.9878516
-8.405256,2.2865953,-1.5080781
-6.3153243,-7.0775247,0.66862273
2.2184505,-7.5185966,1.126634
-1.8226032,8.206339,-1.313575
-8.195051,7.0455704,-0.21920663
2.7779865,5.4081345,0.99660474
-8.323738,7.9967136,-1.0339265
0.6258545,8.052879,0.38820118
4.076419,5.906934,0.12555265
9.224035,7.223215,0.7891611
-8.534372,-1.2846298,-0.49505028
7.4669666,2.6045408,0.06681913
1.3914967,-8.59495,0.30896634
8.706566,-3.5843205,-0.24554694
9.843462,-0.93428993,0.1878311
-2.4940467,-0.48753643,0.28025866
-1.5574532,9.862654,-1.9055655
-2.417388,8.159344,-0.9631785
7.864891,3.1489515,-3.2424927e-05
-4.33041,9.324583,-0.06705588
6.6040707,-5.098195,0.691713
4.1128244,1.9442663,-1.1904298
9.402639,-7.9323854,-0.056186743
7.0830364,-8.506455,0.11009848
8.11569,5.3465405,1.5584435
-8.219548,3.2107525,-1.9315307
-5.263442,-0.53822994,1.7105911
-7.095071,-6.4704027,0.25694
4.965371,7.208885,-0.36689484
2.0343266,-0.76715374,1.6143689
3.8116512,6.826977,0.2347213
3.753294,-6.909071,0.23618346
0.42325783,7.6850395,0.5788726
3.8161373,-0.47233105,0.26596838
-5.4225454,-3.124957,-0.24160177
6.496929,-0.82550526,0.8903058
-8.6092205,-7.7127132,-0.5873088
-9.188581,-1.8284473,-0.4888162
3.3961334,0.5859289,0.5813978
9.388189,-7.403753,0.47175205
-3.65839,5.4002333,1.1289713
9.419762,9.4466095,-0.99474543
-3.5497084,5.1557026,0.8258156
-7.599105,-4.912261,-0.7691505
-1.55478,-6.214389,-0.0022372603
5.530448,-7.925062,-0.75465983
-5.2050915,-6.1648035,1.8740588
9.37784,5.969055,0.9979862
-4.472023,4.6088896,0.86793625
-4.426347,-3.7400723,0.13317496
-4.164777,0.16379929,1.8403851
-7.6164317,-1.5751657,-0.9762869
9.328281,0.14444923,1.0859323
-5.649762,-9.944403,-0.27609825
-4.499128,8.450932,0.41522336
-3.0299926,-3.5095844,-1.0444202
8.417971,-8.614197,0.15605205
4.6651325,-0.18091774,-0.015204608
3.6818848,2.989069,-1.5027773
-2.6296244,4.579817,-0.6220783
5.0537577,-5.050981,-0.61013794
1.8140335,-0.73026466,1.7155613
7.9674416,-7.4905977,1.3490095
2.219921,-7.538569,1.106822
7.339634,-6.602037,1.8202099
6.9012375,-6.2808967,1.5794461
1.7475071,6.279705,1.9844211
-9.582687,-9.0201845,-0.76200855
2.0346947,-2.0759654,0.4103596
-7.545022,-4.146022,-1.4892204
1.7180996,6.576721,1.9463973
-1.1198692,-0.6461954,-0.10166299
7.9566555,-5.503167,1.7056345
-7.1779323,8.120291,-1.0432233
-8.360104,-7.582624,-0.60659146
4.4570656,-3.786477,-1.7667509
6.6026325,-9.124456,-0.64119965
-2.1764412,-0.798542,-0.12438327
2.706603,2.846529,-0.5353827
8.02557,8.738163,0.21191847
0.99473,-7.2502613,1.406321
-2.7949963,-6.6742396,0.58480906
5.782049,9.993355,-1.3230904
9.012598,1.7596188,0.21290526
-1.6974249,-6.7766595,-0.111300826
6.7850456,4.3119354,0.09122124
0.8343401,9.632324,-0.23768604
-2.0938706,0.36801147,0.06675708
-0.87274647,-4.585619,-0.8925278
-9.707766,-5.3462257,0.8714663
4.7972527,-3.5970793,-1.8944483
-5.442954,5.097741,1.120683
-8.516607,-7.077017,-0.08726126
-1.3864222,9.095894,-1.9294546
-4.074334,-6.187854,1.7987152
-6.364932,2.8040657,-1.0252323
-2.1052752,9.947952,-1.7267718
-1.055398,-4.420984,-1.1573949
3.039318,-6.6852713,1.022343
1.3705902,-5.1839266,1.4342822
-1.3360987,-4.1935453,-1.468461
2.2013006,-6.140772,1.7976067
-6.470352,-9.853644,-1.0955137
8.461552,-5.139347,1.2351415
4.8966618,-3.4765158,-1.9275054
6.3262596,8.663757,-0.6810715
-8.919428,-1.706564,-0.61946476
6.8257885,1.1652336,0.9109029
1.7676296,-3.1381264,-0.019303203
-9.663663,1.5587673,0.2486481
9.495308,4.763875,-0.01900822
-0.20926666,1.7472992,-0.38333046
1.9178333,-1.2307882,1.2738793
8.27302,0.8421087,1.5793718
6.44882,9.436237,-0.8350558
8.896746,-6.660556,1.4334714
-9.333643,9.810406,-1.0175714
9.886356,-2.2210717,-1.0507675
2.4358282,7.130436,1.310662
0.12987137,7.744835,0.23843676
-7.85719,0.34785175,-0.059887707
-5.3775525,0.22515488,1.7615755
9.708212,6.931782,0.5172782
7.435152,-1.3893309,1.0940367
7.795128,2.7518702,0.07325405
-0.84037876,9.567938,-1.734666
-5.5702677,-1.979722,0.25641978
2.3349419,-3.5222125,-0.20646071
-4.7650423,7.754877,1.0975565
-6.509433,8.984274,-1.128859
3.229661,9.589439,-1.0744284
7.8435764,-9.435165,-1.7881393e-07
-7.6714363,6.585024,-0.028593302
-8.839215,4.9221687,-0.3444239
1.3511028,-6.380967,1.9711875
-3.5233583,6.531204,1.3419603
-5.347371,-5.370598,1.4167832
-2.0467997,5.289343,-0.34335995
-0.57829666,0.8549299,0.10967302
-2.7733746,3.1525211,-1.3598938
7.4054127,-6.147913,1.8919332
5.5413904,-1.933466,-1.0303837
3.1452646,-5.4363165,0.65866035
-3.206718,5.4404526,0.7305047
-0.8913517,-7.943839,-0.8676584
6.4832,0.70020103,0.96339643
0.82913876,3.8632822,-0.013340712
-9.647301,-0.23268127,1.1937425
0.95016575,-3.00871,-0.17767215
5.2363167,2.281086,-1.5179143
-2.5650444,0.78993225,0.15876001
-1.8668232,-5.5129147,-0.23878086
-1.3566484,-2.7153673,-1.8876907
6.145376,-2.1871958,-0.7154743
8.257305,-5.635891,1.71748
-7.847655,0.24751091,-0.030454755
6.5885334,-3.1065378,-0.6987605
4.094944,-5.6532993,-0.007265687
3.5006247,-8.101938,-0.59679174
-5.680541,-6.520717,1.5387446
-5.7090178,-2.1770763,-0.026678443
9.92967,7.9982605,-0.6274921
2.5590343,-1.1765718,0.93425435
-2.225541,-5.3693333,-0.18250334
-2.0254254,-7.6262736,-0.6726787
6.69512,1.705122,0.26646072
-2.4910774,8.503103,-1.2100834
6.7562466,-9.011613,-0.46024114
-2.8352547,7.7112083,-0.1592804
2.363738,8.932447,-0.17948103
2.6343498,2.2624388,-0.15203398
-5.1223316,4.988922,1.1901659
0.24718285,2.9694548,-0.7405474
1.9973545,-8.742517,0.13424581
-9.780043,-3.9887571,-0.3142722
-1.969408,-2.3410559,-1.6179223
0.95207405,-5.9632835,1.7638865
8.236347,-0.31436825,1.8787766
2.214427,2.109789,0.2866506
-8.499603,0.34199333,0.14336216
-2.9309502,5.4552174,0.46728566
9.900719,-5.893141,0.4667173
-1.3013086,8.411655,-1.4931213
7.5441303,-4.06691,0.35079765
1.1473322,8.018272,0.7481182
6.5617294,9.070688,-0.66300637
-4.2973557,-8.169649,0.6046518
9.823929,-9.583054,-1.3761367
2.1104736,7.4209175,1.2775285
-2.047306,7.612671,-0.64962566
7.689064,-1.0705967,1.4660326
4.9313602,2.0737038,-1.4580965
-6.721715,1.4742184,-0.32818082
-0.71902466,-3.0533433,-1.6547596
7.167267,5.2617846,1.2955048
2.491396,3.3741398,-0.36773956
-3.1625962,-9.64693,-0.95442355
-6.510769,-2.7586021,-1.1531754
-7.0026026,-5.9392157,0.28247696
5.5588036,4.292651,-1.0701936
4.5249825,-9.984577,-1.8298525
-8.861307,-8.594025,-1.2084434
-2.0532713,-8.814822,-1.7055227
2.530922,-3.4347892,-0.38390785
-8.847665,-7.7118993,-0.40400213
8.617977,-1.9933233,0.31201115
-1.0664902,-5.6906295,-0.045993984
-4.062258,6.428854,1.7854135
1.113472,8.773895,0.10168785
3.6127033,3.8684607,-1.2011356
2.222146,-3.8800535,0.0557608
9.483337,4.0800304,-0.6495749
5.629468,-8.586628,-1.2769809
-0.96855354,-5.001665,-0.5388087
1.7022953,-2.0963478,0.4896763
2.4231777,-9.349712,-0.33899176
-3.9662218,9.377325,-0.26457822
-8.568854,6.552843,0.20868546
-1.0637293,4.632593,-0.95388377
-3.809011,4.699911,0.60648286
-9.446318,9.840807,-0.89316297
3.566289,-3.8022623,-1.2016256
-4.1957912,2.3987722,0.13294083
9.574116,-3.3627033,-1.1244378
3.5764084,-1.6975651,-0.54767275
4.2586336,-8.19803,-1.2361087
2.9146376,5.979286,1.1791887
3.8999996,-7.2032094,-0.08196491
6.4028454,-4.4691706,-0.12145284
7.3462563,8.914648,0.0011715889
-0.5464401,-5.868808,0.3957181
-2.8348613,1.2854214,-0.020426929
2.70934,-9.177759,-0.55072844
-4.5120535,-5.8072243,1.8688526
-0.5081196,9.072706,-1.4251956
2.9198027,5.3781223,0.83761215
4.468315,0.42371655,-0.05879438
-9.672729,-4.985664,0.51530397
3.872161,7.6265373,-0.44180456
-3.8717976,9.412657,-0.33290428
-7.0435896,2.0039835,-1.1089802
-4.258727,-6.4465404,1.8855355
-0.2157507,0.34450054,0.72716343
4.9247093,4.8717012,-0.8189054
-8.906288,2.9202833,-1.4711798
2.71628,8.99864,-0.49796334
9.009853,9.005512,-0.5102672
-5.64972,5.065217,0.93749416
2.3895702,-6.9550457,1.4657822
-4.020177,-0.54057026,1.6272514
2.4585266,1.9364815,0.27358493
4.330162,-3.3355188,-1.9090915
-6.1601124,2.9911757,-0.86594623
2.392933,6.527054,1.6510687
9.883953,-5.402817,0.1936582
0.70163536,-3.0484319,-0.350196
-7.0982814,-7.6066256,-0.48295012
0.12508297,1.5533295,0.14222303
2.2052717,5.985876,1.7615111
3.0791578,9.044655,-0.8662247
-0.7208996,0.5243349,0.20559639
-2.1431208,6.511902,0.13331383
-4.9721217,-9.657573,-0.006566763
6.4619846,-0.21733475,1.1543238
-5.648997,-1.8866215,0.2819231
-3.4037614,-4.6050587,0.15205142
6.6349964,9.257423,-0.64143026
-4.6994066,6.2443542,1.999162
-1.3052225,-8.333508,-1.4263006
-3.986988,-9.081133,-0.19329935
-8.8637905,-4.684702,-0.55970603
4.8205414,3.3945255,-1.9623399
-4.440372,4.7443027,0.9951393
-4.6146464,5.176647,1.4429866
-2.203498,7.730362,-0.6831279
2.739851,-6.400381,1.3841623
8.780428,0.84300137,1.2659037
8.84515,-4.456421,0.2945306
0.1366005,-4.8510766,0.27441952
-8.576662,0.096735,0.2452892
0.7379093,-0.88011837,1.3098025
0.23107433,-8.102113,-0.016569316
8.445419,-0.14544296,1.8195817
-2.066915,4.8085966,-0.78337747
-9.396261,8.968401,-0.9261679
3.633009,-2.7024817,-1.3770051
-2.19311,6.76235,0.074848354
3.4893188,-2.2367048,-0.9585347
3.0089083,-7.3560104,0.6099395
3.5645876,8.64946,-1.1246917
5.531521,-2.3635921,-1.395174
-7.010537,-2.323495,-1.3485048
-8.1453285,-1.691865,-1.0786309
9.362677,9.013193,-0.8544265
9.140232,-4.2707005,-0.14674494
-3.9475083,-2.6554942,-0.16269732
9.574888,0.5824957,0.6855452
1.9741554,-6.5472755,1.8850781
-2.6276484,3.8997355,-1.21773
-5.415838,8.419249,0.2269746
-5.321653,3.6155624,-0.06969392
8.023928,-2.4047804,0.24497968
-6.146617,-1.9133615,-0.19976011
-4.1017675,-9.800836,-0.11082786
9.954983,-7.883054,-0.53477806
-4.885091,-2.741394,0.06414044
9.83927,5.543456,0.33592638
4.465971,9.301451,-1.9621973
4.9610176,-0.70077324,-0.204907
2.2772932,-0.9594612,1.3346019
-1.7901278,6.8419495,-0.12813222
4.4584637,-2.0971594,-1.470326
2.9785366,-6.8220234,1.0206399
-5.45573,5.662736,1.549829
-8.23799,-4.3236933,-1.306152
-8.127355,-7.1216307,-0.29424602
-1.2102556,0.086091995,0.060590148
2.8600044,-6.6531982,1.2102044
-6.33832,-7.799096,-0.00024857
1.8423691,-5.512235,1.6805992
5.7605543,-0.8676491,0.14746001
5.8815975,3.3283987,-1.3734827
-3.736775,-4.143374,0.021857202
2.2923555,-9.563644,-0.23959684
-8.866413,-3.403679,-1.4956517
7.1943436,9.301432,-0.20218843
-7.9919806,-2.3093247,-1.6636937
0.555027,-7.3006477,1.0524929
-3.141447,-3.74295,-0.82471406
-8.291392,9.006027,-1.8194492
-8.667986,1.5949011,-0.7106951
-6.424186,-1.4018536,0.027606085
-7.2596693,9.783129,-1.7650104
7.6312847,1.0312176,1.48908
-1.5360785,1.5212736,-0.9498949
-6.676317,9.855572,-1.2917178
0.036068916,-1.0265598,0.55382615
-4.514309,-1.7614975,0.7908988
-1.4480724,8.001366,-1.1393299
8.599987,3.1700668,-0.26518875
-8.825482,-7.015213,0.17975968
-8.687187,6.400917,0.32057083
2.450758,-4.1916857,0.13969034
6.970091,-8.523392,0.013624072
-9.500717,8.838425,-0.75709784
3.1417198,-7.3869905,0.45007443
9.907568,-4.257716,-0.9034205
-1.6065865,-1.5940781,-1.0226393
-5.900655,-0.058958054,1.3715317
4.9058733,-1.144,-0.56738365
5.6483765,7.4403954,-0.19112778
-1.0381432,7.4821453,-0.4981359
-8.155912,-8.897417,-1.8189024
0.38782215,-9.277889,-0.611058
-6.475993,-9.78621,-1.1270068
-8.537037,8.322077,-1.2268351
6.241543,-1.2128553,0.30871603
6.868004,-4.9498854,0.7873181
4.0147915,-6.5972733,0.18469083
-8.159633,1.306982,-0.6928865
8.480633,2.8610907,-0.15092063
7.325945,5.7378025,1.7187266
8.594429,8.071392,0.5224651
-0.66467476,8.891106,-1.4777479
-1.8520069,-6.6666994,-0.033364713
-8.968534,-0.52855587,0.42295727
7.379366,-6.358075,1.8866655
-0.5243578,-3.6081433,-1.3937824
-9.998907,0.28768063,1.5020082
9.777624,5.607565,0.43474907
-1.2929535,-4.489089,-1.1830982
6.0144787,-5.6378365,0.5334053
-1.4760513,-2.6493206,-1.8767763
-1.5731773,4.1338997,-1.5467569
8.796616,0.2780304,1.5492568
8.302782,7.4935074,1.2536863
-4.6672354,-9.001174,0.087367296
0.31243706,3.6346016,-0.57353413
6.7924747,7.5736084,0.7642713
0.48060036,6.299103,1.4621849
-1.8020811,-8.701937,-1.7233019
8.934229,-6.674621,1.3954725
8.904667,0.14791298,1.4860573
-2.6805544,0.04739666,0.55399877
7.571312,5.9571667,1.9076393
-0.99043274,8.155981,-1.1336931
0.2971468,-0.65880966,1.0835147
8.021721,-2.9382706,0.0065635443
-0.77585125,5.452017,-0.02631098
-0.9947405,-6.4831343,0.1414591
-2.172966,-4.5620546,-0.9738773
-8.349163,1.2304821,-0.5460992
7.7429886,-1.682869,0.88200843
-7.845409,6.04467,-0.028273463
-7.6755357,-1.9828043,-1.3845708
1.353468,1.0622873,1.4633524
-1.0531149,2.8404922,-1.8239796
0.39198494,-0.85499287,1.0382475
0.78676605,-3.215374,-0.28920603
9.911152,6.2264557,0.53096795
-9.709276,5.5728397,1.0388124
-6.0124183,-1.52668,0.3115726
1.8446674,-6.4025965,1.95561
-8.9023695,-3.278823,-1.4895675
-7.900285,6.917694,-0.19356519
7.662464,5.8524113,1.8903594
3.8720846,-3.261075,-1.6601067
-3.1018686,5.4668674,0.6451952
2.6389322,-1.1782312,0.86431825
1.7490053,-0.5858469,1.8174069
-0.9852028,-4.703375,-0.84239817
8.304106,0.29236794,1.8579571
-0.0026693344,-2.089816,-0.49869856
7.0944633,2.525652,-0.091062486
-7.783903,-9.510914,-1.9938381
-4.063081,-0.5975199,1.6232357
1.6913719,-7.8194118,1.0273025
5.341729,-9.291788,-1.7995859
-4.068781,-9.914737,-0.082416415
7.2142487,-1.6072769,0.7657827
-8.296154,1.8685236,-1.1971724
-3.81452,1.0442781,1.125804
7.5178757,2.3540974,0.23842382
-7.4719152,-4.295105,-1.3331752
-9.378629,-6.623086,0.8966549
-2.5240622,-2.1636066,-1.1377175
-8.331346,-7.505909,-0.5471224
2.9747353,-1.2471161,0.48414207
-1.7581749,2.0990705,-1.4865396
-2.943574,1.3952341,-0.022065401
5.5301895,-9.083309,-1.6260915
0.58180237,9.496353,-0.44790888
-9.015591,8.6141815,-1.0869302
-9.476148,-4.479413,-0.17952698
6.2804184,-8.517612,-0.618748
4.3125114,1.460144,-0.81068206
5.4952736,2.2561646,-1.34184
-8.493034,-2.6736603,-1.695164
-1.9324312,-4.5939245,-1.0535072
8.543755,0.75447464,1.5000219
8.077309,-6.0860167,1.9557912
6.79838,-5.2401495,0.99630404
9.28336,3.1990433,-0.8574026
-3.1336412,1.1308365,0.41795182
-7.7415156,4.034958,-1.6204758
5.6215525,8.457003,-1.1815393
6.375988,-0.09734917,1.0879349
-3.0199156,3.4032955,-1.0873278
-0.93353367,7.139036,-0.14815122
-0.4815693,-6.259978,0.5365602
-8.870764,6.6614895,0.4031871
-4.1419578,6.8541584,1.6830437
-3.1687331,-3.819028,-0.7520457
3.733162,7.8160973,-0.51978904
-2.9177427,-4.584669,-0.34935805
4.513217,-4.7720766,-0.92057854
9.004459,7.169945,1.0399781
-2.1316743,4.638893,-0.9202181
-2.4374795,-0.7205143,0.10410839
-6.2809873,-7.899289,-0.043093953
-0.7631779,5.7040596,0.14572006
-9.151298,2.4552774,-1.0436704
6.7592793,-5.969778,1.4095997
8.626211,-0.3718319,1.6480201
2.6670694,7.2246056,1.0455549
9.457661,4.22256,-0.5033518
5.037056,-4.597988,-1.0619085
6.628746,-0.10701656,1.3330035
9.236292,-3.5344863,-0.736433
-6.875336,6.6005535,0.39191306
-0.78454494,4.693157,-0.7257338
3.756855,-1.4807997,-0.4872976
-2.6766834,-1.1720963,-0.06012097
-7.093601,-7.2837343,-0.18473369
-3.1399345,-2.2130895,-0.6006913
-4.9572,4.902425,1.1590772
-3.5073366,-9.590784,-0.62860847
-7.6179924,1.2763014,-0.682027
-3.0164766,9.514614,-1.1207573
5.729849,4.304266,-0.9224159
-4.389061,4.96737,1.2004104
4.259655,-2.7065077,-1.8060888
-8.223762,-0.8433895,-0.2674719
-6.301364,-8.538948,-0.65082467
1.0364609,-4.839461,0.98733747
9.260687,2.5125933,-0.6452609
-9.235162,3.4136343,-1.1517063
4.3527613,5.896208,-0.009973943
1.7489548,-5.6337605,1.7806034
-8.171059,2.8717766,-1.9139707
-7.260684,-5.5223203,-0.10486174
5.038267,-7.3737097,-0.4853496
-4.9966917,-3.834796,0.1906544
7.0079155,-6.800989,1.5318418
-6.9153986,1.8962936,-0.91071177
7.5543823,1.5747366,0.95151454
-5.101607,6.41782,1.9161565
4.05087,5.222148,-0.30109313
2.9920425,1.9494715,-0.22069651
-7.84683,3.8585758,-1.7537661
-5.244403,3.063919,-0.1351977
-2.4223366,-9.456173,-1.6583323
0.031728745,-4.620948,-0.059590343
4.9387064,-8.164179,-1.2797458
-4.110633,-5.7981634,1.7090075
1.4712992,2.0037546,0.5754963
-5.4245243,9.42996,-0.24301833
-4.753352,6.9237976,1.800891
6.525753,-4.071486,-0.3577235
-2.7388296,2.3238993,-1.0758677
-8.762348,6.8822117,0.21085036
0.42005157,2.0836449,-0.082853764
-1.4255533,-8.178051,-1.3078976
2.8428736,1.2260914,0.63221526
-5.1012087,4.0726137,0.32834202
0.43071365,1.6371822,0.35118222
-4.933406,9.133961,0.017665148
-6.0436306,8.34524,-0.23446544
2.2859297,-5.58766,1.5227228
3.090866,7.6029167,0.29914045
1.850008,-8.949722,0.07200575
9.237118,-5.677105,1.0084478
0.9270134,4.0546274,0.1884839
0.85036755,0.3034439,1.705836
-1.3073587,8.635904,-1.6701455
-9.668008,5.9497967,1.1857775
3.9111748,-2.1303177,-1.2266158
7.7955284,9.562862,0.0078105927
0.9909353,-7.1766434,1.4632599
-7.798971,1.863637,-1.2871604
8.978886,3.191496,-0.567492
2.2402554,7.817112,0.82101876
7.2330685,9.784039,-0.12280953
4.3431845,4.876377,-0.76936066
1.5773449,-4.4565115,0.7468841
-2.946322,8.040779,-0.37974513
2.0530214,6.8845024,1.7105565
3.217619,-0.19709969,0.9046856
-0.6062422,7.178896,0.055180907
-6.387379,1.5930786,-0.12628588
-5.2554073,-0.8695812,1.5012995
-9.165496,3.0895004,-1.2550302
-3.911097,0.027950287,1.6953888
-1.6121025,-2.8181324,-1.9472883
8.178722,1.4516783,1.06657
-5.349165,-0.06662941,1.8017981
-9.839729,-6.8704424,1.235609
5.4810705,-7.3277116,-0.21651626
8.622051,3.2859373,-0.27034724
-7.799754,-3.8940668,-1.7285302
-0.09986973,0.24457169,0.87053734
3.1792889,8.83102,-0.86653155
6.44685,7.3773766,0.62170005
-1.7951498,5.555749,-0.22805661
4.554595,5.3250294,-0.4125467
7.6833878,6.7712555,1.8687236
5.851926,-6.706189,0.49384472
4.8722477,9.305395,-1.9801321
6.081442,-7.3737154,0.2616376
-8.961049,-6.480086,0.53339136
2.1262302,-4.096402,0.27190745
7.711712,9.773634,0.050132334
-7.9231763,5.597767,-0.22345275
-8.7656975,2.802765,-1.5555351
-8.25798,5.79768,-0.035057247
3.070362,-9.550672,-0.92091554
9.280661,-9.53784,-0.8499963
-0.9070225,3.1156015,-1.787335
-3.9752474,-2.734314,-0.17780924
0.5918026,4.785536,0.6309396
-8.245327,-7.0972347,-0.2378369
1.731082,9.467987,-0.011884928
-6.5744925,-8.723688,-1.0513442
-6.7307386,5.0965776,-0.057954073
-7.294654,5.2683105,-0.31988573
-2.8311062,-5.3627276,0.29993412
6.5170536,8.8367195,-0.60027707
2.0311117,5.2107315,1.3738828
6.9593334,-4.5655966,0.4795274
-9.647618,-4.5240297,0.0337532
-8.143901,7.652897,-0.7585346
6.1271496,-2.4631453,-0.9339514
7.8771343,0.657506,1.7912508
8.492325,4.5836754,0.6747256
-9.287243,4.6658306,-0.18364343
4.4792347,-5.007353,-0.6822372
-9.860715,7.527727,0.7427573
-2.9574418,3.0326262,-1.1771809
0.20257759,3.2196522,-0.79576004
4.676283,-4.64662,-1.06507
-3.0548215,4.5080147,-0.28961685
-8.646652,-1.2416039,-0.37866676
-9.717393,7.0913677,0.9792707
-4.0102196,5.1275644,1.1667933
7.620886,7.233864,1.5540869
4.338846,-1.3578014,-0.71965235
4.946336,6.4993114,0.003976524
-8.087593,7.6930466,-0.8125955
-8.985337,2.2188625,-1.0290792
9.252579,-0.63074875,0.9789356
6.531929,-6.5347433,1.2147123
-4.3102064,-5.1613417,1.3542311
0.8408499,5.7600155,1.61145
7.2042255,-6.1298323,1.7844958
9.001703,-4.9177456,0.6144823
-8.046343,5.1003494,-0.6032543
-4.95627,-5.0822124,1.3318589
3.8860073,-7.734956,-0.5587964
7.6404247,2.2223864,0.3708318
1.7397518,4.315893,0.59957254
-0.61714745,-9.064787,-1.5146111
0.387352,1.2784672,0.6659212
9.100027,-7.7116737,0.46090075
-7.851293,4.219054,-1.473562
4.5557203,5.470541,-0.3001718
-7.159404,3.3649254,-1.7434887
0.95079327,9.7654915,-0.12863982
-9.446499,-1.9408436,-0.3399403
6.4767914,-3.977902,-0.4778077
-5.5716667,2.7055626,-0.2534508
0.66428375,3.001443,-0.37369972
-6.2715626,-4.46887,-0.22949664
0.9157934,-6.5825176,1.7485797
-4.8696175,-3.0446577,-0.0076404214
-5.1141653,4.1479664,0.38543975
-4.3336344,4.225672,0.461399
6.2046585,-4.4284034,-0.35862994
1.3974953,8.457891,0.41715586
-2.5757027,-7.432371,-0.12693682
8.517117,-1.1605816,1.1868725
1.959692,2.4421368,0.1601358
-3.2361388,-7.20306,0.7003251
-0.4521799,9.10136,-1.3850822
-3.9099216,-4.914973,0.89613557
-3.967062,5.9216833,1.6702328
-3.122758,0.4027481,0.90115374
2.383133,-5.6142664,1.4722967
-8.904306,9.347832,-1.4943304
-7.787718,-1.1128883,-0.5557327
6.712803,1.7799807,0.20886107
-2.3950253,9.405746,-1.6789421
-0.36921692,-9.417105,-1.3608558
3.4925165,8.046131,-0.5347348
-4.472933,-4.9348583,1.1921059
7.0054016,-8.116379,0.4016529
-2.2636042,5.561983,-0.018443227
0.6093521,-3.0597138,-0.4243135
-6.935457,-7.9812326,-0.7339014
4.066389,-4.9027395,-0.6092951
-7.1076527,6.464117,0.2494902
6.081684,4.3820486,-0.5245054
-1.4157543,-0.49100113,-0.10614377
-3.6522818,5.1355324,0.8994072
-3.347515,1.9863997,-0.19927177
3.8152332,-7.487403,-0.26541188
9.794191,1.9207516,-0.70392424
2.7168293,7.120619,1.0814769
6.1294327,-0.9371195,0.4389642
-8.429274,-1.1427059,-0.4238992
-2.3599615,9.819811,-1.627422
-5.663205,-2.8590465,-0.37932962
-7.177252,9.321413,-1.7742875
1.7170324,8.755711,0.20492607
-3.1262255,8.084707,-0.24405056
2.2636852,2.656642,-0.11529404
-3.976203,2.7449265,-0.18131918
-9.118359,2.5727558,-1.1441748
-5.1463995,-9.166204,-0.059469163
-9.612049,-3.9568067,-0.4995342
2.1657467,-5.5996084,1.6034949
-7.5073185,-1.4722586,-0.84213334
7.6870117,-5.0016785,1.2713642
4.32804,-3.220519,-1.9239297
-5.610845,-6.808709,1.4878799
-2.857808,-7.2715545,0.27006176
-8.959501,3.2323418,-1.4445553
7.2042828,9.7612915,-0.1476456
-4.471824,-4.0557013,0.36070675
-2.1007404,-6.608309,0.084775925
0.7387352,-3.3622608,-0.30239803
4.8545,-3.7763681,-1.795124
-2.9812264,-9.738739,-1.1107975
4.9027586,8.782993,-1.782963
5.1431255,6.7923145,-0.0354892
-1.2355757,7.415367,-0.5196522
6.630474,-5.167861,0.78023595
-8.769165,-6.6122484,0.33670032
-5.4451466,9.585419,-0.24379236
-0.7847614,-6.049734,0.2662174
-1.0181713,-8.401974,-1.372124
3.5477047,-8.329817,-0.85312164
7.2225914,3.0437374,-0.18800831
-7.2208166,-1.3345318,-0.5720862
5.247489,-6.1012435,0.12327659
2.3993912,8.515188,0.06184244
8.305023,-5.543762,1.638851
5.33737,0.6513157,-0.015687346
-2.1735897,4.9835596,-0.5558957
-1.4179955,4.7852697,-0.9155324
-6.654649,8.370319,-0.8566781
2.2064734,-1.2389088,1.130498
7.825468,5.1547947,1.4277083
3.4410582,-0.79358006,0.40628815
8.085463,1.3210754,1.2204612
3.9940453,-5.8728704,0.16409844
1.9241562,6.189291,1.9338105
-2.1649323,2.2756824,-1.4765797
-8.639283,2.0045261,-1.1274333
-1.8745995,-0.76632404,-0.23374093
8.48868,4.046961,0.18785465
8.694958,-9.658856,-0.30599284
-3.3832169,8.171883,-0.07329346
8.207855,7.845045,0.94697386
8.243273,5.3578176,1.5267193
-8.532777,-0.3647089,0.15589792
-9.864178,-9.331078,-0.570217
-4.9805937,-2.7090049,0.056364298
-1.0118952,-8.033932,-1.0268188
3.873681,-4.791108,-0.5897865
4.1869936,7.8646107,-0.87575454
6.3350983,-1.1537724,0.45693094
-4.897332,9.962627,0.1241343
6.6885643,-5.040939,0.7170379
2.279869,-4.6574235,0.7040281
-7.0992193,-8.0146675,-0.88842964
-7.3904333,3.8087254,-1.6800706
3.5550613,3.7012777,-1.2492105
9.310867,5.049736,0.4446493
-6.639273,8.6490135,-1.0624961
1.1849136,6.0123596,1.8900169
-9.466844,-9.1708765,-0.9258866
6.513565,0.28698444,1.1874491
2.9482698,8.723301,-0.571769
-2.5470161,6.978775,0.20751792
5.283388,3.8701725,-1.587482
4.147291,-4.6955204,-0.861404
6.7403374,-8.437519,-0.10958502
1.0000792,9.638788,-0.13567334
0.09871292,-3.2750044,-0.89256114
4.798585,3.4183168,-1.9582429
3.3724842,-2.7028856,-1.1341472
-8.475703,-3.3768392,-1.7853339
-3.8385034,3.560791,-0.27156377
6.182728,9.251169,-1.0852565
-5.0936546,-2.3751917,0.20778304
7.7354126,4.331831,0.6215403
-1.918931,4.0260553,-1.5737159
9.57836,-1.5974312,-0.17961031
-5.878314,1.9897976,-0.012947857
7.072407,3.3225842,-0.27386063
-4.4162216,8.927834,0.077418685
7.071644,-3.7748966,-0.09680915
5.5216417,7.691702,-0.52847105
4.0268087,-0.6456604,0.024650753
2.9262276,3.9443598,-0.4810149
5.9740686,-8.107718,-0.55524015
-3.9860954,6.720915,1.6533574
-3.2243109,8.428036,-0.46041682
2.7168074,2.329258,-0.27568042
-7.092831,0.3069296,0.22922277
0.5942726,2.6096954,-0.30194014
4.173478,-7.8981137,-0.9023859
-9.085138,-8.620042,-1.0264487
-0.5388031,7.44829,-0.118454546
0.566576,-8.979787,-0.36586827
-7.698736,-2.2398615,-1.6082265
7.8505554,-6.124648,1.9874535
0.45250988,-9.334677,-0.5587194
-9.409967,-4.2438293,-0.4664117
-3.4686685,-0.08071327,1.3180196
1.8121958,-8.024576,0.80123603
7.244213,-7.665794,1.0068595
-3.2295237,-8.065276,-0.12190806
8.747162,-0.36134338,1.5623603
-4.2298546,-2.6632857,-0.001953721
-8.061028,7.3489456,-0.4948035
-2.732172,-9.572815,-1.3871405
-6.5255127,-8.734731,-1.0111786
3.3235264,-3.0481696,-1.176571
6.603609,9.999586,-0.5243279
-8.440725,9.108311,-1.7830887
-7.3205566,-1.2930126,-0.5868456
5.557913,-2.7257276,-1.5781066
-2.1451163,1.382473,-0.6523498
9.118435,0.42017078,1.2145933
9.0784855,0.9399948,0.92920494
-6.6361055,-4.3219543,-0.72623
5.8902073,-0.48641777,0.50107193
-9.643823,1.9238577,-0.12847471
4.025591,5.9756575,0.17980462
-5.7054005,-6.3083863,1.5458522
-0.056800842,-2.034298,-0.5038533
9.710976,5.021122,0.021545172
1.3561401,6.5824146,1.9326136
-5.3747654,5.4169483,1.4362311
4.5958614,-2.4253774,-1.7475142
-1.60781,2.2803383,-1.6508014
8.974693,-3.4229097,-0.52564883
-7.478454,8.493078,-1.5267849
-1.7002144,5.680629,-0.1677478
-8.401781,-9.024027,-1.774441
-5.672226,4.8573627,0.71812
-2.8538775,9.816685,-1.2079445
-6.597625,2.6741352,-1.2020004
-6.8126955,-7.931955,-0.58300495
-2.480854,6.432461,0.37517887
-5.711839,0.5353813,1.4008391
-6.059406,-2.6830826,-0.67479646
0.5402832,4.364333,0.17330804
-7.5101733,7.7640686,-0.8516859
5.7603054,4.5380135,-0.67287046
6.5896797,-7.884662,0.2710426
9.201012,4.1734877,-0.29128972
3.0986395,-6.17079,1.0366303
-0.94422245,-9.340343,-1.8064787
-1.7471743,-4.9598064,-0.7395848
-4.7537756,5.260373,1.5201113
6.801552,7.6880207,0.66066206
5.537614,2.9522152,-1.6605134
7.2209435,6.146549,1.7969136
-1.9414625,-9.541601,-1.9252701
-6.908716,-4.8694363,-0.4291252
3.3353672,-5.705731,0.64529085
8.765776,-8.495975,0.013535619
-1.5861835,-6.2444615,-0.0006312728
8.076061,-7.1401587,1.6301696
7.0611343,-8.356514,0.22017357
3.515853,1.4590969,-0.25411683
-2.7044845,-4.6610537,-0.47463408
-3.3535137,0.41294956,1.1262795
-1.7508612,-1.6011429,-1.014174
-0.75045586,0.6871166,0.091106
-2.0582008,-9.083098,-1.8257446
-9.740942,-8.201912,-0.030029804
-6.85869,-9.041563,-1.4717255
-3.1712222,6.9593163,0.80962497
7.684124,0.3312168,1.9312562
4.131832,-8.51141,-1.4472404
-9.10749,-3.848771,-1.0721895
-7.159288,-0.10307121,0.22644305
-5.867385,-6.618111,1.348357
9.483717,8.09049,-0.29321486
2.475709,7.17614,1.2448677
8.010046,2.403511,0.24808592
-8.075134,-1.7220173,-1.1262906
9.341616,5.816309,0.9760451
8.137199,2.618351,0.093957305
0.6936836,0.851244,1.2984219
-4.676508,1.2331867,1.3305889
3.9198513,-8.703908,-1.4532721
-5.373317,2.831522,-0.16288894
-4.14554,3.651122,-0.029376805
3.7512531,6.1695538,0.42096174
-7.6807394,4.742346,-0.9550787
2.4335155,8.511314,0.039366722
-0.5333061,-5.3159084,0.05916059
0.09312153,0.8204403,0.77488625
0.45820427,-7.3643064,0.9126776
2.4111786,8.585144,-0.0005572438
-5.9770927,-0.46681213,1.1943426
4.1158543,-8.64174,-1.5360609
-9.380845,6.482332,0.93631697
4.206753,1.1793003,-0.4932948
-8.125866,-2.8824272,-1.9298708
9.623608,8.946354,-1.0852437
2.4048529,-5.2668295,1.1983445
2.7700949,-4.9614286,0.6094848
2.6566162,-3.4329596,-0.49166462
1.9428167,1.1454525,1.3442289
-3.8241205,-7.7709255,0.7137173
-9.730282,2.1624384,-0.25695097
5.9803486,-9.676217,-1.2667844
6.056179,-5.3899584,0.4018396
-1.8295403,-5.849471,-0.05930096
0.5013218,-7.265966,1.0352962
-0.6427231,2.2910795,-1.258975
-2.258203,4.393179,-1.0867107
6.822731,-2.445136,-0.2533738
-5.9787045,-3.0041814,-0.690776
-9.344061,0.21183014,0.8970183
-1.6531601,-8.105417,-1.2454047
-5.8302603,-9.491582,-0.5601719
-6.604396,-6.4770947,0.66554296
-2.8735423,-7.2495604,0.3034341
-0.38479424,1.4103498,-0.21560945
6.568451,8.071089,0.066006765
5.6273375,7.135357,0.048518717
8.139898,-6.1562157,1.9513537
7.483881,5.5637636,1.6844779
3.007554,8.770622,-0.6599243
-0.065193176,-2.1156301,-0.58342296
-0.31929207,-3.2607675,-1.3068016
-7.5897846,-9.447199,-1.9650512
0.9533014,-0.72055817,1.566769
-2.3383055,-3.8741722,-1.4630941
-2.7542696,2.5234356,-1.192659
8.406202,-9.181314,-0.11914718
4.5884743,-0.95762825,-0.41687113
6.2743053,1.7587872,-0.19576535
6.459326,-2.48765,-0.6184604
-5.7899165,-1.5369606,0.5073368
2.8859043,9.491867,-0.74483895
-1.254446,4.350156,-1.3047405
3.4898558,-7.4418364,0.059310168
5.8791246,-4.5275965,-0.57689786
-2.5102863,4.6132603,-0.68916625
7.5040035,4.3565483,0.59100175
0.41804218,-8.422837,-0.13269627
-1.9026299,-6.83522,-0.093987286
6.551071,-4.1355047,-0.2807218
7.7474747,-1.2175646,1.3402653
-2.8216267,0.5978384,0.51202
5.751341,2.4651423,-1.2869236
-2.2280493,-4.662553,-0.841489
-0.30570793,-5.5837784,0.46425575
-7.1078577,5.6003656,0.041471183
-4.264041,-7.801733,0.9533893
1.3165245,-1.7638321,0.7760076
-2.3063793,-8.969025,-1.6393695
-1.0022249,-7.6076946,-0.59886634
2.4036503,3.7367258,-0.15530688
-3.973054,-0.48966408,1.6214076
5.284294,8.391163,-1.3525877
9.804609,9.907845,-1.2563386
7.9679565,-8.289781,0.57137704
8.802502,-5.340934,1.1708546
-2.7744079,2.2736912,-1.0054183
0.32203865,-1.2585888,0.6236613
-3.354312,-9.159201,-0.75382245
-4.8718214,-5.9539533,1.9336085
-2.239759,-5.363411,-0.17846578
6.086342,1.0397301,0.31087834
-9.351471,4.2486744,-0.52051485
-5.299741,6.134798,1.8214219
5.1356316,8.456493,-1.4784757
5.215166,-5.2818465,-0.3370725
-2.55718,7.568907,-0.27048036
-2.2699604,-5.7338724,0.087503016
-1.3914776,-8.590708,-1.655832
7.240814,-4.307495,0.42390817
7.2260036,4.586071,0.6832348
-4.6688547,1.6576405,0.9123175
1.6573124,-8.695903,0.25033575
-9.679984,2.6911182,-0.6477958
-6.6016126,-0.3872776,0.61286736
-0.91510963,7.264612,-0.23679245
-3.3442106,-5.650842,1.0078793
-4.7182236,-8.294066,0.57396674
8.217939,-0.6308994,1.7419925
4.9773674,-4.0088224,-1.6120396
0.7704201,-1.7005167,0.5670799
-2.9442334,-2.6776257,-1.0903648
0.14852428,9.753361,-0.7985218
8.205784,-1.3106384,1.1959864
-1.867238,-9.674955,-1.9252505
0.76187134,-5.883224,1.6113527
3.0972157,-0.31609917,0.9948177
5.922346,5.6414137,0.44797698
6.124956,2.4189014,-0.90759826
-4.68182,-9.866444,0.095491886
3.9305134,1.4594707,-0.59849745
1.5910254,7.1394234,1.6550791
1.4406061,-3.207171,-0.0063132644
-8.616991,4.6513653,-0.7837453
9.253944,8.311716,-0.27191308
4.4597435,8.4049015,-1.4917257
1.1726227,1.657608,0.835068
3.8424168,-9.594061,-1.6305537
-2.483573,-8.549541,-1.2523665
-7.1796455,7.4041977,-0.3463507
-2.6147509,-3.220028,-1.4997314
-8.950844,8.56975,-1.1125877
8.648514,6.422308,1.6909567
4.280134,-8.968668,-1.8057961
2.6242018,4.5164337,0.2999106
-6.7637467,-8.309449,-0.90215933
-6.5136805,-7.249477,0.33989507
5.7034216,7.039362,0.17963839
-8.101982,9.004387,-1.8823346
1.9396057,4.840393,1.060412
7.4816303,4.6443605,0.8634985
-8.719124,1.1676931,-0.25625718
7.059355,6.466774,1.683746
-8.24369,-9.376778,-1.9238683
-1.9421873,4.905863,-0.7395544
6.9053555,1.1815071,0.96233094
7.4156113,-3.0040956,-0.08511758
9.081882,-5.831046,1.2357299
8.274008,3.748129,0.09145087
-9.645252,-2.1795964,-0.35319114
1.6758461,1.0858841,1.460618
-8.936635,-2.0696392,-0.9473963
5.6925716,-0.2937832,0.4002844
2.9605656,-3.5760365,-0.7270644
7.705639,-9.505998,-0.007686138
2.346119,2.3919563,-0.017741442
6.8555756,-1.4465275,0.6655921
-0.43882275,-2.9848623,-1.412617
-8.03144,6.5223866,-0.01276809
-6.5771923,-4.6962442,-0.30593365
-0.14072227,-1.3558912,0.07299642
-8.98107,-9.130163,-1.3862058
8.492249,-3.7320938,-0.02753222
-6.0038495,7.1145325,0.9495983
-7.5876627,0.5349884,-0.10447168
9.738695,5.526022,0.41800058
-6.4116964,8.368452,-0.6202316
-4.4638243,2.576724,0.12460756
0.16862011,7.345234,0.65490615
3.1888866,2.3926392,-0.77967817
-3.5849915,5.9498444,1.3739665
5.352764,-8.632173,-1.5038638
-6.40174,7.4017944,0.3186567
1.9415169,3.3396673,-0.048380733
-9.838627,1.5436125,0.42931676
-8.97881,-9.808329,-1.3586729
3.540267,5.645502,0.4152802
4.8071337,5.392312,-0.36678183
-4.465493,-7.5259137,1.2918904
3.5098028,8.595718,-1.0355155
-2.6151419,9.270756,-1.4906299
5.5863075,-0.941885,-0.053561807
1.0919619,-3.1787515,-0.11177713
-2.2094069,-0.6026602,0.020905912
1.8999405,-8.432959,0.39915144
-9.490685,-8.914987,-0.8069866
5.6016216,-1.3864985,-0.44675177
9.2429695,-3.4420729,-0.7743859
8.529285,8.869036,-0.06899202
-5.7610226,5.8755684,1.416824
-4.02642,-2.780572,-0.16173106
-4.3814287,-9.854921,0.036824763
1.5203867,3.0868444,0.00022804737
-7.00264,-0.8444605,0.0051603317
-7.5093374,-5.3012094,-0.3858152
-3.8895473,8.88205,-0.17616194
8.753416,6.257347,1.6217191
2.6343117,-3.8310442,-0.28579256
-9.0554695,8.511494,-0.97212005
-4.665571,-8.730849,0.23016495
-7.9222355,-8.291679,-1.4215269
-1.2831745,4.662607,-1.0086824
0.317276,6.0781307,1.2910296
-6.6777506,-2.0880127,-0.8788694
-7.7994394,-1.9066706,-1.3281076
-1.9715958,-9.703259,-1.8822234
0.5834284,3.3388853,-0.4297124
7.350996,-0.28966713,1.8344862
3.6290731,-7.5074253,-0.12874046
-5.8234453,-7.686492,0.6104228
-9.229894,5.6491146,0.6119696
1.9499836,-8.374811,0.43136594
-1.4346752,2.173584,-1.5576909
5.8640966,9.121763,-1.3613694
-6.9182243,-2.9365673,-1.5722647
-0.48529625,5.650154,0.33976758
-7.29419,4.42315,-1.1325886
-5.014994,-2.253314,0.3238147
-5.9000483,-6.163307,1.3666551
-2.082572,-5.980238,0.08258504
-0.8377943,-9.772934,-1.6831725
9.296244,1.4479113,0.25075668
8.863108,2.307024,-0.13889676
7.7896004,-2.593032,0.14465237
2.3907833,5.357705,1.2836818
0.15814209,-0.6947384,0.92570496
9.520063,3.0605497,-1.0918591
-6.902376,9.721428,-1.5366976
-9.237213,9.359367,-1.1843286
-5.4035306,7.993868,0.6310884
7.4905643,-4.139931,0.3929879
9.790695,0.21380615,0.61942446
-4.109378,-3.0156555,-0.16844875
-6.472037,2.8821716,-1.1542697
-8.88382,5.8778896,0.40402806
4.63356,1.6604996,-1.0864776
-4.0274143,-3.2159042,-0.22280508
7.474592,1.6891994,0.8107643
-3.5357943,-7.397743,0.8246455
9.148775,-8.746352,-0.50604963
6.4470406,-1.7250271,0.009502992
6.5873947,-0.92113113,0.9044588
5.319002,-2.0947194,-1.3218644
-8.035641,4.513129,-1.1814891
1.3720951,3.1496992,-0.019643366
-5.96599,2.399828,-0.42537457
-3.0730033,2.482193,-0.8588958
6.193825,-0.56644917,0.7545701
-5.08154,1.863431,0.6441581
6.30616,-6.8436184,0.8699976
0.51597214,-6.3793125,1.488764
-4.741614,1.1741438,1.385906
-4.856243,6.2673454,1.9895453
-9.72105,0.423707,1.203528
3.4301624,9.091442,-1.2295375
0.384017,8.0774555,0.15302946
8.903366,-9.981951,-0.3506486
3.6042976,-4.6065416,-0.55202013
3.1056652,3.4775724,-0.908168
-0.53121567,-0.479496,0.3806457
4.673442,3.3560553,-1.9763325
-1.4836731,-5.49067,-0.2941507
4.0092993,5.3452253,-0.17141384
-4.5474186,-5.75416,1.8497226
6.323435,0.685071,0.8146128
2.742134,-7.9816055,0.26164186
5.282608,-2.8792715,-1.8075734
0.675333,6.3853436,1.6199436
4.7461786,5.1701946,-0.5574484
9.0373955,-7.2139606,0.97497845
1.538866,5.728368,1.8494868
6.952883,-1.469696,0.72167695
-9.155889,-7.6816883,-0.094218746
-0.7912903,9.065319,-1.6473482
-8.691087,3.397542,-1.6370391
0.7150078,1.0539227,1.1497879
1.8779354,3.1767035,-0.04618126
2.8237772,4.4276123,0.031549037
-4.2566023,-9.017411,-0.020252287
4.680979,5.7098274,-0.15942252
-4.207693,7.3020325,1.3996695
-2.5439396,1.2309122,-0.22932607
7.4996223,-2.8422842,-0.017671645
-9.202932,1.4085732,-0.05851777
2.0294867,0.6838846,1.6717575
-8.603764,1.6916466,-0.8523938
4.2973595,-6.211958,0.08235997
-8.350573,6.3178864,0.12018615
-9.3873205,0.6123495,0.78085107
-2.785615,0.58521366,0.48508716
7.997797,-3.6970863,0.14003617
5.052495,8.670002,-1.6711442
6.426956,-7.167821,0.77684754
-2.329689,-3.38315,-1.6965649
8.833471,-6.7447653,1.4527962
-4.559702,7.502287,1.3328552
-0.7000046,-4.0117226,-1.2889484
-9.1828165,0.16771412,0.74636155
0.5038271,-0.69152355,1.2530559
2.292653,7.539694,1.0597193
-9.597927,-8.467206,-0.40322208
8.406696,-5.14799,1.273058
1.8813992,-9.721378,-0.004186094
9.536758,-2.170267,-0.6759522
-4.3048706,-8.619348,0.22530627
0.4663229,-0.20917416,1.4278076
-3.209374,3.849803,-0.6917978
8.455046,0.98270893,1.3795052
-5.5901585,0.96639633,1.2071371
5.755451,-2.083334,-0.9939674
-7.0222306,-7.1764994,-0.046749294
7.5146694,-1.5366478,0.9771257
-9.310839,8.13921,-0.39506924
-4.9713397,1.8838596,0.65868473
-4.513266,1.7945375,0.75836134
-1.6980228,-2.9932652,-1.9809372
-0.1240139,6.7180786,0.78321874
3.2316017,6.6480026,0.8443014
8.967783,2.1428003,-0.100064665
5.8909817,7.0716743,0.3226922
-4.821907,0.770154,1.7118124
9.396481,0.19228172,1.0098644
-1.4725857,2.743452,-1.9169648
-5.5762873,-9.617048,-0.33209467
3.737937,6.384178,0.43328303
-1.74265,-5.209074,-0.5087557
9.543509,-4.353527,-0.46966067
1.1155405,-0.5994339,1.7238038
6.6185265,-7.518623,0.6581993
2.5748396,-6.4370813,1.525077
-6.5351915,8.091766,-0.48489758
2.1046638,-1.6348562,0.79682934
-5.786965,3.6682663,-0.38837868
-2.677791,1.9969044,-0.8606813
-3.2213774,9.80163,-0.8501276
-7.9235077,-4.6868362,-1.023134
3.8700504,-5.1196933,-0.26958403
7.076147,9.575821,-0.2761799
-9.854542,-6.661887,1.3458015
5.443282,-9.843981,-1.6579921
-7.8955784,-1.7568121,-1.1840799
-9.786614,5.654299,1.1626754
3.448638,4.4641438,-0.5479468
-0.22169495,-6.7073107,0.6915156
-6.130481,-7.7439547,0.26191688
8.953684,3.2114677,-0.54369825
0.8159809,-6.5504255,1.6929014
-6.2722993,5.544321,0.7501197
4.5873985,-2.265017,-1.6319855
0.70778275,-4.0486765,0.03410524
-1.6006002,-1.7970905,-1.2239237
-7.118919,8.140467,-1.0243709
-0.725461,-6.01427,0.30057913
5.7870045,-7.678981,-0.30196148
-4.8853884,4.049652,0.36979622
4.605938,4.2136497,-1.4726582
-9.827419,-1.9198694,0.049822837
-3.7836695,6.021187,1.5647342
-3.1459513,-2.4112582,-0.7405927
-8.79727,-4.192741,-1.0837041
3.574027,-7.6046968,-0.17237136
-7.8293085,-5.000943,-0.71512914
5.7875834,-5.558722,0.27329397
2.0474606,2.6594143,0.0025434494
0.13275337,-1.8347569,-0.12854217
-5.331129,7.2163544,1.4099004
-3.4031591,-4.848236,0.39402372
2.427701,5.8228874,1.5507003
9.61397,8.112312,-0.44353223
-4.7898364,-2.2798433,0.34589165
-6.804011,-5.588579,0.27070943
-4.4357967,4.978981,1.225437
-7.1832585,-9.518929,-1.7789435
-1.3164759,6.618572,-0.023551464
-7.127761,7.6755695,-0.57022226
7.250679,-0.583478,1.6580179
7.0978622,-6.1980686,1.7238836
-6.3629255,1.2718878,0.21482158
8.819403,7.2367744,1.1478306
2.0731945,1.3387737,1.1063766
-6.362183,1.8705807,-0.37422985
3.3215055,4.3586483,-0.5253532
-9.07578,5.655775,0.4675941
-5.3182316,2.1818714,0.2482742
-7.2180758,-5.4501305,-0.13191569
-5.561559,0.27930164,1.6218545
-2.1645775,-4.264756,-1.2616638
2.2771559,5.031971,1.0748996
1.9082317,-5.142254,1.3603549
-9.774608,8.740732,-0.43228456
-9.571704,4.2083282,-0.3365873
-1.5171003,-9.9895115,-1.8432899
8.534988,-4.188777,0.27692783
3.704486,-1.5032587,-0.46614897
8.926285,-3.2422123,-0.5168395
-4.7380886,-0.334198,1.9443434
2.787591,-5.3505096,0.9423411
-8.7058525,7.0294285,0.07566804
5.2043114,4.5565014,-1.0366836
-0.24637699,-0.9474468,0.33986604
-0.7584877,-4.363776,-1.0294188
-5.399852,-7.643036,0.9822433
-8.737377,-5.763359,0.23337507
-3.6817875,-5.5205274,1.2373054
-0.944911,9.396996,-1.8100588
-5.310525,-0.0106163025,1.8263304
4.1796827,-5.7048664,-0.024053097
-1.7352524,-0.7715702,-0.2696908
0.98462486,-0.39199734,1.7572124
-9.31274,2.4311972,-0.86990744
2.8162718,3.2563744,-0.673807
-4.8890424,6.27166,1.984371
-7.5561466,-4.9806175,-0.6909503
-4.0133295,-2.1611557,0.20878816
-9.094724,-8.582248,-0.98967093
-7.632884,-3.5957503,-1.8742882
7.4557667,-8.792058,0.1153326
8.185318,-0.86685944,1.5928322
-6.945962,-6.0448303,0.35641968
2.1686926,-3.4234276,-0.1340251
-5.1508236,9.357029,-0.09228861
9.357571,9.053505,-0.8647095
6.1049767,1.3014355,0.08884852
3.9760818,5.0885487,-0.37360218
-8.15307,6.461149,0.028600812
-4.9186907,0.43978786,1.8836372
-2.1016035,1.9916353,-1.2709252
-8.94059,-0.6723013,0.31690064
-5.844195,-7.976315,0.30299735
2.6328297,7.965515,0.3757949
-8.140744,-7.4091444,-0.52885365
2.6606865,-2.9904022,-0.5260098
-0.22852707,-8.323816,-0.679282
-0.8234978,-5.924405,0.20279825
-2.921029,9.955595,-1.0811733
-5.3742943,-0.92272854,1.3924696
-9.349443,3.1307945,-1.075205
-6.804882,2.4195461,-1.2488066
7.5522804,7.81229,0.99651176
-0.7412243,2.093153,-1.1741154
9.7374935,0.35346508,0.63053524
0.52719593,-4.5892725,0.38030633
-1.1787043,1.834425,-1.1846972
5.996958,2.171917,-0.8479023
-9.414683,-6.8871927,0.8129718
-6.1981907,-7.232492,0.66713923
5.736429,-4.3238316,-0.8987727
-2.6080074,8.603189,-1.1896824
7.911606,3.9728832,0.32441735
-0.91313934,5.598257,-0.01696217
7.131525,6.6648026,1.6782472
0.48566723,-0.099749565,1.4618278
1.0385017,-6.6772175,1.7850134
-8.446339,9.581621,-1.8173523
-3.4558725,1.6473293,0.2326734
0.5013962,-3.5972157,-0.41733673
4.569064,4.024555,-1.6246116
1.9403095,-7.0215034,1.6721048
-2.1711636,0.35246944,0.113394916
0.06751442,9.285992,-0.9229215
8.596281,3.2966766,-0.25108242
6.670635,-9.373011,-0.6208318
3.4121857,8.719435,-1.028692
-7.206764,2.1335106,-1.3312486
-3.3624067,-2.6725807,-0.67299134
6.384411,7.8659763,0.089058354
9.001762,4.4415016,0.14292553
-4.7275066,5.842146,1.9041941
4.249048,4.8915243,-0.7163856
-2.3415875,-5.600773,0.058693886
6.343624,-7.22522,0.64854556
-1.5025883,7.1816654,-0.3748749
-7.949071,-0.61782265,-0.18034077
-9.898474,8.120802,0.19251263
-0.3746748,4.968611,-0.11254239
2.9480534,-9.640046,-0.78458583
-5.894943,5.4654512,1.062438
7.867735,4.9868736,1.2709563
4.7432976,-9.627472,-1.9790502
6.030308,0.59086704,0.58026695
4.6072674,-7.9897985,-1.1298796
-9.644896,4.8970747,0.40198198
-1.8335333,5.3228846,-0.39240915
5.194373,3.0439463,-1.8813133
4.950246,6.2594223,0.027872503
-9.098683,-5.548667,0.42180774
-5.6683564,-0.3488407,1.5165884
7.288847,-2.7094102,-0.06353724
-8.279332,7.643093,-0.7015653
7.5789795,7.1382847,1.6185682
-1.929349,-3.5280704,-1.8626481
0.73363304,-8.485754,0.07899648
4.8772964,-0.34860992,-0.046585083
2.6920233,7.816187,0.47236347
-6.410412,-2.1577954,-0.6807485
3.2572823,3.6804667,-0.97371876
-8.585665,-7.269082,-0.1919353
-5.0464916,-6.648648,1.8786635
-1.7565632,-8.582552,-1.6485984
-2.0003357,-8.6015835,-1.5890398
7.2794743,-4.064784,0.2361821
-5.458847,-4.2647195,0.30123276
8.391169,3.8617086,0.10742229
4.6578608,8.24161,-1.376507
3.2540998,1.2286291,0.22325945
7.1216984,4.030861,0.113669336
-6.829288,-6.390419,0.47489524
-8.616322,-4.331723,-1.0947607
0.37302494,-9.342274,-0.6321644
4.929681,9.363819,-1.9746275
5.047861,1.0673027,-0.46176645
0.41585445,-2.7401457,-0.5165249
9.564064,-9.137153,-1.0977564
3.552845,1.8740921,-0.6984247
4.3209267,-9.813036,-1.8499221
-4.846879,6.7215385,1.8964217
3.0503807,-9.380498,-0.9079343
-3.7432108,2.140583,0.026524723
-8.078307,6.205103,0.022008777
-6.5053425,-8.079633,-0.44407532
-6.0374546,7.3444614,0.7310236
-1.5078249,9.600376,-1.9826403
-4.1882887,6.987837,1.6276119
9.187075,9.080412,-0.70581853
4.134514,-4.6789827,-0.8710253
-8.313816,-1.7543526,-1.0786532
0.42085552,8.972765,-0.49102822
8.623333,4.737238,0.74320847
-0.40315437,-6.787703,0.48308593
1.6229448,9.849508,0.08749068
2.7300663,-1.6902237,0.28086504
-3.2995749,-3.2529354,-0.8364819
-6.4743876,1.3789101,0.0006714165
-3.747758,9.62188,-0.41091818
-2.6090822,-5.039153,-0.18671769
7.8689632,0.8781719,1.6384468
-8.128748,-1.1760426,-0.57790774
1.3444271,-2.9954576,-0.014853537
-3.822658,4.61195,0.5293508
-1.06394,0.6017542,-0.04993105
-0.8883877,-8.204184,-1.1191435
-3.879033,-0.24689865,1.6420705
2.3074827,6.317728,1.7401023
2.363371,-4.741625,0.7312458
-5.7425747,8.884455,-0.3428828
6.1441956,-8.238705,-0.5138451
9.020847,3.3866386,-0.5770905
-4.1418767,6.2010765,1.8382554
2.0382557,3.5065498,-0.041423023
-3.7028494,3.9498472,-0.15851098
6.8548126,1.4706593,0.6409712
-0.775383,-2.1065521,-1.2104807
-8.916138,7.166506,0.14759833
2.3269958,-2.2169151,0.12535691
8.286837,8.403126,0.3858145
0.039060593,9.566063,-0.95098525
-2.5609503,-8.658104,-1.2687831
-0.2743454,8.131685,-0.54506487
5.6624584,2.4883785,-1.3757612
8.576487,-6.8205605,1.6092069
-2.502606,-5.5587826,0.15251297
5.3270493,-1.379446,-0.6267847
5.571974,9.347015,-1.64973
8.934296,6.105507,1.4553081
7.1641483,-2.6594458,-0.114649355
-8.259264,-5.969969,0.03235632
-8.261552,-6.471963,0.06414771
-8.298649,-5.052669,-0.56900275
6.283619,-0.22681236,0.9748218
-5.078106,-8.681383,0.1976924
5.523756,-8.925334,-1.5663567
-1.4889574,-6.27966,0.0033407211
-4.1205406,2.755824,-0.096598625
7.5248604,3.5498161,0.028499246
-1.9314156,2.9489498,-1.9171802
-5.396781,8.315123,0.3298334
-1.5325842,2.4206676,-1.7504655
-6.3600874,-3.883215,-0.81420004
-9.6288,3.9696865,-0.4736712
-1.7520723,-4.666046,-1.0299407
-0.56300735,8.89456,-1.3964286
-5.6997356,-3.838297,-0.21605504
8.863054,-6.245614,1.5319401
-2.2340822,-1.9179716,-1.1282163
-2.5400758,-5.576949,0.19491613
7.9248943,-1.0043144,1.5341536
1.1127901,-1.6712551,0.796646
-2.3524132,1.1717224,-0.32121032
2.2993736,-1.3233614,0.9910402
-9.035169,-6.966951,0.39537236
9.831253,-9.368211,-1.3937746
2.6378736,-7.229619,1.0672662
3.5169296,-9.3052635,-1.3594527
-7.375512,-9.972126,-1.7416083
7.6454773,9.70447,0.017201066
-8.218847,5.855426,-0.02427423
-3.4748888,4.534071,0.14978504
-6.4120054,6.4389935,0.8594223
-5.0503206,3.0394602,-0.0513466
2.1340199,-3.3034277,-0.14139485
-9.917128,-1.2419367,0.79566175
-9.789768,-4.1103935,-0.20934808
2.2844486,4.5106974,0.55564916
3.2957993,2.5737143,-0.99664015
0.14334106,-8.399445,-0.3759632
-3.7991118,1.5540228,0.6279279
-2.7973032,-7.6984034,-0.1825765
-1.3811007,7.5194206,-0.65370715
-2.027564,1.0864077,-0.4318153
-6.186448,-0.15432549,1.0847018
7.52705,-5.9125385,1.8791254
2.0239563,1.5405989,0.92926097
-6.6903043,1.2724113,-0.101988494
-2.032486,2.5672817,-1.7348679
-7.2359896,-7.0035386,-0.06347078
-5.84272,-4.2229834,-0.043740988
7.5955486,-6.968302,1.741137
3.0527554,-6.2512016,1.088209
4.3808727,-5.4803667,-0.2508679
-1.2974129,-8.065815,-1.1731155
-2.4952688,9.82482,-1.5233005
1.2925968,-9.463478,-0.03769976
-7.104226,-2.618475,-1.5981214
-9.950238,0.42395782,1.4130793
7.030203,-4.0270185,0.04649365
0.2037859,-2.7737927,-0.73074234
6.065584,4.6803665,-0.24790494
7.524227,-2.2978535,0.28144807
4.3738136,-1.1818037,-0.56397235
-3.4179163,8.824097,-0.5521301
-1.8337803,-3.5899162,-1.8667936
-0.5219002,-0.44243813,0.40518224
0.59818363,6.3617916,1.5600545
0.38896084,-2.3450089,-0.31992617
-7.8180957,-7.976837,-1.1219028
-5.497059,7.7005157,0.8604858
7.2874317,-8.618187,0.15179425
0.32008648,-9.856079,-0.59377396
-4.5338783,-5.1349583,1.3942144
6.760889,1.3265152,0.7016001
-2.967926,8.102423,-0.41868818
-4.0674744,-7.806587,0.84652776
6.988962,-4.9776115,0.9107494
-7.889515,9.033333,-1.9237274
-4.7890377,7.8069706,1.0440576
7.5680237,3.7871056,0.1606006
-0.97780037,-8.466023,-1.40381
-4.1236663,5.4956646,1.5372549
8.297773,-0.6355076,1.7079006
1.5216885,-7.6860976,1.1658909
-9.395615,7.8338184,-0.008997371
-7.394736,-6.839497,-0.047178566
-2.5350022,1.6297188,-0.62895787
-0.5487919,-5.448509,0.14976084
-7.5291214,8.477728,-1.5317755
-3.768301,0.31132793,1.5384095
3.3804693,-2.4210048,-0.98802924
-9.32571,5.6250668,0.6922387
-9.37128,9.1,-1.0011945
2.5998888,-0.7785759,1.2275109
1.9085741,6.7843513,1.8205163
-9.657112,-3.5917225,-0.67014104
-9.304401,-5.401539,0.51579523
8.308865,-5.408623,1.5396454
9.979946,-9.599477,-1.5118651
-4.370532,8.846127,0.104932845
9.961267,2.4764328,-1.29794
6.9066544,-7.0591154,1.297625
8.888935,-8.670746,-0.21836853
-4.3030214,6.2744446,1.9173346
-2.447153,0.47656155,0.2486226
5.89573,-6.8350353,0.4737225
3.709197,-0.9979038,0.0044513345
-7.9812136,-3.6355495,-1.8723807
5.984659,1.3028669,-0.029376537
9.751713,-4.1338882,-0.867911
-6.350596,-4.67883,-0.10091214
-9.284508,-5.8609247,0.7723541
-9.525677,-4.128665,-0.45040748
-6.3267303,0.16046429,0.94362205
-4.403714,4.8660145,1.1057589
-5.651287,2.1302223,0.05997771
-8.758356,6.377741,0.37735552
6.245573,-3.1239176,-1.0374472
9.780466,-3.449236,-1.3012854
8.372107,-6.0101213,1.8316984
6.262001,-8.620834,-0.715055
4.4399214,-6.135598,0.026018977
-3.9423776,-2.081417,0.2291838
-8.069666,9.416817,-1.9767985
-5.90626,-9.746528,-0.58062017
4.5278025,7.481409,-0.6189995
2.1878424,5.133382,1.2242581
1.2766275,4.977647,1.2192016
-6.069114,5.3124037,0.7770944
-4.7047577,5.371298,1.6122254
-4.217366,8.647776,0.16693938
-1.2693777,3.703539,-1.801136
-1.8869772,-2.0803204,-1.4381917
1.0575047,3.8049612,0.08321041
-3.3301268,-0.7452917,0.9223093
-1.1330986,-4.841503,-0.77697414
-6.360055,3.6626759,-0.9440744
4.941577,9.997982,-1.8140188
-8.310529,7.501251,-0.55211866
1.8253098,-4.3114843,0.57753444
-9.513657,-0.8859167,0.7213415
-5.702834,3.8295088,-0.22425312
9.669073,5.547847,0.49973127
-1.871212,-8.706448,-1.7081192
-1.8370543,1.3609047,-0.75640833
5.158844,-1.1807432,-0.5217458
-8.62685,9.5954,-1.7013903
-2.3036313,2.8423462,-1.6988397
-0.3218603,-4.488326,-0.5385247
1.1254921,-3.1865048,-0.09651196
-1.656105,8.157518,-1.2952605
-7.053956,-2.958889,-1.6800444
-9.165213,1.8588114,-0.5407101
0.107785225,8.747427,-0.671659
8.350691,-8.838082,0.046380997
-4.4890237,-0.8192768,1.6579072
1.264286,-9.0168495,0.035447717
6.356468,-3.0376472,-0.9213852
-9.770573,3.6682663,-0.52553946
8.849291,0.005596161,1.5442278
8.446005,4.958002,1.0729644
-4.3746185,-6.80568,1.8100729
8.716486,4.455431,0.39639795
6.831011,-4.3493032,0.1656717
8.307098,6.4831047,1.8791697
8.660404,-2.596818,-0.16315901
2.2933273,8.183516,0.42653236
5.4948435,0.80378914,-0.015201628
-5.3544893,3.421115,-0.1603477
1.67941,-7.5707827,1.273536
9.589542,1.4640512,-0.05747748
-3.4459171,7.3785095,0.757407
2.3565884,-7.632059,0.92693365
-5.109376,7.398302,1.3623028
3.6962242,3.7274036,-1.359894
3.2559671,-4.256425,-0.5544534
7.549803,-6.5226994,1.9255466
0.05513382,6.1423283,1.0452019
4.774563,-3.04322,-1.9932331
6.062599,4.869089,-0.06274195
1.6103382,1.2212353,1.3417038
-9.43358,9.338724,-0.9874973
7.0900745,-6.8845177,1.5467215
-6.403226,-1.3995819,0.050626628
4.6322937,4.3779325,-1.3250499
-7.481861,-4.913745,-0.73156035
2.9128132,-2.747295,-0.69647765
-1.8714132,-2.1901455,-1.5356593
-8.955326,9.80879,-1.3795664
4.5662107,4.3943014,-1.3020856
-2.3268118,-9.274112,-1.7162466
-4.161001,2.7929,-0.088021934
-3.1070843,8.450052,-0.5958966
6.7993507,5.038356,0.81377363
5.8759537,9.0835705,-1.3384202
2.7241955,-1.9798012,0.007685989
4.1842976,0.99328804,-0.31783235
5.136442,9.772032,-1.8517395
4.1370764,9.217949,-1.8177092
8.514858,-2.9377842,-0.18984836
6.021435,2.1064901,-0.7692096
-5.145956,0.40629196,1.8260655
-1.5230837,8.824888,-1.8242598
4.664048,-4.391366,-1.3143692
7.9561996,-1.2354517,1.323875
-8.309541,3.6601076,-1.7665713
-4.9597273,-1.5536861,0.9866768
-4.9592876,-4.706192,0.96347815
9.4450245,8.514765,-0.6339805
9.815113,-3.7099543,-1.2232823
-4.469855,6.143776,1.9610307
-3.0903196,-2.2517347,-0.680773
0.17729378,-9.862833,-0.7292119
0.58557415,-6.912904,1.3608713
-2.8500605,2.5636158,-1.1249897
-7.2955074,7.161869,-0.20989954
-5.3220463,-1.4057217,0.9841703
-0.834404,6.512869,0.23284215
1.0824404,1.8368359,0.620193
0.38373184,4.252343,-0.06960565
-9.183014,9.901913,-1.1277301
8.854418,6.82205,1.398227
-5.8247957,7.746729,0.5495517
-2.4485388,-6.3541975,0.3585902
9.276312,-7.37638,0.60757184
0.06526089,7.9282246,-0.0089601725
-7.9936695,9.222881,-1.9699476
5.7608805,5.081357,-0.13822591
-3.7621937,3.9677134,-0.09620911
9.694107,-2.3137116,-0.9425227
-2.9015255,3.5027552,-1.1732545
-7.474886,-4.816942,-0.8246368
-7.439164,-0.4228363,-0.0032612085
0.053949356,9.357523,-0.94381607
-1.6107073,-6.299982,0.00065523386
7.785452,-8.404243,0.47474235
0.59874535,-0.77896214,1.2752495
-6.0110846,5.2159386,0.75129306
1.120204,-9.30036,-0.09208077
-7.3965225,6.365284,0.099454165
1.4929657,0.44574833,1.899261
2.6416721,1.1964312,0.8450375
-9.428023,6.1920986,0.99909985
-6.840439,5.056032,-0.19193771
-5.022676,-0.56720924,1.7956498
-3.4965572,-9.514044,-0.64846134
-1.816822,8.64888,-1.6836805
4.1936007,-3.2375612,-1.8638191
-7.8930798,-5.5546308,-0.2530982
5.171997,3.3445034,-1.8757105
-6.9319143,6.7211323,0.30145007
8.781317,1.4239511,0.7462861
-5.7073307,-5.6901274,1.3737873
-7.650055,-9.081554,-1.9209538
7.166979,4.3534613,0.4218799
8.133884,3.5004425,0.02478093
-3.3880448,5.9439907,1.1869879
8.767714,9.964069,-0.24727762
1.1262178,-5.4472446,1.5732721
3.6317768,3.1062078,-1.4701624
-0.58675385,9.92042,-1.4333245
-2.7317858,-0.31220627,0.553226
-3.617127,-3.712863,-0.38340124
-8.573886,-7.806287,-0.7041921
7.2984543,0.16023064,1.836813
5.2977095,-5.0505376,-0.501794
9.085213,-6.807959,1.1985145
-9.830536,-9.508131,-0.6018129
9.880184,4.1267195,-0.9925846
6.669485,-1.4424896,0.5047184
2.726697,4.3114014,0.012766659
-4.2921295,5.353755,1.5112736
7.056467,-9.937945,-0.17270643
6.412504,-3.6254158,-0.7562642
8.606331,8.9114895,-0.14104897
-8.256441,-1.7231541,-1.0718694
1.5199528,6.7369766,1.8974993
3.6010637,-8.645469,-1.1548733
-9.837107,9.1400795,-0.5590024
9.360394,4.2231503,-0.40561408
6.2422714,-7.022345,0.69813234
-8.030506,2.3483286,-1.685983
-8.58518,6.3723717,0.251651
0.40795898,5.3878365,1.0219833
8.020781,1.9414864,0.6238626
2.903842,-3.8850594,-0.5006094
1.4061689,-3.1302953,-0.013456702
-0.6477699,-7.258401,-0.04242003
-9.936,9.82929,-0.43005112
6.0189342,1.9078827,-0.59192526
6.3782864,2.1669445,-0.46650147
-7.0313644,-5.776124,0.19387001
-1.8421412,-7.808521,-0.9179661
9.721874,-1.175374,0.092453
-3.8328323,5.1627913,1.0728205
-6.8658247,7.543251,-0.24447545
5.720564,-0.9804239,0.023265064
4.6193714,4.200124,-1.48583
8.614071,-1.7607994,0.53591263
-4.3060694,-2.9688797,-0.06654048
2.4314642,9.993534,-0.19064039
2.4073715,2.4353218,-0.09077823
8.136461,9.816975,0.036295533
5.603859,-9.809413,-1.5552045
2.349782,0.79306984,1.4132879
-1.4069328,-3.4241986,-1.9469364
-1.7838812,7.744652,-0.86827105
-5.3966055,5.0125732,1.0706108
4.2062206,1.6682539,-0.971912
8.522278,6.2270126,1.7833014
-5.083344,-5.9345684,1.8718276
-6.8335366,-2.6219559,-1.3909863
7.445923,5.0752754,1.2728671
1.3436184,-5.814027,1.8662549
-4.7138844,2.4043922,0.25964546
6.4756947,3.253461,-0.80242676
-8.147793,-8.313848,-1.4009751
-4.913354,-5.877347,1.8986461
-3.2133985,-7.401092,0.50930977
-0.31843567,-9.146251,-1.2745427
2.1317244,-3.5481558,-0.07172364
4.782341,3.143381,-1.9975528
-3.491768,3.7136183,-0.49774373
-0.96950626,5.667411,-0.008280098
-5.2154374,1.2534819,1.1881332
-6.575266,-6.400676,0.7051606
2.1818733,-9.428777,-0.18096143
7.3738575,8.7138195,0.12920088
8.6295185,1.777978,0.5083427
-7.804587,7.6722984,-0.81809497
4.732107,-9.378542,-1.9987369
-3.0852118,-5.4383826,0.60752785
-0.49834728,-0.26370144,0.4874573
-0.41735172,8.274649,-0.81371033
8.637421,-8.201374,0.36804357
8.379349,-5.3187847,1.4350494
-8.097126,-7.586398,-0.706184
2.1687021,5.0868177,1.1922572
5.8480825,0.77240086,0.2947337
2.6829453,-3.7978354,-0.34955463
-0.23168945,6.6686707,0.69699395
-4.720671,-7.4342537,1.4074777
-7.055614,-0.9876528,-0.14722604
-9.84272,-4.5724735,0.2664211
-0.19380093,-2.233695,-0.8079943
-3.8583016,0.10319805,1.6515868
2.3600407,-0.22611237,1.6789272
-4.227581,9.906425,-0.00146842
8.306231,-8.826824,0.072977364
-7.0555663,-4.1880274,-1.198503
8.873421,-0.76174355,1.2474775
-3.9649334,-4.1847873,0.22995824
1.5456352,9.289089,0.008875132
-3.6670423,5.1460752,0.92182064
4.21482,7.564142,-0.5929471
7.891739,7.344059,1.487397
9.350449,-0.5344105,0.93483
-6.9259715,6.5891075,0.35414165
6.864876,-0.843359,1.214395
6.6141148,7.1835747,0.94622713
-8.206019,1.4564905,-0.82461494
4.0419865,3.982172,-1.450603
1.933322,4.120413,0.37700212
5.4886684,-3.795909,-1.5069895
8.761595,8.549133,-0.024873495
0.22875786,8.14974,-0.06469767
-3.7016702,-2.416748,-0.2173506
-4.5071163,-2.9601583,-0.004580438
1.2914286,-8.872967,0.10965353
-1.4673853,5.2608433,-0.47328895
-7.1620893,-7.6649833,-0.5821649
0.27892494,-9.238172,-0.70731723
5.7259674,8.228809,-0.89493924
0.3315258,2.2161293,-0.2759784
6.286705,8.708946,-0.75102794
-3.777783,-8.365353,0.10476202
7.84256,-5.633155,1.7960002
2.382454,-2.6683807,-0.20181215
-3.3606968,6.1820755,1.2122481
4.821575,-7.591796,-0.7348529
4.917716,-8.616367,-1.6696432
-4.2876315,-2.9447865,-0.06955737
-1.8189545,-5.188011,-0.51147485
5.161112,9.689793,-1.8660905
-8.812803,5.101346,-0.19526133
3.8102236,-6.7498455,0.27316362
2.192318,-4.3102303,0.42158765
-6.8165255,-0.3680687,0.42461157
-1.2328472,-6.2582207,0.056251764
2.9268942,-7.5558805,0.5067584
6.956194,8.961205,-0.271119
7.3127384,-6.6503882,1.7904041
-6.450783,5.775647,0.7071297
-6.502022,-2.8787699,-1.1827545
4.7289295,-7.5965714,-0.7452863
9.865952,-4.530885,-0.6075098
8.539885,-4.5820055,0.6438331
3.938056,-6.791831,0.15851724
9.48172,-6.1256266,0.93070203
-4.5909333,-0.45419788,1.8912466
-0.28305054,-5.2655005,0.24605131
-8.156948,8.132553,-1.2294382
-6.136855,-9.553747,-0.84588647
-6.7628145,-1.6291447,-0.5197655
-9.071251,6.5830708,0.6091615
2.821432,-6.6002026,1.2648884
2.5830164,-2.2843637,-0.12455559
4.0259123,-8.154049,-1.0690684
6.627329,-9.647304,-0.63795257
-7.965181,4.737588,-0.96862745
-2.8861618,2.5544834,-1.0852078
7.868807,0.97327805,1.5624826
-8.8498745,7.907856,-0.5976021
7.028391,-0.22874641,1.6520743
3.0794573,-8.344102,-0.4086366
-8.118332,-9.729533,-1.9191829
2.1574154,1.4500904,0.95322996
0.32128716,-5.9255075,1.2525005
1.9314041,9.312439,-0.058014095
-2.869134,-1.2511158,0.045163035
4.5266953,8.601683,-1.6627632
7.7771854,-1.6137142,0.9541479
6.969803,-4.627987,0.54962295
-0.959774,-9.906345,-1.705332
-9.198931,9.536055,-1.2177472
9.790026,-8.642975,-1.066825
2.782919,7.0709343,1.0564752
8.875853,-3.882719,-0.2159378
3.6022491,-7.3811436,0.010878533
0.16438961,-3.4379616,-0.79275304
5.3810616,4.841467,-0.65592545
5.5964804,7.6314087,-0.4132526
-0.64711094,-8.363963,-1.091045
1.5309849,-7.456499,1.386306
-0.40596962,3.395153,-1.3629352
6.8519077,4.773468,0.5995971
4.5525684,-6.4219103,0.0031372309
-1.6674194,4.1623707,-1.5180385
9.318979,-1.4005508,0.27502573
9.582428,-8.725624,-0.9223848
8.123604,5.601283,1.7402468
1.7917881,-8.376047,0.47700897
0.61162186,-0.5662365,1.4181219
-5.2219176,-2.1619344,0.31566823
7.2899704,-4.5962105,0.72920024
-7.185074,-1.6169586,-0.8306454
-8.619147,-8.925792,-1.5993358
3.0173216,8.85206,-0.7164799
-9.354447,-7.4796143,0.29541117
3.1881514,6.17264,0.9473542
-4.8161483,0.34589767,1.9353933
-0.12570286,-0.4461813,0.77672946
-3.8526654,-0.7280197,1.3991405
8.086292,-4.2671385,0.54245305
-7.4327707,-1.8120556,-1.1515201
1.837038,7.196499,1.5758929
0.14176369,-4.749655,0.17854649
-9.515358,4.5614834,-0.0598773
7.732456,-8.067968,0.7802675
1.9777889,-4.944521,1.1483684
-8.024007,6.9151936,-0.17873776
-9.924881,3.6588335,-0.38967088
4.4219036,-9.08141,-1.8997313
8.208937,-7.003813,1.689054
-2.2788072,6.4720535,0.2225604
-2.954142,-0.6855631,0.587708
-8.527309,9.290617,-1.7727647
6.7528687,-9.86286,-0.4529631
-3.767383,2.6524944,-0.29701877
-4.5963755,-9.889794,0.09946376
3.8049803,4.1619225,-1.1388744
8.745605,-3.3867083,-0.3419599
4.6283073,-1.0608234,-0.50831366
2.8842602,-1.2347136,0.5842933
8.850824,1.2857456,0.8241625
0.42531204,-6.7299438,1.3144574
1.546957,-5.548319,1.7416362
-0.73066807,4.3581095,-1.014282
-6.266016,-5.7850018,0.8956204
1.837059,2.7985907,0.023011744
-5.193039,-1.1811314,1.2665732
5.787016,6.3155327,0.5234165
-6.8977547,-2.5165071,-1.3875198
-8.173932,7.0487614,-0.22826773
-1.9321117,-0.26588058,0.0294289
7.428665,-5.555992,1.6579515
-7.5978446,1.8880606,-1.2793443
-3.1869802,-6.1464796,1.0360423
-0.7662115,2.410778,-1.4380414
-4.3732524,-4.8001995,1.03074
4.724182,1.2072487,-0.64433825
8.735186,-1.8839817,0.3281321
5.4125004,-2.5892138,-1.616049
-2.1089277,-8.629442,-1.558713
-7.85125,-3.3569217,-1.9769024
-8.256519,8.349081,-1.3951889
-2.3945928,5.638732,0.119987726
-3.150258,-4.181658,-0.49749878
-7.583843,1.1727448,-0.57611096
2.4730206,2.502184,-0.18258256
-3.7892017,6.1430645,1.5934805
2.8999624,6.8241615,1.0964922
-5.3102436,-5.4891944,1.5275497
-0.9010544,-2.3742652,-1.5037503
-3.0094776,8.208107,-0.4785012
6.142475,1.0231342,0.38044637
-9.126528,-5.537541,0.44080275
-3.9433432,-5.025426,1.026524
2.1355104,-4.955213,1.0851865
-2.8173294,-9.4263735,-1.3186092
-0.17114162,-6.710864,0.73962355
6.758526,9.929935,-0.417457
1.4315214,-1.2043295,1.348636
1.232748,6.67008,1.8694888
2.921462,-9.251991,-0.7667524
-5.380144,4.715435,0.78825974
-3.9936876,3.853568,-0.0044113398
4.7901783,-9.356237,-1.994628
1.4496479,-2.421081,0.24120218
6.5233517,2.6175165,-0.6279224
-1.2767181,-7.8573856,-0.9604738
9.39406,3.8448896,-0.732001
5.9719887,5.8213625,0.5890438
-2.8014255,-9.099107,-1.281081
-5.1105127,-3.8496914,0.1621902
2.0194054,7.0142,1.6455483
-8.342278,-0.8904476,-0.25406945
-4.5796432,-5.848135,1.898051
3.0634985,2.4992695,-0.7226914
0.8722038,-8.288093,0.34514412
4.5255604,3.3392105,-1.9631352
-4.182829,-5.7829084,1.7404792
8.415499,3.6330013,-0.0352208
-5.4990125,-5.3138027,1.2720485
-5.1240015,-2.9887438,-0.071864486
6.6903954,-4.6422043,0.32592195
-1.9293394,5.227704,-0.44360003
2.8607502,-9.170203,-0.6906053
-1.7764549,6.0540924,-0.0050539374
-7.0723176,5.194044,-0.2464956
-0.4000187,-7.041824,0.33633772
4.5367727,6.752594,-0.09278315
6.739378,7.419199,0.8617466
7.628237,-6.2992916,1.974498
-0.35213947,0.9134178,0.26613703
7.2429867,2.5030117,0.016135216
2.8208542,-1.3768215,0.50802815
0.3700676,7.274927,0.9089112
0.18891907,-2.5391817,-0.63617456
-0.9541931,-3.4296632,-1.7746413
2.855875,2.8229103,-0.66780305
-0.51662827,5.37245,0.1192137
6.431078,7.8992767,0.1020745
-1.5231133,-9.957024,-1.860533
-5.5530524,-2.4810352,-0.12268168
2.9061308,-4.4243407,-0.050789297
-5.6033554,-3.657806,-0.24103379
6.210209,-2.7249622,-0.9873694
8.167099,-5.6294546,1.7451985
1.6053343,-5.903963,1.9283564
-2.0060205,-5.4072723,-0.26647967
-0.4515667,-6.7807508,0.44237143
4.6833572,3.966937,-1.6778826
-7.6391706,5.482195,-0.28102082
-2.6767445,-4.554527,-0.60549444
-6.0926223,9.436342,-0.81052136
-9.044985,3.6703596,-1.2341582
-7.1550264,-7.5885606,-0.5031992
-6.425178,4.75356,-0.10035664
7.614191,0.8898344,1.6009284
6.112274,8.502064,-0.7737388
-6.788865,-0.8726511,0.15839568
-7.891554,-4.0323424,-1.6281235
8.955368,7.7765007,0.5297636
2.3736486,-9.192296,-0.27843982
4.604994,4.2866564,-1.4072268
1.5616598,-8.554301,0.35549617
-3.7364697,-2.3934183,-0.17252511
-5.4025745,-1.0040369,1.3080289
5.3802214,-9.407333,-1.7850137
-9.878532,-5.550479,1.18171
-8.321203,-4.001588,-1.5452642
3.0198097,-1.3701544,0.32078058
-2.6224318,2.048421,-0.9558227
1.9128227,-6.9477773,1.7292454
5.333452,8.16696,-1.1211536
-5.7466784,1.5185728,0.5633366
-5.6291094,1.2346535,0.93827444
-6.1505985,2.2471008,-0.49371657
-8.749535,-6.312442,0.37448478
-0.6768999,-0.15557384,0.3615433
8.491665,-8.833494,-0.026748598
-0.6112089,9.690098,-1.5388665
5.4842815,-3.747593,-1.5385246
-4.97319,-9.277898,-0.023048699
0.9921875,0.88286304,1.4721661
-7.5089645,-7.321453,-0.43335629
-0.66101074,-8.572256,-1.2720015
2.1944942,-7.0362434,1.5413251
-4.278655,-1.4797153,0.99835795
9.181131,3.5251799,-0.686085
2.8233728,-9.995923,-0.52840626
5.001835,-1.4911232,-0.87881327
9.952259,-2.2869434,-1.1598415
4.239048,-4.3550444,-1.2398381
-0.78562546,4.1403,-1.2486572
4.7759876,7.00111,-0.24480581
9.854385,1.2080288,-0.061650902
-9.627377,-3.8292894,-0.5714946
-1.885376,3.1482038,-1.9509046
4.856041,-4.4699383,-1.2297821
-2.423748,-0.6200752,0.15607202
-8.135776,5.637698,-0.16175133
-5.8051205,-1.9537964,0.086357
-5.19753,9.635014,-0.093372464
4.145853,9.899954,-1.7329775
6.366585,2.8693285,-0.8798617
-1.1380053,-0.95759296,-0.33230853
-8.182498,-2.393496,-1.679507
1.4208431,4.085354,0.4020316
2.7957573,1.5089235,0.40081602
-3.772067,-8.44027,0.036254644
3.448166,-8.52736,-0.92542386
-4.0849376,0.06978607,1.8070923
3.3664436,2.5112896,-1.03081
7.1548767,6.231024,1.7640584
4.98722,7.1043777,-0.28112227
-0.94503784,3.1778193,-1.809863
9.60494,7.4041157,0.2556554
-0.879344,7.369173,-0.3042817
-8.919493,-7.33827,0.009096831
7.1881046,9.497595,-0.2109747
9.298588,-4.807048,0.2203731
4.5636168,-6.32874,0.010008752
8.763849,1.308981,0.8726847
5.4010563,-6.745943,0.12273115
4.0817184,0.7471485,-0.07400268
5.790016,0.35192394,0.46529153
-7.681849,3.0529156,-1.9812925
-0.119319916,-5.707432,0.7197453
-4.2719603,5.084114,1.2677922
2.7508736,7.431072,0.7912687
-8.843338,0.929451,0.04904616
0.59118176,4.686468,0.53142464
3.9122543,-5.712714,0.14503658
-3.715867,4.2566223,0.10307485
-4.0332994,-5.8459926,1.6840887
-6.4855504,-3.5515509,-1.1181242
2.7532673,-1.8869123,0.06776163
-8.394009,-0.06213665,0.14037532
-2.052578,9.041363,-1.8135633
0.5562172,1.4747229,0.62390316
2.8531132,9.896696,-0.6062031
-8.584965,2.3587332,-1.453418
2.0178995,-3.1221762,-0.09810817
-3.923212,-3.3064137,-0.282018
-1.1642323,-0.97745323,-0.35934913
-7.2971,-6.5618706,0.1125105
-7.854267,3.8797073,-1.7397385
1.3641558,8.942387,0.09283763
1.6981039,5.747761,1.8519595
8.594574,6.115263,1.7240031
9.409483,9.7110405,-0.9440115
7.30645,1.291853,1.129152
3.8748121,-0.608407,0.15129429
6.650696,-3.380878,-0.6122143
4.2704754,-8.370972,-1.3982008
-9.315881,-6.6224384,0.8343214
7.2776337,-0.541028,1.6956382
1.2140923,-7.0517883,1.6559353
-2.4937906,-6.895877,0.21466798
-2.9739618,1.6512156,-0.24717942
7.9765377,-5.7467914,1.8520565
6.9782314,-8.309413,0.20057115
-0.9289036,-6.946032,-0.012720346
-3.7381659,3.8297462,-0.21060908
-5.3764067,1.3732996,0.9837379
5.7648716,-9.505089,-1.4921929
-6.0644317,-8.068948,0.0036987662
-6.6295195,3.9947815,-0.997036
-6.001109,9.366211,-0.71993506
2.903555,3.4639177,-0.7127053
7.6657066,5.033066,1.2975374
1.9987154,-0.46407127,1.8040689
3.7274513,4.228839,-1.0178401
-8.076487,5.0681314,-0.6270613
-7.265729,-5.3698683,-0.220788
-5.8568954,5.072728,0.7660872
-6.3989916,-2.7076697,-1.022871
-4.4638395,3.5561676,0.053982675
-6.0626087,-9.422468,-0.78120506
-3.2719555,-5.419216,0.7794183
-6.19038,-5.8704195,1.0086869
2.9786987,-4.0508213,-0.45218006
0.2580719,9.1651745,-0.71127504
0.50889015,-4.9142385,0.6876899
4.239794,2.6407442,-1.7675655
-9.003425,-0.92085266,0.1961458
-3.9150105,1.5788708,0.6905105
-0.3396721,-4.467803,-0.5753326
-9.343839,-5.7858872,0.7980238
5.3139114,-8.130362,-1.0973498
-7.5088763,0.81334877,-0.25397074
6.7598686,-9.184438,-0.51242226
9.896378,-9.275627,-1.4432095
2.0608692,8.949635,-0.0069286227
-4.8672476,4.191696,0.4905521
7.0577087,-1.6415071,0.6287236
-6.555817,-4.653779,-0.3278434
0.47346592,8.847876,-0.38218257
6.2697353,-0.43246746,0.8944848
9.37491,-8.333888,-0.41184923
0.7327471,7.138935,1.3245667
-0.75897026,9.306448,-1.6811819
-0.8677597,1.8230381,-1.0124578
-9.695232,7.1912994,0.8824029
1.7769823,-8.016275,0.81723666
-7.9373417,0.27694798,-0.03463316
0.89893913,9.803549,-0.14645278
-2.3762083,-9.835686,-1.6095729
6.358864,-9.4697075,-0.92338455
-4.0040207,0.8869972,1.3911669
7.1073666,2.6691332,-0.15645975
-2.382896,2.512164,-1.4963403
-1.9340916,-2.8583598,-1.8948879
-9.103555,8.350325,-0.79194045
8.690807,7.237711,1.2478191
0.8649483,-9.87733,-0.13827246
-9.012611,-9.50424,-1.39744
0.5623827,8.481705,-0.054099977
4.0956917,-4.069005,-1.4156992
-2.1132088,1.9167061,-1.1955185
8.160517,3.5320587,0.028653085
4.8908567,2.3005333,-1.6507905
-1.2817869,-5.15751,-0.5279597
9.997583,-6.815033,0.3198797
7.052538,-7.7343082,0.81505823
-1.2266026,4.1322947,-1.4894507
-0.86380196,-1.2741222,-0.46797642
3.069006,-5.820142,0.9672201
-3.484601,-8.077333,0.11482231
6.1560345,5.4008284,0.5085243
-9.620983,1.3591881,0.40498126
-5.3574467,-9.582261,-0.18856007
4.5838404,-0.5461416,-0.13721412
-9.597713,-2.7247643,-0.74230283
-3.3133006,-0.2788658,1.1322337
-5.317212,2.4746704,0.03687352
5.417288,3.4836874,-1.7037311
0.50279236,-9.40045,-0.5178299
-7.1024632,1.4569712,-0.61707354
8.0583515,5.1689825,1.4200822
-4.560281,-2.3354244,0.2961852
-1.1032543,7.689127,-0.72856987
3.3742352,9.7957535,-1.1625237
-6.66795,2.7793636,-1.3104504
-0.9223366,9.596735,-1.7822669
-3.368826,4.2514124,-0.2195402
-2.371911,-6.681222,0.22591716
-3.6274195,6.2511253,1.4664258
6.400934,-4.262952,-0.31698164
-4.914056,-7.1766353,1.6064615
-6.7487288,-9.014999,-1.3661176
4.3197136,0.88098717,-0.28749865
3.2399797,8.999052,-1.0089676
0.104418755,-3.4438648,-0.85043347
0.8240366,1.6013575,0.7033373
9.815023,3.2490816,-1.374644
-3.3454204,6.1834984,1.1974547
-8.924169,8.445734,-1.0377766
-9.849556,5.3040257,0.96983874
2.592514,-3.5602355,-0.39174002
3.897544,-0.2826872,0.27432817
0.14131355,-9.586355,-0.8461311
-8.310616,-7.7526083,-0.79634196
-7.8113985,-5.4261627,-0.3444025
-6.8138194,5.960145,0.44219434
6.4378147,1.7259588,-0.00052671134
1.9596882,-0.03161335,1.9248302
-5.5696654,6.596792,1.6057261
-9.457082,-0.9180126,0.6396983
5.745043,7.621668,-0.28231215
0.10745525,9.403732,-0.89252996
9.940126,-8.119918,-0.75565076
-8.193319,7.941944,-1.0308244
-8.110956,6.330393,0.031722605
1.7253246,-1.1351309,1.4100981
6.702402,3.0051565,-0.5836618
6.6055737,-6.7197285,1.2230514
9.942108,-3.1610022,-1.4943731
6.3663826,-5.6909776,0.9128117
4.4667263,-6.9552317,-0.1874271
-6.148603,-1.6700611,0.0350746
9.854591,-9.966991,-1.2732698
-4.4256506,-1.8714314,0.6630447
6.4306526,6.3734207,1.142865
4.1139135,-6.169479,0.1673469
-5.92733,-3.2724562,-0.6430574
-0.8933468,0.40616512,0.13946879
-0.8326683,-4.3434486,-1.1003568
7.550871,0.91895866,1.5610609
7.6520767,-9.218693,0.0008468628
2.1440907,2.7003307,-0.06409472
-5.682931,9.356873,-0.4328429
2.8480616,0.61234474,1.1076366
8.193157,9.744251,-0.006371677
-5.299054,-8.809006,0.016463816
8.014313,-5.1955414,1.4517475
2.2597523,-3.0374837,-0.22267538
5.531596,8.548538,-1.3228455
3.4301853,-9.160072,-1.2497729
6.313242,-1.8176422,-0.21429455
-8.507904,-8.955681,-1.6856806
4.1300344,1.9234552,-1.1805643
-8.671889,-8.684903,-1.4223025
-0.6823826,-8.212812,-0.98182356
7.8202133,-6.2237787,1.9976659
-8.200666,-3.8407793,-1.7058702
-7.606423,6.3497753,0.028270185
-4.3828144,1.617363,0.8996303
0.37624454,-9.01464,-0.5496354
-1.3825512,9.45578,-1.9818536
-7.8494015,-0.20294571,-0.020512402
1.3029757,2.9206514,-0.011341691
-2.5120735,-5.1637673,-0.1525499
-4.6704435,-4.7148633,1.0015948
0.10915184,-7.4894047,0.46548933
3.395996,-7.863052,-0.26073822
1.6043196,-5.1095686,1.3862572
-6.6290545,5.5190525,0.3829681
6.7788105,-3.8057256,-0.3118698
1.8867264,-8.4860325,0.35970718
-4.094611,2.9304466,-0.16262376
8.655918,-2.6270747,-0.17521381
2.0158195,-7.1668377,1.5369325
5.2001476,8.097973,-1.124963
7.070677,-9.331661,-0.2870823
-0.1782093,-9.725238,-1.132468
8.241377,5.779598,1.8017534
-0.044612885,5.5568495,0.7030148
8.000101,-3.8272643,0.21534961
1.2129507,7.0683784,1.6439054
4.6014175,-6.577451,-0.036833644
5.035838,-4.7026515,-0.9578821
-5.542206,-1.4395123,0.8059182
8.738909,-3.3472881,-0.34557325
0.3032341,6.465681,1.2820021
3.675375,-9.294338,-1.5002979
-7.3782086,8.0968075,-1.1293855
-3.7327075,5.727702,1.4069328
6.518713,-5.513401,0.95141697
-6.3110566,-5.2704372,0.50166386
1.3854265,1.5555916,0.99807227
8.781025,-0.7603493,1.3247969
-9.498262,-8.867359,-0.7752051
-0.110453606,8.181023,-0.43147144
1.6249809,7.8684654,0.9840491
6.554123,8.002075,0.120082125
-3.3599353,4.748333,0.25254816
-9.773163,-6.961397,1.120076
-6.1892376,-5.261904,0.616083
3.0012712,-4.222002,-0.3311059
-7.3641276,2.7738056,-1.815527
-8.560263,5.390539,-0.13342714
-0.25230598,-0.47238922,0.6408461
2.6238155,-9.839039,-0.42046425
-6.270643,-6.3384438,1.0110154
-3.8840652,-4.781522,0.7451894
5.4700365,-6.7314076,0.17476422
-6.761291,5.148349,-0.037817508
-8.225518,0.44622326,-0.029687166
-3.0223298,-7.1368837,0.53821975
8.03483,-6.066575,1.9603231
-2.9318533,-7.305906,0.31284088
-6.7786036,-6.9277945,0.32393506
-7.0941696,3.7500181,-1.5455146
-2.3502026,-5.2531853,-0.19651216
7.102623,-8.562807,0.0798195
3.758625,0.7222042,0.17173314
-3.3388748,-0.59961796,1.0215563
-8.675241,-8.291237,-1.1047541
-6.0681524,2.6942492,-0.68821985
2.1117964,0.85364246,1.5144362
8.4085865,1.3060837,1.1117405
5.1500235,4.392663,-1.2200632
-1.2782202,-5.0477624,-0.6283822
5.304571,-8.738366,-1.6032497
0.72015667,6.4639854,1.6432025
1.3742342,9.070145,0.042969882
4.6623793,9.287601,-1.9893558
-2.4615788,5.3369427,-0.044068515
2.9133186,9.191841,-0.746696
0.8916235,2.8226414,-0.17147225
3.0508566,-8.724907,-0.67431366
-2.1390486,2.974496,-1.8289146
6.464262,-7.6469097,0.385684
-9.008614,-9.420186,-1.4042447
6.641985,3.8693914,-0.39548993
-8.250941,-5.296303,-0.37094724
-6.7280793,-7.2242346,0.15857816
-6.1488905,9.443821,-0.86592716
-0.9654989,3.1868944,-1.821307
-0.99127674,4.2729893,-1.2621222
-9.724133,-2.9846501,-0.69280624
5.3061438,3.739521,-1.6553494
2.4601564,-0.15740395,1.6175468
9.770716,-2.335596,-1.0314715
-7.1364617,-1.9080238,-1.0843108
-8.041292,7.4213276,-0.5632268
2.4029331,-6.8375206,1.5235479
7.7037964,-3.0830584,-0.009544015
6.676161,7.302147,0.9071893
4.056528,-0.46590233,0.10089338
1.6818142,4.9094057,1.1895885
4.9846535,-4.2384872,-1.419526
-3.9798617,6.709345,1.6540468
-9.974192,-7.108465,1.2005386
-8.325155,-5.3621044,-0.2860763
-6.3952947,-8.796476,-0.9209016
2.2330332,-7.9873095,0.65568566
8.953278,6.2965183,1.4541346
6.4535294,6.465889,1.1528774
-6.5270844,5.360113,0.361885
2.7885303,4.9498377,0.5809965
8.845879,6.783064,1.4247438
0.24587059,6.08255,1.223341
-1.8631468,5.8849134,-0.035836518
-5.417204,-4.9093366,0.9574083
-0.7266998,7.4931297,-0.31133538
7.5250835,6.640419,1.8832666
-2.8235888,3.0981588,-1.311728
-1.5101738,-1.8013973,-1.2267256
4.8519382,8.742117,-1.7661755
-3.8334394,-0.6645489,1.4251554
-4.6198378,-9.321099,0.0010900497
1.6888294,-3.757142,0.17658585
7.2403164,-0.25545025,1.7850924
1.0666857,4.7536325,0.91683626
-0.4027424,2.6898346,-1.2916238
-7.943814,1.72995,-1.1544504
5.9713306,8.508749,-0.91579914
0.4563465,6.5378227,1.4084262
-4.4019375,-5.680228,1.7758582
-8.7979965,-3.6265097,-1.4712547
-4.7445297,-0.95311546,1.5786296
-7.027719,-0.569891,0.16433078
2.047762,-7.6244936,1.1158711
7.3277206,-2.679336,-0.030357242
-1.9767151,7.574604,-0.64298254
6.086727,-9.694906,-1.1589335
-2.1250954,1.4407301,-0.7205698
-4.7593117,2.025217,0.55995744
-9.151568,-3.1942644,-1.2684364
-6.701173,-3.4016132,-1.3723068
7.50683,-5.0121713,1.2356579
6.735346,-9.088111,-0.506951
9.648588,-9.017685,-1.1402221
-1.0089474,5.316868,-0.2779382
3.3803263,-0.29994965,0.718879
-1.2273226,-0.43514442,-0.034781396
9.89781,-1.6400328,-0.5247686
-7.9738474,-9.458341,-1.9922614
-2.7153053,-1.6315165,-0.47417608
-9.588215,-9.2219305,-0.81678665
0.9875431,4.92741,1.0480435
-7.7852764,-3.5095978,-1.9306877
-7.0133724,-3.398281,-1.6342452
2.3126402,3.5221138,-0.19124722
9.949373,-6.8544474,0.34035647
8.33494,-6.507412,1.8615184
6.870615,-5.5493355,1.2968249
-2.4750576,-2.2552395,-1.2505081
-0.30191898,-6.318325,0.7020297
-8.989815,-9.962633,-1.2801864
6.722191,4.471793,0.18675822
2.732214,5.4370155,1.0608953
8.488071,-4.126811,0.2529301
-9.721691,-7.689824,0.4559911
-2.4387112,6.769081,0.23783809
-6.4403296,-6.0723615,0.8213606
-7.6528635,-7.753888,-0.8799174
-5.945159,-9.01914,-0.5872252
3.1592798,2.4767733,-0.80471444
6.6478252,2.267541,-0.2851115
4.5159626,9.518793,-1.9763541
-3.4252167,-3.9313545,-0.42417777
4.411169,-6.2475967,0.044391572
9.849422,9.769886,-1.3530358
0.48902702,6.8736973,1.3004229
-3.5985575,-8.851046,-0.3986546
-7.896321,-9.366329,-1.9973962
7.068989,3.7227812,-0.12841737
-2.285335,-4.981227,-0.4897843
-7.8455853,1.7428007,-1.1711223
5.7828894,-0.6564255,0.3124935
1.9935951,-3.1109023,-0.08758491
-4.0361643,8.536453,0.14922804
-9.843166,3.2791233,-0.58426917
1.2544451,3.0094347,-0.040902972
-2.9616284,-7.505746,0.16224562
-1.7340679,-3.510293,-1.9194973
-3.3359146,4.67428,0.15500171
8.224968,5.496752,1.6383445
5.307989,1.0634127,-0.34191978
7.9279785,-9.794355,0.064783394
3.7755089,-5.379323,0.026275277
2.8538055,9.853907,-0.6254976
9.869133,8.120056,-0.69282174
-0.03550148,5.2658644,0.4901529
5.748845,-5.83843,0.39344257
4.066266,-5.394987,-0.16761303
-9.570482,3.6173515,-0.7437561
6.7935734,-8.372366,-0.006961465
-0.98063564,-1.1676598,-0.43854585
-6.7524123,3.8302383,-1.2243043
6.739094,3.941887,-0.25621742
-8.099205,4.918808,-0.7651269
4.688779,0.59816265,-0.17334962
-8.225804,6.7111816,-0.021867454
-2.868248,-9.778701,-1.2079737
-9.381912,-5.160099,0.39004982
7.1516476,-3.0828881,-0.23494089
2.4723358,5.8468857,1.5267248
8.159952,-7.806445,1.0010736
3.0520487,7.374552,0.55069774
-4.9583673,-5.7927656,1.8520348
1.5036678,-3.0208826,0.005024314
6.767309,7.399908,0.90406305
-7.7312994,9.78908,-1.9268568
-6.6710367,2.99926,-1.368088
-2.5435934,-2.1365395,-1.0990334
-6.247426,7.0745125,0.7386536
-1.816659,-0.48410416,-0.08483547
9.469696,6.026352,0.9222962
5.5605125,4.050108,-1.276309
-8.107502,-0.21804714,0.008286297
-5.3959427,9.436771,-0.22459477
8.025021,4.8209076,1.0937142
-0.7669201,9.391008,-1.6933508
-4.210677,9.44384,-0.12305772
1.9550648,1.9331827,0.5725663
-1.5876579,-4.6789885,-1.0332521
3.369173,-3.3621287,-1.2014012
0.18422127,-1.5910902,0.16288856
5.68596,-3.2634869,-1.5549304
5.5047894,1.043376,-0.19883227
3.51081,9.721504,-1.3171843
3.097516,6.5869274,0.99828625
-2.5680065,2.738285,-1.4624157
-9.255213,5.1979494,0.29795033
-0.96274185,-5.6459274,-0.017030656
-7.594919,4.0201244,-1.6049126
-7.9992723,8.75963,-1.7762895
-8.805498,3.2342606,-1.5761583
-2.4989262,0.15390015,0.38884866
-7.3951197,8.075468,-1.1162372
1.6907616,-8.22319,0.63193524
4.318405,5.645262,-0.12005305
5.940934,-1.9361095,-0.69285035
-9.6519,-9.217715,-0.75346434
8.414003,5.606436,1.6268561
2.9754524,-1.9997807,-0.25057042
8.115067,-2.2465014,0.3406629
4.845392,-4.5714426,-1.1316483
1.817894,-3.3019457,-0.017544627
-1.9193754,-1.5371723,-0.9062413
8.36611,-9.81924,-0.051500022
-6.5086164,4.8631268,-0.07335903
7.800215,1.2911415,1.2745788
8.72221,3.7136269,-0.1946218
1.6331329,9.950481,0.13308656
-4.2884874,-2.2315097,0.29781085
-8.078204,-6.0014877,-0.014382362
-0.5496454,-6.49352,0.45557618
8.4973545,-1.3781404,0.9915432
0.4622612,-1.94666,0.07889703
-2.5170898,3.5607538,-1.4981247
-4.973179,0.71100235,1.7238948
0.7472515,3.3318958,-0.3023218
5.5302954,-5.0959053,-0.3095668
1.9481468,-8.610092,0.24354708
1.7242374,0.37289715,1.9195268
-6.9200172,2.1151876,-1.1125488
4.839451,-4.7834263,-0.9209609
1.0393915,-3.5686707,-0.0480839
-9.8286915,-1.7634888,0.20151775
8.317736,-8.941728,0.008797407
6.359522,9.333603,-0.91958404
0.07838726,7.2045765,0.68301976
-1.9752293,-7.3009634,-0.39406776
8.981808,-9.5291605,-0.56593215
9.927618,8.707079,-1.2352369
1.6296673,8.302704,0.564453
9.282854,-8.980471,-0.7614607
4.2275105,2.1198025,-1.4065713
4.7723217,-6.352354,-0.00059580803
-0.59226036,-7.360839,-0.08484134
-0.73043823,-6.9563627,0.1146484
6.3953133,0.31348228,1.0631586
-4.380014,9.235296,-0.036831915
-7.1429825,4.661599,-0.80847824
6.243784,-9.234669,-1.0213748
-2.400113,5.3919134,-0.0469566
7.060217,9.076229,-0.23870331
-1.6615591,7.0570984,-0.2807027
-6.092007,9.238869,-0.79275286
-0.16919994,-5.8146334,0.7238294
-1.152915,-5.089071,-0.54611385
2.295332,5.5567284,1.4963398
-7.715001,-7.8772936,-1.0136676
-8.466744,-2.8280258,-1.7693017
0.5171261,7.178175,1.119911
9.025902,3.0719872,-0.60919553
-6.321267,-2.6753902,-0.9313544
-5.0304356,3.9997253,0.29599667
0.95439816,-4.6756005,0.7791858
7.4888325,-5.0674343,1.2817035
7.6636295,3.0004578,-0.008119285
-2.088039,-4.8262987,-0.75552243
-0.5242462,6.9586964,0.27982688
-7.873194,4.45827,-1.2512082
9.766819,6.0729427,0.6425697
6.075451,7.1791496,0.41852263
2.556797,1.2615576,0.8563626
-9.714365,-3.6920857,-0.5667102
5.6527557,-8.400433,-1.10915
-5.6344404,-2.8964672,-0.36592013
0.41617775,-8.411051,-0.12443334
4.7980776,6.078182,-0.017270625
-0.39826965,0.77844715,0.32418078
-4.8774767,-4.2478237,0.5383698
6.7545414,-0.31105232,1.406107
6.777914,7.2160378,1.0703379
0.97413826,-4.3808484,0.5017179
-6.249386,1.9279366,-0.31580332
-5.1804376,1.2024937,1.2524828
-8.982955,-1.3544168,-0.21289316
-5.3521633,-2.3247042,0.11773759
-8.932366,3.7461224,-1.2955217
-0.88240623,-3.2277975,-1.7685564
-7.1018686,-8.212259,-1.0809087
5.6950417,2.2571354,-1.188527
-8.091793,-5.816574,-0.078758
-6.894208,-5.1258063,-0.17196426
-6.16194,0.2813263,1.0816364
-2.6274467,4.8109636,-0.39337638
3.913412,-2.9017057,-1.6688051
7.1970215,-6.00613,1.7537174
9.918293,4.6208153,-0.56517017
-2.3849607,-6.1779013,0.30798644
2.347722,2.1588182,0.15835595
0.7040634,2.8455687,-0.30918372
5.51523,-0.23700714,0.27737933
4.6992693,-2.5702944,-1.8411136
5.879648,-1.3458786,-0.16964763
6.820986,-5.6578484,1.3230141
8.324696,6.576664,1.8484881
0.51087856,-0.89339733,1.1157122
7.000431,-4.1803923,0.15005636
-5.6190004,-5.479331,1.3103541
-2.100091,4.419318,-1.1520568
-2.7937975,-6.1711717,0.65290725
-2.9941607,4.1298904,-0.69701064
0.5726223,0.031136513,1.5413532
-9.408445,-9.234638,-0.9983097
-5.667716,6.389349,1.5717117
-0.9374218,3.9395275,-1.5042214
2.0110884,4.221978,0.4336389
7.085188,-4.485058,0.49337173
-6.86602,-8.696369,-1.2966276
2.4398794,4.713852,0.64699006
4.6148777,-7.792078,-0.93338543
-5.3357353,4.7429953,0.8425311
1.7005777,8.663063,0.2679367
-5.241382,-1.2421885,1.1860414
-0.26660728,-8.103684,-0.51057607
-5.4950285,7.501644,1.0541475
-2.7984667,-9.579268,-1.3245225
-3.955945,-3.3115387,-0.25831264
8.652206,-7.417381,1.1208407
2.4135246,4.2422657,0.21243256
-9.701701,9.040663,-0.65373296
1.2654257,-6.3954163,1.9474443
5.4531994,-5.7403445,0.11832279
-4.3548155,8.109196,0.6842963
-5.980138,4.9093637,0.4941337
-1.9635067,6.999588,-0.16970235
-8.833018,-7.1680093,0.075603366
-3.7206173,9.346518,-0.44973135
1.2283936,-3.6312685,0.05946529
-7.4607015,-5.5279675,-0.19553477
-9.498137,-3.3427181,-0.9065486
-5.9451427,0.64618206,1.1300297
-7.304927,5.837575,0.04932952
0.29364967,-2.5574708,-0.5447491
3.6142235,-6.7539024,0.436013
6.3007812,1.6177711,-0.029362515
9.992416,-9.627675,-1.5171292
5.226821,-7.965429,-0.981789
-4.5148015,2.1510992,0.43226576
-1.32833,8.900829,-1.8365991
-5.135319,-5.779319,1.7876124
6.0103188,5.668277,0.5473332
3.3339844,-6.2266483,0.8071951
4.6093283,-3.4340644,-1.9522281
-6.718538,9.917955,-1.3025631
7.795643,2.715046,0.08789885
-8.803722,-4.2209387,-1.053799
5.0204067,-4.502015,-1.161762
-8.72304,2.1991167,-1.233333
7.657202,6.215584,1.9784172
-5.928439,7.5189075,0.6761915
-7.7822647,0.7343235,-0.2551452
5.003332,-5.046893,-0.62967294
8.866184,4.985382,0.79960907
-0.7272911,-8.372816,-1.1607169
4.185157,-0.3209648,0.08472848
9.149324,-9.215368,-0.70617044
-8.12665,-2.099124,-1.4671454
4.0661764,-0.05915737,0.19988054
2.3017797,8.189827,0.41495082
-5.689881,2.2901258,-0.099776685
5.9383717,-6.7498007,0.5550747
8.907597,4.5906534,0.37299702
7.6896553,0.26276207,1.952205
-7.185587,-6.3606462,0.2121839
8.842394,-8.458537,-0.018379807
8.411476,2.0664406,0.37298486
3.8026066,-5.7460346,0.24525261
-1.3713636,-3.8278437,-1.7538061
7.69479,-5.1236463,1.3871179
-6.480879,-7.447075,0.19936225
-6.0756454,-6.4706078,1.1885409
5.4994955,-1.4863672,-0.6215689
6.670307,-0.24579525,1.347469
-1.0095768,6.7514763,0.045734286
9.196421,-8.206929,-0.11928742
5.265877,8.557575,-1.4976584
4.8912754,9.234135,-1.965925
8.1072445,-9.669633,-0.002072513
9.844814,6.4392986,0.5800454
6.993845,8.165293,0.34602693
8.148571,-7.6096306,1.1988481
0.9425535,5.1889496,1.2677872
7.83737,4.257535,0.56053084
5.3737917,5.2378798,-0.28749377
-4.9177837,-3.442854,0.024017513
5.588764,-5.208396,-0.16402322
0.69703865,-0.06350708,1.6399341
-3.451891,-3.0626726,-0.6915448
7.5018063,4.442034,0.6715508
2.615879,-7.447047,0.89762634
7.7923985,8.482454,0.4101944
2.1559792,-3.194827,-0.16497225
2.9861603,5.7347145,1.0081301
6.0045433,-3.2329726,-1.2708781
-2.493341,-1.5252075,-0.5582207
6.2144146,1.4851294,0.01684571
-5.168949,-8.819992,0.07495046
-1.4166183,4.6057043,-1.0946205
0.91739273,9.047859,-0.13578373
6.912176,-7.4690437,0.9638306
4.4071007,3.8245153,-1.729492
9.64839,-9.093829,-1.1674874
-5.3697023,-0.3933859,1.7152531
-0.790884,-4.5522747,-0.87040627
-0.8337536,-8.648235,-1.4538002
8.149689,4.3818398,0.6320337
9.440519,6.2536926,0.9838244
2.5238886,1.3637543,0.7847311
-8.081416,3.3690271,-1.9484961
-7.253767,-5.5312157,-0.094869494
1.8354216,6.6080894,1.9128718
-8.809219,-7.958912,-0.6821525
-3.4880614,-2.7477303,-0.58385515
-7.4981203,-3.6005726,-1.8338516
5.128498,-4.3142405,-1.3023809
-1.3724537,8.233175,-1.350566
-7.829385,7.7402,-0.88616127
6.534363,5.1398163,0.66307557
-8.865959,-3.8533077,-1.2874279
-0.9776001,-6.1605597,0.1633327
9.628307,-2.770275,-1.1339772
5.0128565,-3.9045167,-1.6780167
-8.663898,1.1146374,-0.24905562
1.0789776,5.045985,1.2089186
-1.4886417,9.378805,-1.9955707
4.453,7.0074615,-0.21756774
9.23937,-8.215365,-0.16922179
8.523205,8.589937,0.11300814
-0.95443153,-9.2780695,-1.8052428
4.607272,1.1061497,-0.54637337
-9.820408,1.18746,0.7594063
7.878294,-1.7787018,0.7932936
5.3142433,-3.0814562,-1.8224795
-7.033901,-4.3127956,-1.0712061
-2.89225,5.734043,0.60620564
-3.8877592,-6.374061,1.6747025
-5.8467746,1.9718208,0.032327533
4.120513,3.6086035,-1.7228136
-2.9158044,7.6427917,-0.014251187
4.159071,0.1925869,0.13072681
-3.0384865,8.613356,-0.79139113
7.767908,-9.786258,0.060923457
-3.9339886,-5.5257406,1.4386315
-1.7323284,-8.690245,-1.7291257
-3.1090426,-0.2880087,0.92626715
0.46040154,-6.184299,1.4394226
-3.6850786,6.6742477,1.4416275
-7.023834,-4.753926,-0.6332421
-9.503267,0.8501539,0.7382763
6.2201996,8.454058,-0.6276493
1.387538,-9.855418,0.07455647
-6.428199,4.125063,-0.6986429
5.1813374,-8.518175,-1.5084684
1.046361,4.8458242,0.99864644
-3.6110234,-2.6203432,-0.41481897
-0.65525436,-8.580378,-1.2735406
1.099617,1.6478434,0.8140628
7.1646957,0.73019123,1.5167472
-9.191683,3.4788914,-1.1746422
-7.7615128,5.9964266,-0.036562085
-8.062612,-1.0323057,-0.46547478
-7.851907,-4.637432,-1.0748845
0.06311989,9.7733,-0.8768004
5.553047,-3.0881395,-1.6655443
2.6139145,8.555834,-0.1421045
4.2369175,6.668295,0.03768027
1.2031317,-9.807255,0.005426228
-0.19058228,-2.8958073,-1.1593771
-9.059262,0.6459818,0.44107816
8.926008,-8.01374,0.31926626
9.664543,1.7094307,-0.37566525
-0.057002068,-4.133464,-0.6040957
1.8066273,-5.1317954,1.379539
1.851429,7.4430656,1.3603296
9.89628,4.29935,-0.85562
-0.019081116,9.952095,-0.8832403
-1.6450481,-2.0456362,-1.4544406
-5.4446545,-2.8441763,-0.21243513
2.5857306,-6.3868284,1.5223097
4.6101084,1.1313133,-0.5693022
-8.440544,7.8458786,-0.8247453
3.4207458,-1.0945044,0.18294528
2.4975586,-3.4642658,-0.34796488
4.435684,6.392189,0.032104135
4.688052,0.3487196,-0.059892893
-2.6181355,1.4202986,-0.34994712
1.3390427,9.423769,-0.026734412
-7.006632,9.577774,-1.6502907
6.01939,9.560879,-1.2514989
-8.413649,-9.033555,-1.7718754
-8.773048,1.698206,-0.73362756
-7.4159884,8.130772,-1.1788738
-5.57948,8.865875,-0.20079035
0.41731358,-8.678289,-0.32877183
6.5623856,7.375839,0.73571765
-1.3175383,-4.62037,-1.0599904
7.1808605,-5.0080085,1.0732121
-1.6339455,-5.632552,-0.20230633
8.479198,-5.315546,1.3780816
6.901827,-1.5636969,0.5870284
6.315529,-0.17935753,1.0162964
4.082487,-4.381322,-1.1331377
-6.735592,6.427044,0.5525389
9.799463,-5.742805,0.49153337
-9.517308,8.908541,-0.7772844
-7.0100355,-9.024382,-1.5854259
-6.0430346,3.2955446,-0.7503237
-2.638894,-6.12554,0.50580764
4.3432636,-5.560932,-0.18232518
2.070755,2.3708496,0.16020918
-8.6063595,-1.8720522,-1.0267857
9.655071,-6.7090845,0.6824045
9.385492,-0.5907688,0.8697882
4.931778,-7.2081447,-0.3741635
-9.795822,-5.94738,1.3067341
5.5864697,5.91041,0.2896179
2.853221,0.61945534,1.0985863
-1.2362719,-2.823987,-1.8945525
-8.377309,8.007147,-1.0187283
8.472174,1.2302608,1.1489195
-2.98939,7.231985,0.43104315
-8.088665,4.140601,-1.5137243
7.7183475,0.8210201,1.6722908
3.9026155,-3.684907,-1.5456624
2.943863,-4.393928,-0.116661444
6.463192,8.755829,-0.6054377
3.4836779,2.13801,-0.8727364
-2.1764555,8.5254135,-1.4442346
-1.738905,5.9756126,-0.03283173
8.267456,-0.5647383,1.7604591
-0.3277769,-9.214934,-1.3000026
-8.352873,4.0328007,-1.5065866
-6.9103074,-2.2185001,-1.1901737
-7.546915,2.0048866,-1.3738096
0.95584106,-3.6428523,-0.060178757
7.312334,7.85775,0.85309213
5.982114,9.625725,-1.2764217
2.6450005,-5.930728,1.4149594
3.3328133,-2.378428,-0.9127096
-4.7366247,-7.4441266,1.3981826
9.359835,4.84056,0.192718
3.8139362,-7.245693,-0.051357448
-6.3028755,-7.7323875,0.10160574
-6.6619325,-7.31019,0.1476275
-8.958802,-8.065323,-0.6590662
-2.8450298,7.7249374,-0.16354847
7.3142643,-4.305578,0.46217158
0.58710957,6.181656,1.5488073
-4.7394094,-2.7673316,0.068856955
2.7836218,-3.0176249,-0.6419514
-6.941304,-2.7393045,-1.5317973
2.9808416,-8.111629,-0.09474625
6.827696,2.8701391,-0.4453827
4.8623238,-4.022278,-1.6254036
-3.0446014,2.993372,-1.0858747
-3.4024239,-8.5206585,-0.36049408
4.1684103,1.5641785,-0.84903854
5.987549,8.122055,-0.5562229
-2.4505224,-3.0738554,-1.6350689
-0.022663116,2.1316338,-0.55455667
-1.1278362,-9.872396,-1.8049674
-1.1752567,-4.0844574,-1.5102609
-8.874115,8.2827015,-0.9389592
-8.250895,3.9665365,-1.600857
8.573414,3.6638432,-0.11451876
-4.8155584,4.339963,0.6308065
7.393896,-2.0418396,0.4421983
6.2042103,-4.2447424,-0.5296798
-1.5210648,9.410889,-1.9986672
-4.837079,-3.6669898,0.12711143
0.3320198,-0.7975178,1.0244384
-1.7335148,-7.5786886,-0.71496165
-5.9329996,7.665333,0.5306041
9.72015,-3.2670174,-1.2832404
-0.7899189,-3.728273,-1.5430793
-1.5374317,-6.219814,-0.001450777
-6.774887,2.3275757,-1.1587102
1.6264429,-7.743102,1.1091046
1.38591,8.613871,0.2941162
9.861208,7.35157,0.05883363
-3.0879202,-7.610619,0.18732077
5.6240273,-9.175582,-1.5815625
0.48504353,2.6130524,-0.39729723
5.308777,-5.945984,0.11631447
0.1752758,-9.912883,-0.70884347
-1.7241774,6.2785454,0.011729062
3.9197884,-2.51477,-1.5118909
-4.454236,2.069087,0.48893836
6.0599747,1.0695038,0.2591977
-8.375754,-6.241354,0.1321882
-7.16866,-4.9054537,-0.5823481
9.527267,3.476616,-1.0467129
-3.7682858,-8.829561,-0.24155754
-7.9513144,-1.3733101,-0.7990619
-7.310214,-0.87984467,-0.21849465
9.696978,-5.544423,0.4704519
-1.3985624,9.883602,-1.8817782
-8.414773,-8.861623,-1.6924094
-1.4414988,-8.5718,-1.6493958
-4.8747444,-7.229594,1.5714498
-6.707866,5.6708775,0.4062937
-4.8934746,-8.512411,0.37177336
7.574251,6.070423,1.9385812
4.0337286,9.706694,-1.7389386
5.842884,9.385527,-1.4254417
0.82534885,9.31958,-0.25968736
-4.180752,1.6243658,0.80843437
-4.081321,-8.744035,0.030292511
-6.711533,2.4489412,-1.184924
-7.2247686,4.1172457,-1.3691183
-8.622021,-0.7556095,0.008579373
1.7765865,-8.763633,0.18961024
5.2472878,7.5443096,-0.55557394
8.16037,1.9269218,0.60478365
-0.25395393,6.736229,0.64788604
-1.4571333,-1.1091957,-0.54816556
-0.83121777,-8.938265,-1.6227212
3.9399948,8.516094,-1.3310263
-1.5839396,-9.787241,-1.93494
-3.5137758,-7.14415,1.0153562
-2.7553725,9.136635,-1.3354628
-9.768553,-2.8780794,-0.6284374
-7.7012205,5.4300795,-0.3307081
-4.280425,6.1255474,1.8957462
0.96886635,-1.1743364,1.2103996
-6.2808943,-2.0107985,-0.42365035
3.829852,4.4432917,-0.9010552
-5.469141,-2.0292892,0.2844726
9.675066,4.132924,-0.7952593
-8.837576,-3.1684961,-1.5536721
5.5759926,-5.4861507,0.04912865
-5.1921425,-6.3164244,1.8865564
-3.5457363,-9.940215,-0.47684577
-9.337388,-3.044672,-1.0825856
-9.267935,-4.568452,-0.2996415
-9.463781,3.1649837,-0.96073294
-0.19206905,0.08684063,0.8053414
9.210728,-6.6149197,1.1578984
4.585147,-7.2475014,-0.4219367
6.261488,-1.5017567,0.047289185
2.239067,3.604824,-0.10971892
-3.8637009,0.5883808,1.4928086
-3.8945389,1.1640148,1.079447
-2.970561,-5.370203,0.4411895
-9.342873,-4.4953165,-0.29718554
5.49675,-1.3770332,-0.5152869
-2.972567,4.167142,-0.68685126
-5.656624,-9.174952,-0.3825925
2.481079,4.2508144,0.16816404
0.0002565384,5.6170855,0.7864942
5.438389,-9.880887,-1.6456091
-6.5487633,4.197033,-0.7553117
9.934231,1.5083809,-0.42532474
-3.9806166,3.9812899,0.076303005
3.7784119,-5.551367,0.14931929
9.103596,6.301573,1.3155196
-0.5736618,-5.7746863,0.33076495
-8.787194,-4.350437,-0.94935584
-9.675102,3.218687,-0.74931157
9.836763,-2.1538458,-0.9510016
-9.362668,6.9696484,0.71142256
-3.7095928,-1.158062,0.93906283
6.820591,-7.7963886,0.5694702
-7.7780495,-8.333536,-1.4585025
9.345316,0.5147915,0.94977385
0.97115135,-7.7927113,0.88676804
3.1082878,8.939499,-0.8512461
1.5691557,8.693026,0.25599402
1.0995874,6.0201244,1.8566186
5.6122856,-7.6302614,-0.39983228
-8.6647215,-2.2988138,-1.3543534
2.161685,7.378145,1.2885281
-4.5258055,2.0365295,0.53356564
9.464176,0.78674126,0.66676843
8.279552,-0.77591133,1.6245863
-3.9282084,-5.4886484,1.4085824
5.5608263,-3.1813335,-1.6603668
-1.7028608,5.829094,-0.092632174
5.276705,-1.9478474,-1.213135
-2.8284311,-2.6792479,-1.203077
-5.8519173,4.9282656,0.6322268
4.219022,-4.813381,-0.77992254
4.951374,-1.4836111,-0.8845039
9.004257,8.307154,-0.029583722
3.1691694,1.4314184,0.11135381
-4.462384,4.555105,0.8122752
2.5548744,-4.9335456,0.7729893
0.6019001,4.834217,0.68773663
8.699514,-5.4176655,1.3115771
4.1026573,9.789061,-1.7541813
8.529268,-2.7686095,-0.15071666
0.7427807,-7.29926,1.2030454
-7.5808372,-2.162098,-1.5203695
-6.4029016,7.366028,0.3493889
9.029352,7.8460884,0.3930943
8.956062,0.7071104,1.2119831
3.0123177,6.955576,0.9112501
-7.136457,-3.3364964,-1.734502
7.307213,-0.9876394,1.4048707
4.148244,7.3549747,-0.36649227
-7.8904524,-0.10857391,-0.005223334
2.9072294,2.1104317,-0.28159952
9.638374,5.947733,0.7322856
-6.6048727,0.77348137,0.39931497
0.7599697,-5.8262753,1.5863196
2.8570042,1.0834217,0.74907035
-3.5992517,-0.6025524,1.265741
6.58226,-0.99143887,0.84212255
8.892902,9.675686,-0.4615367
9.734474,8.529369,-0.9299693
-8.950443,-9.058219,-1.3903129
0.55670166,-3.6380887,-0.35086823
8.162672,-1.100503,1.4058801
8.518497,5.7643185,1.6555972
-2.5759554,-2.1927786,-1.1186013
6.624626,-1.5369949,0.3686401
7.4639435,-2.59166,0.072334826
-0.63253784,-6.2300467,0.407395
6.85853,-8.590613,-0.12767267
5.749199,-7.947406,-0.6022572
-1.487524,1.8977165,-1.3176627
-4.1774616,4.661991,0.80992913
-5.3036013,-0.64174557,1.6313176
-8.057344,9.207525,-1.9558862
-5.9769545,-1.7375326,0.1355022
2.6106853,7.4499435,0.8994504
3.5683498,-1.6764936,-0.51942164
-2.86728,-5.5601287,0.4789014
-0.8270035,0.9818344,-0.18040764
6.921337,-9.968988,-0.25982434
1.4812012,3.7478075,0.17417848
-6.9385853,2.1182718,-1.1300098
8.472679,4.659897,0.76216656
6.034012,5.2161865,0.2361517
1.1519489,8.587183,0.2443065
4.765911,-6.560378,-0.03674054
-8.45293,-9.422003,-1.8259249
5.864896,0.85189056,0.25236365
2.4333181,-4.41547,0.357949
-0.8844967,0.050296783,0.2251392
-3.208077,8.66444,-0.6581679
8.076269,1.062521,1.462067
2.1544895,1.2016392,1.1952624
-5.586169,-8.319329,0.19319946
4.4966793,0.052360535,0.02180475
1.7687111,-8.01867,0.8165337
-3.506094,-2.5026035,-0.4462156
7.0612736,6.8778553,1.5302525
9.9567375,-0.8153715,0.17837489
-0.44155502,4.207634,-0.91093886
-4.124799,3.3973408,-0.13519537
-5.3667965,6.7375603,1.6919442
-5.2191806,3.209672,-0.123377204
5.130867,-8.870819,-1.764157
6.2721214,-0.7727728,0.70491403
-6.0603,0.91403866,0.8315968
5.5389233,-4.206848,-1.1617098
0.39845467,-7.539959,0.69688165
-0.3484621,-6.4514256,0.64442825
-3.1804266,4.6174717,-0.05595064
-9.211502,-3.4456406,-1.1657951
-8.577234,-0.9054041,-0.13228929
7.3329506,3.031577,-0.12664795
-1.638051,6.6013355,-0.047923565
-0.43653393,5.1654425,0.014912009
-6.0305905,4.476981,0.016677663
-1.8260279,9.056711,-1.9006295
-3.901043,1.8378029,0.4246776
0.90000725,-4.409691,0.48523465
-9.545425,4.524122,-0.06680156
0.96979904,-0.96886253,1.3910096
-8.851366,9.848633,-1.4540117
-7.1079087,-7.73316,-0.61383224
-0.21349335,-5.830393,0.68735373
-1.0651503,6.4956703,0.10264814
-2.8109493,-6.5526605,0.6392592
5.8153553,5.462,0.23040351
0.7221117,-6.6019783,1.6105852
2.0725899,3.0606842,-0.120007455
4.0916653,8.600861,-1.4928095
0.56464195,3.9980412,-0.12001145
-8.857523,-5.9543266,0.40909255
-3.7189093,3.9992037,-0.10846865
6.2790318,-0.08712387,0.99205357
5.7362185,-2.0646849,-0.9941523
3.4593153,-9.844421,-1.2256383
8.826752,-6.5915394,1.5158467
-5.1992188,-3.3982048,-0.083435
-2.9799414,7.455778,0.22681487
-1.4899111,-6.8710985,-0.16463071
-2.4576511,-9.356726,-1.6295383
8.625378,-7.318127,1.227514
-9.992294,3.2161026,-0.45968598
1.894743,-8.916959,0.07417947
9.815521,-9.996171,-1.2220242
-5.558822,0.27672195,1.6246148
7.9477158,-9.431781,-0.004365325
-8.615813,1.9794197,-1.1209195
1.6913023,-1.0924625,1.4530486
-5.692774,9.101452,-0.39148098
3.1639023,-3.7237654,-0.85757774
2.1875715,-9.239334,-0.16710657
2.1985493,-5.8389845,1.7123036
-2.2684774,-0.5107794,0.10602975
-3.0975046,-4.006692,-0.69263834
-9.684049,9.787018,-0.6787298
1.6588917,-7.811738,1.0383532
9.545975,-9.611691,-1.1034827
-7.524906,4.360547,-1.290969
-3.846959,-2.4069715,-0.093771875
2.6241293,6.217125,1.492496
5.1149483,1.6744366,-1.0235162
3.631916,3.4419537,-1.426141
6.47933,7.177202,0.82117504
1.2642593,-1.2303629,1.28728
-2.460301,-4.221493,-1.1012135
-8.335716,-3.6000338,-1.7829361
-9.995218,-2.615696,-0.32487142
-7.6578665,-8.934233,-1.8629072
5.0235825,8.228262,-1.3175715
8.986944,4.3558836,0.07497707
9.518831,-3.4816637,-1.0366457
7.4892063,7.856392,0.93179363
0.51610565,4.007412,-0.15451953
6.8859634,4.131151,0.01787436
3.8018074,5.8596983,0.298375
-6.770996,1.5844517,-0.48234805
-1.8767395,-0.78565407,-0.24663752
-9.280988,7.5288734,0.17611606
8.584373,3.1971588,-0.25354356
2.1735754,6.693632,1.740706
9.182913,5.6048784,1.0181501
-1.2109365,-6.6681757,-0.009144187
7.9406853,-2.4888096,0.20184714
4.6806917,7.792959,-0.9385131
-1.2205553,-1.7834291,-1.1503242
-0.33071518,-4.3421173,-0.6865883
7.127041,-4.3216143,0.3663062
-1.3151417,-7.921294,-1.0347598
7.7756557,5.846013,1.9028866
2.193781,5.773409,1.6849943
-3.9175043,-5.486939,1.3997616
-4.635191,-9.701811,0.035150528
-4.8640976,2.3433685,0.29053473
6.416168,0.59631824,0.9600002
7.5591145,7.0441933,1.680982
-4.7012544,2.0816288,0.51103437
-9.127822,-1.4747763,-0.19673824
5.6677923,6.11401,0.40844446
-2.2739353,6.5438614,0.20339972
-9.181879,5.0161886,0.05863054
2.0994768,6.896744,1.6810777
-0.9950199,-9.07179,-1.7771137
7.2046432,4.161976,0.2734446
2.1229172,5.5590534,1.6004889
-6.16544,6.062113,1.0931362
-1.808445,-4.071885,-1.5694938
-7.180909,2.3987188,-1.5184377
4.6758413,-8.173429,-1.3133737
2.92527,8.010313,0.058943972
5.9031086,0.721529,0.3798049
-7.4010715,6.9625015,-0.12117499
-5.5663753,2.7541122,-0.26888096
-6.0854807,-4.516693,0.001970008
-8.292122,5.5390654,-0.16985798
-9.327452,6.4459076,0.88961726
-8.065754,-5.3081536,-0.4165181
6.966072,0.8472576,1.293076
-3.0169034,-5.329214,0.4540819
-1.8448648,-7.1364594,-0.30515784
3.0141754,3.8566446,-0.62798643
2.6320553,-8.384914,-0.018564492
4.4959307,3.810854,-1.7609444
-7.0607805,-7.5907907,-0.44140488
8.885653,-0.37881088,1.4424907
-0.79888535,-3.5916305,-1.6170098
-4.7486963,4.7420406,1.0289882
6.454582,9.320051,-0.8239622
-8.31442,-7.504011,-0.5529878
-5.961201,-2.728188,-0.599309
5.635725,-1.6223812,-0.65472466
3.876484,-8.780722,-1.4701732
-3.9603243,-8.873719,-0.12169075
-0.7991638,-4.6341085,-0.7949738
-1.8262911,-2.181841,-1.5412617
4.0663443,8.682945,-1.5357028
2.0062656,3.1250534,-0.09319103
3.6646442,8.707331,-1.2530125
8.259966,-8.115751,0.65992385
-6.877644,-5.3205433,0.011293232
-7.69238,1.0866022,-0.52147555
-2.3723974,-7.940811,-0.7822777
-4.5537186,4.554597,0.83030015
-7.111616,-0.03851986,0.26238674
9.280596,-9.832003,-0.7745404
8.354061,-9.781671,-0.05944252
8.074425,1.0053902,1.5115595
-6.159055,3.3019314,-0.8633617
-1.1824884,-0.35403728,0.012429655
-7.7807245,-2.9433012,-1.9777225
-3.605616,6.447134,1.4341402
8.333227,0.58948517,1.71857
1.2537117,-4.9768076,1.2114966
3.4690933,8.375216,-0.8196281
-9.940672,-2.5918522,-0.35934746
4.119873,-3.1955109,-1.8280851
6.742626,-0.9735575,1.0058086
-3.8400116,-1.9844093,0.24108735
7.5990906,-0.6627197,1.7560126
4.5040503,-4.269438,-1.4069836
-7.30163,5.9924746,0.10674739
-7.4962163,0.45610046,-0.038904846
0.14039135,5.6732607,0.9596218
-9.645302,1.1297693,0.64560926
-6.9884195,6.6598206,0.28169525
3.9114008,-6.714692,0.2123391
-3.2902184,5.2006674,0.6171853
-0.3543434,3.8699808,-1.093223
-4.085822,4.453251,0.55379784
6.4723167,-5.372511,0.8012191
8.211588,0.99234676,1.4834638
7.215824,-3.7957563,0.009637594
-8.892708,-3.5964298,-1.405651
-2.9564562,-1.5782719,-0.19155614
4.843275,-1.5272083,-0.9478724
5.9145336,4.5071783,-0.56413144
-2.2412324,9.907175,-1.6694362
5.475665,-2.6114645,-1.5853174
-0.2956562,9.519037,-1.2869285
1.1107626,5.319152,1.4662488
6.737913,-8.925526,-0.43872297
6.840885,7.8189373,0.5642731
-7.0596895,-7.9214916,-0.7682487
-6.0711193,-4.104089,-0.36099336
3.5425177,-3.7531161,-1.2090445
6.010149,-0.19802094,0.71080136
-2.3284187,-9.848224,-1.6381505
8.867981,-9.389419,-0.47090518
-1.1520061,-8.178524,-1.2324567
-5.071163,-4.8724937,1.0957496
-1.0207376,0.046509743,0.14642477
-8.511375,6.6479893,0.14260626
3.0983658,-9.13196,-0.9142208
-9.193744,1.1116009,0.21424264
9.279091,7.672983,0.3251841
-7.587737,3.069234,-1.962149
6.50955,2.1874037,-0.3538341
-7.5008736,-8.886977,-1.7971398
-1.4573851,6.3558025,0.0037887096
-5.538094,-2.2356234,0.06111586
5.1098776,4.1139364,-1.4854007
5.799883,-6.632737,0.47482044
-9.351091,-1.693079,-0.19559807
-8.5849495,5.8897247,0.17905927
1.3164463,-6.416123,1.9590038
-0.21512413,-7.709887,-0.069872215
0.057982445,-1.1821947,0.43684462
3.040083,5.1429253,0.5186937
-1.9763651,-6.7965136,-0.04776323
8.438683,1.2854719,1.115346
0.7112999,-4.2036304,0.16572565
-4.606847,1.4652405,1.0997956
3.4698772,1.5233507,-0.2749919
-7.75867,6.7318935,-0.09445304
-4.782506,-5.053222,1.3318152
2.9155464,-9.19644,-0.7499178
-4.1954184,1.1773119,1.2527293
-9.546923,5.586032,0.88851416
5.0049305,-4.4095764,-1.25572
2.5737524,3.235797,-0.4577536
2.9105654,-9.1149,-0.7233931
3.4758463,4.933997,-0.108265445
-9.867729,5.176654,0.87637335
-4.3565474,-9.331198,-0.05827093
-4.8576736,-2.3513498,0.28579193
9.568653,4.3231525,-0.52286136
-4.2130003,4.5133686,0.6801663
-6.5695524,2.971282,-1.2680013
-3.50976,-7.2186327,0.9533645
0.9608469,8.326611,0.3644484
4.0299597,-8.741446,-1.5515158
7.36434,-0.20364952,1.8618364
7.2192326,-5.3241577,1.3795369
1.026989,-8.203981,0.51284736
9.110058,-4.3877277,-0.009437382
5.3169346,8.928513,-1.7021273
5.3354683,-8.696145,-1.5581708
-8.575039,6.826391,0.104947805
0.81697464,8.881872,-0.12713253
-2.1238852,-5.6238117,-0.060529828
-9.503421,3.0394764,-0.91622883
-4.938527,-3.8540735,0.21779716
7.608753,-9.408503,-0.029785633
3.6671915,-8.766722,-1.2929137
9.241859,-1.7317352,0.021655127
6.8184776,-7.2050295,1.1144444
-0.076498985,-1.3124886,0.17902043
8.987602,5.768532,1.2938459
2.1092424,4.8571386,1.0027512
-1.4688988,-9.886409,-1.8901402
-4.2762423,3.8925438,0.17534602
6.445492,-0.06925583,1.1591976
4.483119,3.430728,-1.9323233
6.943184,6.39485,1.6068877
-1.7371941,-8.335639,-1.4494364
-9.255046,-5.1819396,0.2835673
1.8134031,4.2854652,0.5566424
1.0943403,1.6592312,0.80030626
-6.5091476,-2.8287592,-1.1755097
2.4244356,-5.042762,0.9816404
-1.2102747,1.4795837,-0.8446268
8.531591,-2.7020016,-0.12585235
0.47060013,2.9249325,-0.52319956
-4.938879,-4.4174004,0.6837317
8.01149,9.720148,0.030926704
0.29714584,1.2548752,0.6034845
-1.6795015,-2.6684403,-1.8842337
4.776266,-8.2515135,-1.3851044
9.6461525,9.735468,-1.1716937
4.5597277,-7.4955378,-0.63755244
0.2819748,-8.713136,-0.47903737
8.190178,3.9184046,0.23086429
-4.385539,-5.157337,1.3774695
8.837727,7.2969513,1.0825763
-5.697577,2.0005417,0.13606709
0.18323135,-5.8554125,1.0920998
9.10108,-8.856897,-0.5249681
3.9822483,-6.6172113,0.19964951
-2.095704,9.642136,-1.8418409
6.160982,0.27370644,0.8408764
5.8986206,-5.8416567,0.5289439
-9.01396,8.495668,-0.99790704
-1.1145458,3.4989557,-1.8345332
-7.8699064,7.4665623,-0.62207294
-2.1554685,6.8566895,0.0061118007
-1.2054234,6.373949,0.061893225
-4.0004435,5.184993,1.2122985
-3.6548767,4.5103817,0.29040456
5.4083548,4.056896,-1.3769848
-0.29698372,4.918951,-0.08754106
-9.949769,-2.981987,-0.48608476
1.7189322,-2.426567,0.23397148
-9.834389,-4.315369,0.011580616
-6.860243,-5.4649363,0.13794005
6.1125755,8.498175,-0.7703367
7.6444454,5.9828453,1.9333634
-3.5480127,7.6470127,0.60081804
-6.072173,3.971861,-0.46522805
4.525301,7.018383,-0.24085188
-9.552688,6.069887,1.1048993
6.1693954,-0.9280863,0.4858225
6.888172,-9.298061,-0.4232309
4.2196865,3.8775158,-1.6222692
3.052082,-3.1072474,-0.91001916
2.0678463,-6.39639,1.8725922
-7.66613,7.467087,-0.6050931
-4.0056477,8.779581,-0.038499415
6.450405,5.9918737,1.1243097
8.422459,-3.2414856,-0.15229303
0.2671032,-4.441738,-0.003420204
2.5691242,8.456892,-0.025333524
-9.485043,5.959277,1.008227
7.0593834,-1.7385492,0.5336043
-5.8245206,-7.639247,0.65583944
-5.3605356,-4.4466887,0.534619
9.867365,-3.9488373,-1.11977
-2.8665838,-6.0226297,0.6946916
-5.052124,-8.5156355,0.32842046
1.3755455,-2.268196,0.3387723
7.8806915,7.9252033,0.9284818
9.086443,-1.6695509,0.23332283
0.8371048,4.1419077,0.20267034
6.8079147,0.16487503,1.4874177
7.131706,-8.644194,0.039800942
-1.6713295,7.9883213,-1.1288867
-7.901746,8.554415,-1.6434084
0.2690401,-2.146243,-0.27840346
-3.3969927,3.560029,-0.661093
3.5043964,4.05303,-0.96750724
-7.326893,-6.3658357,0.13231128
-6.707611,1.9031868,-0.7381012
-7.5310707,-5.7063,-0.11015034
-7.4810505,4.9477215,-0.69809705
7.606518,-7.891791,0.9317365
-9.96446,0.38668728,1.440027
-0.36810017,-3.3046494,-1.3465792
-6.1717043,-8.565854,-0.5420024
-4.2060175,0.946764,1.4588224
-2.8818426,-2.6069746,-1.1173023
4.691348,-0.69249725,-0.2301246
6.7242126,0.56344223,1.2722903
-2.2499523,8.049156,-0.97204095
0.32608604,-7.0651903,1.0298399
-0.10999775,4.3291426,-0.4837094
9.106621,-5.778935,1.1883537
4.4693937,4.5555544,-1.1268141
-2.0763326,3.5867786,-1.7774456
6.771517,8.224243,0.107293785
-8.074554,-4.3070006,-1.370148
3.9633675,1.0015631,-0.19336909
7.757141,-2.2652235,0.3553692
-5.190324,-8.068943,0.67463696
3.7418518,-7.9407954,-0.65156114
4.5851974,9.442907,-1.9917578
-8.389702,0.32448864,0.08791268
2.8766165,5.892411,1.1865008
7.562399,-9.051791,0.026546955
0.9183264,7.968031,0.6807844
-1.9327316,5.648836,-0.12975574
-3.9189935,5.1365986,1.1130298
-6.637037,6.5278473,0.623706
2.4284973,-6.609521,1.6014014
-9.453045,0.5613527,0.87479895
-8.55988,-8.703644,-1.5120863
-3.618287,-0.83137417,1.1327057
-9.469669,8.083874,-0.18299617
9.33777,5.113426,0.47727126
-3.2221832,5.7370806,0.9350574
-5.3166447,-5.621814,1.6120758
2.5137672,-8.864658,-0.25980532
4.303646,-2.7200975,-1.8300995
7.5306835,7.527973,1.268457
-4.037217,7.783272,0.85125047
-1.747385,9.797823,-1.9156706
-7.551384,4.3579273,-1.3016511
-8.73198,-0.5649109,0.20594394
-4.3511047,-9.526854,-0.059351146
1.1251345,-0.54240704,1.7587943
-4.957432,5.905998,1.8998313
-2.7605047,3.574089,-1.2798529
3.6654415,-3.1087103,-1.499676
2.063323,-5.034139,1.1973683
6.1702194,5.6496058,0.69318765
4.6177998,0.507493,-0.12156415
5.2731886,0.6676731,-0.061565578
-5.169712,-2.867701,-0.06548786
5.3636637,4.117277,-1.3559132
-8.962935,-2.6263928,-1.3157927
3.0795012,6.09194,1.0438199
-6.3068295,1.9969978,-0.43705705
2.7613335,-2.9897795,-0.61733735
-9.149076,-0.9731064,0.2905124
-1.656251,-4.5197606,-1.1877903
6.1508446,7.446703,0.2641573
-5.00082,-2.78726,0.020813048
6.190487,8.297012,-0.52124524
-1.5548143,-9.784069,-1.9360186
9.381556,6.450369,1.0292662
9.421541,4.051958,-0.61022043
-5.9001694,8.14657,0.08528784
-2.3422012,-3.6027122,-1.6124868
-2.0438457,-7.0295343,-0.15601051
-3.7810745,3.587244,-0.30555034
3.2872028,-7.8448715,-0.1359862
-9.105007,8.070734,-0.5294081
-5.996996,1.1001577,0.7357542
-1.5676413,6.981123,-0.23382592
-8.897323,7.0027695,0.24874371
-9.578248,-2.2349858,-0.46355283
4.1010704,-4.037943,-1.4433568
-8.349518,-2.8095603,-1.8250957
6.643999,-5.3194084,0.9234577
-5.806482,3.0952644,-0.54007435
-0.7975378,2.0850096,-1.2074884
6.0297146,-6.4314485,0.73826385
-9.861455,1.93851,0.0634478
-9.736046,9.278494,-0.68305373
0.41641808,8.024744,0.23455352
-4.0601206,5.320759,1.3662395
4.6743,1.1986732,-0.6356807
3.4904137,4.753433,-0.30075732
1.2307987,5.2452364,1.4507434
3.7536821,-4.1700077,-1.0907558
8.555311,-2.8554716,-0.1953609
1.5871277,-0.41649818,1.9143779
6.616356,5.1385164,0.7403886
-5.638136,-8.73879,-0.17255545
8.239399,1.758851,0.7396934
-1.778121,7.1243744,-0.3120082
